4000 10566
1 246
1 1422
1 2002
1 2451
1 3548
2 1964
3 1052
3 2051
3 2466
3 2825
3 3893
4 2314
4 3865
5 63
5 474
5 1975
6 2512
7 2700
7 3948
8 416
8 1099
8 1438
8 1960
8 3087
9 2086
10 2717
10 3853
11 1685
12 53
12 704
12 2690
12 3803
14 1118
14 3074
14 3870
15 1641
17 2117
18 659
18 3484
19 325
19 332
19 2922
22 3640
23 537
23 1578
23 2278
23 3255
24 624
24 832
24 857
25 60
25 1147
25 2516
25 3265
26 3636
27 719
27 2547
27 2854
27 3338
27 3708
28 3302
29 1086
30 1024
30 1278
30 1851
30 1981
30 2769
31 1369
31 2108
32 2839
32 3010
33 1074
33 1773
34 1996
34 2386
34 2966
35 1955
35 3214
35 3502
36 585
36 1184
36 1969
36 2895
36 3122
39 3356
40 591
40 3963
41 703
41 1655
41 2271
41 2336
41 2892
41 3493
42 252
43 787
43 1681
43 2924
43 3823
44 1022
44 1208
44 2291
44 2360
44 2482
45 3162
46 1502
46 3246
47 1035
47 2291
48 1081
48 2881
48 3200
48 3398
49 460
49 862
49 981
49 3244
50 320
50 412
51 2219
51 3597
52 3805
53 1423
53 1872
53 2448
53 2714
53 3187
53 3337
54 1638
54 1782
54 3038
55 883
55 933
55 1245
55 2508
56 505
56 2218
57 555
57 2572
57 3838
58 439
59 2610
59 3070
59 3232
59 3252
59 3561
59 3634
60 1070
60 2053
60 3375
61 1227
61 1501
61 1849
61 2653
62 621
62 981
62 1158
63 1758
63 1883
63 2656
63 3432
64 1001
64 1018
64 2236
64 2346
64 2350
65 490
65 3590
66 250
68 1160
68 1694
68 3035
68 3943
69 770
69 2618
70 1475
70 2364
71 887
71 1214
71 1931
71 3051
71 3580
72 2954
72 3997
73 540
74 280
74 440
74 557
74 1260
74 2352
75 1478
75 2104
75 3464
75 3761
76 3571
77 2558
77 3686
77 3831
78 691
78 1690
78 1951
79 1749
79 2110
79 3775
80 903
81 1526
81 2614
81 3460
82 84
82 1778
82 2588
82 3013
82 3495
82 3713
82 3855
83 153
83 739
83 845
83 1441
83 1840
83 2755
84 1115
84 1689
84 1980
84 3061
85 522
85 3101
86 2006
87 1704
87 2259
87 3673
88 1511
88 2518
88 2683
89 1074
89 2022
89 2759
89 3315
89 3818
90 1267
90 1398
90 1998
90 2642
90 3048
91 436
91 1873
91 3248
91 3887
92 1446
93 962
93 1737
93 1819
93 3497
94 2408
95 1623
95 1792
95 2253
95 2332
95 2462
96 501
96 1446
96 2782
96 3105
97 709
97 1016
98 2626
98 3809
99 1096
99 3111
99 3831
100 1937
100 2367
100 3153
101 3363
102 891
102 1142
102 3258
102 3596
103 1513
103 1724
103 2342
103 2867
103 3939
104 2975
105 265
105 1639
105 2326
106 638
106 2155
106 3547
108 2228
109 314
109 2248
109 2352
109 3294
109 3684
109 3707
110 602
110 2068
110 2264
110 3703
111 2537
111 3016
112 306
112 445
113 152
113 1586
113 3205
115 1972
117 469
117 1029
117 1047
117 3068
117 3480
118 592
118 1037
118 1618
119 359
119 1327
119 3002
119 3857
120 3288
120 3303
121 1821
122 161
122 550
122 1330
124 889
124 2943
125 1222
125 2012
125 2184
125 2347
126 899
126 1972
126 2426
126 3004
126 3180
126 3936
127 181
127 449
127 2490
128 274
128 2577
129 820
129 2153
129 2844
129 3105
129 3972
130 1571
130 3284
131 1463
131 1778
131 1811
131 2593
131 3296
132 1675
132 3776
133 3929
135 398
135 863
135 1906
135 3887
136 622
137 1054
138 326
139 1040
139 1436
139 2217
139 3141
139 3421
140 746
140 1054
140 2375
141 618
141 2849
142 803
142 1902
143 387
144 835
144 1767
144 1855
145 582
145 987
145 1677
147 1943
147 2390
147 2684
147 3508
148 576
148 3206
148 3522
148 3535
149 1107
150 2611
150 3181
151 356
151 552
151 1059
151 1136
151 1191
152 1398
153 2297
153 2349
154 796
154 1322
154 1465
154 1682
154 2053
154 2673
155 1443
156 1150
156 2933
156 3720
158 526
158 599
158 2658
158 2922
158 3322
158 3502
159 334
159 3292
159 3339
160 1053
161 1813
161 2516
162 1625
162 2520
162 3636
163 1816
164 404
164 419
164 818
164 3117
164 3172
164 3761
164 3762
166 977
166 2902
167 3575
167 3944
168 1104
169 325
169 458
169 2886
169 3054
170 472
170 846
170 1658
170 1810
170 2309
170 2726
170 3470
170 3493
171 402
171 2998
172 292
172 3175
174 2455
174 2569
174 3396
175 657
176 2966
177 658
177 727
177 1080
177 3589
177 3666
177 3695
178 285
178 1365
178 1402
178 3635
178 3658
179 1625
180 1142
180 3457
181 3393
181 3667
181 3883
181 3969
182 2557
182 2714
183 507
183 1812
183 3886
184 868
184 1809
184 3145
184 3932
185 1042
185 1061
185 3324
186 3070
187 1634
187 3072
188 358
189 661
189 696
189 1637
189 3710
190 2553
190 3966
191 2194
191 3163
192 2208
193 1863
193 1896
193 2774
194 810
194 1157
194 2220
194 3418
195 626
196 1985
197 1483
197 3378
197 3956
198 1935
198 2471
198 2630
198 2951
199 1132
199 1826
199 3454
200 894
200 2188
200 2891
201 260
201 3042
202 772
202 981
202 1028
202 2753
202 3687
203 1605
203 3473
204 1345
204 1770
204 2249
205 1501
205 2108
205 2871
206 410
206 2635
206 3201
207 509
207 651
207 1226
207 1484
208 389
208 2813
208 3411
209 1357
209 2072
209 3865
210 2175
210 3206
211 407
211 751
212 409
212 880
212 3042
213 454
213 848
213 2949
213 3871
214 3448
215 1963
216 2507
216 3888
217 1209
217 2347
217 3756
219 629
219 663
219 1084
219 1609
219 2093
219 3800
219 3824
219 3902
220 512
220 866
220 1456
220 2006
220 2275
220 3078
220 3112
220 3689
221 1900
221 2097
222 1086
222 1342
222 3831
222 3833
223 1148
223 2648
223 3498
224 1960
224 3569
225 1808
225 2584
226 1760
226 3753
227 3960
228 901
228 2210
228 3556
229 1898
229 3591
230 1665
230 1777
231 1788
231 2603
231 3566
231 3654
231 3759
232 1150
232 3898
233 2939
234 1436
234 3020
237 1090
237 2227
237 3653
239 653
239 1538
239 2034
240 1149
240 1610
242 3934
243 1393
243 1936
243 2606
243 3333
243 3709
244 619
244 1850
245 885
245 3445
246 646
246 1547
246 2531
247 1369
247 2955
247 3402
248 843
250 273
250 1626
250 2955
250 2984
250 3386
250 3941
251 2222
251 2324
251 2930
251 3471
251 3854
252 868
252 1141
252 1423
252 1482
252 3744
253 769
253 1379
253 3127
254 2855
254 2984
254 3351
255 660
255 2948
256 3585
259 3477
260 383
260 729
260 801
260 1973
261 525
261 3559
262 1241
262 3400
262 3734
263 904
263 1793
264 3392
265 1531
265 2388
265 3704
267 2267
268 635
268 657
268 3421
269 2512
269 2675
269 3679
270 1199
271 578
271 1242
271 2413
271 3570
271 3668
272 2821
272 2990
272 3197
273 277
273 442
273 1789
273 2381
273 2965
273 3593
273 3835
274 783
274 1054
274 1640
274 3300
276 2744
277 463
277 570
277 1372
277 2073
277 2698
278 724
278 1301
278 2936
279 875
279 1088
279 1459
279 1484
280 1633
280 1658
280 3381
280 3840
282 1047
282 2100
282 3165
282 3274
284 1245
284 3338
284 3849
285 2676
286 959
286 2167
286 3152
287 1659
287 1739
288 581
289 2832
289 3724
289 3820
290 1684
290 1780
290 2143
291 439
291 964
291 1975
291 3051
291 3508
291 3537
292 483
292 1184
292 1414
292 1718
293 1041
293 1138
294 324
294 800
295 1055
295 3147
296 749
296 1915
296 3515
297 1325
297 3136
298 333
298 2167
298 2307
298 2316
298 3599
299 1457
299 3629
300 1611
300 1923
300 2858
301 3262
301 3683
302 1356
302 2183
304 337
304 1043
304 1229
304 2672
304 3731
305 1548
305 2727
306 474
306 2108
307 328
307 2522
307 3005
307 3892
308 1795
309 1421
309 2618
310 1239
310 2348
311 1203
311 1325
312 706
312 994
312 1329
312 2212
312 3403
312 3538
312 3994
313 1417
313 2072
313 3035
313 3170
315 3292
316 2588
316 2926
316 3502
317 2290
317 2753
317 2943
317 3307
318 752
318 3479
319 415
319 2767
319 3671
319 3976
320 2656
320 3057
320 3916
321 1564
321 1945
321 2288
321 2506
321 3420
321 3579
323 595
323 2972
324 1586
324 2029
324 3693
325 3878
326 1269
326 1845
326 3079
326 3643
327 1758
327 2471
327 3207
329 2882
329 3158
330 1004
331 2045
331 2604
331 2793
332 1823
332 1884
333 671
333 1914
333 3575
334 1310
334 2600
334 2964
335 1022
335 1420
335 3669
337 2441
337 2658
338 2044
338 2092
338 3373
339 3394
340 1667
340 1871
340 2707
341 981
341 1743
341 2319
342 1174
343 1352
343 3295
344 1560
344 2415
344 2682
345 997
345 2995
346 2060
346 2271
346 2711
347 784
347 3209
348 3700
349 797
350 2871
350 2917
351 1350
351 1978
351 2561
352 363
352 627
352 637
352 2045
352 2780
353 1209
354 696
354 1076
354 1598
354 1983
354 2360
355 1065
355 2523
356 647
356 829
357 501
357 1491
358 2238
358 2401
358 2767
358 3524
358 3753
359 1025
359 2068
360 629
360 950
360 1462
360 1589
360 2345
360 2797
360 3957
361 1931
361 2913
362 1530
363 1008
363 2051
364 3569
365 2465
365 3259
366 3684
367 763
367 2824
368 649
368 2194
368 2706
368 2750
368 3650
368 3912
369 826
369 2187
369 3024
370 1127
370 3324
371 2429
371 3051
372 1350
372 2259
372 3341
372 3460
372 3505
373 1608
373 2122
373 2376
373 2401
373 2734
373 3117
373 3929
374 1206
374 3090
375 606
375 1275
375 1459
376 702
376 1564
376 2634
376 3803
376 3853
377 1044
377 1628
377 3116
377 3462
378 453
378 1057
378 3111
379 2555
379 2557
379 3206
379 3974
380 865
380 3293
380 3332
381 1484
381 2522
381 2960
381 3173
381 3685
381 3694
382 2523
383 1633
383 3815
384 1108
384 2106
384 2184
384 3387
385 483
385 783
385 2113
385 2929
385 3187
386 517
386 932
386 2153
387 1830
387 3413
387 3537
387 3984
387 3988
388 2103
388 2472
388 3350
388 3840
389 1844
389 3409
390 695
390 952
390 1658
391 1243
391 1857
391 3582
392 1759
392 3587
392 3926
393 1126
393 1451
393 1841
393 2214
393 2218
393 2853
393 3326
393 3754
394 488
394 2142
394 2211
394 2446
394 3435
395 1598
395 3335
396 625
396 1542
397 2642
397 3180
397 3372
398 2682
398 2972
399 1383
399 1636
399 2721
399 3360
400 932
400 1231
400 3077
400 3284
401 454
401 1572
401 2063
401 3649
402 3757
403 3065
404 522
404 3752
405 1429
405 2770
406 898
407 1834
408 758
408 771
408 3650
409 1736
409 1913
409 3309
410 1901
410 2114
410 2129
411 1679
411 3341
412 2846
412 3483
413 1152
413 2370
413 2477
413 2857
413 3035
413 3632
413 3958
414 470
415 2529
416 2206
416 2395
416 3136
417 1620
417 1766
418 508
418 1253
418 3326
419 1014
419 1905
419 3052
420 968
420 1027
420 1859
421 568
421 2700
422 1358
422 2396
422 2532
422 2999
423 964
423 3073
424 3110
425 639
425 2535
425 3234
426 2405
427 730
427 2124
428 1632
428 2519
429 3903
431 1560
431 1897
431 2300
432 1293
432 2782
432 2833
433 1329
434 1999
434 2966
435 451
436 697
436 1361
436 1759
437 1737
437 3651
438 2670
438 3519
439 1891
439 1945
439 3357
439 3572
439 3740
440 2755
440 3195
441 770
441 1892
441 2653
441 2831
442 1034
442 2024
443 1167
443 2288
443 3440
443 3702
444 3196
444 3350
445 521
445 826
446 1136
446 1716
446 2705
447 2229
448 452
448 753
448 774
448 1519
448 2833
449 850
450 2664
451 3051
451 3768
451 3934
452 923
452 1995
452 2630
452 3119
452 3292
452 3316
452 3595
453 1716
453 1852
453 2065
454 2149
454 3359
455 1170
455 3132
455 3192
455 3478
456 781
456 1739
456 2966
458 616
458 2051
458 2424
458 2783
458 3559
458 3787
459 1011
459 1742
459 3960
460 2003
460 2475
460 2907
462 1936
462 3256
463 1356
463 2383
463 3156
464 2471
464 3727
465 883
465 1761
465 2067
465 2686
465 2771
465 2954
466 2383
466 2823
467 570
469 2033
469 2441
469 2509
470 1001
470 1115
470 1485
470 1738
471 592
471 715
471 2443
471 2580
471 2946
472 3198
472 3524
473 1015
473 3338
474 732
474 2606
474 2784
474 3075
474 3581
475 1156
475 1277
475 1743
475 2156
475 3870
476 1956
476 3001
477 650
477 1044
478 536
478 1535
478 1818
478 1952
478 2741
479 3231
480 1359
480 2732
481 935
481 2431
481 2667
481 3060
482 1088
482 1196
482 2876
483 1772
483 2011
483 2795
483 3267
484 3449
485 927
485 2765
486 1020
486 1117
486 3333
487 1895
487 3379
487 3867
488 2584
488 3856
489 687
489 2287
489 3628
489 3769
490 1521
490 1763
491 3946
492 831
492 1074
492 1497
492 2061
492 2930
493 543
493 2800
494 794
494 947
494 3243
495 2115
495 3246
495 3854
496 561
496 1094
496 2294
496 2421
496 2834
497 928
497 1520
497 1617
497 3108
498 1342
498 1349
498 1917
498 3969
499 1109
499 1732
499 1922
499 2905
500 826
500 3432
501 744
501 1050
501 2540
501 3196
503 1472
503 2396
504 970
504 2275
504 2628
505 1621
505 1793
505 1830
505 1958
505 3593
506 637
507 1813
508 1594
508 1607
508 1906
508 2774
508 3213
508 3546
508 3657
509 1227
509 3605
510 568
510 945
510 2143
510 3462
511 1894
511 3841
511 3934
511 3991
512 1860
513 2092
513 2216
514 2184
514 2503
514 3367
514 3923
515 1637
516 995
516 2233
519 670
519 1990
520 3745
520 3913
521 997
521 1300
522 1164
522 1558
522 2064
523 1195
523 2432
523 3845
525 734
525 830
525 986
525 1497
526 1542
526 2897
526 3082
526 3773
526 3835
527 1319
528 3906
529 1389
529 2663
529 3906
530 1461
531 1965
531 2126
531 3953
532 730
532 3237
532 3604
532 3924
533 3592
534 3897
535 594
535 594
535 718
535 1987
535 2978
536 1023
537 1775
537 3904
538 552
538 1348
538 1545
538 2620
538 3478
539 1294
539 3196
540 1304
540 2231
540 2980
540 3458
541 2667
541 3800
542 1208
542 2828
542 3647
543 920
543 3645
544 950
544 2424
544 3220
544 3358
544 3473
545 553
545 2398
545 3418
546 2899
546 3282
547 1298
547 1908
547 2167
547 2496
547 2940
547 3540
547 3595
548 1624
548 1649
548 1763
549 2916
549 3147
549 3901
550 1408
551 1627
552 1103
552 2642
553 1240
553 2378
553 2699
553 3520
553 3612
554 795
554 846
554 3594
555 2593
555 2893
556 1256
556 3707
558 2772
559 2279
559 2334
559 3093
560 1147
560 1603
560 1877
561 1956
562 2618
563 909
563 1810
563 2609
563 3746
564 1530
564 2641
565 783
565 2094
565 3648
565 3735
566 1495
566 1563
566 3829
567 765
567 2279
567 2456
567 2915
567 3034
567 3765
568 1325
568 1915
568 2140
568 3163
569 1165
569 1559
569 2267
570 671
570 2371
570 2630
570 2967
570 3752
571 771
571 2622
571 3362
571 3970
572 2241
572 2509
572 3006
572 3797
573 990
573 1414
573 3510
573 3680
574 690
574 976
575 754
576 1938
576 2499
578 701
578 1413
578 2284
578 3100
579 3872
580 1023
580 3538
581 846
581 1291
582 1580
582 2995
583 1014
583 2296
583 3404
584 1353
584 2111
584 2427
585 1637
586 749
586 1912
586 2126
586 2381
586 3035
586 3715
587 788
587 1814
587 1873
587 2286
587 2434
588 1342
588 1827
588 2396
588 2859
588 2914
590 786
590 2356
590 2845
590 3128
590 3618
591 633
591 1654
591 3244
591 3821
592 776
593 1671
593 2613
594 1701
594 2569
594 3792
595 1170
595 2643
595 3197
595 3810
596 2551
596 3221
597 1895
597 2531
598 665
598 1891
598 2794
598 3204
599 3154
599 3539
600 1125
600 3834
601 857
601 1708
601 2189
601 3145
601 3526
601 3704
601 3729
602 796
602 2342
602 2828
602 2980
604 1709
604 3610
604 3950
605 1898
605 1979
605 3297
606 1095
606 1486
607 1465
607 1523
607 1842
608 1833
608 2601
608 3563
609 1224
609 2994
609 3946
610 1152
610 1259
610 3471
610 3819
610 3872
611 2721
611 3285
611 3790
612 2028
613 1889
613 3409
613 3612
614 894
614 3074
615 3040
616 1876
616 3572
617 1873
617 2894
617 3813
617 3937
618 1937
619 2749
619 3343
619 3555
621 1832
621 1910
621 2321
621 3709
622 994
622 1393
622 3581
623 1490
623 1604
623 3431
624 926
624 1005
624 1672
625 1300
625 1528
625 2397
626 695
627 1626
627 2596
627 2783
627 3490
628 1192
628 1254
628 2607
629 3256
629 3310
629 3830
630 1734
631 1194
631 1208
631 1582
631 1990
631 2757
633 791
633 1387
633 1792
633 1939
633 2387
633 3872
634 905
634 2852
634 3653
635 3054
635 3745
636 1619
636 1641
636 2856
637 2683
638 2108
638 2446
638 3736
639 1550
639 3686
640 2443
640 3087
641 1219
642 966
642 974
642 1653
642 2303
642 3124
643 799
644 1185
644 3892
646 1329
646 1514
647 985
648 1676
648 2937
648 3168
649 1349
649 2982
649 3546
649 3847
650 2317
650 3426
650 3590
650 3933
651 1558
651 2114
651 3902
652 712
652 1255
652 1557
652 2733
652 3237
652 3453
653 1785
653 2933
653 3800
654 1319
654 2726
654 3073
655 2706
655 2908
655 3229
656 1638
656 1736
656 2837
656 2868
657 2878
657 3265
658 920
658 1060
658 1307
658 1667
658 1852
658 3791
659 2333
659 3407
659 3696
660 734
660 1865
660 1882
660 2503
660 3836
661 834
661 949
661 1861
661 3610
662 1479
662 1897
663 993
663 2399
663 3532
663 3894
663 3908
664 2054
665 1133
665 1582
665 2632
665 3602
666 1052
666 1229
666 2642
666 3995
667 2559
668 1309
668 3460
668 3588
668 3679
668 3743
668 3885
669 982
669 1093
669 2114
669 2451
669 2669
669 2895
670 1435
671 1207
671 3539
672 907
672 1130
672 2325
673 1908
673 2029
674 854
674 1456
675 2293
675 3715
675 3958
676 823
676 1076
676 2033
676 3690
677 1558
678 2990
679 1369
679 2701
680 3046
680 3063
682 1325
682 2610
682 2678
682 3600
683 1549
683 1603
683 2078
683 2120
684 1485
684 1987
684 2122
684 2434
684 2695
684 3152
685 1783
686 1971
686 2167
688 1394
688 1533
688 3091
688 3808
689 1413
689 2956
689 3684
690 1583
691 1764
691 1834
691 2866
692 898
692 1465
692 1549
692 2560
692 2711
693 1961
693 3689
693 3871
694 1442
694 1700
694 2674
694 3192
694 3698
696 732
696 1148
696 3883
697 1340
697 1412
697 1833
698 1094
701 1552
701 1935
701 2033
701 3564
702 1413
702 2707
704 1298
705 1270
705 1315
705 1490
705 3609
706 1018
706 1213
706 1326
706 3337
706 3490
708 2430
708 2925
709 807
709 2786
710 2336
710 3170
711 1076
711 1991
711 3330
711 3846
711 3970
712 1449
712 2789
714 2548
714 2780
714 3194
715 1261
715 1863
716 1154
716 2542
716 3625
717 1906
718 1999
718 2402
718 3397
718 3882
719 2078
720 1936
720 2731
720 2770
721 1726
721 2287
721 2860
722 2207
722 3083
722 3252
722 3712
724 754
724 1429
724 1612
724 2648
724 3646
724 3661
725 853
725 1640
725 1849
725 2511
725 2744
725 3087
726 1595
726 2761
727 1048
727 1730
727 3789
728 1492
728 1885
729 810
729 2387
729 2751
730 1086
730 3273
731 2156
731 2202
732 1203
732 2717
732 2950
733 948
733 2833
733 3392
734 1818
734 2557
734 2640
734 2795
734 3263
735 2097
735 2802
735 3349
735 3938
736 1769
736 2074
736 2148
736 2202
736 2616
736 2934
736 3444
736 3587
737 1009
737 1677
737 3674
738 846
738 993
738 2956
738 3226
738 3474
739 765
739 820
739 901
739 1066
739 2886
739 3814
740 1485
740 2331
740 3627
740 3796
741 3564
742 782
742 986
742 1522
742 2309
742 2509
742 3265
743 2529
743 3303
743 3540
744 3333
745 878
745 1056
745 1212
745 1746
745 3128
745 3204
746 1357
746 1532
746 2133
746 2581
746 2799
747 974
747 1254
747 1498
749 794
749 1732
749 3016
750 802
751 2043
751 2233
752 3689
753 1195
753 1540
753 1806
753 3481
754 1263
754 3407
755 3092
755 3608
756 979
756 1189
756 1546
756 2922
756 3228
756 3998
757 2661
758 2660
758 2696
758 3949
759 1799
759 2001
760 1583
760 2116
760 3926
761 1959
761 2257
761 3381
762 1231
762 2942
762 3878
763 1540
763 1622
763 3550
766 2292
766 2515
767 774
767 2390
767 2873
768 1511
768 1540
768 2045
768 2498
769 1538
769 3324
770 2051
771 989
771 2856
772 1269
772 1762
772 2709
773 3404
774 2313
774 2551
775 2304
775 2908
775 3931
776 873
776 1558
776 1872
777 3340
777 3785
778 3911
778 3961
779 1324
779 1983
779 2341
779 2536
780 2025
780 3495
780 3943
781 1009
781 1037
781 3945
782 3179
783 1129
783 2014
783 2230
783 2723
784 2275
784 2306
784 2388
785 3982
786 1219
786 1556
786 1935
786 2804
786 3590
786 3918
787 1724
787 3347
787 3499
788 1080
788 1299
788 2835
789 840
789 3852
790 2440
790 2624
791 967
792 867
792 1428
792 3229
792 3805
793 930
793 2553
794 1729
794 2260
794 3905
795 2982
796 2482
798 1304
798 3165
799 1630
799 3095
800 3113
800 3515
800 3820
801 1397
802 3025
802 3053
803 1194
803 1846
803 1884
804 1412
804 1984
804 2041
804 3140
804 3274
804 3566
805 2387
805 3805
806 3315
807 1612
807 1699
807 3442
808 1147
808 1703
808 1879
808 2252
808 2669
809 1442
809 3187
810 2883
810 3696
811 1181
811 2218
811 2334
811 3442
812 1177
812 1896
812 2683
812 3392
813 1991
813 2499
813 3664
813 3860
814 1082
814 1736
814 1814
814 3645
815 2469
815 2526
815 3102
816 1442
816 2318
816 3412
817 1253
817 2421
817 2740
817 3860
818 1380
818 2157
819 1125
819 2494
819 2856
821 2806
821 3816
822 935
822 1996
823 1309
823 1818
823 2655
823 3458
824 1162
824 2242
824 3371
824 3669
825 1931
825 1976
825 2071
826 2450
826 2644
826 3683
827 2120
827 2487
827 3857
828 1074
828 2055
828 3860
829 2447
829 2614
829 3146
830 1419
830 3664
830 3789
831 1909
832 917
832 1876
832 3028
833 1387
833 2037
833 3153
833 3814
833 3985
834 1791
834 1794
834 3296
835 1176
835 3233
836 3324
837 2065
837 2279
837 3721
838 1105
838 3171
838 3757
839 847
839 1159
839 2189
840 2421
840 2953
841 2009
841 3091
842 1720
842 2581
842 3012
843 1263
843 3415
844 1782
844 3171
844 3423
844 3827
845 881
845 1638
845 1889
845 3220
846 975
846 2638
847 2723
848 1062
848 1643
848 2805
849 939
849 1025
849 2919
849 3204
850 2532
851 1468
851 1688
851 1852
851 2718
852 2716
852 3294
852 3440
852 3832
855 2821
855 3528
855 3587
856 2083
856 2106
856 2870
857 1793
857 2585
857 2608
857 2923
857 3151
858 3107
859 1674
859 3988
860 2946
861 2130
861 3002
861 3459
862 2679
862 3007
862 3660
863 2403
863 2409
863 2822
863 3957
864 2430
864 2642
864 3179
864 3432
864 3442
864 3939
865 1431
866 1338
866 3342
867 2231
867 2640
868 2003
868 2622
869 2414
870 1227
870 1466
870 1764
870 3281
870 3707
871 962
871 1849
872 2335
872 3338
874 2400
874 2956
874 3446
874 3772
875 2442
875 2844
875 3165
875 3484
875 3657
876 969
876 979
876 1180
876 1342
876 2794
876 3235
876 3445
877 2038
877 2257
877 2294
877 2978
877 3327
878 2942
879 2679
879 3010
880 1854
880 2510
880 2582
880 2849
880 3479
880 3946
882 3103
883 2397
883 3899
884 1276
885 1344
885 2047
885 2671
885 3007
886 974
886 1282
886 1625
886 1738
886 2125
886 2999
887 3590
889 1507
889 2179
889 2420
889 2947
890 1861
891 906
891 2073
892 1566
892 1831
892 1991
892 2945
893 1666
893 1690
894 1081
894 1692
894 2207
894 3702
895 1494
895 2123
895 2378
896 1383
896 2780
896 3486
896 3740
897 1289
897 2087
897 2241
897 3815
899 3942
900 1670
900 3892
901 3203
901 3272
903 2143
903 3409
903 3912
903 3936
904 1321
904 1499
904 2948
904 3337
904 3838
905 3243
906 1305
906 2901
906 3729
907 2455
907 2602
908 1204
908 3605
909 2592
911 3083
912 2467
912 3812
913 1839
913 2379
915 2139
915 2403
915 3160
916 1216
916 3116
917 954
917 1639
917 3199
918 1479
918 1574
918 2798
918 3761
918 3953
919 1467
919 1780
919 2669
920 1436
920 1731
920 2272
920 3224
920 3263
921 1316
921 2769
922 1489
922 1690
922 2999
923 2099
923 3285
924 1223
924 2652
924 3084
924 3933
925 1167
925 1352
926 1987
926 1998
926 3569
926 3679
927 2916
927 2934
928 2799
929 1141
929 1611
929 2551
929 2578
930 1044
930 2052
930 2724
931 2329
932 2296
932 3444
933 1280
933 2851
933 3054
933 3094
933 3992
934 3200
935 1586
936 1901
936 2350
936 2750
936 2818
936 3268
937 3054
937 3519
938 2049
939 2056
939 3377
939 3412
939 3435
940 1283
940 2821
940 3550
940 3623
941 1291
942 1306
942 2413
942 3314
943 1570
943 1586
943 2471
943 2595
943 3494
944 1395
944 1693
944 2126
944 2466
945 1260
945 2252
946 2768
946 2871
946 3105
948 1007
948 1338
948 1423
948 1525
948 3289
949 1211
949 2775
949 2913
949 3294
950 1970
951 1548
951 1921
951 2990
952 2180
952 3041
953 1619
953 1737
953 3327
953 3918
954 1586
954 1911
954 2623
954 3220
955 3631
956 1572
956 2115
957 1861
958 1712
958 1948
959 1426
959 2616
960 1661
960 3158
960 3672
962 2648
962 3511
963 2886
963 3902
964 1531
964 2145
964 3498
965 1673
965 2909
966 3203
966 3226
967 3129
967 3151
967 3356
968 1068
969 2564
969 2974
970 2995
970 3119
971 2782
972 2131
972 3023
972 3141
972 3599
973 3184
974 1627
974 3000
974 3692
975 1985
975 2697
975 3046
975 3341
976 1663
976 2071
976 2815
977 3605
978 2108
979 3616
979 3752
980 1227
980 3198
981 1726
981 2173
981 2531
981 3073
982 1442
982 1458
982 2306
982 2537
982 3095
982 3197
982 3226
983 1906
983 2356
983 2584
984 1795
984 2800
984 3791
985 1342
985 1418
985 2003
985 2099
985 2951
986 1426
986 1499
986 2262
986 2328
986 3407
986 3426
986 3664
987 995
987 1113
987 1116
987 1714
987 1785
987 2919
988 1286
988 2977
989 1429
989 2931
990 1142
990 2935
992 1224
992 1293
992 1509
992 1677
993 2462
993 3099
994 1559
994 2690
995 2094
995 2412
995 3491
996 1396
996 3141
996 3831
997 1022
997 1024
997 1131
997 2142
997 2708
997 2795
997 2921
998 1049
998 1601
998 1946
998 2231
998 2515
998 2985
998 3576
999 1628
999 1911
999 1939
999 2344
1001 1302
1001 1769
1001 2513
1002 1933
1002 3400
1003 2004
1003 2048
1003 2845
1004 2091
1004 2179
1004 3575
1004 3617
1004 3623
1005 1233
1005 2218
1005 3340
1005 3410
1006 1670
1006 3534
1007 1982
1007 2104
1007 3182
1008 2329
1008 3683
1009 1431
1009 1837
1009 2261
1009 2824
1010 1942
1010 3085
1010 3432
1010 3996
1011 1822
1011 2794
1012 3720
1013 1872
1013 1874
1013 2441
1013 2786
1013 3361
1014 1528
1014 2690
1015 1079
1015 1916
1015 2496
1015 3192
1016 1023
1016 1504
1016 2057
1016 2671
1016 3354
1017 1677
1017 2510
1018 1945
1019 2521
1019 3429
1019 3981
1020 2746
1021 1047
1021 2091
1022 1363
1022 1906
1022 2165
1022 2288
1022 3131
1022 3144
1023 1059
1023 3394
1024 2319
1024 2321
1024 2444
1025 3222
1025 3287
1026 2557
1026 3078
1026 3409
1027 1890
1027 2657
1027 2759
1027 3234
1027 3451
1028 1937
1028 2315
1028 2452
1029 1461
1030 2793
1031 1064
1031 1631
1031 3531
1032 2328
1032 3148
1033 2747
1034 1811
1034 2486
1034 2638
1034 3655
1035 2942
1035 3250
1035 3611
1036 2859
1037 1794
1037 1894
1037 2713
1037 3175
1037 3300
1038 2190
1038 3135
1038 3615
1038 3843
1039 1376
1039 1519
1039 1576
1039 1752
1039 2629
1040 2202
1040 2266
1040 3415
1041 3095
1042 1747
1042 2618
1042 3747
1043 1827
1043 1943
1043 3405
1044 1765
1045 1550
1045 1691
1045 2940
1045 3832
1046 2767
1046 3113
1046 3168
1046 3963
1047 2684
1047 3546
1048 1350
1048 3981
1049 1148
1049 1242
1050 2905
1050 3482
1051 1391
1052 3762
1053 2395
1053 3493
1053 3528
1054 1501
1054 3874
1055 1120
1055 2168
1056 1160
1057 2334
1057 2636
1057 2685
1057 3211
1058 3193
1058 3695
1059 2559
1059 3348
1060 3190
1060 3413
1060 3548
1062 1323
1062 2903
1062 3358
1062 3576
1062 3700
1062 3847
1063 2197
1064 1834
1064 3723
1064 3726
1065 2614
1066 3063
1067 3766
1068 1411
1068 1784
1068 2112
1069 1201
1069 1618
1070 2498
1071 2410
1071 2846
1071 3571
1072 1733
1072 2406
1072 2451
1072 3102
1072 3295
1074 1074
1074 1084
1074 1442
1074 3117
1075 3316
1075 3359
1076 2457
1076 2876
1076 3951
1077 3877
1078 1155
1078 1905
1078 2071
1078 3314
1078 3605
1079 1555
1079 1632
1079 1922
1079 2563
1079 2620
1079 3214
1080 1305
1080 2032
1080 3539
1080 3897
1081 3115
1082 1948
1082 2966
1083 1327
1083 2196
1083 3498
1083 3789
1083 3902
1084 1404
1084 1928
1084 1989
1085 1874
1085 3970
1086 2412
1086 2757
1086 3877
1087 1223
1087 2593
1087 3235
1088 1239
1088 1924
1088 2008
1088 2033
1089 1513
1089 1642
1089 2674
1089 3156
1090 3428
1090 3733
1091 1320
1091 2702
1091 3886
1092 2006
1093 1159
1093 2274
1093 2508
1094 1164
1095 1158
1095 1376
1095 2077
1095 3087
1095 3992
1096 1467
1096 2734
1096 3480
1097 1515
1098 1741
1098 2283
1098 2870
1099 1171
1100 1325
1100 1948
1101 2038
1102 2649
1102 2726
1102 3028
1102 3563
1103 2491
1104 1926
1104 2159
1104 2729
1104 3838
1105 1733
1105 1809
1105 2121
1105 2675
1106 3171
1107 1651
1107 2607
1108 1631
1108 1933
1108 2179
1108 2495
1108 3814
1109 1421
1109 3233
1110 2101
1110 2500
1110 2581
1111 3983
1112 2297
1112 2581
1112 3462
1113 1625
1113 2436
1114 1194
1114 3086
1114 3731
1115 1237
1116 1636
1116 2334
1116 2984
1116 3327
1116 3907
1117 1519
1117 2037
1118 1775
1118 2572
1118 3402
1119 1585
1119 2750
1121 1202
1121 3457
1121 3568
1122 1722
1122 2434
1122 2752
1122 2814
1122 3830
1123 1252
1123 2125
1123 3978
1124 3592
1124 3750
1125 2185
1125 2538
1125 2910
1125 3918
1126 2935
1126 3030
1127 2192
1128 1796
1128 2217
1128 2554
1128 2925
1129 1435
1129 1575
1129 1825
1129 1992
1129 3845
1130 1486
1130 2464
1130 3007
1131 3337
1132 1234
1132 1310
1132 2531
1133 1629
1133 3465
1133 3752
1134 1667
1134 3553
1135 1394
1135 2902
1135 3304
1136 2160
1136 2818
1137 1304
1137 1493
1137 2159
1137 3473
1138 1228
1138 1587
1138 1888
1138 2858
1138 3763
1139 1212
1139 2292
1140 1954
1140 3151
1140 3339
1140 3564
1140 3920
1141 1703
1141 2617
1141 2706
1141 3923
1142 1187
1142 1681
1142 2508
1142 2747
1143 1586
1143 1971
1143 2320
1143 2893
1143 3741
1144 3410
1145 1710
1145 3323
1146 3253
1148 1401
1148 1673
1148 2304
1148 3200
1149 1795
1149 3089
1149 3177
1149 3559
1149 3702
1150 1157
1151 1378
1151 2765
1151 3274
1151 3659
1151 3979
1152 2244
1152 3745
1153 1463
1153 1816
1153 2554
1153 3025
1154 1256
1154 1785
1155 2749
1156 2221
1156 2478
1156 2624
1156 3375
1156 3617
1157 1395
1157 2106
1157 2695
1157 2976
1157 3527
1158 1518
1158 1748
1158 2763
1158 3625
1159 1891
1159 2028
1160 1326
1160 1384
1161 1201
1161 1757
1161 2472
1161 2732
1161 2733
1161 2977
1162 2037
1162 2961
1163 1500
1163 1506
1163 1950
1164 2748
1165 1882
1165 2516
1165 3587
1166 1401
1166 1904
1166 3035
1166 3254
1166 3929
1167 1358
1167 2442
1167 3509
1167 3585
1168 2650
1168 3770
1169 1317
1169 3925
1170 1269
1170 1405
1170 3396
1171 1925
1171 2298
1171 2350
1171 2767
1171 3818
1172 1700
1172 1723
1172 3898
1173 3354
1174 1968
1174 3633
1175 1193
1175 1740
1175 3294
1176 2480
1177 3183
1177 3272
1178 1693
1178 2649
1178 3002
1178 3696
1178 3866
1179 3825
1180 2550
1180 2884
1180 3468
1182 1305
1182 1648
1182 2049
1182 2722
1182 3121
1183 2299
1183 3069
1184 1938
1184 1952
1184 2677
1184 3353
1184 3394
1184 3783
1185 3873
1185 3979
1186 1380
1186 1709
1186 2871
1186 3273
1186 3526
1187 1804
1188 1878
1188 2184
1188 2538
1189 2204
1189 3043
1189 3400
1189 3423
1190 1485
1190 1672
1190 2710
1190 2799
1190 3368
1190 3606
1191 1439
1191 1751
1192 2528
1192 3673
1193 2221
1194 3514
1195 2807
1195 3760
1196 1478
1196 1679
1196 1877
1196 1938
1197 1253
1197 1769
1197 3228
1198 2090
1198 3575
1199 1384
1199 3030
1199 3485
1199 3509
1200 1622
1200 3345
1201 3144
1201 3524
1202 1309
1202 1476
1202 2767
1203 2212
1203 2419
1203 3759
1204 1294
1204 3131
1206 1361
1206 2321
1206 2932
1207 3860
1208 2299
1208 2570
1209 3767
1210 1223
1212 3142
1213 2572
1214 1333
1214 1591
1214 2020
1214 2634
1215 2550
1215 2697
1217 1419
1217 3291
1217 3712
1218 2126
1218 2215
1218 2306
1218 3545
1218 3831
1219 1655
1221 1829
1221 2426
1221 3107
1222 1406
1222 3590
1223 1906
1223 2174
1223 2485
1225 1913
1225 3646
1226 2690
1227 1285
1227 1538
1227 1898
1227 1906
1227 2271
1228 3206
1228 3216
1228 3681
1229 2615
1230 1265
1230 1485
1230 1928
1230 3006
1230 3319
1230 3689
1230 3915
1231 1695
1231 2841
1231 3058
1231 3066
1232 3445
1233 1542
1233 1580
1233 1714
1233 3567
1234 3117
1234 3884
1236 1472
1236 2800
1236 3370
1237 2686
1237 2792
1237 2834
1237 3471
1237 3580
1238 3632
1239 1631
1239 2448
1240 2170
1241 3240
1242 1943
1242 2827
1242 3537
1243 2075
1243 3358
1244 1404
1244 2146
1244 2351
1244 3152
1245 3157
1246 1912
1247 1757
1247 2812
1248 1318
1248 1612
1249 2607
1250 1402
1250 3145
1251 2915
1252 2043
1252 3211
1253 2743
1253 3352
1254 3360
1255 1262
1255 3593
1256 2055
1257 1448
1257 3316
1258 1406
1258 3674
1259 1910
1259 2159
1259 2396
1261 1302
1261 1783
1261 2521
1262 1381
1262 1730
1262 2066
1262 2122
1262 2123
1262 2910
1263 3219
1264 1500
1264 3868
1265 1728
1265 2273
1265 3755
1267 2507
1267 3849
1268 1768
1268 1880
1268 3206
1268 3426
1269 2946
1269 3618
1270 3066
1271 2288
1271 3385
1271 3470
1272 1327
1272 1989
1272 2078
1274 1934
1274 2133
1274 2259
1274 3716
1274 3796
1274 3880
1275 2094
1275 2431
1276 1352
1276 1951
1276 2709
1276 3424
1276 3536
1277 1766
1277 1903
1277 2052
1277 2351
1277 3324
1278 2141
1278 2227
1278 2314
1278 2572
1278 3786
1279 2152
1279 2874
1282 1527
1282 1764
1282 1859
1282 3906
1283 3837
1284 1351
1284 1835
1285 1421
1285 1447
1285 3218
1286 1358
1286 1408
1286 1790
1286 2980
1286 3145
1286 3799
1286 3880
1287 2714
1287 3159
1288 1513
1288 2702
1289 3935
1290 2074
1290 3853
1291 2053
1291 2280
1291 2652
1291 3115
1292 2656
1292 3190
1293 1406
1293 1439
1294 2654
1294 3388
1295 1620
1295 1901
1295 2265
1295 3415
1296 1871
1296 3812
1297 2363
1297 2554
1297 3555
1298 1352
1299 1406
1299 2319
1299 2429
1300 1302
1300 1731
1301 1879
1301 3400
1302 1325
1303 2616
1303 2801
1304 1327
1304 1579
1304 1689
1304 2113
1304 2627
1304 2906
1304 2972
1304 3370
1305 3250
1306 2324
1306 2942
1307 1599
1307 3567
1307 3688
1308 2326
1309 1514
1309 3147
1309 3499
1310 1821
1310 2802
1310 3751
1310 3831
1311 1420
1311 1761
1311 2017
1311 2638
1311 3074
1311 3652
1312 2526
1312 3082
1312 3196
1313 1540
1313 2071
1313 2307
1313 3004
1313 3466
1313 3956
1314 1916
1314 3202
1314 3551
1315 3917
1316 2072
1316 2658
1318 2142
1318 2714
1318 3127
1318 3492
1318 3782
1319 2153
1319 3069
1319 3246
1320 1876
1320 3726
1321 3610
1322 1874
1322 2253
1322 3385
1323 3401
1324 1914
1324 2157
1325 1738
1325 1772
1325 2260
1325 3557
1326 1941
1326 3028
1327 1413
1327 3892
1327 3904
1328 1440
1328 1530
1328 3329
1328 3666
1329 2136
1329 2440
1329 2604
1329 3305
1330 1399
1330 2730
1330 3608
1330 3726
1331 3073
1331 3674
1332 1371
1332 2422
1332 2559
1332 3027
1332 3082
1332 3467
1333 1642
1333 1955
1334 1497
1335 1366
1335 1395
1335 1909
1335 2701
1335 2845
1335 3390
1335 3395
1336 2210
1337 1482
1337 1674
1337 2409
1337 3185
1337 3873
1338 2707
1338 3605
1339 3759
1340 1637
1342 3859
1343 2276
1343 2663
1344 1674
1345 1918
1346 2826
1347 2640
1348 1390
1348 1742
1348 2498
1348 2962
1348 3976
1350 1556
1350 2092
1350 2432
1350 3579
1351 1734
1351 1764
1351 1883
1351 2802
1352 1631
1353 1359
1353 2390
1353 2536
1354 2469
1354 2826
1355 2073
1355 2859
1356 1470
1356 3851
1356 3943
1357 1407
1357 2844
1358 1652
1358 1673
1358 3859
1359 2905
1360 1781
1360 2587
1361 3707
1361 3971
1362 2062
1362 2736
1362 2876
1363 3790
1364 1550
1364 2723
1364 3348
1364 3866
1364 3882
1365 1507
1365 1710
1365 1987
1365 2602
1365 3713
1366 1407
1366 1807
1366 2452
1367 2217
1367 2786
1367 3806
1367 3976
1367 3990
1368 2934
1368 3171
1369 1862
1370 1977
1370 2096
1370 2962
1370 3301
1370 3579
1370 3787
1370 3810
1371 2022
1371 2040
1371 3229
1373 2665
1373 3689
1374 2299
1375 3668
1376 2206
1378 1778
1379 1747
1379 2800
1380 1614
1380 2186
1380 2805
1380 3074
1380 3555
1382 3533
1383 3732
1384 2095
1384 2843
1385 1812
1385 2229
1385 2579
1385 3093
1385 3591
1386 2627
1386 3714
1387 2214
1387 3635
1387 3976
1388 2352
1389 3781
1390 1509
1390 3081
1390 3310
1390 3838
1391 1428
1392 1871
1392 2878
1392 3242
1394 1995
1394 2137
1394 3051
1396 2091
1396 2522
1396 2644
1396 3005
1396 3549
1396 3999
1397 1470
1397 2257
1397 2361
1398 1773
1398 3259
1399 1709
1399 2459
1399 2733
1400 3318
1400 3672
1400 3681
1401 1660
1401 2170
1401 2502
1402 2344
1402 2363
1402 2384
1402 2561
1402 3170
1402 3192
1402 3920
1403 1521
1403 3595
1404 1981
1404 2775
1404 3161
1405 1442
1407 1920
1407 3145
1407 3665
1407 3760
1408 2080
1408 2435
1409 1452
1409 2249
1409 2314
1409 3259
1409 3646
1410 1470
1410 1761
1410 3062
1411 1714
1411 1853
1411 2101
1411 2935
1413 3695
1413 3788
1414 1446
1414 1854
1414 3245
1414 3465
1414 3481
1414 3717
1415 2021
1416 3017
1417 1811
1417 2556
1417 3620
1417 3818
1418 2226
1418 3674
1421 1778
1421 2086
1421 2759
1421 3112
1421 3467
1421 3848
1422 2175
1422 2349
1423 2454
1424 1760
1424 2350
1424 2853
1424 2975
1424 3714
1425 3875
1426 1495
1426 2272
1427 1729
1429 2020
1429 3677
1430 2135
1430 2757
1430 3827
1431 1994
1431 2892
1431 3536
1431 3716
1432 2470
1432 2923
1432 3000
1432 3057
1432 3097
1433 1632
1433 2404
1433 2659
1433 2944
1433 2995
1433 3470
1434 2609
1434 2638
1435 2742
1435 3301
1435 3805
1436 2691
1436 3689
1438 2255
1438 2312
1438 2911
1438 3037
1438 3921
1439 2917
1439 3866
1440 2404
1440 3289
1440 3948
1441 1639
1441 2204
1441 2627
1442 1692
1442 2333
1442 2352
1442 3371
1442 3478
1442 3984
1443 1864
1444 1613
1444 3628
1445 3353
1446 2785
1447 2622
1447 3898
1448 2007
1448 3953
1450 2772
1450 2885
1451 2004
1451 3345
1451 3371
1452 3162
1452 3956
1452 3990
1453 3462
1453 3556
1453 3615
1454 3252
1455 2430
1455 3253
1456 2450
1456 2700
1456 2967
1456 3562
1457 1673
1458 1587
1458 1726
1458 2475
1458 3104
1458 3480
1459 3397
1459 3711
1461 2682
1461 2791
1461 3164
1462 2330
1462 3253
1462 3290
1463 1579
1463 1632
1463 1664
1463 2073
1464 2024
1464 2612
1464 2802
1465 2009
1467 2060
1467 2838
1467 3330
1468 3227
1468 3328
1468 3714
1469 2999
1469 3041
1470 1489
1470 1982
1470 2340
1470 2409
1470 3119
1471 2809
1472 1893
1472 2991
1473 1977
1474 1617
1474 3647
1475 1851
1476 1554
1477 2220
1477 2411
1477 3184
1477 3410
1478 3774
1478 3826
1479 1551
1479 2425
1479 2700
1479 3122
1480 1719
1480 1791
1480 2072
1480 2259
1481 1511
1481 2436
1481 3392
1482 1762
1482 3584
1483 1832
1483 2458
1483 3660
1484 1687
1484 1777
1484 2518
1485 2248
1485 2870
1485 2936
1485 3045
1485 3546
1486 1791
1486 2010
1486 2235
1486 2494
1487 2503
1487 3205
1487 3540
1488 2616
1489 2163
1489 2785
1489 2839
1489 2962
1489 3077
1489 3152
1489 3739
1491 1656
1491 1705
1491 2322
1492 1750
1492 2149
1492 2388
1492 2479
1493 2474
1493 3236
1493 3922
1494 1944
1494 2303
1494 2711
1494 3578
1495 1929
1495 2102
1495 2899
1495 3007
1495 3018
1495 3552
1497 3666
1498 2026
1498 2362
1498 3779
1499 1543
1500 1644
1500 2163
1500 3576
1501 1657
1501 2730
1501 3464
1502 2255
1502 2600
1503 1903
1503 2180
1503 2247
1503 2256
1503 2586
1503 3915
1504 2558
1504 3627
1505 3284
1505 3409
1505 3804
1506 2229
1506 2741
1506 2809
1506 2903
1506 3083
1506 3903
1507 1628
1507 2111
1507 3668
1508 1913
1508 2762
1508 3662
1509 2065
1509 3233
1510 1611
1510 2578
1510 3773
1510 3990
1512 3052
1512 3313
1512 3343
1512 3644
1512 3948
1514 3285
1515 2730
1516 1880
1516 2088
1516 2204
1516 2816
1517 3795
1518 3488
1519 2230
1519 2701
1520 2468
1520 3145
1521 2482
1521 3007
1522 3276
1522 3291
1523 3383
1523 3393
1523 3588
1524 1889
1524 2702
1524 3051
1524 3957
1525 3482
1525 3901
1526 2654
1527 2542
1527 3135
1527 3188
1528 1604
1528 1667
1528 1990
1528 2159
1528 2442
1528 3550
1528 3767
1529 2028
1529 2757
1529 2943
1529 3355
1529 3567
1530 3131
1530 3508
1531 1561
1531 3076
1531 3436
1532 1826
1532 2677
1533 2486
1533 3307
1533 3471
1534 2981
1534 3819
1535 2998
1535 3709
1536 1738
1536 3218
1537 1949
1537 2357
1537 3406
1537 3806
1538 2887
1538 3310
1538 3490
1539 2015
1539 2059
1539 2230
1539 3811
1540 1608
1540 1906
1542 1694
1542 3312
1543 1734
1543 3473
1544 1663
1544 2032
1544 2921
1545 2640
1545 2961
1545 3546
1545 3911
1545 3970
1546 2476
1546 2955
1546 2987
1547 2532
1547 3940
1548 2655
1548 2946
1549 2078
1549 3108
1549 3787
1550 2793
1551 1712
1552 1703
1554 2388
1554 2439
1555 1908
1555 2383
1555 2595
1556 1872
1556 2956
1557 2012
1557 2575
1557 3161
1557 3822
1559 2430
1560 2350
1562 2562
1562 3239
1562 3784
1562 3884
1563 1867
1563 2184
1563 3146
1564 2069
1564 3305
1564 3799
1565 1874
1565 2592
1565 2764
1565 2988
1565 3010
1565 3765
1566 2245
1566 3097
1566 3923
1567 2020
1568 1585
1568 2787
1569 2266
1569 2558
1569 2643
1569 3378
1571 1738
1571 1830
1571 2616
1571 3317
1572 2471
1572 3629
1573 1830
1573 2972
1573 3077
1574 3551
1575 1822
1575 2247
1575 2573
1575 3333
1575 3602
1575 3655
1576 1590
1576 2604
1578 3828
1579 1649
1580 2259
1580 2874
1580 3189
1580 3507
1581 2587
1581 2818
1582 2284
1582 3339
1583 1939
1583 1956
1583 2955
1583 3625
1583 3712
1584 2290
1584 3640
1586 2306
1586 2575
1586 2589
1587 1666
1587 1682
1587 1867
1587 3570
1588 3725
1589 1728
1589 2001
1589 2892
1589 2902
1589 3031
1589 3192
1590 3728
1590 3876
1591 2136
1591 2224
1591 2270
1591 3011
1593 1796
1593 2942
1594 1856
1594 2056
1594 2469
1594 2556
1595 2987
1595 3635
1595 3838
1596 2224
1596 3776
1597 2947
1597 3661
1598 1679
1598 1887
1598 2133
1598 2739
1599 2156
1599 2365
1599 2830
1599 3336
1600 3224
1601 1667
1601 2075
1601 2637
1601 2703
1601 2906
1601 3483
1601 3780
1602 3468
1603 2295
1603 2332
1603 2407
1604 1999
1604 2282
1604 2770
1604 2857
1604 3492
1604 3540
1605 3474
1605 3840
1606 3222
1607 1817
1607 2788
1607 3219
1608 3812
1609 1761
1609 2846
1609 2980
1609 3195
1609 3255
1609 3607
1610 1921
1610 3274
1610 3809
1611 1637
1611 1657
1611 2185
1611 2249
1611 2455
1614 1996
1614 3634
1614 3891
1615 1654
1615 1740
1615 2366
1616 1895
1616 2099
1616 3170
1617 3230
1618 3219
1618 3338
1619 2428
1619 2698
1619 3500
1619 3769
1620 2651
1620 2724
1620 3132
1620 3451
1621 3208
1621 3412
1622 3147
1623 2125
1623 2958
1623 3629
1623 3705
1624 2290
1624 3014
1624 3276
1625 2325
1625 2561
1627 2575
1628 3499
1628 3557
1629 1697
1629 3966
1630 2306
1630 3302
1631 2561
1631 2630
1631 3582
1632 2809
1632 3061
1632 3306
1632 3537
1632 3725
1634 2148
1634 2853
1634 3916
1635 3187
1636 2483
1636 2729
1636 2961
1637 1742
1637 2379
1638 1649
1638 3118
1638 3332
1638 3760
1639 3288
1640 1965
1641 2336
1641 3824
1642 2029
1642 2516
1644 2444
1645 3907
1646 1835
1646 2721
1646 3002
1647 3775
1647 3941
1648 1893
1648 2152
1648 2501
1648 2866
1648 3133
1649 2498
1649 2901
1649 3512
1649 3545
1649 3638
1650 2326
1651 1772
1651 1865
1651 2643
1651 3315
1651 3401
1651 3682
1651 3861
1652 2381
1652 2731
1652 3974
1653 2686
1654 2535
1654 3082
1654 3763
1654 3861
1655 2169
1655 2673
1656 1728
1656 2387
1656 2692
1656 3028
1656 3186
1656 3192
1656 3807
1657 1939
1658 2235
1658 3856
1659 2058
1659 3038
1659 3528
1659 3689
1660 1723
1660 2086
1661 2972
1661 3044
1661 3209
1661 3287
1661 3997
1662 1736
1662 2552
1662 2930
1662 3239
1663 3502
1663 3958
1664 2074
1664 2685
1664 3097
1664 3878
1665 3150
1666 2233
1666 2372
1666 2613
1666 2848
1666 3571
1667 2536
1667 3188
1668 1668
1668 1759
1668 2419
1668 2513
1668 3461
1668 3715
1669 1689
1669 1702
1670 2596
1670 2691
1670 2700
1670 3615
1670 3655
1671 2453
1673 3949
1674 2030
1674 2917
1674 3766
1676 2529
1676 2676
1677 1943
1677 3715
1677 3765
1677 3989
1678 3717
1679 2035
1680 1881
1680 1932
1681 2017
1684 1759
1685 2144
1685 3424
1685 3437
1686 1771
1686 2933
1686 3409
1687 2109
1687 2686
1687 3010
1688 3045
1689 1753
1689 2424
1689 2464
1689 3379
1689 3659
1690 1771
1690 2085
1690 3638
1690 3722
1691 1955
1691 2052
1692 3312
1692 3531
1693 2626
1693 3144
1693 3375
1693 3620
1693 3662
1695 1891
1695 2338
1695 3220
1695 3287
1695 3662
1696 2239
1696 2861
1697 3559
1697 3966
1697 3996
1699 2086
1699 2317
1699 3995
1700 1721
1700 3077
1701 2527
1701 3568
1702 2553
1703 2024
1703 3182
1703 3353
1704 3157
1705 1891
1705 3773
1706 1928
1706 2795
1707 3733
1708 1961
1708 2020
1708 2098
1708 2580
1708 2762
1708 2896
1708 3006
1709 2009
1710 2356
1710 2376
1710 2503
1710 2762
1710 3975
1711 2568
1712 1727
1712 1976
1712 1996
1712 2108
1712 2975
1712 3838
1713 1828
1713 2536
1714 2215
1714 2584
1715 2093
1715 2199
1715 2242
1715 3015
1716 3537
1717 2360
1717 3823
1718 2651
1718 3144
1718 3516
1719 2123
1719 3034
1719 3673
1720 1888
1720 2665
1720 2759
1720 3112
1721 2493
1721 2523
1721 2979
1721 3000
1722 2832
1722 3107
1722 3308
1722 3466
1723 1758
1723 2037
1723 3611
1723 3884
1724 2548
1725 2191
1725 2374
1725 2764
1725 3456
1725 3916
1727 1980
1727 3654
1728 1789
1728 3104
1729 2591
1729 3355
1729 3463
1730 2123
1731 1776
1731 3046
1731 3285
1731 3405
1731 3690
1732 2914
1732 3162
1732 3427
1734 3499
1735 2127
1735 2909
1735 3263
1735 3556
1736 2083
1736 3178
1736 3233
1737 1739
1737 2288
1737 2654
1737 3232
1737 3936
1738 2040
1738 2335
1738 3170
1739 3004
1739 3020
1740 2701
1740 3206
1740 3731
1740 3855
1741 2007
1741 2710
1742 2812
1742 3893
1743 3157
1745 2494
1745 2550
1745 3775
1746 3026
1746 3994
1747 1890
1748 2843
1749 2737
1749 3095
1749 3113
1749 3187
1749 3505
1749 3730
1750 2847
1751 1882
1752 2929
1752 3149
1752 3464
1753 2027
1753 2166
1753 3292
1754 1900
1755 1945
1755 3031
1756 2434
1757 2133
1757 2611
1757 2998
1758 2495
1759 1761
1759 1807
1759 2455
1759 2571
1760 2656
1761 2513
1761 3156
1761 3366
1761 3436
1762 2113
1762 2227
1762 3541
1763 2612
1763 2921
1763 3637
1764 1977
1765 1868
1765 3652
1765 3679
1765 3761
1766 2044
1766 2868
1766 3617
1767 2603
1767 2925
1767 3353
1767 3354
1768 2163
1768 2242
1768 3263
1769 2462
1769 3310
1770 2135
1770 2412
1770 2904
1770 2920
1770 3274
1770 3379
1771 3219
1771 3516
1772 2804
1772 3418
1772 3904
1773 2031
1773 2060
1773 2176
1773 2231
1773 2299
1773 3157
1773 3488
1773 3563
1774 1907
1774 2670
1774 2748
1774 3056
1774 3183
1774 3374
1774 3395
1774 3500
1774 3872
1775 2183
1775 2959
1775 3185
1775 3272
1775 3541
1775 3909
1776 1997
1776 2313
1777 3867
1778 2131
1778 2334
1778 3040
1779 3241
1780 2467
1780 3245
1780 3989
1781 1886
1781 2306
1781 3942
1782 3195
1782 3614
1783 3005
1783 3325
1783 3671
1784 1939
1785 2036
1785 2038
1785 2694
1785 2916
1786 2088
1787 3113
1787 3283
1788 3395
1789 1799
1789 2682
1789 2698
1789 3311
1790 1923
1790 3652
1791 2131
1792 3276
1792 3747
1792 3912
1793 2865
1793 3473
1794 3965
1795 2057
1795 3521
1795 3953
1796 2005
1796 2234
1796 2349
1796 2859
1797 3522
1797 3523
1798 1879
1798 2356
1798 3604
1798 3822
1799 2059
1799 3581
1799 3749
1800 3364
1800 3454
1802 2018
1802 3069
1802 3070
1803 2308
1803 2405
1803 2520
1803 3062
1803 3230
1803 3955
1804 2177
1804 3515
1805 1945
1805 3948
1806 1877
1806 2171
1806 3256
1806 3627
1807 2583
1807 2712
1807 2781
1808 2032
1808 2359
1808 3643
1809 2878
1809 3045
1809 3470
1810 1994
1810 2295
1811 3421
1811 3555
1812 2727
1812 3473
1813 2518
1813 3410
1813 3459
1813 3878
1814 2016
1814 2238
1814 2589
1814 2629
1814 3230
1815 2264
1815 2352
1816 2739
1817 1854
1817 2764
1818 1954
1818 2674
1819 2311
1819 3898
1820 2505
1820 2973
1820 3174
1821 3151
1821 3336
1821 3561
1822 2396
1822 3476
1822 3679
1823 2380
1824 2366
1824 2610
1824 3024
1824 3046
1825 1866
1825 3731
1826 2075
1826 3775
1827 1988
1827 2077
1827 2267
1827 2728
1827 2804
1828 2498
1828 3926
1829 2380
1829 2427
1829 2634
1829 3106
1829 3264
1829 3555
1829 3946
1830 3471
1830 3523
1831 2205
1831 3023
1831 3745
1832 2579
1833 2109
1834 2059
1834 2249
1835 2491
1835 2841
1835 3652
1835 3771
1836 2060
1836 2742
1836 3611
1836 3911
1837 3075
1838 2348
1838 3365
1839 2188
1839 2722
1839 3372
1840 2503
1840 3009
1840 3288
1840 3533
1841 1941
1841 2940
1841 3117
1842 3826
1843 1897
1843 3280
1843 3326
1843 3618
1845 2377
1845 2491
1845 3209
1846 2041
1846 2508
1846 3139
1846 3779
1847 2261
1847 2735
1847 3799
1848 1860
1848 2827
1848 3056
1848 3120
1848 3649
1849 1998
1849 2595
1849 2823
1849 3000
1849 3838
1850 2893
1850 3493
1851 3089
1851 3273
1851 3275
1852 1974
1852 2875
1852 3218
1852 3430
1852 3491
1853 1888
1853 2126
1853 2305
1853 2336
1853 2630
1853 2750
1853 3655
1854 2877
1854 3757
1855 2557
1855 3202
1855 3336
1855 3416
1855 3608
1856 1978
1856 3289
1856 3449
1857 2321
1857 2475
1857 2910
1857 2996
1858 1901
1858 3278
1858 3417
1858 3618
1858 3792
1858 3974
1859 2234
1859 2852
1860 3145
1860 3951
1861 2946
1863 2108
1863 2643
1863 3903
1863 3946
1864 2388
1864 2873
1864 3218
1864 3260
1864 3481
1864 3644
1864 3960
1865 2071
1865 3476
1865 3760
1865 3919
1866 3158
1867 2518
1867 2546
1867 3182
1868 2157
1868 3009
1868 3307
1868 3592
1868 3803
1869 2808
1869 2915
1869 3491
1870 2133
1870 3416
1871 1912
1871 2613
1871 2970
1872 2894
1872 3249
1873 2008
1873 2638
1873 2927
1874 2203
1874 2595
1874 3225
1874 3276
1875 2047
1875 2287
1875 3275
1877 1944
1878 2503
1878 3044
1879 2415
1879 3117
1879 3131
1879 3440
1879 3659
1880 2450
1880 3319
1880 3703
1881 3051
1881 3466
1882 2304
1882 3171
1882 3369
1883 2722
1884 2652
1884 2699
1885 2179
1885 2912
1885 3071
1885 3101
1885 3911
1886 2067
1886 2092
1886 2605
1886 3315
1886 3922
1887 3026
1888 2357
1888 2659
1888 2766
1888 2804
1888 3169
1888 3225
1888 3307
1888 3949
1889 3369
1890 2612
1891 2418
1891 2774
1891 3075
1892 1896
1892 2727
1892 3061
1892 3093
1892 3206
1892 3539
1892 3974
1893 1948
1893 2974
1893 3028
1893 3292
1895 3793
1896 2157
1896 3147
1897 2368
1897 2945
1897 3085
1897 3742
1899 2592
1899 3131
1899 3778
1900 2159
1901 2945
1902 3092
1902 3945
1903 2177
1903 3339
1903 3502
1903 3965
1904 2690
1904 3123
1904 3759
1905 2181
1905 2521
1905 3417
1905 3857
1906 2058
1906 2358
1906 2876
1906 3515
1906 3641
1907 3993
1908 2397
1908 3210
1909 3106
1910 3169
1911 2162
1911 2780
1911 2906
1911 3127
1912 3400
1913 2128
1913 2333
1913 2583
1914 2464
1914 2758
1915 2144
1915 2323
1915 3520
1915 3564
1916 1965
1916 2227
1916 2640
1916 2735
1916 3117
1916 3561
1917 2316
1917 2633
1917 3108
1917 3774
1918 1924
1918 2161
1918 2646
1918 3091
1918 3237
1919 2069
1919 3022
1919 3030
1919 3200
1919 3550
1919 3893
1921 2352
1921 3550
1922 2349
1922 3680
1923 2207
1923 2465
1923 2591
1923 3098
1923 3176
1924 2474
1924 2698
1924 2735
1926 2277
1926 3489
1926 3845
1927 2067
1927 2616
1928 1987
1929 2374
1929 3860
1930 2255
1930 2347
1930 3233
1930 3419
1931 1943
1931 2494
1931 2642
1931 2813
1931 3862
1933 1975
1933 2143
1933 2477
1934 1934
1934 2333
1934 2467
1934 2905
1934 3072
1934 3935
1935 2608
1935 2932
1936 2386
1936 3239
1936 3942
1937 3532
1938 1940
1938 1961
1938 2088
1938 3276
1938 3842
1940 2163
1940 2205
1940 2288
1940 2303
1940 2660
1940 2746
1940 3065
1941 2777
1941 3997
1942 2052
1942 3714
1943 2586
1944 1969
1944 3883
1944 3965
1945 2883
1945 3651
1946 1997
1946 2298
1946 2878
1946 3545
1946 3945
1947 2664
1947 2963
1947 3368
1948 2549
1949 3314
1949 3685
1949 3820
1950 2096
1950 2219
1950 2421
1950 3098
1951 1987
1951 2392
1951 3704
1951 3766
1952 2252
1952 4000
1953 2019
1953 2598
1953 3644
1954 2685
1954 3539
1955 2120
1955 2171
1955 2593
1955 3059
1955 3757
1956 2243
1956 2818
1957 3285
1957 3322
1957 3484
1957 3631
1959 2865
1959 3207
1959 3851
1960 2022
1960 2518
1960 3299
1960 3551
1961 2700
1961 2988
1961 3483
1961 3799
1962 2584
1962 3640
1963 2390
1963 2419
1964 2405
1964 3890
1965 2366
1965 3908
1966 2073
1967 2562
1967 3175
1967 3223
1968 2473
1968 3435
1968 3516
1968 3540
1969 2878
1970 2348
1970 3189
1971 3557
1971 3585
1972 2514
1972 3217
1972 3383
1972 3529
1973 3700
1974 2742
1974 2953
1974 3517
1974 3670
1975 2656
1975 2793
1975 2870
1975 3167
1975 3193
1976 1976
1976 3559
1977 2529
1977 2933
1977 3158
1977 3174
1978 2684
1979 2461
1979 2674
1980 2142
1980 2254
1980 2755
1980 3480
1981 2546
1981 3727
1982 3010
1982 3794
1982 3871
1983 2530
1983 2874
1983 3142
1984 2834
1984 3743
1984 3746
1986 2315
1986 3363
1986 3734
1986 3747
1987 2788
1987 2794
1987 3379
1987 3619
1988 3512
1988 3732
1988 3832
1989 2136
1989 3286
1989 3506
1989 3996
1990 2882
1991 2440
1991 3540
1991 3610
1992 2210
1992 2573
1993 3477
1994 2370
1994 3741
1994 3858
1994 3897
1994 3983
1995 2605
1995 2982
1996 2667
1996 3161
1996 3298
1996 3786
1997 2130
1997 2987
1998 3158
1998 3409
1998 3570
1998 3647
1999 2862
1999 3296
1999 3338
2000 3805
2001 2082
2001 2084
2001 2775
2001 3391
2001 3893
2002 2145
2002 2817
2002 2832
2002 3902
2003 2099
2003 2770
2003 3431
2003 3650
2004 2564
2004 2696
2004 3197
2004 3583
2004 3672
2005 2194
2005 2452
2005 2733
2005 3474
2006 2139
2007 2495
2007 2769
2007 3058
2007 3210
2008 3165
2008 3435
2010 2143
2010 3616
2010 3907
2011 2868
2011 3633
2011 3978
2012 2386
2012 3178
2012 3607
2012 3934
2013 2997
2013 3382
2013 3651
2014 2246
2014 2914
2014 3400
2015 2387
2015 2530
2015 2929
2015 3906
2016 2239
2016 2802
2016 3673
2016 3717
2016 3733
2017 2607
2017 3076
2018 2308
2018 2787
2018 3258
2018 3413
2018 3429
2019 3674
2020 3424
2021 3443
2021 3772
2022 2074
2022 3366
2022 3412
2022 3698
2024 2062
2024 2655
2024 3151
2025 2371
2025 2774
2025 2819
2025 2985
2025 3597
2025 3686
2026 3045
2026 3083
2026 3293
2026 3952
2027 2852
2027 2967
2027 3941
2027 3987
2028 2526
2028 2823
2028 3067
2028 3115
2028 3865
2029 2228
2029 3562
2031 3336
2031 3712
2032 3838
2033 2467
2033 2507
2033 3737
2035 3398
2035 3585
2036 2632
2036 3119
2038 2600
2038 2682
2039 3003
2040 2108
2040 2254
2040 2414
2040 3095
2040 3303
2040 3559
2040 3689
2041 2211
2041 2731
2041 3019
2041 3244
2041 3631
2041 3917
2042 2533
2042 2943
2042 2952
2042 3802
2043 2108
2043 3225
2043 3235
2044 2288
2044 2379
2044 2881
2044 3191
2045 2702
2045 2766
2045 3269
2046 2053
2046 2297
2046 3635
2047 2495
2047 3433
2048 3223
2048 3898
2048 3975
2049 2556
2049 2755
2049 3221
2050 2575
2050 2967
2050 3128
2050 3275
2051 2441
2051 2968
2052 2179
2052 2882
2052 3538
2054 2594
2054 2718
2054 3042
2054 3112
2054 3296
2054 3652
2055 2561
2055 2639
2055 3038
2055 3359
2056 3705
2056 3759
2057 2777
2057 3047
2058 2340
2058 2690
2059 2460
2059 2568
2059 2775
2059 2854
2060 3673
2060 3706
2061 2083
2061 2792
2061 2874
2061 2877
2061 2926
2061 3368
2062 2203
2062 3964
2063 2477
2063 2534
2063 2662
2063 3053
2063 3675
2063 3997
2064 2417
2065 3778
2065 3785
2066 2845
2067 3527
2070 2370
2070 2732
2070 2990
2070 3258
2072 2082
2072 2103
2072 2364
2072 3916
2073 3391
2073 3558
2074 2154
2074 2250
2074 2682
2074 3094
2074 3100
2074 3517
2074 3933
2075 2926
2075 3272
2075 3336
2075 3730
2076 2646
2076 3380
2076 3973
2076 4000
2077 2231
2077 2557
2078 2281
2078 2507
2078 3111
2078 3752
2079 2482
2079 2714
2079 2982
2080 2397
2080 2925
2080 3378
2081 2324
2081 2442
2081 2840
2081 3064
2081 3493
2081 3536
2081 3611
2082 2580
2082 3516
2082 3857
2083 3883
2084 2994
2084 3486
2085 2203
2085 2651
2086 2227
2086 3117
2088 3249
2088 3860
2088 3891
2089 3444
2089 3464
2089 3477
2089 3993
2090 2251
2090 3622
2091 2866
2091 3138
2092 2923
2092 3722
2092 3830
2093 2206
2094 2234
2094 2466
2094 2993
2094 3166
2094 3439
2094 3814
2095 2364
2096 3174
2096 3600
2097 2416
2097 2533
2097 2863
2097 3901
2098 2723
2098 3464
2099 3779
2100 2136
2100 2234
2100 2374
2100 3353
2100 3812
2101 2682
2102 2500
2103 2858
2103 3924
2104 2617
2104 2792
2104 3553
2105 2464
2105 3916
2106 2420
2106 2799
2106 3665
2106 3947
2107 2487
2107 2557
2108 3124
2108 3892
2110 2116
2110 2994
2112 2146
2113 2207
2113 2886
2113 2990
2114 2664
2114 3962
2115 2389
2115 2516
2115 3269
2116 2420
2116 2481
2116 3849
2117 2562
2117 2603
2117 3021
2118 2123
2118 2935
2119 2522
2119 3391
2119 3527
2119 3717
2120 2464
2120 3355
2121 2913
2121 3080
2121 3415
2122 2640
2122 3133
2122 3711
2123 3989
2124 2900
2124 3634
2127 2853
2127 2927
2127 3724
2127 3730
2128 2490
2128 2678
2129 2987
2129 3116
2129 3338
2129 3898
2130 2661
2130 3412
2130 3608
2130 3666
2131 2816
2131 2985
2132 2252
2132 2296
2132 2691
2133 2191
2134 2739
2134 3551
2134 3846
2135 3297
2136 2543
2136 3174
2136 3648
2137 2202
2137 3338
2137 3991
2138 2974
2138 3773
2138 3956
2139 2288
2139 2456
2139 2909
2139 3022
2139 3492
2140 2340
2140 3579
2141 3118
2141 3128
2141 3513
2141 3553
2142 2230
2142 2239
2142 2843
2142 3052
2142 3313
2142 3414
2142 3536
2143 2912
2143 3326
2143 3556
2143 3560
2144 2409
2144 2727
2144 3415
2144 3500
2144 3631
2144 3907
2145 2286
2145 2950
2145 3023
2145 3497
2146 2884
2146 3511
2147 3154
2147 3286
2148 2696
2148 2985
2148 3352
2148 3525
2149 3430
2150 3270
2150 3782
2150 3982
2151 3141
2151 3786
2151 3985
2152 2946
2152 3205
2153 2443
2155 2328
2155 2557
2155 2946
2155 3660
2155 3751
2156 3183
2156 3531
2156 3544
2156 3692
2157 3125
2157 3373
2157 3552
2158 2273
2158 3621
2158 3693
2159 3643
2160 2540
2160 2673
2161 3611
2162 2351
2162 2957
2163 2423
2163 3784
2164 2642
2165 3660
2165 3721
2165 3725
2166 3507
2166 3540
2166 3601
2167 3083
2167 3492
2167 3668
2167 3686
2168 3019
2168 3718
2169 3459
2171 3026
2171 3237
2172 3874
2172 3957
2173 2290
2173 3804
2174 2645
2175 2401
2175 2562
2175 3163
2176 2275
2176 2579
2176 2825
2176 3046
2177 2541
2177 2594
2177 3704
2178 2384
2178 3073
2178 3232
2179 3171
2180 2322
2180 3187
2180 3314
2181 2200
2181 2283
2181 2700
2182 2642
2182 2937
2182 3050
2183 2611
2183 3012
2183 3019
2183 3384
2183 3876
2184 3639
2184 3951
2186 2195
2186 3744
2187 2387
2187 3044
2188 3403
2189 2436
2189 2719
2189 2866
2189 3057
2189 3356
2190 2509
2190 3778
2191 2219
2191 2272
2191 3079
2191 3947
2192 2649
2192 3372
2192 3459
2193 3153
2193 3193
2194 2389
2194 2494
2194 2766
2194 2902
2194 3653
2195 2223
2195 2546
2195 2914
2195 2951
2196 2254
2196 2327
2196 2373
2196 3252
2197 3341
2198 2349
2198 2639
2198 2938
2198 3235
2199 2639
2199 3210
2199 3295
2199 3433
2201 3325
2202 2276
2202 2702
2202 3086
2202 3207
2202 3755
2202 3965
2203 2998
2204 2401
2204 2639
2204 3251
2205 3068
2205 3509
2205 3990
2206 2462
2206 3890
2207 3069
2208 2222
2208 3118
2209 3088
2209 3191
2210 3127
2210 3566
2212 2501
2212 2596
2212 3122
2213 2221
2213 2731
2213 2978
2213 3411
2213 3433
2214 2743
2214 3083
2215 3516
2215 3918
2216 2543
2216 2686
2216 3360
2217 2559
2217 2810
2217 2947
2217 3699
2218 2297
2218 2355
2218 2561
2218 2940
2218 3078
2218 3426
2219 2690
2219 3304
2219 3486
2220 2570
2220 2576
2220 3103
2220 3118
2220 3437
2220 3502
2221 2614
2221 2963
2221 3883
2222 3468
2222 3528
2222 3978
2223 2668
2223 2959
2223 3461
2224 2295
2224 2617
2224 3579
2225 2344
2225 2625
2225 3841
2226 2982
2226 3023
2226 3218
2226 3431
2226 3740
2226 3763
2227 2251
2227 3659
2228 3532
2229 2924
2230 2656
2230 3713
2230 3761
2231 2901
2231 3489
2232 2399
2232 3160
2232 3282
2232 3381
2232 3403
2232 3606
2233 2647
2233 2982
2233 3007
2233 3906
2234 2658
2235 2363
2235 3146
2236 2397
2236 2610
2236 3760
2237 3209
2239 2744
2239 2918
2239 2957
2239 3504
2239 3890
2240 2895
2240 3967
2241 3322
2242 2420
2242 2956
2242 3117
2242 3551
2242 3860
2243 2599
2243 3420
2243 3845
2244 2379
2244 3688
2245 2670
2245 3755
2246 2318
2246 3509
2246 3552
2246 3839
2247 2418
2247 2585
2247 2667
2247 3696
2248 2336
2248 3079
2249 2404
2249 2509
2249 3542
2251 2437
2251 3022
2252 3007
2252 3034
2252 3124
2253 3040
2253 3059
2253 3375
2255 2761
2255 3093
2256 2939
2258 2537
2258 2561
2259 2264
2259 3316
2260 2727
2260 3585
2261 2409
2261 2518
2261 2863
2261 3262
2261 3750
2261 3839
2261 3968
2262 2318
2262 2566
2263 3208
2263 3560
2263 3593
2263 3860
2264 2276
2264 2545
2264 3484
2266 2950
2266 2973
2266 3544
2267 3144
2267 3570
2267 3575
2268 2685
2268 3197
2269 2853
2269 2969
2269 3679
2270 2770
2270 2777
2270 2936
2270 2999
2270 3409
2270 3733
2271 2656
2271 3244
2272 3890
2273 2694
2273 3261
2273 3386
2273 3407
2274 3515
2275 2698
2276 2801
2277 2494
2277 2809
2277 2882
2277 3110
2277 3531
2277 3568
2278 2295
2278 3574
2279 2530
2279 2767
2279 3093
2280 2563
2280 3416
2280 3817
2281 3255
2282 2453
2282 2502
2282 3527
2284 3059
2284 3245
2284 3528
2285 2607
2285 2679
2286 2499
2286 2833
2286 3306
2286 3355
2287 2402
2287 3391
2287 3756
2287 3797
2287 3852
2288 2732
2288 3374
2288 3622
2288 3959
2289 2906
2289 3494
2290 2375
2290 2461
2290 2813
2290 2947
2290 2975
2290 3448
2290 3694
2292 3515
2293 2367
2293 2377
2293 2667
2295 2409
2295 2561
2295 3410
2296 2888
2296 3213
2296 3690
2296 3835
2296 3887
2297 2654
2297 3510
2297 3511
2297 3577
2298 3090
2298 3240
2299 2426
2299 2855
2300 3056
2300 3433
2301 2965
2301 3557
2302 2317
2302 2381
2302 3461
2303 2525
2304 2618
2304 3418
2305 2802
2305 3239
2305 3885
2307 2903
2307 3201
2307 3399
2308 3091
2309 2886
2309 3620
2309 3669
2310 2514
2310 2956
2310 3265
2310 3655
2311 2640
2311 3337
2311 3480
2311 3746
2311 3775
2312 3609
2312 3757
2313 2672
2313 3126
2313 3283
2313 3878
2314 2334
2314 2337
2315 3385
2316 2603
2316 2720
2316 3489
2317 2609
2317 2947
2317 3482
2317 3900
2318 2788
2318 2949
2319 2393
2319 2503
2319 3468
2319 3499
2320 2873
2320 3174
2321 2448
2321 3615
2322 2438
2322 2509
2322 3401
2322 3456
2323 2807
2323 3041
2323 3171
2324 2651
2324 2762
2324 2989
2325 3340
2325 3355
2326 2721
2326 2947
2326 3342
2326 3502
2326 3713
2326 3951
2327 2713
2327 3936
2328 2467
2328 2625
2329 2732
2329 2809
2330 2743
2331 3033
2331 3162
2332 2685
2332 2845
2332 2864
2332 3207
2332 3949
2333 2450
2333 3678
2334 3058
2336 2808
2336 3858
2337 3928
2337 3992
2338 3410
2339 2545
2339 2680
2340 2341
2340 2395
2340 2948
2340 3167
2340 3797
2340 3895
2341 2749
2341 2913
2342 3682
2342 3853
2344 2559
2344 3615
2345 2729
2345 3399
2345 3789
2346 2827
2346 3175
2346 3945
2347 2505
2347 3263
2347 3304
2347 3796
2348 2418
2348 2553
2348 2663
2349 3065
2350 2587
2350 3025
2351 3179
2351 3823
2351 3859
2352 2888
2352 3651
2353 2600
2353 2955
2355 3124
2355 3165
2355 3876
2355 3997
2356 3369
2356 3478
2356 3517
2357 3271
2357 3882
2357 3884
2358 2413
2358 3003
2358 3231
2358 3828
2359 2464
2359 2594
2359 2888
2359 3853
2360 2400
2360 2533
2360 2736
2360 2919
2360 3190
2360 3455
2360 3689
2360 3813
2361 2761
2362 2668
2364 2386
2364 2673
2364 3485
2364 3752
2365 2682
2365 3576
2367 2717
2369 2805
2369 2857
2369 3396
2371 2696
2371 2699
2371 3000
2371 3126
2371 3275
2371 3417
2372 3592
2372 3679
2373 2678
2373 3341
2373 3371
2373 3968
2374 2777
2374 3794
2375 2628
2375 3376
2375 3554
2376 2780
2376 3831
2376 3912
2378 2700
2378 2955
2378 3215
2378 3236
2378 3738
2379 2936
2379 3599
2380 2844
2380 3374
2381 3096
2382 2873
2383 2685
2383 3237
2383 3784
2383 3982
2384 2493
2384 2934
2384 3187
2385 3209
2385 3615
2386 2562
2386 2870
2386 3332
2387 2941
2387 3327
2387 3702
2388 2684
2388 3025
2388 3103
2389 2727
2389 3031
2389 3491
2390 2548
2390 2584
2390 3436
2390 3645
2390 3712
2390 3855
2391 2578
2391 2982
2391 3504
2391 3650
2392 2605
2392 2743
2392 3611
2393 2641
2393 2664
2393 2745
2394 3832
2395 2779
2395 3597
2396 2516
2396 2786
2396 2922
2396 3145
2396 3827
2397 2502
2397 3182
2397 3608
2398 2697
2398 2798
2398 3047
2398 3256
2399 2617
2400 2701
2401 2583
2401 2644
2401 3340
2401 3724
2402 2485
2402 2568
2402 3163
2403 2408
2403 3047
2403 3149
2403 3389
2403 3400
2404 2769
2404 2972
2404 3034
2405 2695
2406 2588
2406 3161
2406 3314
2406 3457
2406 3585
2406 3695
2406 3820
2407 2708
2407 2870
2407 3113
2407 3692
2407 3808
2407 3976
2408 3354
2409 2520
2409 2728
2409 2857
2409 3465
2409 3552
2409 3572
2409 3606
2410 2571
2410 3826
2411 2599
2411 3284
2411 3416
2412 3012
2413 2683
2414 3404
2414 3530
2414 3819
2415 2912
2415 3189
2416 2859
2416 3459
2416 3603
2416 3984
2417 2584
2417 3464
2418 2769
2418 3586
2418 3905
2420 2440
2421 3077
2421 3105
2421 3905
2422 2457
2423 2959
2423 3527
2423 3721
2423 3918
2424 2427
2424 3289
2425 3046
2426 2538
2426 2741
2426 3293
2426 3846
2427 3173
2427 3329
2427 3590
2428 3066
2428 3654
2428 3807
2428 3858
2428 3900
2428 3918
2429 2993
2429 3591
2430 3005
2430 3034
2430 3498
2430 3978
2431 3160
2431 3459
2431 3572
2431 3865
2431 3982
2432 2885
2432 3726
2433 2532
2433 2873
2433 3389
2433 3915
2434 2487
2434 2587
2434 2798
2434 3108
2435 3405
2436 3180
2436 3357
2436 3547
2436 3772
2436 3948
2437 2944
2437 3184
2437 3365
2438 3135
2438 3552
2439 2927
2439 3939
2439 3995
2440 3440
2440 3705
2441 3496
2441 3781
2442 3008
2442 3184
2442 3311
2442 3322
2442 3962
2443 2582
2443 3035
2444 2887
2444 3549
2445 2604
2445 2840
2446 2800
2447 3223
2447 3860
2447 3880
2448 2645
2448 2651
2449 2851
2449 2896
2449 3045
2449 3513
2449 3546
2450 2645
2450 2788
2450 3426
2450 3692
2450 3700
2451 3860
2451 3927
2451 3934
2452 2461
2452 2795
2452 2873
2452 3404
2452 3440
2452 3722
2453 2645
2454 2611
2454 3439
2455 3412
2455 3580
2456 2577
2456 3260
2456 3717
2457 2614
2457 3250
2457 3608
2457 3738
2457 3788
2457 3797
2458 3228
2458 3630
2459 2561
2459 2866
2459 2905
2459 3104
2459 3429
2460 2464
2460 2665
2460 3569
2460 3593
2461 2529
2461 3290
2461 3584
2462 2523
2463 3922
2464 2878
2464 3550
2465 3570
2466 3329
2466 3483
2466 3609
2467 2860
2467 3040
2467 3131
2468 2555
2468 2727
2468 2863
2469 2764
2469 2831
2470 2976
2471 2677
2471 2731
2471 2946
2471 3741
2471 3996
2472 2676
2472 3251
2472 3722
2473 3169
2474 3851
2475 2577
2475 3031
2476 2505
2476 2884
2476 3675
2478 2731
2478 2873
2478 3633
2479 3879
2480 3023
2481 2700
2481 3404
2481 3872
2482 2993
2482 3280
2482 3558
2482 3707
2482 3803
2483 2503
2483 2693
2483 3848
2485 3062
2485 3775
2485 3847
2487 3642
2488 3036
2488 3491
2490 3853
2491 2605
2491 3047
2491 3720
2492 3474
2492 3528
2492 3659
2492 3938
2493 2742
2493 3242
2493 3454
2493 3928
2494 3390
2494 3989
2495 2874
2495 2955
2495 3362
2496 2666
2496 2869
2496 3170
2496 3901
2497 2678
2497 3221
2497 3758
2498 3595
2499 3421
2499 3709
2500 3675
2500 3775
2500 3957
2501 2989
2501 3269
2501 3389
2503 3926
2505 2648
2505 2973
2505 3000
2505 3094
2505 3882
2506 2835
2506 2933
2506 3551
2507 3918
2508 2625
2509 2553
2509 2627
2509 3937
2510 3856
2510 3864
2511 2644
2511 2792
2511 2985
2511 3226
2511 3321
2511 3803
2512 3907
2513 3961
2513 3976
2514 2722
2514 2792
2514 3065
2514 3643
2514 3999
2515 2694
2515 2787
2515 2980
2515 3545
2515 3901
2516 3075
2516 3401
2517 2621
2517 3562
2517 3664
2518 2616
2518 2903
2518 3008
2518 3013
2519 2636
2519 3311
2520 3167
2520 3847
2521 2721
2521 2759
2521 3437
2521 3442
2521 3510
2521 3639
2522 3767
2522 3823
2523 3313
2523 3429
2523 3530
2524 3311
2524 3442
2524 3659
2524 3774
2524 3809
2524 3809
2524 3824
2525 3081
2525 3653
2525 3984
2526 2666
2526 3093
2527 2653
2527 3468
2527 3904
2528 3149
2528 3988
2529 2568
2529 2727
2529 3120
2529 3393
2530 3117
2530 3258
2531 3233
2532 3160
2532 3725
2532 3811
2533 2592
2533 3089
2533 3413
2533 3492
2534 2546
2534 3076
2534 3379
2534 3843
2535 2559
2535 2803
2535 2930
2535 3275
2535 3373
2535 3835
2536 2979
2536 3269
2536 3618
2536 3654
2536 3794
2537 3032
2537 3359
2538 3029
2539 3104
2541 3246
2541 3735
2541 3846
2542 2987
2542 3876
2543 2570
2543 2991
2543 3836
2543 3997
2544 2668
2544 3081
2544 3635
2545 2689
2545 2779
2545 2869
2545 2997
2545 3242
2546 2559
2546 2584
2546 2924
2546 3291
2546 3588
2547 2822
2547 3745
2548 3421
2549 2557
2549 2905
2549 2992
2550 2747
2550 3062
2551 2654
2551 3039
2552 2603
2552 2934
2552 3427
2552 3548
2553 2621
2553 3108
2553 3558
2553 3880
2553 3961
2554 2583
2554 3724
2554 3806
2556 2716
2556 2891
2556 2994
2556 3353
2556 3412
2556 3449
2556 3577
2556 3610
2556 3699
2556 3794
2558 2944
2558 3993
2559 2715
2559 2945
2559 3006
2559 3261
2559 3530
2560 2665
2560 3072
2560 3483
2561 2722
2561 3036
2561 3566
2562 2615
2562 3697
2562 3890
2563 2815
2563 2968
2563 3119
2563 3174
2563 3458
2564 2684
2564 2786
2564 3577
2565 3858
2566 3082
2566 3590
2566 3744
2567 3372
2567 3820
2568 3706
2569 3032
2570 3081
2570 3932
2571 2840
2571 3672
2572 2800
2572 2953
2572 3730
2573 2660
2573 3196
2574 2633
2574 2943
2574 3374
2574 3621
2575 2578
2575 2678
2576 3263
2577 2610
2577 3119
2577 3294
2577 3339
2577 3411
2577 3711
2577 3723
2577 3993
2578 3912
2579 3582
2579 3854
2580 3174
2580 3534
2580 3677
2581 3596
2582 2600
2582 2836
2583 2723
2583 2743
2583 3106
2583 3159
2583 3270
2583 3324
2584 2694
2584 2945
2584 3030
2587 3182
2587 3379
2588 2867
2588 2933
2588 3025
2588 3525
2589 2709
2589 2908
2589 3645
2589 3783
2589 3975
2590 2627
2590 3283
2590 3723
2591 3372
2591 3751
2592 3206
2593 3132
2593 3704
2594 2668
2594 2748
2594 2851
2594 2852
2594 3190
2594 3833
2594 3945
2595 2685
2595 3091
2595 3230
2595 3877
2595 3887
2596 2933
2596 2937
2596 3052
2596 3406
2596 3459
2596 3777
2597 2712
2597 2867
2599 2685
2599 2966
2599 3163
2599 3598
2599 3715
2599 3976
2600 3101
2600 3142
2600 3200
2601 2635
2601 2637
2601 3669
2602 2925
2602 3746
2603 2994
2603 2995
2603 3791
2604 3027
2605 3609
2606 3280
2607 2979
2607 3554
2608 3354
2608 3430
2609 2650
2609 3504
2610 2851
2610 2892
2610 3658
2611 3329
2612 2789
2612 2865
2612 3128
2612 3487
2613 2946
2613 3493
2613 3564
2613 3827
2613 3840
2614 2987
2614 3872
2615 3251
2615 3988
2616 2648
2616 2721
2616 3495
2616 3765
2617 2748
2617 3327
2617 3824
2618 2791
2618 3651
2619 2795
2619 3057
2619 3280
2619 3282
2619 3407
2619 3871
2620 2842
2620 3962
2621 3576
2621 3704
2622 3948
2623 2723
2623 2951
2623 3515
2623 3532
2623 3606
2624 2912
2624 2921
2624 3251
2624 3444
2624 3472
2624 3531
2625 3474
2625 3784
2626 2736
2626 3772
2627 2852
2627 3479
2627 3811
2627 3874
2627 3875
2628 2693
2628 2978
2628 3254
2628 3679
2629 3027
2629 3228
2629 3467
2629 3670
2629 3692
2630 2750
2630 3407
2630 3763
2631 3108
2631 3766
2632 3256
2632 3937
2633 2919
2633 3267
2633 3331
2633 3702
2634 3639
2635 3502
2636 2978
2637 2759
2637 2905
2637 3143
2638 2971
2638 3658
2640 2708
2640 3302
2640 3507
2640 3959
2641 2879
2641 2887
2641 3995
2642 2790
2642 2998
2642 3727
2643 2967
2643 3196
2643 3595
2644 3010
2644 3743
2644 3939
2645 2720
2645 2947
2645 3078
2645 3124
2645 3297
2645 3630
2645 3734
2645 3967
2647 2851
2647 2946
2647 3259
2647 3978
2648 3954
2649 2784
2650 2760
2650 3472
2650 3551
2651 3618
2651 3776
2651 3788
2652 3084
2652 3177
2652 3607
2652 3692
2652 3818
2653 3034
2654 2841
2654 3668
2654 3977
2655 3907
2657 3032
2657 3436
2658 3651
2659 2914
2659 3005
2659 3369
2660 2704
2660 2877
2661 3564
2662 2696
2662 2954
2662 3310
2662 3547
2662 3835
2663 3049
2663 3069
2664 3673
2665 3185
2665 3190
2665 3519
2665 3523
2665 3544
2666 3307
2667 3204
2667 3589
2667 3617
2668 2671
2668 2806
2668 3312
2668 3869
2668 3920
2669 2832
2669 2918
2669 2952
2669 3473
2669 3669
2669 3722
2669 3866
2669 3890
2669 3969
2670 2952
2670 3159
2671 2961
2671 3364
2671 3878
2672 3674
2672 3851
2673 3520
2674 2768
2674 3125
2676 3333
2676 3442
2676 3714
2677 2865
2677 3402
2678 3378
2678 3949
2679 3617
2679 3981
2680 2858
2680 3050
2680 3738
2680 3934
2681 2826
2681 3054
2681 3748
2682 2752
2682 3810
2683 2712
2683 3610
2683 3931
2684 3094
2684 3479
2684 3492
2684 3684
2684 3881
2685 2950
2685 2981
2685 3317
2685 3815
2686 2794
2686 2828
2686 3737
2687 2717
2687 3378
2688 2747
2688 3304
2688 3535
2689 3367
2689 3489
2689 3791
2691 2854
2691 3289
2691 3472
2691 3783
2692 3810
2692 3963
2693 3382
2693 3889
2695 3447
2695 3632
2696 2795
2696 2869
2697 2925
2697 3471
2697 3553
2697 3726
2697 3789
2697 3807
2697 3997
2698 2838
2698 3639
2698 3714
2699 2910
2699 3020
2700 3520
2700 3858
2702 3828
2703 2921
2703 3111
2704 3280
2704 3632
2704 3833
2705 2761
2705 2789
2705 2817
2705 3504
2705 3547
2705 3758
2706 3053
2706 3803
2706 3817
2707 2858
2707 3035
2707 3115
2707 3424
2707 3918
2708 2913
2708 3388
2709 3837
2710 3834
2711 2768
2711 2923
2711 3156
2711 3236
2711 3623
2712 3142
2712 3593
2712 3647
2713 3167
2713 3328
2713 3332
2713 3600
2713 3950
2714 3004
2714 3449
2714 3532
2716 2800
2716 2880
2716 3157
2716 3792
2717 3013
2717 3297
2718 2785
2718 2867
2718 3101
2719 3582
2720 3345
2720 3430
2720 3959
2721 3494
2721 3600
2721 3638
2722 3333
2722 3844
2723 2930
2723 3293
2723 3847
2724 3108
2724 3738
2724 3844
2725 2807
2725 3054
2726 2886
2726 2966
2726 3736
2727 3130
2727 3284
2727 3550
2727 3885
2728 2921
2728 3145
2728 3610
2729 3272
2729 3462
2729 3634
2729 3937
2730 2893
2731 3185
2731 3610
2732 2971
2732 3121
2732 3155
2732 3829
2732 3910
2733 3722
2734 2902
2734 3826
2735 2934
2735 3043
2735 3238
2736 2974
2737 3020
2737 3904
2737 3935
2738 2898
2738 2913
2738 3819
2739 3698
2740 3170
2740 3462
2740 3841
2741 2859
2741 3150
2741 3469
2743 3155
2743 3598
2744 3623
2744 3778
2744 3990
2745 3134
2746 3295
2746 3407
2747 3010
2747 3271
2747 3876
2748 3110
2749 3192
2749 3455
2750 2992
2750 3606
2751 2818
2751 3104
2751 3423
2751 3551
2751 3995
2752 3431
2753 2916
2753 3467
2754 3397
2754 3487
2754 3763
2755 3214
2755 3281
2755 3440
2755 3544
2755 3617
2756 2770
2756 2780
2756 3474
2756 3878
2756 3901
2757 3305
2758 3284
2759 2870
2759 3075
2759 3147
2760 3149
2761 2824
2761 3010
2761 3047
2761 3513
2762 3366
2762 3647
2763 2782
2763 2816
2763 3980
2764 2861
2764 3092
2764 3886
2765 3791
2766 3332
2766 3464
2766 3811
2767 3014
2767 3187
2767 3610
2767 3924
2767 3964
2768 3145
2768 3211
2768 3315
2768 3589
2769 2845
2769 3009
2769 3127
2769 3416
2769 3554
2769 3886
2769 3937
2770 3736
2771 3131
2771 3224
2773 3329
2773 3961
2774 3179
2774 3898
2775 2827
2775 3021
2775 3196
2775 3566
2775 3581
2775 3743
2776 2985
2776 3405
2776 3738
2776 3874
2777 3188
2777 3320
2777 3802
2778 3659
2779 3159
2779 3284
2779 3809
2780 3777
2781 2840
2781 2974
2781 3135
2781 3313
2781 3386
2782 3334
2782 3989
2783 3229
2783 3611
2784 3422
2784 3708
2785 2979
2785 3180
2786 3268
2786 3517
2787 2916
2787 3509
2787 3796
2788 2928
2788 2979
2788 3042
2789 3435
2789 3537
2790 3166
2790 3729
2791 2814
2791 3652
2792 3368
2793 3000
2793 3464
2793 3545
2793 3554
2794 2983
2794 3017
2794 3830
2795 3580
2795 3970
2795 3997
2796 3133
2796 3632
2797 3364
2797 3541
2797 3824
2798 3618
2799 2844
2799 3006
2799 3184
2799 3196
2799 3889
2800 3036
2800 3599
2801 3091
2801 3373
2801 3798
2801 3822
2801 3913
2802 3097
2804 2971
2804 3217
2804 3663
2804 3703
2804 3905
2804 3947
2805 3599
2806 2812
2806 3281
2806 3718
2807 3355
2807 3431
2807 3601
2809 3883
2809 3929
2810 3071
2810 3470
2811 3248
2811 3537
2811 3732
2812 3079
2812 3128
2812 3296
2812 3535
2812 3883
2813 3211
2813 3297
2813 3968
2814 3983
2815 2919
2815 3164
2815 3231
2815 3925
2815 3968
2816 3292
2816 3858
2817 2971
2817 2979
2817 3520
2817 3522
2818 3056
2818 3436
2818 3607
2818 3790
2819 3599
2819 3803
2819 3979
2820 2832
2820 3473
2821 3168
2821 3695
2821 3706
2821 3741
2822 2965
2822 3422
2822 3913
2822 3996
2823 2936
2823 3558
2823 3725
2824 2883
2824 3342
2824 3441
2825 2899
2825 3492
2826 3290
2826 3494
2826 3687
2827 3158
2827 3451
2828 2939
2828 3453
2829 2899
2829 3975
2830 3544
2831 2922
2831 3169
2831 3955
2832 2862
2832 2919
2832 3578
2833 2925
2833 3097
2833 3613
2833 3958
2834 2948
2834 3306
2834 3592
2834 3922
2835 3118
2835 3398
2835 3408
2837 2944
2838 3914
2839 2980
2839 3151
2839 3336
2839 3988
2840 2876
2840 3278
2841 3155
2843 3165
2843 3346
2843 3424
2843 3906
2844 3536
2844 3564
2845 3659
2846 3554
2847 2908
2847 3017
2847 3165
2847 3947
2848 3096
2849 3133
2849 3914
2850 3993
2851 3148
2852 2993
2853 3467
2853 3577
2854 3045
2854 3244
2854 3905
2854 3906
2855 3215
2855 3310
2855 3843
2856 3215
2856 3410
2856 3942
2857 3612
2858 3058
2858 3061
2858 3129
2859 3122
2859 3194
2859 3506
2859 3615
2859 3758
2859 3783
2860 3577
2861 3745
2862 3311
2862 3317
2862 3894
2862 3912
2863 2936
2863 2988
2863 3350
2863 3363
2864 2878
2864 3220
2864 3394
2864 3482
2864 3904
2866 3128
2866 3240
2866 3332
2866 3568
2866 3624
2866 3646
2867 3115
2867 3490
2867 3505
2867 3672
2867 3868
2867 3961
2868 3482
2869 3232
2870 2937
2870 3953
2871 3274
2871 3555
2871 3723
2872 3018
2872 3055
2872 3073
2872 3448
2872 3669
2873 3075
2873 3190
2873 3702
2873 3914
2874 3062
2874 3582
2875 3228
2876 3437
2876 3851
2877 3306
2877 3790
2878 3000
2878 3439
2878 3580
2878 3624
2879 3225
2879 3327
2879 3356
2879 3440
2880 3371
2880 3757
2880 3994
2882 3005
2882 3135
2882 3682
2883 3354
2883 3390
2883 3800
2884 2908
2884 3260
2884 3376
2884 3798
2885 3819
2885 3824
2886 3088
2886 3270
2886 3782
2886 3803
2887 3031
2887 3052
2887 3138
2887 3239
2887 3301
2887 3893
2888 3161
2888 3222
2888 3536
2889 3831
2890 3365
2890 3672
2890 3732
2890 3783
2891 3678
2892 3396
2892 3653
2892 3853
2893 3316
2893 3928
2893 3938
2894 3371
2894 3422
2894 3650
2895 3109
2895 3121
2896 2952
2896 3019
2896 3677
2897 3011
2897 3274
2897 3297
2897 3705
2897 3745
2897 3789
2898 2935
2898 3265
2898 3417
2900 3624
2900 3887
2901 3476
2902 3815
2903 3962
2904 3325
2904 3354
2904 3504
2906 3096
2906 3912
2907 3483
2907 3518
2907 3889
2908 3082
2908 3305
2909 3871
2909 3914
2910 3040
2910 3568
2910 3599
2911 2986
2911 3014
2911 3053
2911 3102
2911 3107
2911 3271
2911 3296
2911 3613
2911 3628
2911 3924
2911 3989
2912 2942
2912 3285
2913 3097
2913 3846
2914 2949
2914 3778
2915 3238
2915 3613
2915 3658
2915 3946
2916 3128
2917 3809
2918 3068
2918 3967
2919 3251
2919 3326
2919 3365
2919 3436
2920 3436
2920 3465
2921 3306
2921 3400
2921 3454
2921 3805
2922 3363
2922 3433
2923 3264
2923 3350
2924 2961
2924 3196
2924 3653
2925 3153
2925 3370
2925 3379
2925 3500
2925 3999
2926 3436
2926 3884
2926 3972
2927 3384
2927 3492
2927 3611
2927 3671
2928 3036
2928 3154
2928 3343
2928 3402
2928 3548
2929 3125
2929 3221
2929 3516
2929 3749
2930 3880
2931 3080
2931 3130
2931 3608
2931 3678
2931 3920
2931 3957
2932 3158
2932 3391
2933 3209
2933 3623
2934 3289
2934 3949
2935 3263
2936 3220
2936 3359
2936 3461
2936 3740
2937 3031
2937 3594
2937 3988
2939 3128
2939 3522
2939 3758
2940 3085
2940 3202
2941 3043
2941 3300
2941 3695
2941 3788
2941 3984
2942 3067
2942 3085
2942 3556
2942 3751
2942 3832
2943 3023
2944 2966
2944 3315
2944 3654
2945 3044
2945 3075
2945 3456
2945 3536
2945 3925
2946 3068
2946 3326
2946 3536
2947 3047
2947 3337
2947 3462
2947 3734
2947 3867
2947 3891
2948 3240
2948 3244
2948 3537
2948 3632
2948 3756
2948 3768
2950 3450
2951 3328
2951 3513
2952 3087
2953 3006
2953 3140
2954 2954
2954 3620
2954 3690
2955 3458
2955 3978
2956 3744
2957 3794
2958 3687
2958 3766
2959 3204
2959 3354
2959 3861
2960 3364
2960 3682
2961 3346
2961 3810
2962 3138
2962 3667
2962 3678
2963 3648
2964 3081
2964 3564
2964 3803
2964 3840
2965 3157
2965 3477
2967 3674
2968 3132
2968 3451
2968 3533
2969 3879
2970 3192
2971 3379
2971 3680
2971 3772
2972 3667
2973 2993
2973 3144
2973 3252
2973 3253
2973 3624
2974 3321
2974 3462
2974 3472
2974 3475
2975 3000
2975 3288
2975 3298
2975 3539
2975 3762
2975 3964
2976 3055
2976 3069
2976 3103
2977 3449
2977 3524
2977 3799
2978 3472
2978 3559
2978 3962
2979 3021
2979 3585
2979 3645
2979 3748
2979 3763
2980 3117
2980 3287
2980 3951
2981 3268
2981 3788
2982 3122
2982 3966
2983 3881
2984 3590
2985 3114
2985 3153
2985 3496
2985 3602
2985 3770
2986 2992
2986 3288
2986 3359
2986 3732
2987 3050
2988 3266
2988 3995
2989 3568
2989 3991
2990 3643
2991 3520
2992 3526
2993 3036
2993 3112
2993 3349
2993 3573
2994 3804
2994 3990
2995 3046
2995 3293
2995 3724
2997 3010
2997 3427
2998 3041
2998 3106
2999 3232
2999 3562
3000 3438
3000 3727
3002 3328
3003 3601
3004 3441
3005 3102
3005 3706
3005 3711
3005 3812
3005 3885
3006 3158
3006 3363
3006 3638
3006 3770
3007 3105
3007 3140
3007 3661
3007 3966
3007 3971
3008 3932
3009 3085
3009 3086
3009 3986
3010 3032
3010 3646
3012 3484
3012 3807
3013 3016
3013 3192
3013 3843
3013 3859
3015 3548
3015 3905
3016 3386
3016 3764
3016 3767
3017 3148
3019 3223
3019 3611
3020 3976
3021 3289
3021 3714
3022 3150
3022 3376
3022 3394
3023 3077
3023 3187
3023 3262
3023 3587
3023 3619
3023 3961
3024 3286
3024 3301
3024 3712
3024 3813
3025 3233
3027 3554
3027 3577
3027 3684
3027 3954
3028 3542
3028 3923
3029 3046
3029 3283
3029 3569
3029 3594
3029 3681
3030 3261
3030 3285
3030 3945
3031 3766
3032 3278
3032 3428
3032 3441
3032 3702
3032 3858
3032 3872
3033 3068
3033 3794
3034 3588
3034 3624
3034 3900
3035 3264
3035 3296
3035 3416
3035 3684
3037 3353
3037 3506
3037 3560
3037 3721
3038 3322
3038 3767
3039 3049
3039 3414
3039 3745
3039 3981
3040 3145
3041 3249
3041 3482
3041 3850
3042 3138
3042 3410
3042 3596
3042 3763
3044 3412
3046 3493
3046 3731
3047 3353
3047 3597
3048 3367
3048 3617
3048 3729
3048 3866
3049 3433
3049 3658
3050 3387
3050 3438
3051 3171
3051 3852
3052 3054
3052 3705
3053 3358
3053 3662
3054 3320
3054 3344
3055 3310
3055 3633
3055 3788
3055 3859
3056 3230
3056 3310
3057 3621
3058 3186
3058 3401
3059 3445
3060 3366
3060 3401
3060 3945
3061 3306
3062 3480
3063 3113
3063 3284
3063 3739
3063 3790
3063 3860
3064 3378
3064 3800
3065 3250
3065 3263
3065 3671
3065 3916
3066 3585
3067 3498
3067 3564
3067 3612
3067 3667
3068 3094
3068 3197
3068 3248
3068 3782
3070 3454
3070 3540
3071 3077
3071 3167
3071 3363
3071 3514
3072 3328
3072 3556
3072 3638
3072 3854
3073 3101
3073 3200
3073 3241
3073 3477
3073 3806
3074 3336
3074 3456
3074 3634
3075 3259
3075 3830
3075 3830
3076 3830
3076 3929
3077 3966
3079 3552
3079 3568
3079 3672
3080 3098
3080 3641
3080 3686
3081 3153
3082 3153
3082 3701
3082 3913
3083 3210
3083 3223
3083 3335
3083 3544
3083 3905
3084 3119
3084 3434
3085 3099
3085 3608
3085 3912
3086 3090
3087 3932
3088 3467
3088 3754
3089 3093
3089 3408
3089 3443
3089 3740
3089 3787
3089 3805
3090 3338
3090 3702
3091 3502
3091 3893
3091 3931
3093 3150
3093 3258
3093 3294
3093 3350
3093 3409
3093 3509
3093 3831
3094 3470
3095 3653
3096 3339
3096 3494
3096 3645
3096 3964
3096 3969
3097 3224
3098 3204
3099 3176
3099 3281
3099 3363
3099 3381
3099 3556
3099 3948
3101 3683
3101 3782
3102 3724
3103 3123
3103 3172
3103 3651
3103 3948
3103 3952
3104 3210
3104 3519
3104 3923
3105 3657
3105 3738
3105 3759
3105 3815
3105 3980
3106 3351
3106 3807
3107 3211
3107 3931
3108 3645
3108 3950
3109 3205
3109 3476
3110 3238
3110 3297
3110 3793
3110 3825
3111 3221
3111 3254
3112 3553
3113 3789
3115 3211
3115 3268
3115 3544
3115 3666
3116 3621
3116 3784
3118 3380
3118 3425
3118 3505
3118 3720
3118 3961
3118 3974
3119 3538
3120 3305
3120 3394
3120 3730
3120 3736
3120 3835
3120 3909
3122 3132
3122 3671
3122 3798
3123 3318
3123 3336
3123 3543
3124 3341
3124 3438
3124 3462
3124 3478
3124 3714
3124 3743
3124 3867
3124 3910
3125 3239
3126 3207
3126 3311
3126 3394
3126 3563
3127 3760
3128 3284
3128 3321
3128 3626
3128 3688
3128 3916
3130 3133
3130 3241
3130 3595
3130 3854
3131 3346
3131 3606
3131 3622
3131 3884
3132 3751
3132 3906
3132 3941
3132 3999
3135 3267
3135 3490
3135 3502
3135 3642
3136 3911
3137 3285
3137 3550
3137 3662
3137 3773
3139 3150
3139 3457
3141 3236
3141 3420
3141 3709
3141 3818
3142 3339
3142 3630
3142 3898
3142 3960
3143 3399
3143 3878
3143 3906
3143 3912
3145 3700
3145 3841
3146 3855
3147 3206
3147 3883
3148 3578
3148 3754
3148 3956
3149 3252
3149 3394
3149 3398
3149 3732
3149 3866
3149 3906
3149 3997
3150 3219
3150 3535
3150 3626
3151 3239
3151 3686
3151 3916
3152 3267
3152 3583
3152 3703
3152 3977
3153 3694
3154 3330
3154 3441
3155 3311
3155 3332
3155 3419
3155 3573
3155 3886
3156 3172
3156 3222
3156 3381
3157 3393
3157 3422
3158 3334
3158 3648
3158 3709
3158 3949
3159 3842
3159 3997
3160 3650
3160 3664
3160 3864
3160 3894
3161 3264
3161 3692
3162 3426
3162 3662
3162 3667
3163 3233
3163 3249
3163 3322
3163 3446
3163 3590
3163 3964
3165 3215
3165 3786
3166 3560
3166 3580
3168 3377
3169 3190
3169 3284
3169 3599
3170 3197
3170 3533
3170 3964
3171 3229
3171 3793
3172 3455
3173 3902
3175 3566
3175 3640
3176 3187
3176 3701
3176 3971
3177 3615
3178 3566
3178 3604
3178 3646
3178 3712
3178 3734
3179 3717
3179 3750
3180 3533
3180 3760
3180 3832
3180 3855
3181 3348
3182 3255
3182 3470
3182 3590
3182 3889
3183 3606
3183 3870
3184 3206
3184 3679
3185 3317
3185 3318
3185 3670
3186 3926
3187 3848
3189 3385
3189 3858
3190 3195
3190 3938
3191 3196
3191 3242
3191 3567
3191 3601
3192 3348
3192 3583
3193 3323
3193 3330
3193 3614
3194 3825
3195 3737
3195 3849
3196 3601
3196 3982
3197 3426
3197 3521
3197 3863
3198 3793
3199 3387
3200 3460
3200 3642
3200 3739
3200 3808
3201 3302
3201 3317
3201 3600
3201 3668
3202 3554
3202 3621
3202 3664
3202 3742
3203 3205
3203 3403
3203 3455
3203 3575
3203 3590
3204 3542
3204 3554
3204 3557
3204 3702
3204 3853
3205 3543
3206 3325
3206 3790
3207 3286
3207 3463
3207 3924
3208 3221
3208 3495
3208 3711
3208 3728
3209 3758
3209 3891
3210 3692
3210 3761
3212 3638
3212 3771
3212 3804
3213 3440
3213 3710
3213 3741
3214 3297
3214 3756
3214 3921
3215 3538
3215 3578
3215 3904
3216 3382
3216 3409
3216 3765
3216 3918
3218 3255
3218 3453
3218 3542
3218 3604
3218 3826
3219 3561
3219 3722
3219 3861
3220 3454
3220 3857
3221 3339
3221 3535
3221 3832
3222 3286
3223 3791
3224 3873
3224 3986
3226 3233
3226 3311
3226 3682
3227 3343
3227 3470
3227 3602
3228 3375
3228 3958
3228 3978
3229 3285
3229 3333
3229 3523
3229 3561
3229 3727
3229 3730
3229 3734
3230 3415
3230 3449
3230 3626
3231 3385
3231 3395
3231 3651
3231 3710
3232 3254
3232 3398
3232 3420
3232 3670
3233 3304
3233 3559
3233 3622
3233 3673
3234 3247
3234 3266
3234 3503
3235 3688
3235 3820
3235 3827
3235 3862
3236 3302
3236 3323
3236 3414
3236 3518
3236 3609
3236 3660
3236 3668
3237 3252
3237 3446
3238 3244
3238 3357
3239 3429
3239 3691
3239 3904
3239 3961
3240 3376
3240 3424
3240 3746
3240 3919
3240 3984
3241 3302
3241 3864
3242 3889
3242 3949
3243 3426
3243 3514
3243 3651
3243 3720
3243 3803
3243 3874
3244 3666
3245 3681
3246 3714
3247 3602
3247 3840
3248 3562
3248 3938
3249 3403
3249 3888
3250 3647
3250 3791
3251 3400
3251 3930
3252 3321
3252 3489
3253 3306
3253 3339
3253 3468
3253 3673
3253 3716
3253 3865
3253 3941
3254 3304
3254 3373
3254 3433
3254 3504
3254 3961
3255 3427
3255 3544
3255 3992
3256 3454
3256 3580
3256 3725
3256 3960
3257 3314
3257 3658
3257 3910
3257 3965
3257 3977
3259 3312
3260 3479
3262 3336
3262 3434
3262 3655
3262 3774
3262 3807
3263 3417
3263 3605
3264 3592
3264 3707
3264 3856
3264 3889
3265 3605
3265 3888
3266 3584
3267 3542
3267 3573
3267 3686
3267 3804
3267 3899
3268 3668
3268 3830
3269 3284
3269 3299
3269 3341
3269 3450
3269 3473
3269 3726
3270 3295
3270 3302
3270 3330
3270 3613
3270 3721
3270 3913
3270 3914
3271 3487
3271 3609
3271 3743
3271 3825
3272 3425
3272 3460
3272 3572
3273 3640
3273 3972
3274 3304
3274 3320
3274 3470
3274 3722
3274 3925
3275 3770
3276 3284
3276 3488
3276 3817
3276 3888
3277 3603
3278 3496
3278 3567
3278 3720
3278 3744
3278 3748
3278 3807
3279 3425
3279 3427
3279 3545
3279 3963
3280 3374
3280 3376
3280 3579
3280 3631
3281 3372
3282 3625
3282 3734
3282 3915
3283 3852
3283 3998
3284 3298
3284 3430
3285 3580
3285 3839
3286 3747
3286 3865
3287 3329
3288 3565
3289 3346
3289 3744
3289 3892
3290 3453
3290 3615
3291 3299
3291 3367
3291 3387
3291 3784
3291 3864
3291 3868
3292 3623
3292 3808
3293 3421
3293 3456
3293 3686
3294 3376
3294 3697
3295 3473
3295 3775
3295 3877
3295 3926
3296 3453
3296 3687
3296 3872
3296 3916
3297 3713
3297 3794
3297 3887
3298 3706
3298 3927
3299 3505
3299 3769
3299 3973
3300 3464
3300 3470
3300 3650
3301 3741
3301 3877
3301 3904
3302 3345
3302 3683
3302 3687
3302 3791
3303 3441
3303 3525
3303 3658
3303 3722
3304 3343
3304 3490
3304 3741
3304 3775
3304 3830
3305 3726
3305 3853
3306 3367
3306 3390
3306 3566
3306 3783
3307 3448
3307 3488
3307 3582
3307 3871
3308 3463
3308 3539
3308 3618
3308 3705
3308 3900
3308 3959
3309 3531
3309 3772
3309 3789
3309 3866
3310 3655
3310 3744
3310 3787
3310 3880
3311 3399
3311 3463
3311 3696
3311 3768
3311 3927
3312 3418
3312 3554
3312 3927
3315 3552
3315 3628
3316 3547
3317 3504
3317 3856
3318 3565
3318 3655
3318 3867
3319 3515
3319 3725
3320 3604
3320 3650
3321 3619
3321 3679
3321 3779
3322 3325
3322 3367
3322 3496
3323 3510
3323 3662
3323 3821
3324 3646
3325 3327
3325 3415
3325 3480
3325 3884
3326 3721
3327 3523
3328 3561
3328 3638
3328 3694
3329 3582
3329 3641
3330 3366
3333 3362
3333 3391
3333 3545
3333 3688
3334 3798
3334 3801
3334 3924
3335 3622
3335 3805
3335 3871
3335 3876
3336 3788
3337 3370
3337 3779
3337 3851
3338 3423
3339 3587
3339 3751
3340 3443
3340 3927
3341 3438
3341 3900
3341 3956
3342 3702
3342 3733
3342 3867
3342 3873
3342 3875
3342 3965
3343 3366
3343 3483
3343 3912
3343 3991
3344 3391
3344 3888
3344 3915
3344 3971
3345 3532
3345 3700
3345 3727
3345 3806
3346 3708
3346 3846
3346 3950
3347 3550
3348 3351
3348 3377
3348 3887
3349 3871
3349 3973
3350 3400
3350 3509
3350 3518
3350 3626
3350 3824
3351 3675
3352 3564
3352 3606
3352 3925
3353 3959
3354 3370
3354 3417
3354 3580
3355 3962
3356 3446
3357 3684
3357 3772
3357 3900
3357 3912
3358 3475
3358 3670
3358 3715
3358 3764
3359 3366
3361 3673
3363 3474
3363 3849
3364 3479
3364 3660
3365 3377
3365 3527
3365 3543
3365 3611
3365 3645
3365 3651
3365 3689
3366 3559
3366 3574
3366 3692
3367 3521
3368 3403
3368 3841
3368 3920
3369 3468
3369 3600
3370 3722
3370 3779
3370 3824
3370 3900
3371 3601
3372 3418
3372 3751
3373 3377
3373 3636
3373 3795
3373 3831
3373 3914
3374 3432
3374 3858
3375 3645
3376 3727
3376 3774
3377 3621
3377 3656
3377 3717
3378 3726
3378 3880
3378 3899
3379 3469
3379 3558
3379 3635
3380 3395
3380 3952
3381 3695
3381 3768
3382 3552
3382 3788
3382 3815
3383 3619
3383 3812
3383 3932
3385 3921
3386 3450
3386 3481
3386 3773
3386 3835
3386 3901
3387 3792
3387 3960
3388 3403
3388 3617
3388 3663
3389 3579
3389 3993
3390 3574
3390 3920
3390 3966
3391 3521
3391 3679
3391 3905
3391 3989
3392 3606
3392 3610
3392 3686
3393 3405
3393 3558
3393 3850
3395 3497
3395 3899
3395 3946
3396 3563
3396 3835
3396 3897
3396 3943
3397 3664
3397 3716
3397 3790
3399 3446
3399 3992
3400 3418
3400 3497
3400 3907
3402 3585
3402 3602
3402 3986
3403 3504
3403 3749
3403 3769
3404 3422
3404 3442
3404 3736
3404 3806
3405 3730
3405 3731
3405 3754
3405 3758
3405 3917
3405 3921
3406 3477
3406 3710
3406 3849
3406 3971
3407 3596
3407 3826
3407 3967
3408 3422
3408 3645
3408 3647
3410 3558
3410 3771
3411 3533
3411 3597
3412 3550
3412 3562
3412 3719
3413 3542
3413 3554
3413 3811
3413 3936
3413 3963
3414 3542
3414 3838
3415 3732
3416 3496
3416 3806
3417 3540
3417 3848
3417 3879
3417 3922
3418 3464
3418 3503
3418 3618
3421 3784
3421 3879
3423 3868
3424 3739
3424 3961
3425 3774
3426 3576
3426 3685
3426 3972
3426 3992
3427 3445
3427 3604
3428 3474
3428 3488
3428 3498
3428 3654
3429 3458
3429 3873
3429 3960
3430 3601
3430 3634
3430 3699
3430 3875
3431 3638
3431 3742
3431 3759
3431 3793
3431 3886
3432 3849
3432 3849
3432 3999
3433 3520
3433 3593
3433 3866
3434 3463
3434 3472
3434 3491
3434 3567
3435 3441
3435 3505
3435 3703
3435 3971
3436 3499
3436 3569
3437 3515
3437 3690
3438 3679
3439 3561
3439 3701
3439 3800
3440 3706
3440 3791
3440 3928
3441 3568
3441 3867
3441 3924
3442 3533
3442 3731
3442 3741
3443 3812
3445 3630
3445 3774
3446 3584
3446 3615
3447 3491
3447 3547
3448 3535
3448 3654
3448 3764
3449 3993
3450 3619
3450 3891
3450 3977
3450 3994
3451 3966
3452 3918
3453 3845
3454 3851
3454 3855
3455 3920
3455 3988
3456 3515
3457 3714
3458 3938
3458 3968
3459 3637
3459 3847
3460 3538
3460 3641
3460 3709
3460 3730
3460 3970
3461 3712
3461 3714
3463 3546
3463 3659
3464 3492
3464 3571
3464 3767
3464 3921
3465 3777
3465 3888
3466 3744
3466 3794
3466 3823
3467 3588
3467 3647
3467 3755
3468 3693
3469 3482
3469 3867
3470 3493
3471 3809
3471 3941
3472 3615
3472 3762
3472 3897
3472 3968
3473 3638
3473 3801
3474 3514
3474 3548
3474 3590
3474 3625
3474 3628
3474 3629
3475 3546
3475 3649
3475 3697
3475 3989
3476 3540
3476 3677
3476 3836
3476 3943
3477 3748
3477 3923
3478 3712
3478 3739
3478 3789
3478 3945
3479 3950
3479 3959
3479 3961
3480 3698
3481 3499
3481 3832
3482 3532
3482 3692
3482 3767
3484 3676
3484 3752
3485 3497
3485 3529
3485 3575
3485 3741
3485 3789
3486 3519
3486 3833
3486 3899
3488 3533
3488 3729
3488 3998
3489 3982
3490 3556
3490 3917
3491 3815
3491 3820
3492 3587
3492 3743
3492 3840
3493 3528
3493 3707
3493 3717
3493 3930
3493 3962
3494 3934
3495 3628
3495 3676
3495 3950
3496 3504
3496 3575
3496 3772
3497 3517
3497 3716
3497 3933
3498 3590
3498 3663
3498 3691
3499 3831
3499 3984
3500 3831
3500 3972
3501 3731
3501 3975
3504 3620
3504 3753
3505 3513
3505 3771
3505 3784
3506 3792
3506 3904
3506 3923
3507 3696
3507 3825
3509 3708
3509 3756
3509 3843
3509 3931
3509 3942
3510 3510
3510 3864
3511 3641
3511 3652
3511 3678
3511 3722
3511 3972
3512 3676
3512 3755
3512 3767
3512 3861
3513 3843
3513 3996
3514 3614
3514 3874
3515 3516
3515 3549
3515 3661
3515 3799
3515 3849
3515 3938
3516 3836
3516 3955
3516 3982
3517 3643
3517 3723
3518 3845
3518 3859
3518 3931
3519 3547
3519 3770
3519 3809
3519 3872
3520 3757
3520 3773
3520 3913
3520 3952
3522 3592
3522 3603
3522 3786
3523 3574
3523 3723
3523 3825
3523 3827
3523 3918
3524 3565
3524 3798
3524 3859
3525 3618
3525 3858
3526 3541
3526 3600
3526 3604
3526 3664
3526 3695
3526 3750
3526 3843
3526 3999
3527 3689
3528 3620
3528 3840
3528 3887
3529 3530
3529 3653
3529 3850
3529 3917
3529 3938
3530 3713
3531 3788
3531 3947
3532 3573
3532 3924
3533 3710
3534 3695
3534 3774
3534 3960
3535 3629
3535 3630
3535 3638
3535 3825
3537 3558
3537 3647
3537 3669
3537 3747
3537 3850
3537 3939
3537 3949
3538 3726
3538 3790
3538 3807
3538 3865
3539 3706
3539 3834
3539 3846
3539 3970
3540 3704
3540 3742
3540 3942
3540 3949
3542 3542
3542 3594
3542 3612
3542 3720
3542 3999
3543 3556
3543 3790
3543 3861
3544 3676
3544 3980
3546 3796
3546 3824
3546 3968
3547 3580
3547 3732
3547 3847
3547 3919
3548 3974
3548 3977
3549 3936
3550 3981
3552 3641
3552 3932
3552 3974
3553 3709
3553 3994
3554 3799
3554 3846
3555 3781
3555 3853
3556 3653
3556 3748
3557 3817
3558 3793
3558 3895
3559 3575
3559 3669
3559 3692
3560 3824
3561 3635
3561 3851
3561 3935
3562 3767
3562 3801
3562 3897
3562 3911
3563 3595
3563 3696
3563 3837
3563 3964
3563 3997
3564 3715
3564 3768
3565 3570
3565 3848
3566 3950
3567 3715
3567 3723
3568 3643
3568 3978
3569 3856
3569 3935
3570 3708
3570 3833
3571 3921
3572 3579
3572 3590
3572 3867
3572 3869
3573 3683
3573 3841
3573 3880
3573 3884
3573 3900
3573 3943
3574 3764
3576 3614
3576 3785
3576 3807
3576 3893
3576 3915
3576 3942
3577 3637
3577 3946
3577 3978
3579 3680
3579 3807
3579 3917
3579 3936
3579 3956
3580 3664
3580 3712
3581 3705
3582 3735
3582 3883
3583 3785
3583 3855
3584 3771
3584 3936
3584 3939
3585 3698
3585 3785
3585 3849
3585 3924
3586 3724
3586 3735
3587 3597
3587 3772
3587 3904
3587 3911
3588 3716
3588 3741
3588 3786
3588 3890
3589 3596
3589 3645
3589 3652
3589 3997
3590 3678
3590 3691
3591 3787
3591 3976
3591 3995
3592 3597
3592 3722
3593 3739
3593 3773
3593 3867
3594 3594
3594 3718
3594 3765
3595 3737
3595 3908
3595 3954
3597 3689
3597 3831
3597 3983
3598 3693
3599 3873
3599 3968
3600 3681
3600 3925
3601 3772
3601 3796
3601 3855
3602 3629
3602 3667
3602 3817
3602 3831
3603 3683
3603 3765
3603 3778
3604 3757
3604 3921
3605 3738
3605 4000
3606 3674
3606 3754
3606 3968
3608 3635
3608 3653
3608 3996
3609 3670
3609 3888
3610 3678
3610 3711
3610 3895
3610 3907
3611 3758
3611 3901
3612 3677
3612 3785
3612 3967
3613 3665
3613 3747
3613 3882
3613 3994
3614 3663
3614 3823
3614 3953
3614 3987
3614 3993
3615 3656
3615 3745
3615 3906
3616 3866
3617 3788
3617 3794
3617 3851
3617 3988
3618 3827
3618 3844
3618 3871
3618 3931
3620 3691
3620 3817
3620 3850
3620 3903
3620 3949
3621 3788
3621 3980
3622 3680
3622 3829
3622 3858
3623 3743
3624 3858
3625 3817
3625 3914
3626 3913
3627 3775
3627 3790
3627 3821
3628 3640
3629 3715
3629 3807
3629 3862
3630 3648
3630 3985
3632 3773
3632 3786
3632 3919
3632 3948
3632 3955
3633 3784
3633 3835
3633 3896
3634 3656
3634 3806
3634 3818
3635 3743
3635 3871
3635 3900
3635 3925
3636 3648
3636 3658
3636 3718
3636 3728
3636 3792
3636 3837
3636 3968
3637 3738
3637 3752
3637 3853
3637 3950
3638 3662
3638 3761
3638 3768
3638 3810
3639 3703
3639 3986
3639 3988
3640 3706
3640 3780
3640 3951
3642 3685
3642 3756
3642 3809
3642 3852
3643 3654
3643 3743
3643 3744
3643 3827
3643 3951
3644 3847
3645 3772
3646 3689
3646 3747
3646 3756
3646 3840
3646 3856
3646 3871
3646 3881
3647 3734
3647 3741
3647 3834
3648 3890
3649 3762
3649 3767
3650 3673
3650 3695
3652 3681
3652 3716
3652 3727
3652 3857
3652 3937
3653 3860
3653 3935
3653 3998
3654 3786
3654 3875
3654 3890
3655 3760
3655 3897
3655 3966
3656 3706
3656 3815
3656 3917
3656 3957
3657 3766
3657 3786
3657 3852
3657 3941
3658 3665
3658 3669
3658 3716
3658 3963
3659 3896
3659 3938
3659 3947
3660 3730
3660 3740
3661 3858
3661 3883
3662 3718
3663 3674
3664 3691
3664 3854
3665 3696
3665 3727
3665 3832
3665 3959
3665 3983
3666 3805
3666 3810
3666 3872
3666 3899
3667 3729
3667 3749
3667 3767
3667 3814
3667 3989
3667 3990
3668 3796
3668 3837
3669 3717
3669 3728
3670 3692
3670 3717
3670 3908
3671 3905
3672 3698
3672 3937
3672 3971
3673 3929
3673 3954
3674 3954
3675 3699
3675 3701
3675 3707
3675 3853
3676 3677
3676 3966
3677 3701
3678 3767
3678 3797
3678 3809
3678 3819
3679 3710
3679 3921
3680 3715
3680 3733
3680 3778
3680 3783
3680 3792
3680 3809
3680 3812
3681 3940
3682 3919
3683 3717
3683 3731
3684 3735
3685 3694
3685 3744
3686 3868
3686 3963
3686 3967
3687 3781
3687 3816
3687 3853
3689 3910
3689 3993
3690 3731
3690 3947
3691 3849
3691 3916
3692 3743
3692 3829
3692 3977
3693 3717
3693 3778
3693 3906
3693 3938
3694 3766
3694 3823
3694 3841
3694 3881
3695 3698
3695 3715
3695 3762
3695 3889
3695 3921
3695 3944
3695 3952
3695 3999
3696 3879
3696 3903
3696 3979
3697 3764
3697 3936
3698 3698
3699 3700
3699 3870
3699 3937
3700 3735
3700 3762
3701 3788
3702 3719
3702 3790
3702 3928
3702 3940
3702 3948
3702 3972
3703 3814
3703 3850
3703 3952
3703 3994
3704 3765
3704 3874
3705 3891
3705 3920
3707 3741
3707 3900
3707 3931
3707 3946
3708 3723
3708 3780
3709 3731
3709 3768
3709 3821
3709 3928
3710 3811
3710 3942
3710 3963
3711 3828
3712 3760
3713 3757
3713 3768
3713 3883
3713 3907
3713 3977
3714 3804
3714 3809
3714 3830
3714 3853
3714 3895
3715 3828
3715 3977
3716 3880
3716 3958
3716 4000
3717 3782
3717 3859
3717 3885
3717 3899
3717 3993
3718 3954
3718 3958
3719 3922
3719 3953
3720 3816
3720 3892
3721 3747
3721 3923
3721 3924
3722 3857
3722 3975
3723 3732
3723 3918
3723 3956
3724 3759
3724 3889
3725 3885
3725 3976
3726 3817
3726 3843
3726 3872
3726 3932
3726 3981
3727 3767
3727 3775
3728 3826
3728 3865
3728 3938
3728 3972
3729 3901
3730 3762
3730 3919
3731 3756
3731 3765
3731 3850
3732 3743
3732 3749
3732 3854
3732 3884
3732 3981
3733 3740
3733 3778
3733 3827
3734 3803
3734 3990
3735 3744
3735 3778
3735 3940
3736 3780
3737 3871
3737 3959
3737 3985
3738 3746
3739 3765
3739 3848
3739 3981
3740 3877
3740 3925
3741 3752
3741 3942
3742 3810
3743 3915
3744 3789
3744 3895
3745 3775
3745 3799
3745 3820
3745 3861
3745 3931
3745 3944
3745 3962
3746 3765
3746 3858
3746 3887
3747 3961
3748 3821
3748 3869
3748 3881
3748 3984
3748 3988
3749 3814
3749 3943
3750 3801
3750 3882
3750 3963
3750 3998
3751 3824
3751 3974
3752 3916
3753 3894
3753 3948
3754 3755
3754 3859
3754 3973
3756 3883
3756 3920
3756 3958
3757 3815
3757 3969
3757 3988
3758 3854
3758 3871
3758 3964
3758 3970
3758 3973
3759 3928
3759 3965
3760 3890
3761 3761
3761 3901
3762 3822
3762 3867
3764 3779
3764 3920
3765 3785
3765 3934
3765 3952
3765 3955
3766 3930
3766 3950
3766 3956
3767 3826
3767 3852
3767 3943
3768 3916
3768 3942
3769 3940
3769 3945
3770 3778
3770 3874
3770 3952
3771 3783
3771 3800
3771 3980
3772 3968
3773 3780
3773 3853
3774 3782
3774 3895
3775 3802
3775 3821
3775 3875
3775 3909
3775 3990
3776 3810
3777 3781
3777 3843
3777 3907
3777 3967
3778 3794
3778 3828
3778 3894
3778 3907
3778 3915
3778 3924
3778 3964
3779 3887
3779 3888
3780 3934
3781 3864
3781 3909
3781 3987
3782 3787
3782 3886
3782 3937
3782 3984
3782 3984
3782 3999
3783 3841
3783 3871
3783 3927
3784 3879
3784 3970
3784 3974
3785 3819
3785 3834
3785 3907
3785 3936
3786 3985
3787 3969
3788 3799
3788 3833
3788 3925
3788 3934
3788 3983
3788 3990
3789 3819
3790 3793
3790 3905
3790 3928
3790 3930
3790 3941
3791 3900
3792 3920
3792 3964
3793 3864
3794 3872
3794 3925
3794 3983
3796 3814
3797 3797
3797 3853
3797 3857
3797 3873
3797 3888
3797 3967
3797 3988
3798 3807
3798 3826
3798 3826
3798 3838
3798 3853
3798 3854
3798 3857
3798 3880
3798 3968
3799 3905
3800 3868
3800 3886
3801 3828
3801 3850
3801 3851
3801 3886
3801 3888
3802 3872
3802 3883
3802 3975
3803 3900
3803 3910
3803 3966
3803 3979
3804 3827
3804 3848
3804 3916
3804 3964
3804 3976
3805 3914
3806 3967
3807 3811
3807 3831
3807 3854
3807 3923
3807 3975
3807 3993
3808 3930
3808 3940
3808 3967
3808 3988
3809 3881
3809 3936
3810 3840
3810 3862
3810 3907
3810 3968
3811 3826
3811 3838
3811 3891
3811 3918
3811 3975
3811 3987
3812 3852
3813 3846
3813 3877
3813 3959
3815 3826
3815 3906
3815 3994
3817 3821
3817 3919
3817 3982
3817 3990
3818 3869
3818 3903
3819 3822
3819 3831
3819 3861
3819 3936
3820 3853
3820 3867
3820 3937
3820 3992
3821 3825
3821 3858
3821 3929
3821 3935
3822 3823
3822 3894
3822 3949
3823 3945
3824 3888
3824 3926
3825 3860
3825 3869
3825 3902
3826 3827
3826 3880
3826 3919
3826 3980
3827 3908
3827 4000
3828 3989
3828 3996
3829 3892
3829 3927
3830 3918
3831 3845
3831 3968
3831 3969
3833 3882
3833 3921
3833 3971
3834 3845
3834 3846
3834 3849
3834 3850
3834 3855
3834 3868
3834 3984
3835 3836
3835 3879
3835 3946
3836 3947
3838 3985
3839 3841
3839 3918
3840 3927
3840 3948
3840 3981
3841 3844
3841 3858
3841 3922
3842 3862
3842 3871
3842 3872
3842 3873
3842 3883
3842 3891
3842 3926
3842 3927
3843 3851
3843 3858
3843 3911
3843 3923
3843 3940
3843 3980
3844 3846
3844 3936
3844 3962
3845 3855
3845 3893
3845 3893
3845 3916
3846 3879
3847 3855
3847 3910
3848 3909
3848 3979
3849 3944
3849 3948
3851 3886
3851 3904
3851 3962
3851 3986
3852 3873
3852 3944
3852 3982
3852 3995
3852 3997
3854 3872
3854 3928
3854 3931
3854 3941
3854 3989
3854 4000
3855 3861
3856 3894
3856 3902
3856 3909
3857 3967
3858 3885
3858 3890
3858 3896
3859 3866
3859 3910
3859 3912
3859 3916
3859 3930
3859 3947
3859 3949
3859 3958
3860 3864
3860 3905
3860 3928
3860 3943
3860 3969
3860 3998
3861 3908
3861 3930
3861 3976
3861 3991
3862 3883
3862 3885
3863 3963
3863 3990
3864 3880
3864 3885
3864 3897
3864 3902
3865 3882
3866 3866
3866 3895
3866 3912
3866 3916
3866 3965
3866 3984
3867 3913
3867 3931
3867 3977
3867 3994
3868 3870
3868 3872
3868 3884
3868 3885
3869 3879
3869 3979
3869 3980
3870 3875
3870 3996
3871 3904
3871 3913
3871 3975
3872 3884
3872 3887
3872 3892
3872 3926
3872 3991
3873 3906
3873 3917
3874 3907
3876 3886
3876 3964
3876 3985
3876 3990
3877 3987
3877 3989
3878 3899
3878 3919
3878 3946
3879 3912
3879 3913
3879 3977
3879 3994
3880 3901
3880 3902
3880 3952
3880 3978
3881 3893
3881 3911
3881 3916
3881 3936
3881 3975
3881 3981
3882 3903
3882 3930
3882 3993
3882 3996
3883 3884
3883 3949
3884 3890
3884 3914
3884 3947
3885 3992
3885 4000
3886 3905
3886 3915
3886 3963
3886 3988
3887 3936
3887 3975
3888 3894
3889 3897
3889 3904
3889 3926
3889 3939
3890 3932
3890 3968
3890 3974
3891 3909
3891 3931
3891 4000
3892 3910
3892 4000
3893 3915
3893 3927
3893 3946
3893 3952
3893 3990
3894 3925
3894 3925
3895 3920
3895 3946
3895 3989
3896 3934
3896 3940
3896 3978
3897 3918
3897 3923
3897 3923
3897 3936
3897 3947
3898 3906
3899 3921
3899 3925
3899 3949
3899 3975
3899 3996
3900 3915
3900 3951
3901 3948
3902 3943
3903 3917
3904 3911
3904 3937
3904 3994
3905 3943
3905 3996
3905 4000
3906 3948
3907 3941
3907 3964
3907 3973
3908 3944
3908 3982
3909 3931
3909 3941
3909 3949
3909 3951
3909 3998
3910 3920
3910 3933
3910 3942
3910 3976
3911 3912
3911 3916
3912 3944
3912 3966
3913 3927
3913 3931
3913 3938
3913 3939
3913 3959
3914 3921
3914 3991
3915 3917
3915 3933
3915 3942
3915 3961
3915 3976
3915 3982
3916 3944
3917 3932
3917 3937
3917 3944
3917 3996
3918 3940
3919 3922
3919 3923
3919 3925
3919 3949
3919 3974
3920 3920
3920 3966
3921 3928
3921 3930
3921 3942
3921 3954
3921 3967
3921 3985
3922 3930
3922 3962
3922 3969
3922 3987
3923 3974
3924 3961
3924 3988
3925 3925
3925 3954
3926 3957
3926 3978
3926 3990
3927 3927
3927 3936
3927 3982
3927 3986
3927 3993
3928 3948
3928 3950
3928 3969
3928 3973
3928 3982
3930 3942
3930 3981
3930 3988
3931 3939
3931 3942
3931 3946
3932 3938
3932 3980
3932 3993
3933 3962
3933 3974
3933 3986
3934 3960
3935 3969
3935 3975
3935 3993
3936 3973
3937 3944
3937 3969
3937 3969
3937 3989
3938 3946
3938 3951
3938 3989
3939 3957
3939 3969
3939 3997
3940 3999
3941 3944
3941 3959
3941 3964
3942 3955
3942 3982
3942 3985
3943 3969
3943 3987
3943 3992
3944 3990
3945 3950
3945 3967
3945 3994
3946 3946
3946 3955
3946 3968
3946 3991
3947 3956
3947 3971
3947 3972
3947 3987
3947 3988
3947 3999
3948 3959
3948 3980
3948 3988
3948 3996
3949 3950
3949 3950
3949 3971
3949 3985
3950 3992
3951 3992
3953 3958
3953 3982
3954 3955
3954 3955
3954 3958
3954 3960
3954 3969
3954 3977
3954 3977
3954 3991
3955 3979
3955 3993
3956 3990
3956 3991
3957 3960
3957 3962
3957 3979
3957 3986
3957 3993
3957 4000
3958 3982
3958 3983
3958 3988
3958 3991
3961 3968
3961 3979
3961 3983
3961 3985
3962 3974
3963 3972
3963 3982
3963 3991
3964 3984
3964 3985
3965 3969
3965 3972
3965 3976
3965 3978
3965 3987
3965 3992
3965 3995
3966 3971
3966 3974
3966 3975
3966 3977
3966 3980
3967 3968
3967 3982
3967 3992
3967 3997
3968 3990
3968 3993
3969 3973
3969 3998
3970 3978
3970 3996
3971 3986
3971 3997
3972 3988
3972 3990
3973 3977
3973 3978
3973 3991
3973 3992
3973 3996
3974 3974
3974 3997
3975 3987
3975 3993
3975 3993
3975 3994
3976 3980
3976 3990
3976 3990
3977 3983
3977 3991
3978 3987
3979 3979
3980 3981
3980 3993
3981 3983
3981 3987
3981 3996
3981 3997
3981 3999
3984 3994
3986 3988
3986 3988
3987 3990
3988 3988
3988 3991
3988 3996
3988 3999
3989 3991
3989 3997
3990 3998
3991 3992
3991 3993
3991 3993
3991 3994
3991 3996
3992 3999
3993 3996
3993 3999
3993 4000
3994 3995
3994 3995
3995 3999
3996 3998
3996 3999
3997 3997
3997 3997
3998 3998
3999 3999
4000 4000
4000 4000
4000 4000
