30000 30000 
9393 19163 
27367 29751 
14606 27044 
16934 17643 
4979 15284 
3755 4515 
12195 20762 
12989 13093 
22393 25197 
16546 25291 
7160 22262 
4766 24213 
29964 29968 
26607 27636 
5920 7123 
27228 27640 
6109 27284 
19390 22506 
6214 28280 
28342 29810 
4566 12313 
22315 22939 
2974 12533 
24758 28328 
6008 25011 
1371 8049 
28118 28912 
11886 23702 
26824 28684 
7940 19785 
1797 25271 
6046 9204 
5788 8021 
17142 23975 
23501 25242 
1488 29975 
6777 13977 
2437 19838 
5622 12267 
6119 15710 
405 18320 
723 15145 
15385 20415 
9283 14565 
2110 10702 
23287 26643 
6474 20054 
10377 27078 
21916 29008 
5009 17257 
14763 26373 
7094 18453 
143 8920 
8646 17626 
17687 23035 
16499 17374 
8756 22325 
6510 16005 
23953 26262 
28669 29200 
4348 5013 
25981 27738 
13117 14746 
645 27239 
26787 29336 
7463 21604 
21971 27909 
28645 29187 
29292 29345 
11216 14175 
21524 26478 
237 28413 
13041 25751 
22992 24959 
17201 23902 
29105 29294 
2504 15991 
9624 19471 
5109 25588 
10362 17507 
5217 10600 
27562 29409 
26838 27736 
9537 10114 
15827 27397 
28021 29631 
7833 14413 
9609 25193 
5263 26411 
9912 27913 
26407 26700 
15817 23458 
7186 16098 
6666 16962 
26106 26132 
107 28056 
12909 23066 
12882 19996 
9965 25679 
20508 29560 
4655 13372 
24510 28630 
12051 21464 
22209 28494 
12786 28664 
6308 14913 
18403 27547 
9083 25200 
28902 29378 
12963 27241 
11393 19653 
6000 12759 
60 24004 
28966 29304 
20025 20423 
11751 13846 
10644 21153 
1304 19472 
14701 19749 
1484 18267 
20339 29794 
26693 29744 
28253 28949 
2360 23779 
25009 25692 
879 11942 
7079 12354 
1809 18701 
11810 23756 
11688 22257 
5068 26117 
799 20704 
7877 23169 
13717 28458 
4748 15903 
19859 20301 
2156 14981 
13496 28726 
27531 29326 
16096 21298 
7829 18344 
1111 17206 
18761 26947 
10949 11455 
17557 28866 
24755 26646 
6346 9498 
2179 28211 
3281 22277 
22576 23322 
4325 8098 
29645 29889 
28201 29487 
13252 13645 
12101 29675 
22650 26856 
14171 25515 
8954 29223 
21385 28543 
13250 20071 
5555 14902 
8025 20212 
5023 26345 
7651 27622 
23955 25620 
9486 11068 
6862 11510 
12241 20689 
23580 26584 
10408 17432 
27716 29629 
19873 20664 
13687 24734 
16345 20644 
27897 29401 
8076 11211 
9961 10126 
21206 29442 
14065 26654 
9599 29762 
25792 28391 
16591 29257 
18998 21102 
21900 21991 
15208 25030 
21003 25928 
11933 26565 
5657 5843 
2076 5044 
2189 9179 
29068 29489 
26712 29300 
21281 21663 
17053 19329 
24791 29547 
27885 28105 
11174 15007 
29112 29309 
4914 10275 
9739 12709 
12215 22539 
19609 20618 
3528 16632 
25383 25994 
5055 6689 
10354 15245 
17197 27453 
27324 29703 
25568 26577 
9272 14130 
26184 27159 
23946 28205 
12182 25758 
9861 12161 
3024 10150 
11140 11968 
20204 24220 
17565 27424 
15614 21417 
25626 26206 
12807 17917 
25116 26641 
7763 21397 
27023 29698 
4030 12193 
2538 5654 
22354 28071 
9077 22146 
18147 19028 
17802 19991 
29523 29943 
7323 13490 
23911 24042 
26088 27927 
12510 14121 
14479 26940 
29996 30000 
5894 27781 
4172 15591 
20087 25065 
28668 28948 
23105 27368 
14708 21322 
13414 29806 
15956 23398 
21027 21531 
24746 29575 
14979 15510 
4967 14893 
27865 28858 
17172 19113 
7063 22530 
3449 12616 
4688 19012 
25386 29138 
19705 20212 
7454 15778 
13407 22988 
22266 22664 
2990 14680 
14377 18253 
7687 12681 
16712 25390 
1499 1523 
8377 15638 
16257 16420 
15208 27527 
12334 22578 
5888 17111 
29270 29346 
15186 27046 
21808 28415 
12765 23494 
2512 26876 
1724 13047 
25400 29252 
23229 29344 
8420 13649 
20997 25265 
14559 22708 
10681 18429 
22158 22888 
10747 16371 
24787 27243 
18982 20294 
4173 17459 
27977 28284 
26447 26943 
3307 14793 
22566 28530 
27293 28525 
4740 8542 
9989 26874 
3478 16536 
26211 27852 
18962 21547 
29696 29859 
13455 25522 
3011 15962 
23035 27056 
24432 26851 
12610 17402 
29336 29990 
739 12283 
21560 24457 
11380 23708 
10873 22398 
12212 23327 
18183 29781 
19524 22951 
29411 29911 
12614 24888 
16816 22396 
7341 14788 
3289 25817 
17230 24587 
24821 28213 
25101 27226 
11877 23677 
15090 15682 
883 11497 
29313 29466 
22307 27539 
23071 24595 
29757 29846 
22287 27463 
5618 17356 
9327 20365 
10075 10898 
29190 29266 
14952 20995 
22235 28651 
16307 28394 
11572 20734 
23739 25904 
29823 29923 
21576 24926 
7512 8541 
7017 16043 
18085 20444 
20652 25511 
4790 28307 
5524 14285 
26473 28854 
17003 24572 
21275 29014 
20863 24017 
16215 22076 
7916 10738 
2994 6309 
8921 18620 
23030 24969 
6210 14270 
21332 26188 
25310 26238 
27972 29841 
13452 21922 
19555 25215 
12263 20320 
19186 20186 
27374 29133 
21032 22690 
29637 29725 
24919 25089 
21166 22473 
5973 17093 
19565 24823 
10493 20612 
338 10638 
13952 29686 
10521 11439 
13235 21312 
14880 18309 
16635 24260 
26301 28409 
4079 12449 
11628 25830 
2809 26661 
14226 24425 
25911 27138 
27139 28862 
13330 25532 
28415 29320 
25686 29590 
18906 20638 
24318 25731 
28207 29058 
10386 23316 
19584 26113 
26548 27028 
252 6140 
10056 27782 
22135 24979 
14143 24774 
6506 17487 
10471 19226 
14400 19412 
21831 22708 
13744 15265 
434 22119 
24895 29507 
20886 28898 
18463 20143 
1022 6986 
3327 23830 
4922 26070 
4532 9931 
9609 23521 
11799 29460 
25505 29550 
13420 21376 
8443 22968 
25008 25954 
20343 23546 
19387 27604 
840 3547 
29349 29483 
10166 14641 
6688 23210 
12449 25335 
12343 18322 
27175 29573 
3232 21905 
12638 17332 
28740 29976 
22625 23816 
21140 26993 
29770 29960 
16294 23624 
1453 8927 
2180 14534 
26860 29379 
26265 29973 
11899 18478 
2054 13717 
20915 26388 
7377 15207 
11827 18681 
17502 21473 
28994 29675 
84 7827 
29520 29636 
29151 29327 
12913 13038 
6773 22905 
18527 25799 
13526 13889 
17593 26908 
8349 9676 
9199 19194 
7089 12842 
25453 26533 
14388 26803 
12536 17225 
10149 25447 
12450 18708 
683 5553 
7843 13865 
18382 29537 
3371 22261 
28472 29994 
14344 24299 
22740 24419 
603 27779 
14356 16998 
28426 28462 
17857 29425 
11038 20711 
18349 27724 
29353 29549 
15090 24548 
20087 24265 
2132 21157 
23579 28649 
22150 27437 
19749 28095 
6226 24012 
1244 23491 
12801 28000 
19068 20286 
222 28864 
26245 27972 
4783 7112 
16060 17772 
29645 29774 
7131 17754 
2866 8085 
10461 18284 
12901 24879 
5534 7916 
478 11009 
4246 19461 
7917 15122 
6197 16177 
13284 15638 
23275 26097 
28596 29725 
23029 29499 
21760 23253 
2769 17413 
24442 29663 
12035 16787 
18008 28199 
15087 20532 
21258 24645 
4428 16861 
27048 27463 
14736 18095 
3166 15170 
3305 5623 
2498 24854 
26289 26674 
23014 27513 
28326 29594 
29579 29743 
11670 27353 
21212 28461 
17722 21795 
5342 29078 
19928 24252 
21533 21694 
23897 25437 
8634 25612 
26623 28608 
8252 10695 
8920 13560 
24456 26065 
18653 27469 
16638 26662 
5944 27235 
9026 15649 
3136 7011 
15307 20271 
25207 27215 
16899 24503 
25021 28610 
20738 27536 
18228 18525 
17535 27325 
27324 29226 
26409 29024 
22787 27852 
7501 20942 
13281 29531 
23722 26689 
4609 24924 
8834 15080 
1657 29458 
29128 29943 
24069 29111 
21460 26459 
4621 21327 
3893 16386 
29747 29835 
26342 28990 
16435 23951 
5713 10018 
13110 19495 
4829 23911 
27634 29634 
5581 22111 
9871 17831 
8602 25731 
25756 25956 
27126 28293 
17748 28949 
6656 7311 
12367 24065 
1331 16619 
5155 7894 
27068 27600 
6012 11638 
773 25675 
23435 23620 
13561 24899 
11755 25654 
5657 19883 
24748 27320 
19155 20265 
15226 17986 
19294 23144 
26164 26179 
18495 26149 
23645 26526 
17695 17929 
26414 27665 
18616 27369 
26336 29924 
2534 23124 
19213 20663 
12775 13656 
10809 11031 
13821 15580 
4767 6407 
17674 26668 
13827 14203 
15155 19800 
12950 26500 
8015 16532 
25306 29776 
16687 25120 
9044 19337 
5030 18355 
21600 26743 
7135 27523 
26841 29162 
6793 8039 
18413 25263 
1232 11074 
21831 24465 
423 15722 
7989 23981 
27002 29808 
7386 11161 
5420 25149 
4494 23382 
24539 25724 
16755 23255 
12986 18012 
19941 28352 
15848 22069 
5519 18945 
170 11099 
29673 29978 
3424 15690 
19969 25146 
25294 28335 
4748 6776 
138 5887 
25216 29481 
26359 29026 
19063 22287 
5352 10667 
25059 26200 
15852 24909 
2060 3306 
22818 28408 
5240 29848 
2076 16555 
16083 20665 
12983 18598 
241 25890 
23676 28588 
10657 29977 
12023 22209 
27160 28774 
4352 23721 
22354 25156 
15709 25332 
12740 19176 
10422 15875 
1728 21557 
8030 16167 
11613 12980 
8906 15604 
3473 9367 
19719 26846 
17370 29330 
29226 29645 
10025 15939 
13558 23752 
4618 20759 
6833 24762 
8930 21925 
7078 22126 
15449 22082 
17196 25977 
18684 26532 
6844 29135 
9296 23847 
16962 20857 
3699 22310 
667 9083 
27496 29866 
18175 25925 
9509 12494 
23542 24408 
8177 9121 
15265 18828 
11545 21358 
9685 17712 
13472 17225 
5072 12169 
12205 16829 
21482 27917 
6987 29980 
22894 24654 
2083 9763 
18985 24485 
19635 23305 
27293 27861 
16544 28742 
29960 29991 
27939 27939 
28432 29691 
13194 21740 
12683 13058 
19652 23266 
27276 29945 
14819 25960 
3753 5925 
10858 21848 
6403 16337 
17041 25388 
11866 22340 
16019 24147 
2744 20069 
14440 24038 
28439 29324 
15940 29821 
24446 27486 
17494 28261 
21147 22584 
3021 17084 
10575 14958 
10544 18351 
28379 29997 
27393 28984 
27838 28026 
17467 22016 
27637 29727 
17228 20235 
14322 23162 
28288 28808 
12577 20804 
23840 24735 
5321 11791 
5077 20166 
12958 26216 
16553 25682 
2908 24325 
29783 29953 
20325 25428 
20950 21070 
10583 17402 
25982 26857 
21865 24766 
14431 20011 
3769 10209 
15395 23676 
11943 27140 
14755 29772 
17394 25867 
11229 16851 
7046 25520 
8015 26908 
13190 27960 
12451 15408 
7307 8659 
3486 18655 
22278 25318 
15403 26000 
17974 21231 
22168 26312 
25974 29412 
28311 29524 
26218 26318 
18286 27574 
27378 28137 
28477 28732 
28869 29675 
19311 20311 
390 11301 
25266 26074 
29711 29876 
22981 25808 
3228 27681 
28249 28606 
10565 18450 
27846 28570 
23426 29121 
28252 29863 
8284 22110 
6671 24913 
21077 26191 
4437 25920 
5255 16348 
28739 29499 
569 12062 
23095 27646 
27677 28650 
25733 26263 
9076 22623 
6942 10954 
21647 27989 
13919 29684 
22494 29754 
16772 21836 
2155 27169 
21098 21721 
25144 28853 
28405 28805 
8483 20929 
9505 12990 
27273 27947 
6623 13337 
21708 27291 
2062 26668 
8475 13738 
12853 23926 
13342 28351 
21847 22706 
22709 25240 
14116 16528 
27755 29665 
570 5642 
4349 8281 
20810 26948 
11663 20018 
1027 5311 
7666 26863 
15470 21345 
28738 29643 
10687 19510 
8882 23052 
10252 11273 
13848 18844 
7999 23570 
21752 29150 
20079 28214 
22119 29406 
4286 20930 
15728 23364 
23149 29320 
4667 10885 
8080 12218 
28955 29313 
16922 27665 
21312 27239 
15364 27326 
1934 25747 
5774 25032 
29153 29881 
23306 26227 
1700 22015 
6011 8652 
9508 16166 
6689 23773 
15964 24134 
1867 25833 
6629 15186 
19412 29516 
10187 20251 
16988 21052 
20245 22130 
12401 26593 
3691 26915 
24162 24479 
13316 14809 
10118 19386 
15627 21692 
11997 24135 
24200 27784 
2309 14830 
23154 28890 
7015 27612 
29115 29764 
774 23733 
9369 11256 
23402 29812 
13377 22208 
18250 18938 
28184 29247 
11148 22706 
20193 25833 
24004 24662 
19 25807 
22490 27527 
13611 23921 
26627 28855 
25087 26426 
23277 24363 
2297 18760 
569 15210 
8825 26797 
22255 25734 
10064 13315 
27301 28947 
21819 29868 
26491 29713 
4910 29561 
19207 23601 
8156 12578 
1290 5529 
9000 26574 
27859 28155 
22430 28236 
12960 29183 
4725 28318 
22479 27574 
25 14752 
21625 22640 
3323 25597 
28056 28659 
3121 20479 
11017 11348 
14835 28041 
6017 13516 
19702 20410 
27452 27738 
10996 26603 
10575 26039 
25856 27746 
17015 23600 
27571 29286 
97 23793 
5521 8283 
22809 29296 
14409 26731 
7582 22292 
3638 28892 
19726 25167 
15242 24818 
13012 16309 
7202 26915 
2527 28993 
26315 29019 
9091 24718 
23892 26496 
25837 28375 
11671 24097 
23767 28090 
24661 28662 
13911 19834 
9286 28207 
17377 19491 
1816 7611 
19816 25434 
23697 29821 
1599 24438 
290 15843 
28097 28995 
15241 23546 
19286 21456 
6218 17418 
11892 21515 
19716 21000 
22839 28675 
24595 26853 
18746 21594 
6656 13630 
10890 18813 
147 18764 
20294 26175 
19391 26784 
19406 26418 
5481 11775 
9788 14254 
18135 24840 
24750 27626 
25417 27609 
17697 28130 
29143 29689 
25295 25790 
18388 27120 
3635 6638 
13806 24215 
26279 27892 
5783 14216 
16008 28826 
24475 24783 
12602 25833 
7783 10419 
11177 21114 
24067 24539 
25215 26090 
26844 29972 
16496 26608 
13609 21445 
9821 21094 
6336 28702 
14335 15731 
25117 29202 
18423 20426 
18286 20059 
1771 13431 
11109 21011 
26925 29324 
20212 23245 
26130 28231 
28453 28469 
23836 26228 
23608 29469 
28410 28970 
29973 29988 
28044 29760 
3635 20238 
6890 29907 
12060 16706 
26919 29331 
18077 25494 
7456 24193 
27431 27759 
17805 27761 
21946 25614 
1112 26132 
13136 14522 
6821 13706 
14977 23492 
15174 15402 
9980 11359 
8401 26341 
24754 29949 
8045 19091 
10601 22326 
24395 29793 
27724 29697 
16955 29293 
19392 26785 
1438 23798 
26289 27066 
1831 21223 
1895 3745 
17034 28576 
12138 17719 
3465 5799 
2465 15503 
10031 20182 
17244 24056 
17864 27943 
23830 25010 
10713 19423 
5013 24721 
14784 29114 
11522 13807 
6985 8347 
10945 27222 
19083 21967 
28517 29810 
23454 24779 
25070 29971 
4982 12650 
18999 20893 
3190 18805 
6183 17328 
20520 24672 
27699 28772 
29375 29642 
28894 29788 
14470 15457 
22261 26717 
2511 16168 
26268 26959 
6142 27024 
8887 14501 
2861 16617 
25394 26419 
8952 9546 
20214 24429 
17594 17613 
3382 26667 
27165 27618 
4610 5813 
17888 28992 
27932 28972 
12565 27366 
7323 11783 
7230 14192 
28818 29031 
22968 23086 
19158 27826 
28161 28822 
20768 29847 
16201 26892 
20458 23435 
17473 19285 
13748 25832 
5353 23844 
6517 13032 
18325 29473 
9692 28958 
8454 27458 
29608 29649 
13736 28927 
21922 25576 
25062 26752 
7098 22318 
9421 29386 
20556 24279 
22816 23292 
24154 29863 
4239 5894 
1308 13948 
25125 27214 
6089 29529 
13059 18277 
10054 20460 
180 12260 
16803 29904 
4389 18379 
21092 23204 
26235 29796 
5820 21845 
13875 21755 
10275 24497 
105 28927 
29454 29914 
5562 10085 
11043 17520 
5810 28505 
24126 29376 
9600 29992 
20910 27449 
20576 26350 
5843 13225 
9933 18432 
9050 29647 
5589 29621 
7966 27990 
8488 22432 
17189 22327 
6570 12474 
2400 24054 
18584 29153 
8171 18589 
1429 27996 
28530 29055 
2525 7300 
1818 29198 
26963 27814 
11306 16102 
10826 16908 
23584 28178 
13457 20792 
20651 21454 
2151 3307 
24635 26011 
29359 29420 
25464 29370 
17582 18592 
16097 19711 
13300 22900 
20306 26461 
15873 29624 
3766 10409 
22100 22927 
27348 29589 
2994 14822 
10197 11910 
27117 28987 
19450 23481 
8794 11147 
28155 28441 
18066 27908 
12588 17688 
21413 23533 
5687 29979 
5207 18071 
21504 28203 
4425 8707 
11013 25347 
22329 29808 
6092 12199 
1823 29418 
28005 28043 
23363 23552 
6248 6802 
23388 29473 
29684 29758 
22886 23732 
21348 29906 
12874 29123 
27030 29641 
24088 25651 
17490 24590 
7077 14830 
12969 24961 
9779 26256 
5966 20490 
18682 19079 
2723 14100 
22435 22502 
23773 25139 
12355 19897 
20111 29989 
15144 19464 
2384 4682 
6507 11949 
28723 29385 
1359 15987 
12930 21911 
1928 23753 
16725 17394 
19476 24098 
23306 27281 
26260 29842 
14743 22830 
22428 23310 
10029 28079 
22519 25683 
14016 26579 
18402 24944 
19517 21568 
18705 25891 
7420 26399 
12151 15437 
9656 15769 
22580 29732 
8976 25481 
9140 24717 
1297 11384 
13440 20004 
22917 23652 
4086 23236 
14758 24032 
20004 22557 
12108 27667 
12962 15375 
12118 29160 
12087 22189 
4708 5902 
22333 25279 
13383 27278 
13148 14570 
643 25430 
4123 10712 
6560 7596 
3179 17994 
2748 23847 
26114 27727 
1322 18606 
22465 22847 
7431 24391 
28088 28518 
16709 29082 
26877 28295 
8665 26260 
24658 28723 
865 21650 
9399 17134 
29781 29848 
2334 22776 
22397 28638 
4220 13998 
6853 13128 
22941 29775 
22703 26970 
23053 25421 
14105 26523 
12085 15448 
19206 25480 
10103 25854 
27206 28460 
29414 29548 
13509 24452 
25851 29215 
10969 18050 
8534 22613 
195 26372 
9359 21963 
21068 26851 
21075 26964 
15486 20560 
17006 25077 
20160 21043 
8948 11300 
6166 16028 
4957 16018 
14343 22195 
980 21863 
2842 26694 
3529 6540 
17319 29924 
7363 24375 
7493 9356 
6274 21730 
13629 20609 
19833 26697 
10063 23230 
16039 25261 
21545 22776 
16540 25071 
9703 27623 
9442 18633 
26533 28509 
662 22664 
19507 26802 
15679 20332 
20361 26887 
23099 28378 
12055 22293 
17286 23210 
27140 29904 
17328 25302 
23480 28525 
20157 27539 
24541 29493 
29170 29729 
5450 20617 
28421 28680 
28091 29578 
10308 29686 
782 7262 
1812 5631 
18567 26959 
15476 23431 
28421 29392 
1952 12853 
3019 8185 
29199 29483 
23447 28039 
13560 17806 
11247 24460 
3085 10590 
7583 20807 
20734 26538 
7107 24648 
28706 28841 
18774 20210 
20984 25219 
7481 7698 
27013 29373 
14074 25663 
29143 29715 
6291 26012 
17171 29415 
11599 12104 
7374 10749 
25145 29081 
6151 15650 
20719 23027 
22187 27883 
11926 25071 
607 9525 
29918 29967 
7097 12924 
15965 28489 
10605 22793 
7687 14244 
9487 20196 
3973 8372 
29506 29611 
7922 25204 
2370 11337 
19089 27088 
4242 7279 
20997 23865 
17658 18916 
10578 25931 
5364 20497 
10947 22542 
6990 27493 
27621 29037 
28813 29671 
17475 19581 
14770 27958 
22630 28024 
9425 9987 
25338 26934 
17999 20766 
6062 27363 
18246 24030 
5596 13506 
9353 25988 
13465 26661 
28927 29730 
28729 29444 
1705 2060 
27156 28082 
47 14579 
24754 27635 
9623 29757 
2414 16168 
6445 23715 
1028 21022 
1162 22227 
20722 23286 
15281 18755 
17517 28951 
7319 27645 
18030 26481 
5222 27891 
22340 23911 
2315 2489 
6139 18393 
6701 7112 
10233 14403 
12255 22468 
23535 28461 
2152 24789 
11380 21773 
11416 13519 
15054 25118 
23605 27749 
19461 22965 
26207 29800 
13434 27115 
20259 23938 
594 3710 
28544 29666 
7198 17086 
11829 26704 
1638 27643 
11685 23114 
17129 26080 
14857 29715 
23352 28707 
29430 29460 
27494 28897 
10399 26935 
2699 6059 
4678 26270 
24495 25552 
12468 25228 
15571 21928 
16831 25811 
20697 25982 
23139 26849 
19861 25790 
18479 19911 
4833 27020 
18591 26686 
29066 29856 
20652 29807 
12709 29942 
4737 5203 
14089 17714 
20630 28994 
27124 28126 
23927 29084 
8130 28742 
21454 25588 
19501 26565 
2290 8680 
3275 22199 
28032 29586 
9367 28291 
18796 27842 
15755 20880 
23775 28706 
12393 29030 
12020 17250 
23931 26583 
29855 29890 
8859 11174 
22361 24034 
15365 19113 
5117 10846 
15673 23977 
13208 18887 
28754 28932 
14284 21460 
18308 27036 
27384 29379 
1469 23383 
687 29208 
26793 29197 
15898 29501 
13625 21588 
5123 12391 
17286 29223 
9036 15607 
3633 26260 
12985 16501 
10414 16893 
5600 18317 
116 28443 
26285 29923 
20017 24661 
19602 21980 
24839 25662 
22065 23164 
7944 26744 
23223 27605 
15734 28194 
27830 28360 
26115 29154 
13411 26097 
6312 7946 
1196 18960 
21098 28225 
24278 26708 
23575 27509 
13983 26866 
27792 28197 
6129 28060 
21203 26244 
24038 24722 
2947 3278 
13503 26594 
10364 13185 
9952 12900 
19155 29931 
23061 25663 
22935 25513 
22389 24216 
17832 19193 
3888 16369 
13608 21960 
15435 23377 
3549 15559 
24708 25817 
22923 25161 
8730 15060 
19022 22589 
25186 25273 
28948 29045 
5689 7968 
16460 19078 
14163 16127 
24702 29119 
11930 24794 
2973 6537 
14709 24413 
25547 25844 
4301 27914 
21213 24922 
17201 22127 
7831 17692 
1287 21836 
5925 29144 
21570 22575 
5116 22589 
13354 14213 
26173 28012 
7510 25792 
10345 23582 
14084 20620 
6658 17178 
27091 28133 
9255 25974 
6849 21198 
9534 15618 
18045 22672 
1649 25212 
13506 29665 
7708 25922 
22901 24044 
4189 6337 
28005 28631 
24081 29345 
3412 15306 
2151 14843 
8042 19820 
26603 29038 
28392 29079 
9546 13705 
1700 23897 
27684 28712 
12516 25728 
2175 4318 
23379 26749 
20255 25567 
572 12203 
3805 7791 
9811 13567 
24853 26987 
25035 29164 
8723 21575 
26643 29709 
476 5781 
1754 29968 
3400 19661 
3726 25002 
27355 28066 
9968 11521 
16043 29547 
12952 17191 
13288 27576 
4738 8644 
9901 23384 
4596 17022 
7500 13222 
4643 28610 
24251 25249 
21668 29739 
19429 27775 
19443 19980 
25474 27587 
23996 27677 
8527 14021 
11014 14590 
19914 21621 
27256 27380 
26538 26959 
17377 19292 
3260 9451 
24411 25132 
3898 17750 
12652 15259 
2262 11467 
27656 28458 
18163 26158 
5588 12699 
19570 22619 
25596 26154 
6097 18323 
25906 28882 
9070 27457 
27249 29018 
22926 29947 
28482 29917 
27210 29903 
5529 20221 
17315 21986 
7976 10053 
27112 27252 
24421 27713 
14587 27274 
22034 24646 
22358 25323 
16936 24220 
24420 28936 
16037 17660 
1884 5732 
28797 29208 
1345 6218 
9202 24174 
27358 29118 
13441 17034 
8016 29775 
21695 27117 
14405 26353 
13815 20628 
13139 27161 
27295 27557 
29886 29980 
6426 24300 
24979 29362 
5407 12869 
22373 26810 
25932 25989 
24970 29381 
17324 21475 
28466 29856 
18958 19475 
18565 22760 
9390 28077 
2517 24670 
23533 29930 
23077 24157 
26695 28123 
10504 23905 
11141 15190 
4868 20609 
15646 21510 
9182 10210 
17963 26269 
23066 24048 
24703 26592 
2016 6921 
27261 28175 
28478 28612 
70 18788 
5354 7725 
11576 14377 
17197 22609 
8244 26174 
7575 14867 
18690 25976 
3300 29386 
16978 23742 
4587 6994 
28800 29826 
6715 12343 
13903 23797 
8029 17194 
24182 28298 
29331 29891 
18322 28449 
15684 23683 
24231 28774 
7460 14415 
11168 14004 
5709 19386 
7053 11639 
9636 14942 
5037 8813 
25163 29074 
2035 13119 
14987 25248 
3296 26134 
18972 23335 
8286 16644 
4411 16045 
10944 19107 
14341 17689 
23398 26377 
18847 20264 
5057 29241 
9120 24876 
16039 19972 
21686 23469 
6578 10264 
18319 29529 
5369 9906 
20931 25093 
28681 29128 
9500 15047 
3938 24764 
8101 29085 
28802 29623 
29322 29463 
17976 29879 
2776 6860 
24193 26065 
10370 27385 
2065 29997 
267 2856 
19929 28829 
26584 28642 
26758 28968 
15982 19788 
13737 25583 
24315 28334 
27153 29442 
24407 28623 
18619 21825 
15057 23850 
9081 26798 
7857 22422 
7609 26652 
12198 21613 
759 29210 
16613 23946 
26669 28844 
17891 27773 
16036 19404 
2977 24390 
15987 22418 
15504 27754 
5435 28353 
456 26651 
3848 12623 
5022 12601 
17502 25301 
4046 19734 
12758 28939 
20322 25461 
13926 25291 
27953 29134 
10400 22788 
13516 26726 
12448 26278 
8897 24300 
619 28639 
540 2727 
29873 29980 
2739 11358 
18002 22181 
18215 27137 
10671 16108 
13574 16975 
25898 26770 
14488 15336 
2966 17456 
29810 29852 
21426 25237 
6252 14723 
18681 25941 
21451 23573 
24113 29681 
13832 21448 
5827 17307 
574 21057 
10773 22313 
1754 19785 
13304 25417 
12267 22094 
22641 28061 
5579 17825 
23494 26960 
16684 21551 
12666 13246 
24960 27565 
24563 24719 
23579 24641 
3291 26713 
28455 29700 
18510 21729 
24148 26773 
16575 23142 
1194 26889 
1339 25120 
403 17504 
4361 28005 
27384 29954 
16962 24816 
7890 11771 
20004 27479 
16255 21762 
203 20971 
25013 29713 
19844 22698 
2406 8617 
21973 25339 
4699 27713 
20510 27512 
8983 11265 
28695 29790 
26289 29002 
23097 23714 
28707 28925 
26074 26274 
7645 11372 
15673 27293 
6149 10586 
29398 29560 
10125 24217 
9895 27350 
5957 25108 
15347 24513 
27264 27391 
12995 27543 
11675 26521 
5996 9536 
9732 20465 
8395 9100 
177 15222 
8660 22472 
8799 10722 
19164 24620 
12116 27133 
28400 28627 
20244 27591 
20390 22831 
22718 28064 
23370 26617 
13430 24949 
1120 12563 
22010 26757 
1583 19940 
6203 23476 
15508 29802 
24301 27237 
8217 28921 
9856 17903 
150 12721 
3447 23740 
5993 13987 
14174 23108 
20740 23320 
14248 26800 
6937 22861 
18911 29606 
19336 28484 
14443 22005 
15391 23254 
29633 29722 
16042 29091 
6876 10340 
29710 29974 
12329 27042 
28564 29218 
4844 7578 
11620 27277 
2502 7010 
20016 28446 
2099 23218 
10710 16432 
19624 21635 
27243 28728 
10129 20106 
4146 12581 
23988 29468 
3610 22208 
1907 21107 
19739 26563 
28948 29813 
2795 4904 
12877 17375 
2235 22153 
28401 29276 
11771 20936 
22375 25882 
19764 22496 
27681 28510 
14027 26295 
21036 23552 
25635 28442 
4661 11924 
6747 19113 
1205 26658 
9267 16981 
21994 28111 
9768 12997 
14933 27144 
26629 26690 
18169 22946 
15085 16094 
1072 9291 
18592 25717 
4122 17770 
12651 14769 
20399 22519 
15772 21597 
17137 27621 
2577 12887 
26340 27886 
9998 12821 
3711 16131 
28189 28757 
7872 29710 
20932 26548 
10980 19677 
13390 21885 
2666 11375 
20003 27042 
4664 25394 
21772 29568 
6556 16427 
26672 28316 
7936 26887 
9085 25767 
3583 9048 
1751 16483 
11199 18575 
29646 29998 
25812 28192 
18982 22863 
12180 17069 
16942 23966 
8819 21094 
7510 13523 
28929 29594 
10455 13333 
25714 27945 
5365 15437 
28790 29050 
17807 27968 
8167 21316 
8347 14683 
11737 15341 
21524 22337 
16956 21793 
2501 4900 
5 60 
13781 13852 
1664 24990 
22065 27523 
8078 8750 
4662 15899 
1988 19559 
23300 23788 
7524 29028 
6738 21944 
28242 29691 
7941 22683 
871 2956 
8703 20569 
7427 14563 
1153 24159 
25130 26002 
18296 19851 
9271 12230 
18383 19796 
8561 17744 
25104 28254 
28097 28714 
12751 26656 
26624 29551 
14376 22657 
7737 9491 
12228 23540 
12838 26372 
21499 29458 
1312 11611 
28557 29932 
4341 6663 
26577 27003 
26323 28971 
22051 26954 
12243 23047 
21541 24422 
5272 5662 
27399 29784 
29000 29632 
53 17898 
25489 26649 
23999 29503 
5989 22113 
9390 23413 
12789 22983 
19214 24546 
27194 27447 
1387 16516 
866 23433 
9638 29550 
22150 28992 
4410 25357 
7991 14908 
26202 29428 
21109 24529 
23973 25937 
21783 24909 
19572 28155 
8099 25627 
24959 25474 
24373 25940 
16636 28050 
7217 21992 
15478 28828 
17042 18223 
27087 28670 
19052 28381 
7884 12597 
6739 12610 
17058 25955 
24236 26380 
21220 26096 
23332 24373 
8087 14994 
21622 24039 
11259 17363 
22844 23022 
5498 26491 
18868 29695 
15690 28866 
11828 25889 
21289 29760 
21676 26807 
14104 18412 
19187 23902 
14541 29887 
21590 26254 
19356 24691 
22096 26501 
19306 28422 
19340 26781 
11737 22051 
4064 27737 
27298 27622 
17526 26161 
25925 26682 
2362 24079 
9170 15454 
27400 29185 
12424 20217 
18738 21408 
13878 17707 
20739 22328 
18312 18832 
4555 11061 
1002 1908 
25356 29893 
23477 25383 
22654 26669 
17561 22034 
1872 23538 
6763 28224 
1386 15055 
9623 25782 
29396 29990 
21290 22824 
6918 16556 
16309 28928 
1786 24206 
3178 10489 
15609 24687 
8784 29974 
20982 29737 
22310 28861 
24745 28171 
4357 19204 
26646 28780 
16013 19210 
6118 29580 
28267 28435 
11143 24160 
18458 25895 
22918 23527 
6436 19990 
5499 26984 
12229 21883 
25679 28792 
11423 22630 
5071 14368 
21032 23695 
3125 29426 
10449 13161 
8040 8117 
4372 26463 
17884 29084 
10579 24784 
18564 21737 
3776 24192 
7908 21613 
21606 26808 
25075 29468 
3649 25378 
12056 20764 
9767 24167 
8071 14914 
16832 25950 
8390 13110 
29955 29993 
19021 25923 
5825 15915 
10416 17244 
18554 19929 
12439 20942 
17100 28657 
6446 6553 
13644 20812 
4666 28815 
11357 21946 
23685 25023 
26404 27802 
22961 22996 
16004 29841 
9196 17756 
1605 25112 
26645 26960 
21723 29858 
25633 28685 
12740 22604 
7063 21347 
733 8911 
12908 15730 
23083 27354 
17482 23615 
11355 23096 
2015 27066 
29295 29331 
18725 18970 
3557 10847 
9787 16257 
15239 27722 
9879 29010 
29909 29976 
25236 25336 
2939 16846 
10587 23842 
17140 25482 
22344 24951 
2240 6577 
26488 26983 
27474 29953 
12970 26972 
29241 29449 
13551 23616 
11775 19565 
7049 14598 
14187 22003 
8362 19320 
1759 21850 
23126 23164 
8403 22085 
23054 28278 
23793 24377 
10318 14292 
25942 26447 
10088 17149 
20148 23277 
2463 21877 
9683 25446 
12032 16102 
19755 28059 
87 28522 
720 27138 
23988 27104 
22394 27457 
7043 15222 
3145 19557 
6771 25612 
6971 21237 
29561 29661 
13709 15858 
12665 19542 
25309 26132 
12469 29828 
26224 28812 
29615 29721 
3566 12642 
1342 10122 
6084 6787 
9534 26177 
16025 28935 
23476 27918 
3551 6981 
22199 25787 
5634 15660 
28666 29784 
24315 25466 
22435 25840 
13343 27251 
5950 8039 
17099 23214 
148 8619 
4415 9298 
15946 24286 
18513 25847 
229 6855 
23602 24853 
10242 23222 
1360 28828 
8575 22395 
15857 19075 
25861 28814 
2417 24787 
2796 17791 
6432 11602 
5722 13395 
18362 19116 
3316 27467 
25438 29378 
3149 28398 
18690 24939 
13010 18902 
20918 28230 
12537 27373 
25206 28127 
8092 23496 
22134 28355 
20732 22537 
3187 28431 
24834 25186 
28962 29306 
20316 27143 
12988 15314 
1143 1310 
14057 16540 
5058 29143 
2567 27370 
15647 24438 
14365 23900 
12633 15043 
48 24135 
26237 28272 
14582 24348 
27288 28845 
28631 28718 
15859 21058 
19176 28523 
16758 18708 
19043 26498 
6830 18640 
10791 13229 
927 23741 
23903 27351 
15143 19533 
11680 26144 
8015 11322 
26593 27516 
5772 18203 
21740 22823 
26447 27959 
18835 19821 
4717 16289 
2137 29591 
3004 3994 
19774 24979 
14187 14203 
22737 24012 
28258 29990 
13162 16785 
21949 27819 
18936 27272 
26208 26511 
15115 16125 
18683 23310 
16194 16266 
7359 17094 
12251 25320 
17068 29923 
27627 29154 
22556 25522 
20906 26102 
10810 18426 
1116 11071 
8552 12833 
21854 27851 
3336 19829 
13322 26153 
4398 21026 
24754 29161 
24319 24796 
9005 9092 
13769 18908 
14482 24449 
17956 26426 
15479 15697 
9852 21921 
910 18795 
26020 28751 
18918 29289 
18706 27665 
22461 27566 
26209 27581 
25493 26201 
16345 22304 
5493 6043 
19899 24778 
19762 20625 
27567 28145 
24126 29908 
19668 22165 
121 21334 
9757 18521 
14926 17677 
1074 28876 
14257 22285 
8184 10955 
19017 25674 
13321 28222 
4321 17871 
11081 21337 
26542 29684 
21599 24854 
6966 16802 
26374 28656 
13538 24783 
25429 29575 
7460 15009 
13162 21326 
28295 29922 
13961 29664 
7249 26746 
26498 26653 
6177 18187 
23218 27734 
24226 27686 
12683 26137 
14510 16068 
24381 24993 
18824 21924 
22502 25914 
27686 28894 
6972 28089 
20079 23416 
5563 22870 
9382 15362 
19447 25215 
28459 29648 
2414 19070 
22957 27269 
13410 28772 
204 20087 
16066 19631 
6873 23946 
7692 23805 
27843 29627 
28396 29791 
1031 12354 
4155 7693 
22671 24760 
7890 23118 
6697 11970 
8528 20243 
21029 21578 
4316 14103 
7232 19447 
3055 19848 
18676 24871 
2880 9587 
11785 26175 
8398 15777 
26530 26930 
17625 23577 
17526 19538 
21060 29357 
24623 24972 
6464 16146 
15191 21387 
16700 27285 
2882 26275 
6612 23311 
17912 25260 
20348 25483 
6242 13159 
14815 28730 
17945 23948 
24695 29770 
12612 17686 
8265 13027 
11669 28671 
29944 29998 
24996 27282 
14008 25736 
26591 29614 
3462 11898 
13126 29763 
16508 17765 
10523 13459 
12977 17446 
16749 21092 
13503 27438 
13834 21363 
2247 15735 
6594 15560 
4531 17330 
21741 27284 
23561 24067 
9647 20577 
28764 29315 
24923 26080 
13957 19079 
10640 29495 
22747 24916 
28036 29813 
1816 16612 
25739 26711 
6537 25536 
12825 14672 
9596 29426 
18102 29843 
2651 12474 
11889 13249 
12066 14601 
4487 16230 
11190 17388 
10631 18843 
1550 16266 
12924 16104 
16331 24624 
1776 15148 
25 28136 
781 18905 
20638 20778 
14540 21041 
13382 15723 
27724 28441 
4976 17771 
5471 6476 
21335 22552 
23583 24632 
9559 24638 
3222 12921 
9187 12040 
5065 14945 
7549 12963 
25008 29949 
12793 20423 
11638 18261 
29611 29979 
4014 27435 
16029 20705 
18475 21560 
402 12667 
12614 18899 
5677 14188 
15409 23572 
10961 24660 
14128 21181 
6682 12050 
2502 7076 
8082 23086 
27790 29528 
29940 29943 
19409 26562 
29336 29884 
13649 15750 
9730 15450 
17568 20351 
919 9718 
25489 29915 
17856 28356 
15851 25019 
2299 4150 
7470 29608 
5182 8038 
27280 28962 
23423 25207 
1767 5200 
12369 15822 
7853 14260 
18032 21277 
17035 29719 
12322 25552 
8055 17777 
12587 16865 
17255 17554 
21312 29718 
8146 8391 
16982 20766 
1360 23222 
23297 23718 
13891 16285 
24657 25248 
24685 28547 
3366 21185 
11971 15351 
5363 23299 
7352 28411 
1947 19695 
9484 12622 
9141 18759 
4170 22493 
18021 19019 
26037 27969 
17443 22325 
26807 27045 
28502 29426 
579 13453 
12151 18575 
20727 26284 
26380 29669 
19109 28712 
6721 18321 
16171 27210 
5164 5444 
4192 21408 
2949 18970 
7797 20838 
6717 26085 
17758 28079 
5925 7179 
23039 25986 
3309 29864 
13080 26376 
8374 27967 
27819 29031 
20403 25717 
3516 10173 
26105 28152 
14681 22446 
5119 27587 
24839 28607 
10906 27225 
8133 14679 
17718 20319 
12728 22347 
9631 26904 
14010 16039 
18792 23188 
20186 27713 
13982 14755 
27172 29580 
28715 29124 
2630 27715 
21260 25508 
4858 6204 
27781 28158 
7027 11467 
8792 25049 
2495 15263 
6521 10186 
20128 27670 
16330 28514 
19328 24179 
29311 29434 
12596 15718 
2445 6233 
15839 27196 
3847 8027 
1047 18698 
22393 23893 
12329 18123 
3786 15222 
23343 25788 
6427 13808 
28381 29638 
1334 19375 
13785 29162 
2577 8376 
2230 2750 
13969 28259 
18649 22511 
6870 19203 
29100 29365 
1028 15148 
16649 17094 
26117 28133 
7139 28189 
5713 15468 
4564 8803 
10857 12933 
2734 27327 
2839 12106 
8567 26173 
10386 24882 
17474 25974 
9182 24356 
16915 29174 
28918 28954 
307 4697 
22338 26742 
28836 29591 
2185 27239 
9704 28619 
20766 25298 
25112 27673 
16320 29503 
496 10015 
10180 13917 
24974 26332 
5693 14602 
29072 29623 
15408 20283 
8654 15725 
8073 21148 
4678 18097 
1089 9664 
11091 18683 
19104 25013 
17983 22255 
573 2199 
19845 22455 
8288 9234 
12934 26635 
577 19293 
25531 28455 
3533 28531 
13852 25577 
9995 17542 
814 14127 
9924 21866 
20523 23449 
18829 27560 
18664 27702 
21582 23050 
17716 19770 
18535 19646 
5662 20056 
20783 26179 
16191 20564 
29463 29531 
20173 27917 
28291 29245 
17741 19393 
12668 19672 
23338 23673 
744 13124 
13615 25863 
4222 10423 
14150 25894 
11569 11965 
17558 27575 
8262 23520 
16652 21708 
8105 29917 
13887 14730 
7756 12793 
23620 26183 
23011 27526 
22991 27794 
21991 24471 
12577 29903 
1711 23573 
11914 28843 
22116 24332 
5415 14483 
11073 28894 
10467 13858 
18822 22551 
1275 6340 
29869 29923 
346 4846 
11049 18174 
18135 29510 
3933 7047 
7960 25196 
8818 16503 
28434 29251 
19190 27756 
22985 29896 
8545 19833 
23321 28816 
29819 29873 
15032 16291 
26250 27669 
6123 6336 
12777 20668 
14049 16944 
28903 29081 
5498 25451 
18614 26633 
18667 23850 
7907 27017 
18233 20386 
7600 28387 
18833 23264 
5245 6639 
18956 28879 
14737 27882 
12863 22319 
16009 17092 
7778 23698 
24516 27188 
24886 26549 
15215 27809 
28845 29752 
5123 17095 
12309 18378 
29338 29769 
28080 29159 
15723 20009 
29174 29391 
17418 26415 
700 9136 
5032 26792 
8225 16711 
17540 24136 
9767 23677 
15433 16969 
22634 29307 
17170 17392 
443 13453 
23690 27933 
13682 18091 
6960 29839 
3639 3931 
7513 14804 
2384 15870 
1338 26373 
14817 25720 
29131 29909 
26973 27711 
8567 15844 
19640 28865 
19859 22003 
28558 29795 
25170 28678 
21594 24347 
9038 25327 
16793 21959 
17330 19878 
4299 5606 
25656 29685 
361 4569 
27172 28404 
24148 26137 
28134 28140 
685 21837 
2713 13756 
11037 23636 
2802 16065 
17306 20832 
8557 13779 
20195 20807 
27242 28030 
2029 10707 
18969 24214 
25288 28417 
27529 29198 
24367 24554 
16639 24476 
3704 11521 
25 10472 
8949 18821 
20322 23608 
25550 26618 
10818 20967 
15966 18521 
9896 29900 
18017 25255 
22947 29280 
29392 29616 
13851 24668 
18600 23626 
10040 21813 
24338 25264 
18290 24304 
10576 29065 
1672 26102 
10859 15413 
1357 23825 
12579 22988 
1266 3937 
5288 17335 
12883 28693 
13510 28724 
21879 27066 
15142 20914 
22999 28614 
26983 27210 
1217 2325 
24168 26482 
27858 29983 
29630 29972 
26408 29710 
28505 28927 
23091 28048 
12048 22396 
693 29295 
26217 26241 
27566 29929 
20231 21292 
1975 14323 
12911 17972 
20086 26579 
23957 26125 
11895 27579 
14867 25609 
2204 13763 
2370 18711 
17690 22255 
22386 27364 
27520 28411 
10923 29095 
18154 20527 
13755 24123 
19332 24937 
20417 26936 
19621 25241 
7859 28466 
12590 25241 
15805 24824 
14548 23298 
23038 25449 
12277 19289 
36 1239 
3859 8534 
8425 12052 
15836 20261 
21540 29247 
27583 27605 
13355 21855 
847 9427 
12849 28790 
25804 29801 
26541 29692 
7988 17713 
17371 27320 
5689 24421 
23163 25943 
2608 15372 
16943 17900 
23937 24621 
29335 29489 
11837 16029 
24492 29836 
4081 8893 
5843 26883 
10738 19467 
17965 22353 
16003 19717 
29865 29958 
24568 29303 
22317 23757 
7974 15762 
2069 8237 
13301 14566 
26116 27937 
1106 9280 
14772 27489 
6000 23118 
16485 22719 
9910 29346 
11709 17058 
11950 24669 
17107 24164 
13806 26518 
1203 12250 
13084 13961 
28772 29608 
19882 21365 
12984 26910 
11511 23801 
6712 10285 
11901 13455 
21787 29459 
22715 26472 
1903 20221 
8449 26898 
27526 29481 
10280 26433 
11607 26599 
19120 19753 
27118 29875 
29119 29137 
15377 21075 
18965 26312 
29089 29241 
29738 29989 
13669 18476 
2988 25249 
26245 26272 
9906 10421 
22448 29347 
26459 28363 
18244 24192 
16686 19021 
28874 29014 
16909 24919 
13002 20489 
4410 10926 
4818 27945 
28533 29031 
20909 27090 
9410 26378 
6502 26900 
12707 23286 
16624 17095 
22741 23709 
28923 29958 
796 19394 
1494 13421 
24463 25550 
3348 24458 
8408 15464 
27446 27672 
13825 27313 
22865 29641 
26064 29769 
7308 9491 
7587 23129 
15162 21453 
2094 23816 
9841 17084 
20094 23416 
10617 11823 
26082 26652 
27330 28643 
2254 10470 
14796 19066 
1482 23592 
14552 19208 
12204 22789 
9448 18873 
14615 29309 
16681 26433 
20883 22605 
4940 21894 
26823 28095 
5741 8450 
2110 16371 
1500 20683 
26066 26784 
25728 26441 
24661 28297 
25693 27092 
8100 17739 
23142 28752 
26727 29904 
28621 29905 
12576 20159 
10402 27663 
29697 29758 
23667 27428 
27506 27678 
20555 25243 
7253 10531 
6535 16982 
3661 7079 
6082 24187 
27583 28479 
12754 16535 
140 10769 
27869 28107 
2496 25762 
13023 24099 
27497 27842 
2805 13387 
19364 19995 
23166 28201 
16052 18503 
14251 14489 
15661 25978 
17560 20216 
9173 23447 
16283 25445 
20091 20435 
481 17388 
28677 28930 
21356 28836 
5060 23854 
12529 13714 
19981 27003 
29138 29143 
18413 24725 
10605 28731 
13410 27066 
26612 29350 
10312 12188 
27112 27244 
4 2729 
6334 24619 
2971 12252 
22448 27494 
2921 22906 
9078 15473 
9145 15389 
8651 23513 
8845 16300 
7631 26775 
23264 26100 
22768 25648 
6353 9244 
21591 29637 
10377 21370 
15601 18891 
23675 27627 
28350 29152 
538 9712 
1417 1514 
26717 29921 
4699 7441 
27464 29448 
26979 29379 
14657 23675 
10665 12191 
12789 20109 
6585 11105 
202 26494 
1490 22476 
24016 24931 
19505 29001 
13078 25882 
26208 28213 
14684 22553 
15052 27554 
26171 27439 
28420 28695 
22957 27657 
6259 24809 
25170 28629 
14118 17490 
3395 12511 
22925 24685 
4417 23313 
19887 25447 
7250 20756 
27010 28905 
6658 27335 
8652 13875 
28520 29081 
2771 19449 
1033 24019 
26237 26864 
21709 25060 
22418 28031 
19332 24992 
10595 21077 
20676 28929 
13955 22596 
26547 27785 
21897 22881 
5844 19730 
5562 17789 
16261 25938 
29953 29984 
6558 20821 
10563 26047 
24502 28655 
19854 23607 
24797 27080 
18609 25159 
22086 29652 
3016 24752 
26354 29932 
8398 10845 
5933 20372 
8899 23372 
28485 28589 
30000 30000 
18989 23480 
26215 27598 
15819 18557 
9463 12242 
13928 22288 
26724 28824 
18321 27445 
11712 29897 
2505 6774 
9609 18522 
17728 18738 
22791 29659 
12477 20267 
26699 29718 
4500 18157 
22044 28178 
24893 29869 
19699 29872 
2108 21968 
13643 14291 
28075 28494 
5282 17115 
26286 26697 
21907 28670 
25880 29796 
1037 8369 
24438 29774 
22495 28670 
23155 27918 
7674 17086 
19431 27091 
23620 23931 
1906 23806 
27512 29967 
9144 12133 
11947 14963 
21716 29856 
3900 26690 
2727 14693 
28342 28633 
16838 22952 
24988 25471 
26993 28342 
2977 4773 
1434 14212 
19295 27507 
17437 25516 
15355 19907 
18306 28332 
26902 28678 
19695 26096 
602 17898 
19757 27862 
23161 29143 
8640 18959 
11113 19278 
24822 29468 
5285 10901 
29318 29427 
1046 8376 
15972 17688 
6315 18301 
3564 11055 
24421 28792 
5229 29811 
23249 29946 
11131 18470 
9199 24054 
29732 29812 
12013 19319 
20785 21595 
4174 22596 
12364 16362 
3767 21721 
12108 14751 
13313 17422 
13807 28323 
2359 29676 
4787 25797 
8083 28115 
1389 2285 
3757 14473 
10546 15000 
172 18173 
17088 17482 
9494 19435 
12622 19982 
21054 24268 
1763 27696 
7100 13873 
26798 26880 
11567 22198 
25369 28407 
10969 13045 
20837 25217 
2903 26379 
24059 24144 
26029 28909 
9868 14757 
15151 27060 
19004 27301 
5955 15084 
1977 22316 
24807 26650 
11495 12907 
18156 18547 
6334 16187 
791 5489 
11890 27190 
14447 22348 
4991 15079 
12940 29644 
27416 27671 
2086 17964 
13817 27983 
1927 18999 
18093 19055 
23266 29952 
7971 23532 
28227 29011 
22789 22938 
20551 27456 
24693 29094 
8707 26315 
13102 19111 
19120 28783 
24381 25440 
20121 27897 
22490 27954 
23392 28447 
24976 26538 
829 2552 
24010 24561 
2710 5520 
13856 23730 
23894 24501 
16987 18632 
5072 10649 
19415 27827 
5488 25272 
4387 22386 
942 9538 
12565 22295 
18934 21906 
4239 21984 
9833 26017 
21854 25683 
14809 24226 
25116 29144 
13840 23134 
23292 24901 
24571 28744 
12774 23565 
13641 23319 
1956 5222 
6044 22364 
12770 21080 
16122 19826 
4605 29967 
7936 17337 
9844 13033 
29691 29717 
4628 22621 
14951 18244 
17358 18797 
14220 22213 
26491 29535 
12286 22094 
18707 26604 
17827 23599 
26118 28541 
19461 22758 
9025 26900 
9315 21688 
2061 15148 
6693 7278 
29035 29261 
26859 29409 
5001 6691 
12612 25348 
3028 28110 
6110 9305 
15557 23556 
6889 23266 
13162 18064 
13745 17309 
4496 21802 
3944 16651 
3669 24407 
19768 22590 
15652 26080 
17091 24561 
14649 27458 
28192 28526 
8398 24833 
26620 28953 
28202 28582 
14533 22788 
7159 25991 
21573 29840 
19383 23755 
18144 23004 
11913 28330 
9157 25606 
27488 29065 
22326 23616 
28360 29365 
29613 29966 
14841 17376 
6097 12750 
3130 12342 
581 3424 
4841 20224 
28115 29951 
23186 25463 
29669 29955 
23064 29061 
20921 27839 
21056 22797 
24066 27437 
15281 29842 
27520 28961 
2780 27781 
18248 21651 
19855 24713 
21659 28602 
29206 29941 
4057 5696 
27830 29747 
28036 29140 
9201 18152 
8593 27489 
502 12538 
20770 23377 
2346 18657 
25010 29475 
7151 8383 
15491 20396 
22195 23545 
12194 21199 
19555 26641 
20755 27576 
27121 29561 
8406 26439 
4723 5463 
6244 14920 
5091 29527 
20474 28445 
17538 21117 
27877 28120 
5757 8516 
11622 28291 
3916 12656 
14359 20302 
4330 12048 
9945 19132 
2746 12627 
28455 29800 
375 796 
22575 25313 
16369 16508 
20561 23389 
1334 3730 
13889 21058 
19888 25267 
17503 25669 
25924 26944 
19597 23033 
19528 28360 
26506 27380 
9592 18029 
20207 21871 
7404 14863 
20702 23910 
11242 19344 
13804 14127 
27767 27891 
26865 29091 
13727 27862 
4143 10853 
11850 16153 
29085 29086 
15781 27312 
14397 22786 
6243 15517 
3390 15968 
24496 28966 
22383 25643 
9969 18178 
18062 29451 
7204 25645 
26964 27090 
28197 29706 
27647 29846 
18772 22839 
23022 28939 
23179 25857 
5793 14786 
16203 18011 
2212 14139 
770 22459 
17833 25545 
20578 26616 
13680 17892 
4659 13022 
7938 16845 
29514 29630 
8261 8807 
24353 26930 
6235 11319 
17309 25957 
24387 25463 
25450 27186 
12708 20506 
16721 23887 
20459 24353 
10498 25045 
20221 20770 
23352 24965 
19953 28446 
26956 28474 
19903 28662 
12261 13217 
3717 6513 
25906 26866 
21687 22370 
29602 29876 
18891 20774 
7251 7275 
26292 27694 
13994 22038 
20158 23638 
24704 27164 
10730 11898 
2789 26584 
2350 15140 
6466 14156 
7332 14942 
12242 21958 
23766 24196 
14150 26995 
26260 28562 
12338 13366 
28300 29132 
21171 25869 
17411 29916 
15557 29793 
16662 16671 
9172 12265 
15621 29381 
11568 16399 
10720 28234 
597 8056 
18030 20769 
24937 28449 
11929 20728 
11175 17008 
6273 7276 
4993 9220 
10815 27113 
434 7739 
7100 15487 
22140 23612 
18143 28781 
28991 29307 
15406 25966 
27634 29741 
2870 6565 
14410 21186 
25204 27287 
21331 29354 
6860 16154 
24412 26633 
7257 7759 
24486 28847 
8997 16444 
7274 8422 
27463 27509 
6966 10613 
3723 7758 
8787 27807 
26794 27532 
1990 19006 
19709 20695 
25783 26589 
8454 23975 
11614 29747 
17586 17829 
9728 11573 
29512 29568 
26739 28379 
17741 19034 
25864 26133 
17054 21056 
8093 14901 
583 19256 
8259 9262 
14895 19011 
21316 28964 
12922 20391 
19745 26883 
1087 8385 
8289 26340 
13049 18262 
15515 28823 
23563 28330 
13358 24359 
16713 21937 
8261 26544 
8067 18461 
27980 29645 
11597 16225 
29194 29533 
23718 29850 
28334 29934 
9449 15030 
891 22080 
8439 20844 
26019 27902 
20329 25683 
7006 19041 
27007 27732 
4223 18317 
29052 29745 
27385 28017 
4488 29999 
16553 26188 
20350 26341 
29683 29986 
14392 17012 
28049 28478 
16061 19478 
21134 25133 
19353 27909 
27733 28175 
17736 21089 
2098 12802 
21511 23517 
16236 24465 
8170 19695 
2381 18049 
24256 28771 
17864 27067 
26544 29110 
19899 27571 
19534 23532 
4941 26456 
20174 21387 
9663 18693 
20698 20703 
28850 28970 
12580 28664 
2261 17992 
28228 29329 
789 4151 
3091 26841 
6024 12174 
22572 27638 
2137 2861 
18177 19024 
12945 25682 
29043 29392 
20513 20965 
4440 21514 
29477 29967 
16367 17594 
24449 27907 
16789 29203 
25748 29900 
18379 29651 
5211 11448 
19545 24913 
10410 18964 
22914 24668 
18643 20026 
22091 29784 
25460 28899 
11561 26106 
19240 26704 
16717 21730 
14074 19337 
382 2676 
22893 23115 
7699 20383 
8111 10515 
19654 23318 
6622 6923 
14921 28014 
7133 12376 
3434 20998 
521 7498 
27383 28506 
6641 21633 
24484 28168 
5574 15317 
27085 28038 
28887 29110 
8118 28075 
14502 23210 
9527 27274 
5883 12264 
12597 27752 
26217 26326 
1842 12474 
3435 25873 
1019 6149 
27061 29359 
10491 23428 
21159 28089 
2036 6385 
27523 29850 
22300 26299 
10168 24112 
8024 20515 
12863 29724 
23533 28076 
7424 16066 
21812 25151 
4831 21336 
5698 12162 
25344 28657 
2564 17542 
20905 24206 
969 26546 
10547 19940 
351 7886 
18296 20489 
28946 29402 
5760 23245 
19983 28525 
124 26952 
698 1856 
20691 26539 
4187 13722 
5774 20047 
25413 27606 
1845 3178 
744 5759 
1625 26847 
2262 19838 
3711 4772 
18298 18788 
3935 29518 
7942 17589 
19268 28886 
17494 18768 
22295 27789 
22380 26836 
9509 16096 
15453 19993 
13853 26175 
4274 22330 
13983 22661 
24672 29854 
2012 6692 
29290 29877 
23930 24629 
5537 26854 
24478 24667 
24273 25053 
4114 23422 
9419 12499 
13372 20664 
5861 17273 
9067 23694 
9682 15463 
13514 15405 
29188 29511 
7089 24896 
12609 22788 
17879 22682 
14179 25165 
25421 26538 
26150 28813 
2437 28110 
160 21806 
28043 28914 
20813 28060 
27736 28578 
21927 29214 
24685 29650 
11998 14773 
5441 13103 
15844 17564 
4718 24588 
615 3634 
20220 25026 
8019 10632 
12665 15587 
3054 17398 
10213 27379 
10360 26759 
15826 29852 
25235 25666 
22191 27801 
21605 24295 
16927 23742 
11091 19903 
23301 25283 
22493 29197 
29495 29896 
15970 17934 
18365 29065 
6756 24869 
27017 27301 
458 10032 
21235 21884 
6193 14077 
5592 24710 
21582 25100 
7573 9817 
10665 10892 
29962 29991 
3015 12088 
26018 29912 
16419 28292 
2245 7121 
24839 24878 
1200 7161 
23115 29081 
22999 29877 
13205 14172 
5908 15681 
3772 25720 
18412 24453 
4316 22344 
29194 29703 
1767 16801 
9478 20206 
28344 29074 
27435 29471 
9082 25520 
18099 27239 
2242 15520 
27179 29920 
7505 24735 
20531 25517 
17584 26136 
6704 14250 
28720 29998 
26439 27055 
21368 21505 
9130 15774 
7875 24652 
3069 11711 
18729 22252 
28862 29965 
6331 9911 
2530 17042 
12379 22420 
3777 17448 
27025 29656 
21020 27951 
5846 17823 
8977 12283 
24628 29601 
9446 16857 
19544 23193 
10658 19164 
11068 19151 
12474 18695 
21606 22953 
10002 12202 
7566 17851 
26333 29359 
19263 21089 
26782 28273 
10129 26545 
7695 22562 
12673 15461 
20678 22240 
25249 27713 
14552 22063 
6660 13140 
15119 16442 
22473 27722 
6167 26922 
28165 29617 
28607 28695 
4998 12232 
5299 10273 
28546 29666 
7854 18291 
14344 27683 
19213 27135 
18914 22204 
13671 28730 
20417 26502 
26597 26693 
10766 27520 
29094 29318 
19878 20732 
29339 29419 
23048 29643 
12710 13092 
9015 15765 
11423 26582 
6134 15023 
23793 26106 
25949 28309 
20068 23635 
24549 29322 
29128 29329 
13816 19531 
355 10374 
16413 25378 
25573 28496 
12557 17180 
12522 19862 
11257 22964 
19319 20623 
27206 29145 
26695 28433 
15604 27884 
5234 9960 
6301 25793 
8856 22948 
21626 26989 
14659 27833 
6910 20720 
4971 14727 
5407 5558 
1880 22797 
10890 22830 
6879 12500 
2985 21068 
21960 29561 
11706 28787 
5045 28386 
17192 27624 
14945 26819 
7755 12617 
14342 24288 
26004 27408 
24983 29723 
16398 20155 
10644 17937 
6242 24823 
23697 27567 
6722 20194 
6635 17284 
6909 26840 
4133 16376 
26444 28903 
20715 27811 
17687 23965 
9633 20948 
17856 20975 
11219 18370 
15053 23323 
3454 14187 
18796 23665 
287 25958 
16046 26206 
867 4384 
10079 27446 
5293 8634 
6704 26236 
2314 9325 
24220 26418 
23923 29447 
23660 26281 
11423 28704 
29908 29927 
10428 25102 
5410 18669 
9977 21361 
20138 28356 
134 20443 
210 12035 
24740 29963 
8470 12324 
29095 29601 
7587 26724 
450 27879 
3747 21600 
7592 17709 
21115 29272 
8000 25529 
7104 11798 
13684 29194 
5370 20239 
386 16979 
3275 27629 
22230 23242 
16182 24193 
24350 25083 
21731 22280 
27948 29400 
22048 23344 
16717 25256 
5423 26613 
6283 28357 
15279 17962 
2119 22959 
28718 29876 
24405 27507 
28054 29603 
1923 16079 
23044 25446 
14458 29192 
22415 22828 
6386 13342 
27139 27937 
21471 22683 
5478 11329 
3387 17291 
7937 16224 
14533 19017 
500 14152 
25828 25831 
6220 13833 
8646 24608 
14915 21348 
12969 22047 
11735 25091 
11674 27129 
7701 25361 
4206 25011 
28992 29986 
6708 26481 
12442 17108 
22386 22658 
17632 24799 
13403 27506 
29832 29903 
15995 24423 
10965 16494 
15105 22120 
18234 20000 
9587 10036 
10751 19631 
23889 29086 
10006 11313 
145 8025 
7836 22914 
12037 19789 
9138 22933 
28653 28715 
25192 29943 
8031 22978 
15171 26279 
26262 26740 
8773 9873 
25956 26070 
15569 20458 
15277 17905 
8728 18958 
28761 29063 
23328 23868 
29243 29515 
1143 10352 
21879 27696 
8683 14408 
24454 29762 
29123 29883 
21999 23100 
1000 10197 
27047 29976 
838 28193 
19700 25991 
5512 27557 
22040 22892 
15088 15449 
13002 23372 
17250 25616 
29863 29901 
23883 26389 
9430 22941 
10425 27403 
10394 12027 
22075 27122 
9102 25621 
21406 22731 
23650 24032 
18002 25027 
16039 24620 
12610 16491 
20307 22054 
1068 13547 
585 23612 
19102 19116 
8644 17267 
18004 20955 
15314 22829 
24881 29195 
21089 23955 
19832 28591 
26573 29382 
8162 17740 
6316 22984 
362 22293 
532 29653 
20906 29458 
7102 16762 
13273 14577 
17047 22035 
22065 27775 
14498 24013 
9595 11336 
14852 24903 
20928 24866 
29789 29981 
27171 29276 
27071 28546 
16613 28020 
25204 25993 
6308 15230 
25042 29025 
23421 25164 
6432 18759 
12229 13653 
8822 12377 
10347 25662 
12480 19591 
21160 22440 
13619 29306 
12483 21802 
3656 10355 
3223 15990 
2882 11485 
27562 29983 
18140 21870 
3590 4963 
2319 11876 
5821 27750 
23549 29762 
29968 29973 
9540 29132 
20810 27721 
10724 17092 
19793 27105 
4212 7242 
25541 26709 
17019 20265 
11309 11593 
22332 28742 
27383 29011 
20260 22998 
4024 29918 
23336 26058 
26876 28976 
15487 19204 
933 14198 
25134 28897 
23335 27836 
5164 9498 
686 16415 
22237 25640 
12285 27663 
11798 21403 
15456 27935 
18248 28000 
20831 24375 
1911 16949 
5632 22069 
5650 6219 
19869 23375 
18724 20905 
16445 16628 
15002 22019 
24663 26938 
28549 28690 
4907 29558 
13473 29554 
28682 28758 
27851 27863 
23143 24442 
8564 14649 
14333 15029 
7114 24127 
20603 21997 
5974 11562 
22076 29244 
3555 22757 
6150 19591 
3517 11024 
3871 21586 
18373 21068 
9762 19252 
28778 29299 
1346 29400 
12037 29099 
12110 29593 
6781 27654 
13976 25402 
14197 18703 
834 1870 
22298 27178 
21630 25817 
16245 26990 
8491 12885 
10118 20082 
22327 28478 
3816 14636 
7002 20534 
14414 17169 
22540 29201 
14068 28068 
188 24423 
27961 29304 
15830 18932 
8623 14983 
25082 27983 
20535 27938 
24856 29881 
29089 29904 
12264 17175 
25347 25967 
13488 17878 
11999 17995 
4478 14231 
24652 27910 
181 12221 
23402 27524 
18038 20416 
18824 22456 
8122 9861 
13827 20456 
6459 15247 
29178 29404 
24543 25553 
28216 29438 
8862 16272 
29306 29351 
6248 7924 
22156 26343 
12181 19329 
6636 18109 
1998 12586 
29957 29986 
19281 27870 
4289 12152 
6985 25387 
4115 13546 
16203 20560 
14222 28786 
12588 19969 
16046 19559 
6872 14045 
18492 22944 
15267 24177 
11264 18943 
7594 28773 
18737 25484 
8740 9549 
16403 23200 
24498 25295 
12812 28456 
16309 16712 
4534 10157 
21310 22144 
1071 24075 
14613 14968 
18205 21083 
17123 20872 
10817 24839 
18509 27322 
15270 21047 
12177 13383 
6704 24732 
16588 28537 
13273 14681 
17298 27430 
16109 24099 
19986 23537 
17713 21687 
29743 29910 
6453 23398 
15923 18257 
18671 19367 
24435 26577 
1996 14370 
7489 17189 
10155 29156 
28755 29646 
25726 26886 
4796 11184 
2316 9119 
27879 28636 
21974 29083 
29645 29849 
20952 29062 
9975 12460 
12118 18443 
26545 26947 
28758 28979 
27922 28484 
11544 23220 
1234 7487 
7338 25057 
21393 24089 
7623 27255 
10170 29115 
28321 29357 
4517 11252 
613 28943 
9525 20979 
3879 9278 
29620 29639 
26590 28963 
9392 17130 
4034 23657 
11538 16507 
29844 29912 
14851 27996 
22174 29074 
782 2447 
22371 27047 
16214 29437 
2170 25858 
16814 22176 
10466 29577 
12626 28543 
18163 18985 
28061 29850 
9483 28308 
27576 28716 
16498 17875 
15773 21938 
7584 11241 
26617 27832 
10441 20541 
6391 11514 
7979 28703 
24622 28122 
20956 27250 
15600 20968 
3813 22211 
3956 4335 
11879 27776 
5639 6686 
8869 28131 
17088 25084 
6856 14511 
907 9349 
13437 25664 
25195 26107 
25640 28770 
8093 22291 
21213 23582 
313 3293 
23854 23967 
12937 14313 
21090 26359 
9619 25455 
13435 26385 
3898 12386 
935 11343 
14316 26419 
28873 29240 
1760 5521 
3523 17266 
18963 20892 
21234 27769 
8423 11179 
26684 28162 
6032 13123 
25592 26975 
7273 9313 
26820 29327 
18151 21363 
4211 23820 
6912 15976 
21160 22405 
28642 29807 
27970 28295 
15982 24946 
19752 24545 
23134 26014 
14226 16288 
8080 17613 
16805 28427 
20600 22182 
15623 19088 
15952 20689 
346 9785 
2607 24300 
18977 21454 
10858 24626 
5796 26437 
13938 23250 
20345 23508 
9002 27964 
6341 13540 
11970 18789 
13058 29273 
17087 24403 
1703 4510 
27299 29865 
2464 21045 
11517 14091 
10315 10933 
23449 24614 
9514 21639 
23672 29091 
18027 18390 
8510 26253 
5336 22093 
16672 17386 
23772 25947 
13920 16993 
21914 26683 
26468 29586 
27384 27967 
2659 22505 
16910 26550 
5881 13477 
2978 18814 
1843 3147 
11636 12944 
29249 29839 
28395 29882 
3937 12903 
4390 27878 
18205 29831 
17532 23412 
2163 12946 
1596 10347 
18490 24185 
21962 28859 
16352 18447 
14091 23971 
14172 23591 
10939 15245 
23678 29461 
4633 20221 
23447 28547 
21253 25731 
16466 18474 
19896 27650 
27945 28829 
19496 23313 
28037 29893 
15994 17619 
8113 29642 
12310 24176 
12455 19880 
20618 26598 
1045 7288 
20328 27813 
15817 19591 
19543 29892 
27636 27902 
9943 18485 
29526 29897 
19935 26301 
14052 26802 
6038 28021 
25317 26372 
24597 27387 
26688 28849 
23057 27644 
29235 29904 
15317 24300 
7044 16927 
6030 26254 
29946 29957 
24908 29340 
22518 27372 
8232 29725 
22352 26603 
25502 28857 
20511 27593 
19385 27618 
15847 19773 
1184 11850 
11155 22958 
19662 23682 
5480 19536 
16756 20932 
8770 15128 
13693 13875 
22907 25027 
12819 21741 
10471 25430 
1079 4558 
29996 29997 
26082 29391 
8195 21170 
16479 22201 
22270 24729 
22961 24965 
10495 26154 
20266 21022 
12734 12934 
23010 25838 
10501 15810 
11768 22113 
20521 22459 
27847 29956 
5448 21439 
20372 21809 
9695 24890 
20771 29099 
3873 20945 
24107 29886 
22494 26196 
822 23669 
26265 26587 
2351 13193 
16196 18624 
18233 26788 
1742 19528 
23534 24071 
23114 29392 
9419 15013 
16101 29081 
19201 27771 
15441 15532 
14823 29494 
27972 29218 
12023 18646 
12164 28204 
19073 24169 
22465 23185 
16683 17542 
12011 18143 
21338 27357 
16453 28999 
11674 15798 
15625 26082 
12965 28049 
10954 25013 
12491 23030 
11644 25223 
26038 27062 
16737 24955 
24252 28458 
11093 12124 
10561 27305 
13806 29394 
19558 25446 
27931 29440 
9056 25427 
19781 25954 
10000 18467 
26439 28978 
16837 28714 
6485 24821 
5612 23435 
26616 27485 
11072 23073 
27344 28880 
29716 29924 
8477 25989 
11971 17666 
49 6110 
5265 5525 
25602 27050 
18505 28822 
24624 27967 
1979 16905 
5843 10703 
447 11587 
27720 29094 
14398 18960 
21669 23334 
1131 25710 
28220 29428 
19790 23622 
7577 8600 
27475 27526 
25299 28264 
28770 29526 
23719 28851 
4730 23884 
10148 18892 
9919 23254 
15316 29670 
20211 22411 
13692 18731 
17290 20542 
1752 2056 
2195 28818 
17522 28554 
24711 25403 
15998 18050 
4040 18282 
10675 24641 
17743 25942 
12412 29073 
1325 6819 
12377 24810 
21873 24333 
18682 24718 
9775 12644 
10912 13634 
27185 27656 
28204 28641 
1243 22693 
9788 19910 
17128 20636 
1146 20877 
24817 28532 
20638 20992 
8911 11842 
8997 26841 
19546 25459 
7433 25932 
20904 25594 
16442 28033 
22252 22502 
24234 29239 
28027 29449 
12879 28105 
29081 29654 
29849 29883 
9934 26454 
17092 18221 
21692 23158 
22217 22236 
21070 25141 
27958 29613 
2329 6795 
13311 24856 
20381 23279 
14266 24426 
12952 13245 
29741 29864 
9908 14367 
51 25671 
11101 14469 
9279 28563 
14110 19504 
18865 23185 
24375 24478 
23658 28487 
26564 28547 
25066 26015 
45 28655 
17493 25416 
18499 29688 
9643 22804 
13861 27542 
24463 27393 
29837 29963 
27360 28282 
9444 27702 
4111 12126 
6911 29411 
9627 15647 
18350 25352 
7109 18913 
29528 29852 
58 19036 
24954 29546 
4691 21834 
4508 15432 
27367 28054 
25386 26378 
29004 29111 
18892 29386 
4666 20597 
589 9858 
29099 29199 
5222 21441 
8952 29038 
3399 16746 
178 27680 
19345 23457 
16136 19709 
11923 27357 
5658 5989 
15180 16448 
27703 29107 
4609 9875 
26533 28908 
14941 17097 
17473 17522 
20530 20840 
20444 22815 
22330 28886 
8418 13220 
11190 13904 
4096 13751 
12062 25040 
20894 21906 
26493 28624 
25254 27035 
16129 22273 
29598 29700 
28484 28595 
7710 8966 
21042 22976 
14336 14458 
6402 10092 
2092 11050 
19852 20723 
10699 27520 
16693 29542 
21825 25375 
15727 22430 
15299 18065 
3623 6667 
20623 23313 
3596 21867 
19236 29731 
6790 9176 
5968 24777 
29229 29834 
20821 25295 
28837 29753 
5777 22258 
11031 29982 
19693 29754 
22933 23106 
972 17670 
6249 22661 
15107 27570 
4150 15865 
9313 12007 
21325 26732 
15147 28874 
15937 28531 
2455 25609 
17148 22729 
15049 16261 
12017 14113 
6433 23837 
3958 24379 
26416 29765 
27120 27202 
20678 26982 
10361 18378 
16324 26380 
15243 25476 
10280 17603 
21925 24907 
24055 27371 
27003 27662 
8692 25776 
7007 28893 
21896 26876 
14166 18962 
11905 12130 
25172 25645 
3744 19269 
13903 14709 
11805 13303 
12831 23691 
21194 22272 
15208 23989 
7841 7956 
27783 29273 
10248 18902 
9529 28437 
5064 10439 
23092 24788 
2280 20613 
24085 24336 
8110 21890 
11634 18423 
3798 25285 
5026 12242 
22022 23873 
4207 16059 
17284 27599 
11749 29188 
16588 25518 
13812 22901 
177 3317 
14525 22589 
11700 16361 
24385 29859 
19415 25848 
22813 24380 
19939 27859 
19057 25007 
410 974 
8083 24987 
1337 24297 
25525 25765 
7068 25046 
16095 18482 
16801 26260 
7257 25492 
8357 25827 
16856 23089 
20667 21823 
20082 25807 
22737 29470 
2466 17674 
26520 27120 
10957 15504 
5609 28883 
15422 21455 
12773 29398 
11463 17444 
1042 10069 
25959 29721 
13344 13764 
4016 22426 
16746 25074 
3678 29556 
25345 26679 
15866 17790 
28187 28670 
21397 28489 
21196 28244 
7828 14580 
3280 25146 
27050 28940 
2338 19589 
17809 23689 
3841 27881 
11874 19307 
4467 16433 
10575 17163 
6007 6852 
1735 29384 
27440 28992 
25693 26635 
15480 24345 
17523 26109 
1611 28121 
13744 16291 
13058 29617 
10077 21628 
27847 27940 
12239 27704 
6464 25648 
2426 17231 
11527 26264 
3950 24736 
21399 29272 
22793 24551 
9518 17764 
10691 27979 
6899 29450 
27870 29270 
26078 27659 
9276 14658 
9772 13196 
7747 29734 
14565 26737 
12468 23091 
74 11491 
12129 17810 
3344 20281 
1009 1269 
29151 29468 
7576 19934 
28095 29674 
14091 26861 
22390 22530 
15291 24996 
27152 28706 
28727 29516 
12220 24520 
18899 19792 
19390 28988 
14570 22045 
4858 29757 
14860 16534 
3930 20775 
29654 29963 
13058 16782 
28900 29018 
23776 23793 
8142 24893 
17532 23747 
22702 23907 
15098 20198 
8897 25480 
2190 20593 
11901 18479 
2645 10360 
23621 28162 
4426 20967 
16335 28978 
29233 29436 
20043 26176 
9776 11121 
472 18488 
23155 28172 
20250 29983 
5678 12710 
2049 15194 
12333 25817 
26782 28500 
27940 28636 
13502 15091 
8371 19918 
9391 24446 
9631 12598 
11769 27069 
4863 27126 
12082 29688 
7541 26697 
7820 11501 
25705 26982 
17736 23114 
14044 15625 
22241 23372 
21854 25875 
18440 29570 
18312 18852 
19595 23856 
13139 18724 
17928 26277 
14665 25950 
2772 21197 
11779 21678 
10875 28862 
23118 24016 
22472 23597 
27060 28927 
11877 20998 
20877 28449 
24921 26793 
5888 28541 
11893 29034 
18298 20632 
18991 27011 
25352 27273 
11494 27708 
21103 22729 
13514 21288 
6194 19056 
27133 27331 
17472 29571 
20907 22301 
23983 24594 
3583 6914 
19014 21246 
20572 22921 
25103 28454 
4730 21653 
27433 28995 
20664 21797 
21926 29500 
22711 27689 
26567 29856 
27312 29879 
87 5462 
78 23158 
17797 21718 
13344 19285 
20258 28728 
5647 8326 
9074 9412 
23000 24002 
29888 30000 
14505 27082 
7578 16075 
26463 27144 
26906 28568 
17839 28207 
5486 18481 
21191 26331 
22714 22939 
22377 26095 
11984 13713 
12109 22462 
4964 22397 
12125 19116 
18633 21312 
10476 28467 
28717 29835 
23190 28126 
25739 28154 
13221 18387 
17349 20476 
10440 24610 
17964 21695 
2487 8158 
10583 21059 
11899 18256 
25124 27738 
7811 20256 
10472 17587 
3852 15524 
12319 14731 
5080 13083 
1171 8664 
10388 10581 
15168 20151 
21540 23239 
27238 28058 
13820 28098 
25352 29439 
15176 21155 
27526 28205 
5152 26348 
28230 28845 
13479 14457 
12916 13652 
11035 19769 
20243 23282 
21484 24365 
18307 29451 
15445 16852 
26228 27903 
29275 29592 
2407 23802 
15599 18966 
6960 7941 
10413 15367 
7865 25780 
9207 9378 
7672 9505 
27346 29246 
20691 24644 
2427 23031 
4085 29916 
24914 28695 
14216 14617 
2072 8247 
17831 29311 
6807 22813 
19251 25159 
19449 24359 
11355 19405 
25829 29296 
12315 20188 
25827 27682 
1375 2233 
26581 28721 
22839 23618 
3035 19649 
17945 26384 
11857 24491 
117 23938 
4016 11871 
13576 29682 
11638 14200 
18892 22002 
10011 19265 
3859 5022 
12747 15642 
25910 28957 
1585 15348 
19835 22080 
29214 29733 
18121 22901 
29200 29718 
18303 28473 
1236 22377 
711 11509 
27151 28032 
5421 18272 
28158 29713 
1688 28433 
14162 28260 
17486 29674 
4749 19866 
16109 29435 
29120 29545 
8712 20611 
21619 23769 
1619 21449 
26807 28722 
5702 17209 
24882 28410 
3715 25790 
16229 23744 
23633 26657 
23812 24920 
25075 29528 
13466 20626 
29624 29716 
13282 27459 
28286 28497 
7351 20644 
14600 16451 
4873 14405 
9271 18991 
11088 17771 
27325 29668 
16438 25259 
4080 5635 
20502 25427 
3683 18123 
4027 9226 
1120 6110 
1898 28885 
15977 27166 
7905 9869 
26361 28176 
20657 24570 
23628 26231 
2483 13461 
5603 27056 
17714 18597 
7988 20687 
14868 19015 
25699 25809 
21980 27357 
21040 24529 
5307 23901 
470 6373 
10911 27063 
7209 11493 
24884 27798 
2732 16364 
4893 11993 
22154 26911 
6116 23364 
4558 17619 
16441 25735 
11113 12642 
24009 26904 
27016 28767 
25529 28411 
26112 28546 
1660 24554 
26206 26575 
3755 28365 
11895 14758 
16379 21331 
22023 24626 
9052 10396 
13836 28274 
20710 22982 
1868 20662 
22173 26436 
17319 28137 
23387 26758 
14616 21264 
15119 21584 
12681 16646 
15125 28819 
1369 20932 
6032 9713 
18624 25427 
17015 25357 
19198 19742 
12855 18450 
24362 26405 
27809 28286 
27614 27944 
7170 27895 
20725 28669 
19024 25360 
13491 27121 
7815 27309 
29819 29847 
20111 29796 
23629 24682 
16962 21149 
15281 17055 
22326 29597 
11396 26157 
27698 28017 
9331 23038 
10342 20244 
20604 25505 
15059 27884 
2296 12628 
10603 18872 
17269 22054 
29820 29841 
27200 28408 
1713 17846 
21379 29797 
19712 26937 
9824 28344 
11858 12797 
1338 8427 
1736 11689 
12409 14831 
25444 28797 
17778 24452 
8496 19040 
24752 29277 
1887 22059 
12650 12883 
16794 25625 
10329 23423 
787 8405 
3193 13867 
5590 10804 
15271 25918 
2041 12581 
7064 21942 
1245 4228 
17695 17784 
19062 20292 
3471 11566 
7795 18770 
6593 24293 
19167 25797 
19771 27441 
23728 27005 
26899 28631 
18779 19654 
11093 26893 
23066 24730 
29531 29702 
15134 28155 
3412 7186 
17079 19279 
263 19365 
15279 24535 
1102 24667 
20318 24100 
18177 19164 
12375 19343 
5989 25046 
3687 12430 
1609 18909 
4879 29638 
697 15153 
21622 23563 
18606 21564 
24920 25859 
7769 17579 
1694 25643 
20053 25725 
4226 26506 
9670 29767 
26953 28978 
1331 28984 
11987 22115 
26846 29332 
24504 28714 
11956 17985 
11251 22332 
15685 25646 
28231 29088 
15398 27376 
19975 20003 
16488 21019 
998 4554 
9894 26232 
29957 29957 
13164 23477 
19701 28072 
1096 26549 
25053 25188 
22916 29951 
897 1987 
14599 21997 
23904 27485 
28132 29712 
21757 25988 
28784 29174 
8537 29197 
24247 26726 
5147 13143 
8906 29340 
6108 18550 
23815 25018 
24191 27017 
2125 6450 
19461 28612 
20383 23505 
5984 24747 
24228 29396 
13082 17200 
27374 29530 
18426 28957 
14421 15415 
3833 22509 
24641 26637 
24065 28518 
22317 25431 
29555 29858 
21826 25561 
19898 20207 
7829 9206 
262 7592 
2862 27019 
1016 23680 
7086 28209 
5065 22409 
12539 14641 
1817 5476 
29548 29637 
14568 21846 
19143 29604 
17911 23107 
21577 24520 
29764 29853 
12754 15656 
16345 18311 
22609 28856 
17680 21821 
5153 6048 
24494 29876 
9657 10448 
13133 18674 
29039 29319 
15018 24877 
7367 8500 
21264 23893 
28062 29842 
18235 29057 
6480 21165 
23070 28014 
6435 6661 
28876 29062 
10220 21843 
5180 19544 
2251 25338 
29969 29972 
28955 29547 
16731 24776 
6263 9218 
7039 7891 
13401 29199 
21973 25242 
16256 19623 
21198 25078 
20428 28455 
24595 28711 
28952 29962 
856 15913 
15999 19012 
28133 29302 
898 14299 
250 2350 
16108 22629 
11127 21382 
14183 19795 
14900 27893 
17522 17540 
13394 15908 
24625 29855 
13672 25396 
16648 18004 
3396 20366 
6966 14174 
9702 14626 
13801 16719 
16041 26126 
28324 29203 
5095 29880 
13940 23871 
10555 16943 
23351 24979 
12291 28247 
23894 28026 
988 1927 
179 1057 
25970 27847 
1076 29753 
12367 13022 
27108 27522 
22247 24744 
21817 29975 
29066 29264 
3584 13658 
22059 23812 
26676 29906 
7225 25590 
7054 12242 
2132 6540 
1034 5332 
1854 26817 
10290 18582 
2827 21086 
2802 20315 
8332 29002 
29660 29674 
6629 19649 
2172 19233 
1133 25731 
15860 21659 
2769 18757 
20826 29877 
23727 27833 
12422 16631 
5602 18801 
22158 26999 
2915 12072 
29750 29853 
15308 25297 
16329 20833 
17828 26820 
26381 27031 
1950 15697 
27855 29468 
8304 14560 
13316 29743 
6380 25206 
2264 10235 
1105 7157 
2173 22977 
607 4989 
1037 5287 
826 4349 
21006 24950 
16048 24293 
21494 29005 
22322 25160 
13641 27051 
30 16560 
26848 28705 
14102 20931 
292 1989 
12926 20480 
17827 24358 
2205 21580 
2216 4853 
16202 20356 
19138 22200 
26144 29443 
2251 29965 
14995 24253 
27424 27526 
13944 22651 
880 5918 
18108 19243 
20338 21705 
28274 29223 
25983 29391 
22030 28102 
14555 16549 
15423 29982 
15236 29427 
22818 27119 
18984 23811 
2631 6094 
10831 26402 
17877 24527 
17033 20626 
14873 20598 
13920 22782 
13564 23178 
8508 14043 
25370 28058 
11594 28992 
11224 26267 
3257 7038 
12157 27036 
10346 23430 
11309 21055 
29142 29535 
21969 23465 
28647 29919 
6330 9925 
15606 22559 
5843 13256 
10618 27853 
17084 26277 
21432 23865 
15011 16045 
26130 29398 
4640 28955 
7972 15674 
4317 19999 
5523 12802 
19024 26915 
25407 28629 
18057 20589 
15077 23394 
29096 29365 
18035 19052 
4057 24005 
17207 25572 
17279 21988 
23859 24089 
9596 23980 
2968 17883 
20490 29649 
19689 20356 
29726 29922 
1655 7695 
6039 14105 
7510 8818 
20882 23464 
28547 29201 
2644 7076 
12344 17191 
24145 25140 
5829 21918 
15411 28537 
13047 29727 
12534 24529 
24779 29840 
17021 24141 
7652 21236 
5928 8606 
13575 24493 
29474 29598 
11246 26255 
2812 14332 
18467 18596 
19072 23308 
23501 27765 
4461 5409 
18578 25073 
26027 28644 
14889 20764 
25834 25925 
223 7524 
6290 23305 
5714 15603 
23188 29490 
13312 28606 
16994 26337 
29417 29729 
19249 22515 
26188 28993 
14391 20971 
20590 23767 
21886 29777 
22500 27944 
20944 24879 
19254 20504 
27407 28250 
24271 27379 
15452 20390 
21189 24973 
17318 24261 
25232 27211 
22199 28353 
16884 17392 
8315 14425 
7922 14587 
11495 21630 
23653 24076 
15685 29059 
28255 28920 
8779 20531 
28991 29986 
12452 14556 
12609 20863 
7791 26857 
26196 29861 
20096 27192 
24999 27893 
20852 27389 
24587 28790 
28951 29381 
17737 20937 
13721 25894 
29830 29872 
21493 24524 
12498 13363 
23598 27756 
2157 9597 
1712 25123 
29297 29984 
20281 23765 
9477 20121 
14862 21842 
18781 18834 
19314 21666 
7919 9048 
18653 28074 
15597 22629 
20412 26251 
28272 28910 
7138 23148 
23889 27634 
20151 25665 
26636 28585 
28634 29078 
4001 20792 
22360 23773 
211 26918 
28949 29361 
23153 29568 
8673 24607 
25074 27913 
1620 11255 
9457 14509 
27075 29417 
17737 19623 
10761 25151 
9673 22378 
10105 18968 
1669 17894 
29594 29818 
25018 28679 
20614 24657 
19366 20832 
12895 23449 
21615 25643 
3233 16365 
19826 24937 
6119 8961 
11150 27646 
27869 29653 
18806 25358 
9022 15693 
25197 26154 
14323 29691 
14245 19346 
6910 26776 
25811 27283 
26223 27662 
17652 23641 
11280 28711 
1463 9550 
14522 14642 
27950 28583 
24684 28635 
7600 15385 
27061 27420 
13973 23727 
26386 28552 
26640 27924 
13369 24518 
10009 20102 
9774 21261 
11989 15235 
27087 29358 
28991 29669 
15577 22801 
3885 14167 
7955 25112 
13597 27808 
6264 25734 
6871 25277 
15217 16917 
1955 11172 
19348 20651 
15977 27564 
21019 25332 
23674 24130 
18808 20304 
3033 21189 
8955 27809 
19007 25792 
9622 24405 
16337 16565 
16472 18950 
5967 10773 
20118 28403 
11809 27857 
2738 8072 
15385 23189 
1888 20886 
4962 11627 
24608 25151 
20523 21466 
1337 5462 
14669 19941 
16214 26371 
14711 28783 
14705 22842 
6886 20234 
18244 20013 
25688 29585 
15757 24162 
23557 28177 
18795 27987 
991 17929 
2723 5408 
16294 26896 
7231 29815 
24981 26368 
7172 28097 
21050 23218 
10578 28356 
26619 26891 
9262 29462 
16508 28009 
19182 22317 
27898 29956 
23325 26938 
14397 28615 
17905 26805 
20433 26396 
18735 24520 
22280 28421 
1701 29280 
19482 28614 
4783 7943 
19158 27551 
23932 26332 
20107 22572 
20870 29093 
13403 29714 
10171 21267 
26296 29439 
1646 2288 
12887 13750 
14749 23878 
19920 21552 
21176 21696 
21848 23320 
17371 22516 
10862 25984 
25750 26715 
15885 17059 
15183 19628 
22063 25818 
3082 27605 
636 19084 
10088 23619 
29978 29996 
10253 19474 
9108 14905 
29076 29197 
15397 21804 
28533 29396 
22039 25706 
2790 10139 
7083 21580 
14136 14240 
14326 29001 
3912 21813 
11311 16033 
12842 21973 
27944 29433 
7140 11226 
21614 26358 
20850 28580 
2574 20332 
28018 28933 
13429 14641 
6364 25468 
2517 18294 
1416 13388 
9257 20730 
3957 18445 
28659 29083 
15618 26134 
9948 15230 
24528 26872 
7584 21384 
9387 23805 
13164 14968 
7464 16394 
22619 27477 
4863 29934 
13499 25010 
19876 23703 
9528 12581 
20529 20756 
4967 21275 
10210 19771 
20183 21282 
28985 29149 
19688 20839 
17522 20391 
25005 25753 
22531 28864 
25226 26212 
1855 5272 
18227 27407 
2788 21492 
10040 10810 
18885 25210 
5272 27262 
6628 25942 
11521 25055 
19552 21971 
5634 27209 
8314 27693 
26815 27891 
11634 15286 
24563 28737 
3933 13363 
4933 27247 
28144 28336 
18280 28769 
27703 29088 
11780 19708 
5947 24479 
3084 21863 
11847 26540 
538 4852 
23441 28275 
14836 14999 
4447 10510 
12797 19388 
3004 6763 
10698 29781 
10095 25941 
1464 22083 
22475 29435 
18055 20838 
21237 28718 
15978 29807 
4890 24103 
979 8944 
20267 28018 
19155 23301 
13354 23422 
957 20615 
701 27261 
11742 20126 
9055 12807 
16423 29359 
26216 26258 
29919 29990 
21441 29077 
5018 8157 
17939 20120 
21817 22586 
258 9147 
28781 28837 
28565 29095 
25705 25710 
17401 20350 
5698 10725 
10683 25553 
6074 19980 
22449 28398 
19586 21388 
4304 8286 
23561 28023 
12040 13658 
10474 23331 
15328 29163 
5783 16453 
17733 22304 
9370 29080 
1047 13139 
29566 29621 
27791 29445 
21107 29449 
13740 13956 
2952 24268 
25521 29145 
14471 28892 
6132 15652 
5662 29519 
10234 16473 
11497 13467 
14966 18392 
6349 26329 
6166 15208 
29625 29885 
21088 28687 
128 19652 
12024 19580 
27743 29823 
9528 27112 
23398 26872 
7434 27181 
24753 27759 
17446 20079 
10619 22230 
4510 21053 
3084 24025 
18919 19273 
28817 29085 
22202 29563 
13337 28158 
13117 28595 
14490 28221 
19144 25804 
459 9489 
29097 29482 
16230 22802 
15082 29631 
21870 26852 
12573 23599 
15880 17531 
6477 7892 
7068 20032 
12270 23511 
17661 23810 
1220 3161 
27224 28338 
24398 25499 
29816 29875 
18680 21282 
13373 16768 
13577 27314 
12125 27763 
22485 25982 
13510 20166 
7737 15492 
28621 29655 
14091 15404 
15279 20198 
16637 20039 
597 22250 
1414 18684 
16258 29276 
27935 29630 
4889 27220 
22901 26048 
23340 25405 
28145 29703 
3293 20644 
25260 29089 
14575 19595 
1975 29431 
22274 29978 
8429 23592 
23083 24347 
5326 22768 
28183 29704 
10900 16601 
5583 9890 
21813 24700 
14557 15546 
21688 27578 
24489 25881 
29044 29317 
9059 11698 
7865 28572 
9101 10654 
13606 16012 
12372 13290 
20803 29050 
26438 28142 
24050 27576 
4049 21060 
23814 26627 
25942 27783 
7651 21257 
7295 17446 
16104 18297 
4639 8336 
16017 25626 
17018 26861 
11305 20721 
9610 24024 
25339 28722 
23423 27833 
5107 6825 
19261 23288 
3874 11787 
28128 29840 
7458 21231 
21614 22658 
17989 23452 
3586 22501 
24117 29656 
23330 24717 
6340 20802 
7760 12057 
1457 29268 
26455 28024 
24786 27747 
8639 26536 
28787 29171 
11234 29129 
17442 23047 
1176 24431 
2020 9705 
23855 24327 
20839 26454 
455 1560 
10572 27263 
22651 26547 
5947 28778 
77 11769 
21621 28511 
28349 29696 
21080 29867 
20128 24093 
19142 28501 
20406 23019 
18628 22658 
21210 28162 
24582 29950 
13173 22626 
9870 13012 
7779 23896 
16100 19743 
22961 26947 
18534 29828 
2441 16206 
4700 21720 
16900 20733 
3244 26762 
12263 13165 
2732 7435 
28311 29325 
25246 26993 
4479 7875 
24431 27318 
24062 29205 
17230 27432 
29497 29620 
20564 27276 
2779 21349 
22544 26776 
4985 5981 
5147 22110 
23650 28035 
16883 29596 
18256 28339 
28279 29386 
26195 29975 
19165 19313 
23259 28327 
7820 17975 
20177 26553 
695 6041 
1711 27407 
10879 17821 
21726 25874 
13989 17475 
14404 29904 
7416 8057 
4726 24194 
3042 14775 
314 24729 
3652 27376 
21049 29388 
19932 28614 
8058 9734 
16378 20726 
10209 26221 
29935 29976 
8215 26687 
25504 28038 
15042 16451 
16117 24355 
2290 5245 
23996 27505 
29011 29137 
1891 13158 
187 7868 
11117 28155 
13192 15718 
14807 18804 
13791 20036 
18296 23277 
11872 29294 
904 14661 
25422 25876 
17147 21468 
9856 25661 
16732 19087 
9633 21121 
17159 27338 
6715 27779 
14433 26695 
24941 25834 
5279 21043 
14057 15100 
22448 29061 
8435 14526 
2763 24377 
1089 1445 
15251 25702 
30000 30000 
21382 23076 
8098 17749 
9042 18858 
19117 22956 
8054 14814 
19720 22937 
9724 30000 
12305 26849 
14750 20655 
27682 28579 
6931 22119 
24231 24727 
19821 21704 
25645 29035 
9188 24092 
6252 24137 
1292 23216 
3094 17985 
12465 27648 
27773 28486 
19746 21992 
29293 29333 
27402 29261 
353 27768 
14549 26746 
16983 28050 
617 18072 
8662 11001 
1689 26597 
23761 27261 
23739 28270 
19577 20806 
17392 29661 
15512 29358 
14049 15320 
14030 15263 
9671 29680 
9668 16219 
7068 10867 
5930 16342 
10761 22446 
7819 21984 
9783 14613 
10206 12115 
5131 26076 
27706 29430 
22345 29169 
26574 29287 
9884 15424 
13675 21334 
16933 18341 
6993 19200 
5802 12404 
18489 19809 
15419 22246 
23591 28958 
22184 25694 
29974 29986 
27512 27808 
17833 20360 
24251 28333 
27780 29062 
17669 22810 
8715 22300 
15496 29124 
18897 27064 
9760 19483 
16186 18345 
20311 25136 
1947 22970 
21070 24875 
21031 25034 
28472 28959 
17868 25831 
11063 28781 
6306 19831 
6333 22704 
15073 21486 
22957 24785 
12146 22565 
16512 17275 
28167 29826 
26528 29589 
8144 8862 
5522 15105 
22222 24525 
22498 26989 
8502 24294 
29342 29444 
27316 27574 
11482 13473 
10431 22357 
22588 23054 
25663 27237 
249 10181 
14912 25950 
28229 28357 
17942 27733 
10270 22531 
25016 28781 
4237 18913 
20915 22483 
12116 21714 
25942 29574 
24668 26483 
16902 27190 
3330 13045 
20806 28856 
10379 16085 
23426 27618 
21692 29206 
8496 28870 
26660 28554 
9213 28867 
23353 24588 
11807 26481 
20672 24138 
29803 29975 
26236 27913 
25965 26105 
13084 28474 
23847 29493 
13971 14416 
13262 20919 
20841 22063 
12854 28603 
19753 25737 
24203 27315 
8297 12263 
10713 21671 
28542 29816 
1631 8382 
2644 22128 
20572 27604 
21023 23637 
2261 17816 
19609 23366 
18323 21729 
4470 26822 
8380 19714 
25541 28212 
23640 24912 
17288 18307 
4857 5668 
1827 9310 
2196 25327 
18193 19617 
5285 19683 
18735 29994 
27674 28785 
6212 8458 
16741 26424 
19315 29989 
11774 24764 
19067 19256 
4325 14253 
28769 29657 
27616 29709 
4920 20878 
4504 13685 
27491 27923 
10486 16569 
6633 8382 
24590 27488 
10918 13155 
19321 21706 
5626 27986 
553 28550 
17293 20744 
26134 27045 
1014 21992 
12731 19401 
29947 29954 
17495 19376 
4320 8049 
20895 25837 
8460 25916 
17151 21614 
8351 18837 
14274 20569 
10960 11736 
5100 26780 
7253 14041 
2276 11588 
22975 25169 
2763 20770 
8955 22159 
25194 29272 
19576 21301 
7746 12728 
147 25238 
15621 16754 
15512 22987 
16968 20003 
27494 29155 
10920 28411 
5928 27320 
27581 29193 
1756 4990 
4959 28731 
11360 28391 
11799 17454 
7320 16328 
21971 25696 
27248 27554 
28866 29180 
1791 7508 
7091 8468 
28358 28572 
22434 26587 
27152 28886 
16467 27994 
17312 25655 
15956 26726 
10530 18470 
29249 29933 
4868 17107 
28123 29018 
18713 26299 
22980 24049 
2824 4220 
761 19440 
28460 29819 
8797 13711 
12655 22164 
25755 27731 
3537 9517 
20588 26123 
141 4255 
13114 19720 
21544 22682 
19883 23252 
13674 21480 
24943 25888 
13692 28063 
4189 19143 
15573 28213 
11574 14943 
3985 13780 
8636 8821 
10643 19594 
13575 17141 
27438 28438 
22562 23590 
22626 26800 
3145 3280 
26483 26962 
15386 22355 
29119 29133 
7197 25741 
3177 26745 
18905 27708 
3098 16819 
22464 26025 
19930 23191 
10100 26255 
2663 9948 
5707 17564 
967 22216 
10498 18077 
13862 18656 
7675 26378 
5000 24999 
21669 28018 
28518 28557 
17224 19641 
15034 19967 
27306 28508 
8182 14961 
28581 29023 
15981 24404 
28884 29150 
317 13701 
627 11538 
27751 28842 
25024 25368 
7638 23430 
3581 4697 
18797 19618 
6291 17969 
6748 19159 
13223 23792 
17087 18254 
15386 16991 
19939 20569 
8817 27555 
25822 26137 
10141 21600 
27557 27865 
26195 28249 
22894 23891 
13433 22693 
13560 21731 
21213 25757 
20454 22034 
7040 18436 
18047 19327 
16890 18799 
26354 28077 
20901 28542 
26228 28249 
29143 29365 
8244 18592 
12263 20810 
9625 13357 
20834 21863 
25483 29825 
5376 13329 
15933 18198 
12401 22690 
527 16666 
10214 12094 
5631 18064 
15506 23588 
18432 23561 
25685 28371 
1546 27695 
5857 16426 
25411 28134 
5985 27894 
21896 24380 
279 10917 
9506 17073 
26576 26682 
11090 22243 
16414 21130 
9321 20598 
22473 24152 
17106 22565 
16296 22101 
1440 8694 
28757 29727 
1854 4343 
8236 14521 
29326 29633 
18581 28515 
14986 15445 
15529 22409 
523 12163 
24303 25198 
11186 28970 
4160 15896 
17713 28114 
19136 20584 
13393 21199 
2561 22115 
17421 23417 
23270 26260 
12774 14406 
8648 25339 
19 11404 
420 2006 
13840 27337 
16898 16974 
27349 27768 
13349 25106 
5133 21568 
6600 22306 
22630 27339 
6078 23601 
15675 22007 
6628 25067 
2626 15490 
11652 27232 
11452 18767 
20751 27502 
18612 26047 
7521 24407 
2342 3337 
22226 24443 
7166 13552 
296 20162 
1815 18847 
14249 24087 
2056 23747 
26158 26892 
12207 19919 
12505 16269 
16054 18235 
22036 23252 
11307 15833 
7281 8500 
27767 27954 
24877 24944 
8236 15928 
552 9545 
5378 10060 
24595 24973 
567 5690 
13031 15644 
16744 18395 
28619 29947 
2286 27338 
16537 17068 
2490 8864 
4762 9063 
19683 20367 
14643 16861 
12666 17212 
480 2455 
8469 20362 
22585 26909 
14951 19804 
27372 28471 
7845 15547 
2522 20374 
3926 19933 
28510 29760 
3588 4044 
14199 25055 
18380 28327 
1043 1822 
983 22033 
12760 28277 
12528 25175 
4732 20980 
23726 27395 
28917 29694 
4824 27926 
4179 17535 
24262 26400 
21361 23008 
7531 14803 
24132 29403 
9938 22922 
6868 16049 
17387 29847 
13155 14608 
28712 29673 
4390 9557 
8072 27824 
4457 10088 
14279 19263 
2218 28356 
27661 27691 
4962 22624 
14016 18822 
21646 24208 
16256 18503 
10032 13478 
27066 28845 
2667 29596 
4976 26122 
19639 23727 
19303 28601 
16454 24698 
2695 9448 
11084 22391 
28953 29017 
13416 20808 
8400 27261 
11100 12879 
12804 24750 
21720 21935 
27968 29994 
12850 25250 
3354 16517 
22494 23842 
5885 27044 
16099 17648 
8380 21281 
3593 23510 
21921 25160 
6492 10906 
24047 27889 
13350 17721 
4345 16032 
11474 23671 
28802 29368 
5107 28011 
24456 25548 
13171 26207 
3479 5678 
5566 18498 
5075 8004 
543 4917 
29782 29873 
27321 28817 
12579 19200 
14477 18744 
29964 29982 
29843 29866 
20979 22067 
5196 8381 
22431 22761 
16643 29888 
16681 20416 
11675 15403 
3940 25588 
424 15203 
7313 15314 
17538 20858 
16223 29947 
29455 29963 
28996 29398 
4812 11870 
2760 14944 
624 20131 
10624 16434 
25849 27352 
10354 13758 
4550 10709 
3785 17385 
11767 22720 
3243 19172 
28216 29766 
19388 29723 
21878 27419 
7345 7382 
11754 14154 
5914 18785 
20449 20717 
10693 19993 
24344 24781 
29183 29972 
18119 21872 
14268 15913 
21259 29811 
18197 29012 
22760 26099 
9762 23504 
14466 26052 
11138 24442 
26807 28462 
5638 7297 
2411 18037 
23368 24776 
5358 19060 
13444 26510 
17281 22926 
7575 19394 
18756 19056 
27664 27780 
11088 22487 
23894 28769 
11230 20712 
23823 24766 
17123 18676 
14938 18042 
6734 27669 
10908 15255 
26758 28074 
17524 27192 
27103 28363 
11306 28312 
16400 16704 
19578 24746 
26670 27212 
13963 26720 
16299 16604 
5806 28012 
6353 23775 
9558 22504 
193 11190 
16424 23411 
28340 29341 
20446 21152 
19741 29164 
20992 27497 
18821 23840 
17498 19595 
15614 27248 
20908 27566 
14732 18904 
18581 27267 
26274 27411 
12565 12647 
28266 28376 
8172 18256 
28130 29973 
20566 28102 
21557 28525 
24239 25254 
20814 26174 
29630 29820 
24757 28958 
688 16901 
5011 15754 
12057 27466 
10869 26860 
10019 22058 
9580 27840 
11444 19643 
13937 18494 
17483 21720 
8586 14954 
7411 8926 
1707 16974 
19511 26206 
18658 24582 
2640 15700 
23893 25249 
14202 20378 
12443 21751 
3317 26128 
29845 29908 
4805 27450 
27981 28982 
2467 8918 
29825 29918 
27639 28981 
20257 27380 
4323 18089 
15669 21133 
21694 22878 
22154 25719 
9116 23788 
21528 22303 
5287 12294 
11114 16744 
1005 22985 
3517 12815 
14750 18605 
27349 27421 
20583 26511 
7 24396 
11454 27882 
3081 19388 
19737 19972 
24236 24304 
7568 29146 
22564 23930 
6217 25669 
442 29826 
11792 13885 
3052 5820 
12339 13343 
17368 29029 
5921 21938 
4145 20113 
22926 28394 
19392 28964 
5226 22356 
12195 29854 
10842 17453 
26104 29089 
11175 15002 
3648 22048 
11494 27514 
2847 27612 
12400 26916 
19520 29024 
763 3358 
3119 23408 
1868 4470 
7240 11638 
9833 11916 
24041 28317 
7578 23848 
19464 25698 
23388 29633 
12286 12733 
9575 15959 
18979 23856 
12142 16248 
27886 28748 
15059 24877 
11476 18392 
13263 15131 
25764 26880 
7509 19291 
24036 29994 
8940 27713 
22670 25623 
21509 24736 
14874 22404 
10800 15288 
29091 29246 
9712 29872 
20375 28021 
18737 29186 
19792 23164 
11502 17248 
28553 29619 
8319 11325 
16557 25648 
9713 14861 
13233 13828 
29467 29969 
11548 11847 
176 5933 
25986 26460 
13338 16756 
4940 26997 
5172 10804 
1938 14273 
18342 22299 
20567 23977 
3777 6519 
11629 17042 
3334 7464 
27588 29204 
5329 16412 
2431 20035 
25750 25999 
22339 25583 
5110 28560 
14337 21778 
29068 29159 
7725 14420 
4942 13388 
16101 20175 
62 25706 
19201 27199 
10388 16012 
25186 26862 
15996 23643 
29816 29820 
10700 26021 
18987 25531 
22263 22972 
20673 24990 
25795 27671 
18187 29551 
2861 9978 
8151 11807 
24581 26892 
13476 19439 
101 28093 
1613 16853 
15528 19242 
16958 19946 
2084 28945 
28223 28675 
9084 29895 
2029 18974 
12298 28537 
13074 23579 
5284 26522 
2412 13505 
16169 18798 
9278 23917 
21299 29296 
22750 26925 
1375 14701 
11047 17626 
22716 27640 
25479 29080 
14519 17698 
19471 19916 
27157 27349 
16987 23461 
29276 29462 
26850 29998 
2277 23559 
2380 20148 
9921 11778 
13448 26285 
8092 10661 
6921 7792 
6567 16003 
8731 16926 
15959 29471 
25827 28616 
12948 24998 
17170 17718 
744 25831 
16457 27823 
22233 25338 
25934 28323 
19598 21618 
13815 21461 
9160 11727 
7106 24837 
8248 14805 
19407 25451 
10703 23465 
22008 27220 
1952 6547 
5854 15247 
18151 18885 
1099 22827 
17698 18688 
25169 27675 
8038 29752 
21971 27386 
26986 27712 
18461 20070 
29027 29937 
8078 12269 
377 20823 
12288 20368 
23092 24241 
22765 29935 
15411 28280 
3602 4835 
7510 28191 
28314 29960 
17990 22751 
4387 13665 
5161 27782 
4275 22446 
18131 29108 
21150 23322 
7083 18512 
23362 27274 
14172 25951 
15930 29280 
27660 27762 
26666 26991 
29614 29798 
2004 2078 
23423 27275 
8761 18879 
20247 22911 
9420 11171 
28114 28887 
1926 6392 
7830 26315 
28786 28955 
13805 23522 
7916 26523 
449 752 
7498 18181 
12913 18272 
5744 7624 
18329 21510 
18800 19568 
13535 27582 
10733 29370 
20317 24055 
13248 21513 
23675 26991 
22882 27011 
11301 28292 
21363 25076 
25636 26396 
11328 16600 
29413 29951 
29805 29991 
14976 15895 
1557 16786 
16603 27210 
26596 27103 
19410 29929 
21560 21797 
9277 12721 
23200 27538 
20799 23653 
14927 22864 
6401 24376 
763 19915 
17504 26719 
29533 29748 
12621 17131 
29737 29894 
6555 29402 
20890 22944 
13868 25581 
10305 25389 
13172 24936 
5074 23450 
2945 24005 
4295 8055 
13358 18847 
6012 25395 
25482 26080 
13579 17630 
16299 27889 
4073 16832 
3405 18701 
16395 18905 
9550 21933 
16975 17677 
16405 27961 
854 22618 
26858 29515 
15788 16295 
10616 16750 
25491 26228 
27602 28606 
2433 3455 
28144 29808 
8136 27173 
905 21444 
24219 24669 
12206 27990 
26197 27898 
7496 16200 
8040 27758 
9762 22380 
26027 26257 
28893 29846 
18400 25950 
3105 22508 
16844 26406 
17613 29547 
20108 23188 
24918 25358 
28029 28155 
12630 16691 
11465 20187 
28937 29449 
2732 6394 
5744 27983 
17586 25313 
11617 24210 
7615 19564 
4747 6281 
10960 18527 
27997 29919 
29114 29334 
1390 9741 
6737 12786 
22561 23124 
19481 22535 
26990 28911 
18143 21599 
24879 25755 
8222 27957 
10884 13184 
23570 24002 
16238 27567 
11313 12225 
26524 29139 
8731 27750 
3057 10571 
6471 29116 
930 28270 
23442 27803 
17429 26579 
18127 20646 
19150 24981 
29352 29733 
8411 13690 
28254 29884 
22622 25890 
27951 28923 
25317 27495 
22551 26804 
2483 20993 
28718 29325 
24972 28088 
14060 20299 
21087 29859 
2818 3624 
11593 22684 
13330 18463 
27192 29855 
19762 21379 
27068 27314 
14796 23094 
26084 26767 
26725 28090 
16383 25837 
18043 24223 
27940 29617 
10074 23081 
12535 23561 
20063 29496 
4173 24026 
15894 28873 
12088 26498 
16615 28411 
16970 17575 
14074 14991 
25589 28316 
26191 26344 
9869 13293 
23702 27930 
4082 22468 
250 3111 
15996 23495 
13073 14880 
22413 28461 
24498 24817 
13243 18381 
21300 26091 
22914 23656 
11090 29866 
26694 29406 
11341 19904 
22742 25174 
28523 29463 
24907 24987 
8022 26122 
11097 23353 
24112 28074 
18868 27453 
3649 23014 
5857 16803 
28453 29041 
3068 14167 
13752 21902 
9932 9983 
21873 29655 
29859 29930 
360 9556 
17633 25067 
25424 26327 
7562 25401 
7459 14227 
27699 28862 
10997 19626 
23548 28410 
29621 29673 
17433 22400 
6157 13541 
28803 29120 
22153 27338 
27997 29340 
13634 16244 
1905 16041 
19485 27226 
15111 15308 
29190 29721 
10935 27302 
19153 29811 
1596 10954 
19487 28766 
9754 16566 
16391 20055 
15099 26016 
27566 29459 
20294 22695 
4235 12674 
16424 24473 
18808 20789 
26630 27054 
1163 8824 
9109 17840 
22884 28800 
8901 16377 
25463 28023 
690 2381 
24036 28888 
8101 19913 
29772 29786 
11114 24913 
25807 26972 
26833 29296 
21587 23230 
3532 12366 
29250 29623 
27732 29800 
2843 17337 
1790 25540 
25081 26771 
16791 28799 
13169 19719 
18493 24397 
5050 25080 
11076 19514 
25711 27762 
13595 15258 
11065 27689 
2717 12307 
12643 26487 
15639 29318 
28642 29584 
25329 26369 
15451 24347 
13644 21332 
11527 12410 
16773 27335 
18422 24439 
11167 26311 
17986 29323 
27818 28914 
2493 18796 
5265 17024 
13113 22033 
17524 29420 
7652 17851 
83 29231 
28467 28838 
5980 29399 
7187 20453 
26520 28268 
29005 29977 
28367 28685 
26525 26864 
22726 26179 
9133 10704 
14071 18730 
7153 8397 
8225 16385 
13342 21487 
28744 28851 
18584 24455 
19597 25793 
28695 29886 
8322 18453 
9274 16612 
25267 26033 
24669 29363 
12131 23144 
26772 28782 
23688 24801 
20546 21125 
19318 23712 
27157 28821 
5611 18695 
28240 28925 
1959 8864 
7450 19800 
13242 22767 
1019 13954 
8018 20232 
23587 23624 
12747 22769 
29999 29999 
14556 26680 
17048 19639 
15973 21842 
19485 20855 
21817 28387 
25216 26225 
25818 26790 
19128 19532 
24520 29865 
12597 13312 
15323 19979 
25957 27544 
17545 20371 
8580 16477 
1617 19604 
18047 28213 
653 15738 
20713 23199 
5960 19588 
19572 27768 
17701 18138 
27161 29929 
399 8983 
22441 25644 
5814 14694 
14741 21089 
1707 22859 
9167 21910 
6977 23419 
28981 29909 
18076 29824 
25393 27113 
15862 22938 
17086 29402 
21837 28065 
17906 29158 
5491 14678 
20716 26582 
6124 27701 
7037 12904 
6218 27558 
8428 8869 
14959 15364 
4277 15339 
18157 18757 
3277 10052 
18225 26896 
14687 25737 
18831 25348 
19382 24590 
27140 27400 
13475 16587 
27555 27686 
26233 29873 
24537 24801 
5154 9479 
28469 29824 
1719 1832 
8314 22226 
4072 12591 
657 4437 
17090 23187 
9640 22088 
14177 24934 
11253 16477 
21694 29316 
11064 21662 
11211 22992 
23341 24859 
19725 23856 
20468 21424 
27114 29731 
25464 25617 
29328 29337 
17203 21886 
10152 17345 
21148 23547 
4030 15598 
27146 29913 
23332 24407 
8632 16047 
2176 16934 
24462 28247 
25239 29460 
29005 29509 
975 14881 
17902 26814 
28892 29271 
9831 21307 
20402 21887 
14684 18638 
5646 15884 
161 3546 
29407 29823 
8783 21666 
5812 26023 
2470 9916 
9472 27421 
659 8311 
28547 29677 
8675 14487 
24061 29718 
14367 15126 
104 12248 
4324 5493 
12843 28777 
5905 6014 
17287 29132 
13421 21160 
22641 25747 
12015 14595 
15581 18147 
14824 19397 
9527 16442 
8055 10926 
10115 13739 
27283 28513 
20119 26462 
12892 29827 
2109 12067 
9563 28137 
6871 29659 
19467 21258 
8421 18381 
13212 21777 
22148 23449 
8549 26243 
28978 29566 
28945 29221 
6573 12804 
8428 23042 
7703 26614 
18478 23736 
4668 28858 
10796 27631 
13946 22451 
1844 7538 
22483 23172 
15294 17086 
13399 17551 
20592 20890 
80 19586 
856 6190 
6496 27182 
16825 19304 
28072 28542 
19178 26701 
11735 18358 
12048 29272 
29998 29999 
27739 29273 
16222 21592 
8717 19653 
16573 26820 
5226 26428 
7576 17355 
21115 22764 
8911 14205 
3217 10554 
11826 26506 
27573 29845 
22062 25500 
4618 13731 
759 9871 
25779 28590 
23374 24577 
27394 28155 
13440 27901 
16781 26579 
20158 25456 
5158 14953 
12303 18994 
8800 22626 
24063 26825 
22989 25297 
21030 23238 
26096 26834 
4355 16084 
14990 25491 
15286 23734 
14442 27026 
3717 5519 
294 26841 
28722 29448 
13008 18368 
14235 15166 
12405 21948 
23327 26963 
21591 22160 
24600 29313 
9091 23878 
7118 8532 
19454 21174 
1082 29518 
4225 15153 
14809 17559 
19869 28451 
4136 7913 
15638 21765 
4571 24496 
14640 28635 
1912 13630 
7332 21104 
1310 16731 
26166 27078 
27776 28468 
9624 23188 
25127 29140 
13888 27360 
10841 18224 
9325 14603 
1307 5885 
13195 19559 
17405 19363 
29772 29813 
21037 29376 
9684 18197 
14053 14891 
577 29586 
732 10795 
14975 28588 
16871 24913 
2633 23253 
22495 26203 
13494 22250 
7797 25495 
9855 29522 
17261 17406 
1817 14301 
11372 16515 
27259 28436 
28807 28841 
6974 29034 
22208 26206 
26189 26689 
194 3517 
20185 28496 
21969 22528 
17150 25883 
15412 27807 
13383 17056 
4239 13287 
14010 29118 
14027 18356 
29595 29864 
26875 28634 
11485 15739 
19468 29734 
14082 24979 
10587 16380 
13208 19379 
18197 22777 
16592 21972 
16895 20044 
17452 28252 
9007 22617 
9369 28528 
22637 29878 
16478 26189 
23212 28050 
28934 29263 
6918 15883 
20482 29477 
15392 29370 
12960 16149 
14622 17359 
12649 23771 
21926 29875 
1989 22147 
5909 13800 
4591 7989 
11655 17886 
21620 26496 
6222 15766 
21623 22237 
4268 20971 
29638 29875 
20635 29241 
13410 19559 
3628 17394 
19307 20064 
19075 23993 
17631 28162 
19969 22635 
26061 29265 
24492 28086 
6310 27961 
7725 8703 
3125 19011 
14806 27999 
20127 28585 
18383 19389 
15065 21549 
151 27869 
29042 29115 
13926 16256 
27002 29508 
29625 29774 
11038 11893 
25958 27384 
28957 29010 
1744 27967 
15435 19187 
6600 14128 
14884 23243 
25188 25932 
24221 28518 
2177 6733 
11299 23405 
20365 25973 
24 21808 
29969 29974 
8281 16456 
6201 16783 
9263 10595 
6196 22614 
1276 23296 
6965 29045 
23661 25521 
27176 29671 
3521 27902 
12023 21332 
763 18980 
2553 13016 
20878 20907 
1393 14027 
8774 9195 
6132 20606 
14175 24428 
17841 26465 
2743 3298 
6113 19965 
11499 13271 
15670 24416 
17643 18352 
7113 18814 
15412 18620 
11848 26489 
3878 26389 
6649 18828 
27359 28826 
17281 20195 
14642 23212 
14818 28674 
15216 29588 
2149 20497 
4600 5035 
14033 27103 
4463 5979 
23245 27402 
25386 28339 
5464 18958 
2685 9114 
2160 13425 
18853 28413 
29425 29652 
6883 22780 
21951 26746 
16321 21030 
6822 24262 
18372 25929 
8488 23101 
13765 23391 
14116 27342 
978 18353 
15402 16835 
20969 22529 
4342 10858 
19522 27157 
15902 21110 
24621 27705 
11560 13349 
21948 28175 
19008 22862 
11713 17765 
14487 22104 
2818 17046 
3743 25657 
12618 16853 
19369 26965 
28325 29742 
5727 10074 
23398 28300 
20469 27840 
27793 27900 
20593 24884 
27685 29835 
16309 24872 
21650 22483 
7930 15520 
8875 18805 
19076 23383 
15476 21740 
17974 23222 
23184 25833 
23950 29227 
16836 24502 
10869 24681 
101 29810 
14889 26809 
27820 29642 
7470 9008 
26163 28016 
4127 6339 
12731 29585 
27697 27920 
26978 29506 
654 11796 
3443 4348 
12800 23397 
5682 23060 
11034 27609 
13972 24682 
26153 26508 
3632 9489 
10051 18214 
5832 17058 
27170 29729 
2594 28881 
4221 14092 
15189 25286 
3357 8803 
25637 28135 
18026 23036 
25879 27228 
8998 21692 
8709 18370 
12919 17294 
5169 26589 
29986 30000 
1736 3170 
9304 18817 
25477 28930 
16559 22114 
12348 13209 
28713 29323 
3943 28126 
26140 26743 
21451 22452 
3246 22687 
12532 12889 
359 553 
870 20309 
13975 19544 
8058 25976 
26673 26942 
29687 29776 
7631 14083 
19200 27242 
29622 29810 
24768 28495 
18098 27033 
28542 29099 
23680 26438 
25177 28152 
1474 6560 
3676 7982 
15884 27993 
25900 29376 
13322 19191 
29976 29998 
22957 29109 
6096 22319 
6234 8903 
13970 15417 
12816 16333 
7360 25925 
12383 20457 
11325 21219 
5064 22934 
6579 8978 
24235 28875 
11648 18913 
20637 25130 
1417 13121 
21480 26580 
6497 19622 
12582 28095 
5854 18897 
4588 4614 
23960 25255 
10431 23712 
25232 28216 
17750 25496 
6478 18290 
14896 29493 
24889 25669 
5769 29296 
3003 13138 
27812 28574 
7463 21399 
15022 24558 
26724 28410 
28683 29907 
24812 28189 
11572 12252 
7621 22926 
22999 27579 
22892 28141 
7104 26672 
5855 14191 
11844 29948 
8578 10751 
10739 12528 
19066 20148 
2950 19777 
21787 21862 
13026 22869 
16854 20115 
15200 25302 
10491 21702 
5943 22106 
15274 17763 
20570 21924 
11170 19064 
24475 26516 
14127 21516 
23526 29385 
24071 29467 
19052 27546 
11101 11547 
1482 19461 
7713 14881 
6548 15190 
2278 27836 
26887 28352 
1873 18202 
13928 21746 
29588 29685 
8890 23427 
10638 10677 
10228 21264 
10750 16222 
9610 21301 
4196 13343 
9589 20421 
28113 28781 
18639 24027 
29031 29174 
4539 16544 
23764 28419 
20466 24494 
14198 29763 
95 23408 
25772 29273 
17310 18163 
779 17363 
28970 29719 
26056 28637 
7541 18500 
22661 24623 
16095 29724 
19935 24931 
13382 26494 
13681 17800 
18814 24300 
12431 16662 
23084 27549 
19010 22037 
9029 29691 
18950 26052 
21804 26087 
18326 21856 
22600 29085 
25224 26527 
14507 25747 
8070 22230 
22159 22172 
17119 22442 
16810 17067 
11393 12486 
25071 28926 
1909 16759 
27904 28429 
23237 27779 
6593 20278 
15112 29105 
27806 27974 
19466 19765 
15075 17658 
21407 24970 
27970 28141 
24810 25329 
19204 21328 
20820 24599 
29568 29786 
1034 28990 
6597 14006 
9775 22761 
21624 22761 
6131 28198 
6939 27959 
800 20758 
7076 14270 
7576 23899 
22710 26521 
6406 16480 
16573 21658 
16396 27966 
2135 11197 
21849 24309 
7773 27292 
6016 7284 
8856 25493 
28243 28710 
20016 22664 
7862 8560 
14309 14650 
18124 19135 
25778 28278 
28548 29824 
10298 27975 
11206 27701 
24537 28824 
10922 20799 
12298 14609 
25574 25863 
14211 29890 
21041 29152 
17103 18922 
3846 8546 
14965 23952 
9137 18286 
24127 24608 
11927 24498 
244 25993 
3089 3514 
25751 28949 
5798 28795 
23746 25902 
25623 29251 
5818 12503 
748 20621 
29921 29982 
12760 26024 
15847 22329 
17222 20799 
11108 13376 
2138 26964 
9955 20635 
4072 29573 
12762 24201 
17846 27433 
11949 15441 
23853 29215 
8950 13495 
23359 24095 
8830 10050 
21186 24195 
16269 20683 
28160 28913 
20932 24996 
2526 22007 
2860 13403 
1649 20343 
10829 23959 
16390 17423 
11823 19242 
12209 13615 
10632 24436 
7559 13080 
20806 24614 
29410 29939 
5807 20055 
6171 7222 
26145 27048 
23869 24960 
13946 14258 
4887 11558 
22830 25254 
14424 23858 
21442 21618 
21437 28850 
16020 20296 
28724 29398 
23357 27306 
29343 29491 
3841 10566 
26841 27991 
13637 29266 
4361 12904 
3240 3717 
15466 27733 
1298 13965 
7457 16357 
3120 14420 
7831 28493 
9521 23341 
13479 23873 
10762 26936 
23584 26099 
7478 11763 
11904 19674 
16463 23511 
24683 28288 
28879 29815 
28982 28996 
1577 20552 
14271 15946 
9053 21082 
8044 8912 
19562 28001 
23893 25834 
6588 26321 
9337 21513 
29775 29941 
560 1997 
23342 28886 
11925 23711 
18045 23131 
1737 29574 
14089 18616 
4602 10004 
18040 23697 
23582 26216 
18875 19526 
5653 29967 
3877 29433 
4579 12343 
23676 27513 
29209 29215 
24208 25243 
28465 28636 
27098 27247 
29235 29693 
18237 24413 
25254 29386 
11785 28359 
8526 13098 
10624 26060 
5467 20327 
20032 29055 
28549 29396 
19462 21074 
18415 23195 
4220 12192 
15583 16145 
26049 29017 
16571 17654 
20392 23908 
13127 25590 
28260 28778 
24125 28731 
25680 28549 
26786 27141 
18877 28034 
827 28441 
11547 22215 
22628 25825 
27637 27715 
16578 17295 
16247 18955 
12767 17980 
11803 23502 
18289 23725 
3973 9092 
12375 17564 
13263 25729 
13860 28523 
9392 26255 
20145 26438 
15280 22449 
4303 29720 
3251 18753 
20793 21130 
5744 12087 
14065 17065 
9380 10477 
20741 21627 
21171 27115 
682 28200 
4876 12138 
20403 27007 
27220 29852 
13714 20412 
13499 22538 
19253 23277 
11396 20484 
25315 29592 
12519 24173 
25196 27810 
10358 15404 
16959 19694 
24594 24918 
26262 26618 
1355 8742 
16347 27531 
15341 26373 
27869 29692 
6670 22164 
692 28657 
25934 29033 
29020 29763 
28199 29667 
421 2874 
14022 29241 
17194 28288 
21525 29305 
14360 29931 
27036 28484 
13465 17974 
21245 22526 
27758 28076 
1905 25214 
9449 24297 
12688 26610 
22041 29763 
86 4116 
22478 27358 
6899 17350 
12427 20029 
24517 24547 
22164 25629 
9391 25083 
22252 23746 
20985 27047 
559 29644 
12200 14584 
6149 23899 
10020 25206 
7131 22161 
26687 28217 
15644 26349 
22682 24367 
2695 9792 
18064 25005 
19804 29133 
13291 28036 
4046 5754 
28271 28814 
17076 21877 
1598 4911 
9079 18428 
26454 29917 
4261 16531 
8419 9015 
5069 14663 
23341 25662 
26341 26429 
15442 21283 
3343 8970 
29946 29964 
7468 14280 
11360 27249 
22122 29229 
6352 27685 
13606 17866 
8558 29871 
24381 24611 
2736 29564 
10452 16167 
747 8901 
9931 18563 
1424 5841 
6696 10455 
27507 28990 
10697 15100 
3905 22360 
1466 22855 
3554 6294 
11826 15529 
22562 26396 
22687 27609 
17180 26033 
29765 29898 
15202 18745 
18123 22166 
13777 23212 
28711 29913 
5930 18966 
28467 28996 
5151 8279 
11375 27707 
19247 25378 
34 5234 
23274 23537 
27129 28318 
5844 6308 
29244 29677 
26833 29176 
13468 29183 
3152 9539 
11699 20114 
10289 15173 
6565 16450 
16723 25425 
3992 4467 
21728 28426 
16627 22302 
2567 16290 
15110 27694 
5423 14460 
2367 10097 
11857 23232 
14002 25024 
18582 28191 
21556 27662 
12161 21017 
23166 28207 
864 2565 
18398 20632 
23527 28777 
24250 29764 
11570 15828 
4489 29674 
29366 29507 
2220 17187 
26510 29027 
14414 23513 
23253 28722 
21706 28957 
20438 27514 
12868 29232 
14406 18199 
20123 26103 
6563 18068 
18404 28751 
12307 29779 
4009 6663 
4086 12345 
12752 24006 
21171 25182 
15764 23762 
3916 11244 
12834 27499 
21847 27161 
13814 16141 
2674 12166 
10107 27535 
22232 29324 
10625 21534 
26222 26323 
129 22468 
27611 28746 
8586 18378 
27409 28913 
20732 28615 
7829 29001 
24653 27861 
19230 24241 
21869 24111 
13847 24120 
21164 28666 
4398 23680 
2967 17870 
24045 27763 
16701 29322 
19545 19759 
27398 29468 
23418 28320 
18545 28445 
7450 15149 
16740 29608 
23183 23699 
1877 13538 
6089 19782 
18644 29145 
5326 20425 
7037 24060 
1305 24916 
6909 9882 
4696 11081 
12800 28017 
25161 28701 
10050 23261 
16568 22749 
18659 25085 
25824 28824 
9689 19295 
10900 19352 
19814 27867 
17072 29689 
4955 25616 
2222 10745 
17020 29044 
10651 23469 
5760 22929 
16982 27683 
24556 29080 
11913 29109 
23597 27714 
19586 21128 
3205 15956 
14215 22843 
25673 26381 
25876 26475 
5424 11756 
10755 12124 
12768 29937 
14119 28063 
15479 23127 
18545 27854 
20786 23046 
12061 28977 
22619 22887 
3884 11780 
7183 18920 
29342 29760 
25288 27557 
13720 17283 
21307 28223 
11789 24296 
1941 29234 
9236 27486 
18960 28929 
22822 28920 
11606 12530 
10882 19427 
11982 27285 
15847 21595 
21281 26931 
14963 25471 
19731 20332 
9815 11870 
19820 26467 
28058 29662 
7860 10673 
9926 18460 
25408 25819 
24785 25275 
9473 27622 
22369 28520 
17233 21271 
18884 27201 
20501 25634 
11459 29056 
14102 19409 
19335 28952 
24835 28805 
7017 23890 
22317 27634 
29511 29717 
27380 28494 
5449 7994 
18309 29479 
12383 19462 
14843 22604 
14733 20459 
5525 16065 
13989 15416 
27831 29349 
20455 27269 
16438 22905 
12798 28745 
28020 29217 
8663 21097 
27054 28393 
20512 27697 
17445 17858 
29864 29891 
11190 20423 
21710 22005 
20069 25969 
21483 24287 
23625 25744 
13551 16244 
21104 27512 
26752 29869 
17766 22329 
15502 17300 
10493 29501 
4275 21044 
21962 23250 
17997 26615 
8063 21594 
18116 20934 
25533 26631 
21716 25696 
12564 12653 
24494 28371 
3600 10871 
10902 21744 
953 12063 
17932 28364 
5992 6611 
5383 16012 
11353 16781 
3564 27998 
20097 22950 
9318 14680 
27823 27915 
15894 17743 
12412 23785 
10648 18322 
19367 22950 
17865 17984 
143 3029 
10990 25200 
27742 27871 
22037 29516 
11785 28152 
27454 28868 
13891 16535 
27715 29165 
7019 16356 
12650 22945 
13965 19725 
22943 27455 
5875 25079 
13544 17524 
23948 25343 
3483 3993 
22120 28619 
10355 15408 
2164 21256 
17163 22596 
20850 23115 
25507 26027 
24942 28085 
3524 13208 
18596 26429 
8053 21194 
5922 9488 
19390 27397 
29725 29988 
2003 7386 
15883 29146 
22344 28776 
13646 20250 
5883 9588 
17986 29183 
9243 28369 
22181 23432 
26873 28822 
16011 28254 
18807 24491 
12247 23160 
1656 20059 
2868 8595 
14050 29787 
18094 19311 
7428 24037 
18578 28929 
9822 23142 
13946 24695 
10812 12621 
13208 19891 
25957 26442 
29454 29822 
15726 17409 
17042 24175 
20579 25895 
4110 10018 
12439 16958 
19542 19889 
6093 21179 
24787 29586 
20478 25271 
25356 26058 
11703 22156 
18433 27455 
26223 27002 
17173 18622 
23613 29020 
7598 15160 
16913 26103 
15155 19452 
1519 3869 
9494 18679 
22286 28193 
28333 29275 
13376 27720 
11606 27781 
7981 28961 
20824 26779 
9288 19648 
12396 17074 
29313 29676 
18860 26727 
6046 17633 
1629 25192 
21482 23223 
11778 16596 
12400 22927 
3283 25017 
16389 20183 
15190 20902 
15592 24059 
8704 25233 
8829 21462 
15377 21198 
13145 24055 
13694 29799 
4104 22237 
28218 28324 
4317 28990 
145 21088 
4366 28200 
13209 14807 
20405 27230 
20571 22854 
14870 20645 
6224 9823 
3823 21448 
15700 21630 
13094 20940 
20359 29677 
29629 29856 
16246 28260 
2458 22048 
17333 21122 
15707 17912 
1437 16074 
19583 29882 
13826 22200 
16291 22982 
8696 15338 
22122 28740 
5933 17148 
8590 25289 
6491 21405 
3787 26174 
7110 27187 
29830 29857 
28379 29049 
26196 28866 
7389 28973 
11178 26972 
417 17799 
945 21776 
3644 9777 
22277 24287 
5095 11519 
16609 28103 
20747 24096 
18337 22399 
22188 23846 
13923 22744 
2998 22115 
24635 25926 
5842 12335 
13807 17679 
20811 22992 
9951 29368 
14820 26970 
21270 28328 
26360 26890 
7252 19649 
22374 24535 
3383 26897 
16092 17757 
14592 15435 
17829 18372 
20679 21956 
9057 19684 
24044 28336 
25337 28837 
25524 27366 
12905 16312 
12549 20188 
5223 21937 
28623 28734 
26885 29956 
21404 29038 
23957 27176 
20995 27006 
17031 19334 
21918 23043 
9467 22650 
8530 18787 
13172 21973 
7671 9422 
21775 26869 
15146 18275 
12686 17409 
754 23241 
3906 28846 
5131 18971 
12567 20330 
15701 16308 
27293 29611 
27994 28747 
15484 22653 
14656 24404 
21852 27527 
19379 25843 
23835 23886 
1765 21715 
14816 29322 
28524 28741 
15459 15677 
29604 29970 
9349 17254 
28185 29319 
19886 25440 
8283 14598 
1720 25325 
22309 26576 
26994 28421 
9758 14066 
24407 25658 
750 18777 
18765 21870 
8710 14293 
20299 23355 
28904 29234 
9413 17934 
28321 28864 
24995 29585 
3708 27723 
12701 17081 
24491 27416 
14335 26478 
3825 19578 
15002 28382 
20776 24866 
20285 29972 
26489 28906 
29251 29635 
2685 11171 
18717 26407 
8789 10398 
4649 8375 
26480 27179 
27260 28291 
19469 27914 
15930 18563 
19419 20786 
7608 9979 
29439 29825 
28250 29902 
6478 23252 
17667 21710 
14574 20943 
2451 5425 
19394 24263 
883 21610 
10988 13923 
25156 27014 
5844 27416 
29944 29949 
16058 21900 
4201 15593 
19507 20771 
7302 20474 
19 17488 
23708 25900 
5727 9091 
13582 23179 
18313 29730 
21755 25329 
16984 19191 
21169 24254 
10423 11252 
10602 20714 
8216 23155 
25816 29137 
3590 20959 
14279 27453 
9911 17259 
11243 28076 
10734 15282 
21463 24969 
9382 15385 
9400 27562 
18144 20447 
1326 20749 
2295 10241 
22833 25466 
27754 27819 
8158 23781 
10152 26455 
28296 29191 
21902 23625 
4035 25071 
1561 4554 
6187 13250 
3376 14554 
19275 25958 
21273 29442 
25028 28717 
24592 27948 
20458 22087 
10702 25150 
27762 29630 
4832 7681 
16826 24343 
23034 24512 
10084 12812 
19661 20151 
28545 29597 
1472 13205 
19473 25150 
15860 26391 
348 5083 
24462 27753 
12961 19510 
21300 25028 
1003 24533 
6568 17871 
12774 20197 
16479 21680 
25832 27019 
3838 13871 
28312 29718 
4092 13138 
13524 21035 
29956 29961 
24354 27500 
9715 12760 
26856 27175 
11356 26175 
5505 17881 
18276 28108 
24601 26204 
1385 18635 
14219 15805 
26831 28147 
226 21257 
4882 6091 
9058 16359 
3502 21935 
28949 29269 
5506 13608 
25335 28548 
17509 18816 
17295 20659 
21382 28035 
17931 24803 
1937 18861 
3334 12124 
5267 19928 
15747 23961 
17944 20151 
11976 28215 
23901 25281 
465 2254 
311 7708 
18467 23825 
22832 27459 
12165 24781 
24907 26379 
14463 25729 
1957 4851 
10634 29205 
16305 20101 
3640 14035 
9682 20239 
6199 26596 
28700 29407 
18241 23830 
5161 17054 
28922 29374 
28123 28579 
23662 27291 
150 1046 
11616 21883 
15140 15868 
15815 17401 
19110 22811 
12710 18767 
1218 8892 
12175 17944 
18957 22849 
22153 29824 
6600 23394 
25029 28223 
22731 24852 
17359 21314 
11307 17499 
4401 13071 
22526 23386 
11404 22843 
27044 29336 
26828 27505 
9188 20083 
8336 17161 
5323 29538 
14090 22406 
132 25984 
7489 25794 
2407 22147 
4105 17467 
27020 28777 
14683 22115 
7448 20697 
10883 15323 
19065 25274 
29199 29518 
14690 25565 
25685 27302 
2119 28934 
19141 27427 
5487 16750 
546 27014 
15919 22043 
8915 21621 
25241 29275 
18523 25533 
29051 29347 
2579 13572 
337 15780 
13764 18768 
28146 28212 
29573 29964 
16827 23231 
3878 18404 
20600 25247 
1539 14335 
28745 29052 
6011 21012 
16616 28011 
4681 24561 
9641 25245 
20444 27211 
23303 25689 
8369 21964 
1370 8707 
6504 15126 
18836 29259 
20758 21362 
6152 8632 
20637 22762 
16306 21881 
14447 19118 
14596 20150 
19171 24069 
24939 27400 
28601 29394 
5370 14213 
11225 16219 
12921 26025 
9527 14649 
8742 9681 
26203 26389 
4320 10664 
27800 28887 
22155 28689 
28585 29289 
29868 29971 
29099 29215 
2316 25056 
9871 10466 
28438 28833 
18343 22496 
5211 14499 
2769 25493 
20709 21506 
7853 14704 
27332 28106 
5437 17434 
21343 27571 
18252 19090 
19837 25568 
8059 14336 
7728 29730 
2217 18709 
20669 21158 
8917 23609 
18701 20773 
17128 18967 
6137 26622 
19629 22171 
21831 22653 
28311 29506 
20251 26763 
28464 29186 
23577 29483 
10433 23593 
2138 27446 
3801 5799 
3535 23378 
11567 22747 
11428 14916 
3347 20044 
12471 14295 
10216 18519 
15387 29391 
18126 21474 
4190 9690 
8168 10229 
21174 27892 
15823 23708 
16863 28242 
22675 26659 
11 12071 
12441 28270 
8515 21241 
8713 10625 
16662 23479 
27162 29732 
24969 29095 
23522 24673 
23183 25580 
7878 14296 
15134 15345 
25285 25728 
22330 27273 
15274 23127 
13640 25762 
4303 22213 
10125 18485 
6328 17475 
1895 8627 
20557 23265 
25504 26950 
1611 4746 
18624 24791 
22533 26411 
6373 22405 
11375 25639 
15498 28222 
19042 22211 
7451 15083 
27181 29851 
23723 23793 
11282 25663 
10422 29665 
3772 27202 
23728 26697 
2864 18317 
21211 27560 
6249 16594 
18649 24750 
19002 27669 
15165 25573 
7495 21031 
16945 27886 
10168 16122 
14407 19825 
22909 23828 
15501 26748 
19615 27024 
8424 28445 
3945 22075 
12188 15143 
22748 23594 
23835 27054 
24548 25250 
15270 29260 
23749 26349 
974 4855 
22634 24080 
280 23735 
2692 8760 
24200 26997 
28627 29249 
6360 8523 
19773 26091 
28613 29227 
25927 27456 
13090 23098 
23173 28975 
14930 17088 
8453 13559 
17343 29660 
13285 24564 
17079 21958 
20154 21046 
6067 20255 
101 12216 
25920 29084 
2193 10245 
4719 16015 
7675 15231 
16537 18158 
14640 20388 
25764 27479 
8477 16093 
17834 21696 
19408 20804 
22881 25946 
13832 27016 
7768 18053 
28872 29232 
28747 28939 
15931 16581 
13091 22718 
29071 29707 
16162 29143 
14441 26082 
21261 25193 
24920 28911 
24762 27712 
3215 11713 
27276 28754 
8153 19148 
14888 17425 
1738 27785 
26344 28597 
25507 28273 
21149 29136 
8540 27639 
26296 26397 
22386 24757 
22196 22870 
27981 29773 
7656 12783 
17141 27928 
29797 29797 
9726 24116 
474 2572 
3955 8701 
24382 25133 
26017 26190 
22133 22209 
23616 23756 
2094 3928 
15982 16571 
24604 28908 
5318 14786 
24605 28785 
28234 28676 
24480 27682 
15251 29434 
11849 13568 
27596 28838 
26508 29985 
18738 19553 
5486 19259 
6492 24108 
13399 27798 
22978 25831 
3520 3988 
25028 28985 
4427 10046 
7252 14397 
15263 18645 
17876 22499 
4899 10868 
21254 28117 
24914 29114 
4185 8214 
22417 26269 
28669 29734 
11857 20996 
4580 24141 
14347 24436 
28801 29514 
29227 29391 
12883 16458 
24153 28460 
18389 20209 
15561 24344 
13846 27323 
17258 22543 
24855 28478 
25224 26812 
78 18781 
11849 27897 
25733 27003 
15581 27051 
27628 28554 
6948 23150 
12103 18033 
16924 18948 
11988 15523 
9603 22838 
6968 8636 
22499 25024 
1784 2197 
24690 27791 
2003 15978 
2986 24503 
19151 19484 
17379 18315 
18180 21821 
8058 10896 
27350 27696 
14972 27024 
13020 27057 
19367 19501 
23319 25780 
2114 22682 
21108 22805 
24952 25654 
2560 20600 
16007 17793 
2730 12514 
17279 21296 
19191 22140 
15264 28712 
2625 6530 
20910 21198 
17091 28385 
15616 29375 
20878 27544 
19491 25712 
16281 28302 
15889 23190 
22178 29080 
27517 28814 
27180 28842 
5667 18449 
22985 28387 
22951 28917 
29183 29245 
6112 29278 
15876 18998 
7565 11066 
7009 26476 
2645 8322 
25337 27725 
8691 18219 
27012 28464 
2290 17264 
24339 24626 
18943 19915 
21191 24581 
10218 23457 
9718 18608 
2769 12052 
9708 22579 
29470 29566 
2272 26971 
25664 28760 
2595 22026 
1536 15913 
21211 22066 
9729 14057 
22033 25542 
25089 28274 
3052 6402 
21671 28219 
25324 27166 
20131 25665 
16952 28770 
22419 23647 
250 16160 
13479 17120 
28600 28920 
16672 24163 
2451 7738 
14735 29253 
23555 26153 
27862 29094 
27150 27906 
22178 29721 
19621 29791 
14853 23714 
882 16862 
12671 29767 
7739 21074 
13042 13145 
19101 26204 
14259 19567 
15927 18302 
13007 25755 
7730 29580 
12460 28826 
19065 28722 
825 19209 
15602 27279 
174 7521 
28318 29108 
13334 15772 
21600 23506 
12911 27065 
18664 20434 
21371 22507 
27394 29163 
13586 25803 
1472 17788 
7285 24891 
14657 21392 
1678 11116 
12593 25647 
23300 29398 
6084 19212 
27172 28526 
730 17857 
2661 18440 
4085 23714 
15041 24535 
1888 13350 
20395 21177 
2718 13944 
13435 14236 
17959 20641 
6692 12144 
5268 11475 
11274 29085 
2846 22385 
6536 29880 
6651 20049 
24308 29378 
26346 27443 
3332 12370 
22456 28618 
19792 20376 
23561 23935 
20323 27581 
7633 8226 
5204 21077 
19817 20397 
2255 29886 
19341 22018 
17750 19729 
20125 28582 
10707 28252 
20092 27693 
11232 18810 
15277 27157 
21573 27246 
12528 16724 
24621 26182 
10547 22869 
25053 27278 
16771 28194 
25883 26230 
26498 27350 
14848 18277 
4073 11828 
14100 16038 
5247 13614 
26706 29506 
2216 5791 
22262 28400 
6307 21186 
19787 24879 
22676 22784 
4391 5995 
4962 11878 
8426 13683 
24032 29493 
10962 15463 
5645 6477 
13236 28976 
21016 26803 
8501 28982 
29937 29997 
251 7207 
469 26979 
16646 23722 
20755 24859 
1268 13060 
4289 12215 
8446 22211 
26506 29385 
20380 23350 
8920 23225 
25693 26021 
13157 20473 
23461 26661 
706 1933 
9814 14745 
13948 29775 
14099 16908 
11401 19462 
19108 19518 
21098 26908 
27971 28039 
3684 11916 
17277 18652 
17432 28211 
22675 25096 
21375 27623 
6071 23242 
17472 20221 
21979 29941 
20159 23096 
10989 21216 
11838 24632 
2719 24722 
7692 14555 
27350 28992 
10772 21774 
24283 29254 
19409 26854 
28723 29380 
8004 26624 
23574 23577 
2632 8936 
22826 29986 
11776 20564 
24482 28873 
22173 28192 
3930 24285 
8725 21927 
4699 17238 
7015 24268 
14088 17291 
28138 28868 
23764 29092 
20477 23153 
3212 22381 
3206 22723 
27692 29185 
15213 23940 
10035 22329 
15275 25340 
24868 25197 
23231 29607 
13596 28409 
1078 19037 
17832 29266 
24409 25100 
12531 14730 
18315 25942 
8267 12651 
21045 25813 
21550 27653 
17548 29150 
25577 28371 
5479 10917 
4013 5673 
17637 29906 
7268 16184 
9966 29169 
16382 29364 
28992 29883 
8440 15827 
1464 3072 
25115 26422 
46 1665 
25064 25523 
17774 26613 
5205 29750 
24462 27546 
5772 24260 
138 854 
16079 16670 
22551 26338 
12303 20607 
12137 23878 
26590 28521 
7188 12482 
25892 26346 
4333 7979 
7874 15391 
8607 24123 
14721 22644 
12129 29050 
13947 29859 
11679 14204 
26249 29520 
19192 29573 
10805 16020 
11569 14556 
16865 27456 
21493 28910 
16901 29718 
6180 27247 
18202 27842 
29252 29807 
25101 29913 
60 14424 
20830 22766 
19829 24735 
24544 24669 
5948 20825 
29918 29926 
7444 29680 
28486 28859 
21387 22545 
18636 23390 
3558 29698 
23620 28087 
18588 19943 
2009 25176 
14554 20967 
12849 28101 
25778 26161 
19543 22935 
6500 12927 
3693 23013 
19194 24737 
5800 13949 
12910 27433 
21400 22975 
14946 20155 
20372 25094 
1908 11497 
22222 23974 
24512 28239 
2629 20785 
16206 29591 
9582 12688 
9279 26849 
11108 20122 
5436 14730 
26613 28603 
19302 26092 
17183 28878 
26895 27424 
18716 24129 
5734 5738 
12542 23968 
19405 23268 
4166 12537 
17629 21791 
17902 29141 
2557 11588 
7887 13516 
22894 28178 
1038 17285 
8714 29418 
6872 19556 
8383 18110 
8002 25433 
5700 26433 
22430 24313 
23109 25201 
16852 29859 
24051 24093 
12947 22806 
19352 25302 
18072 29323 
7917 14223 
11654 20424 
12814 24045 
2391 16354 
27077 29661 
25793 27239 
7900 16349 
3823 25759 
12332 28638 
16717 27653 
1295 19752 
13770 21794 
28570 29737 
10657 17794 
26495 27996 
8097 23738 
7527 27610 
20116 24660 
18334 20620 
10781 12309 
24630 29251 
8190 11069 
22323 23570 
15592 27098 
13841 28545 
29467 29783 
22863 28552 
6167 17749 
14991 21750 
1017 27950 
6406 14500 
17168 17460 
358 20645 
14688 22440 
21702 23770 
10571 29908 
27058 27518 
9726 27157 
25170 29628 
12266 19496 
21597 24260 
3136 26225 
16002 23799 
14337 28153 
7331 12607 
23624 28829 
1758 28630 
11910 22463 
5564 28983 
5407 27424 
10821 18476 
9011 17851 
12778 19211 
15364 26468 
10269 12297 
20836 22070 
10592 21550 
12646 14879 
657 21865 
27072 28069 
26455 28338 
20818 24922 
15211 22445 
20508 27329 
11462 25430 
25267 29266 
4933 14423 
28112 29361 
13079 15393 
19939 20928 
29290 29839 
6093 29702 
4258 9360 
29436 29835 
10345 11666 
5390 11794 
1829 26660 
12710 19643 
26492 28329 
14184 17311 
2732 6275 
27997 29069 
6042 9990 
23621 23893 
6885 19652 
7860 22107 
15708 28110 
24650 25121 
5917 12766 
29086 29681 
27393 28725 
6095 15513 
17498 23815 
12192 24511 
25907 28974 
24085 26343 
2866 9747 
14049 16652 
17374 17400 
16060 29004 
12034 19022 
5493 24054 
6806 19550 
26949 29909 
20759 25171 
26073 26730 
2129 8077 
26276 27186 
28256 28480 
12957 14966 
22879 25154 
20724 21879 
12515 29146 
5536 10660 
20901 26219 
11299 12221 
17241 22232 
7769 13983 
4814 12246 
12464 18533 
4800 19348 
6537 29222 
5640 7102 
1605 7440 
10416 25716 
19282 24842 
21437 21676 
8987 18851 
14112 14694 
15816 24856 
9959 28452 
28072 28209 
25912 27540 
22879 25940 
20145 23666 
24752 27188 
2358 18438 
1262 9756 
1601 16845 
14694 19095 
29267 29707 
24215 29388 
3792 21382 
2179 27517 
495 10114 
21744 22548 
4780 12354 
25326 25361 
9705 21333 
28343 29292 
21921 24489 
487 1216 
11397 19478 
12182 23507 
18294 24419 
29310 29693 
19622 22365 
3978 21430 
22778 24943 
2263 20374 
20344 28623 
3566 11804 
24310 24650 
42 17094 
28332 29982 
5363 6249 
21485 28282 
7554 29357 
25840 26353 
2327 2740 
24108 27995 
1585 28704 
17956 19542 
24949 27954 
18791 26112 
4748 22917 
10548 29406 
29253 29573 
25642 29228 
4171 5217 
9802 24041 
27810 29340 
7138 14771 
8590 14415 
18517 23240 
20790 22592 
26200 29405 
27448 29571 
26505 29199 
3418 22673 
17231 29278 
8908 10414 
641 19899 
16526 21810 
1912 9767 
5539 29212 
4222 9119 
16710 16858 
14114 22003 
3454 4957 
14053 15628 
22974 27383 
7442 21631 
10649 16098 
15169 18436 
21661 29338 
27940 29085 
26153 29198 
19935 25454 
27255 27765 
13095 19602 
462 5719 
9131 13084 
18504 21935 
8343 24652 
9695 25934 
11330 23421 
20980 29728 
11007 28028 
7481 11876 
29854 29923 
17606 23733 
27137 27360 
27536 29673 
20803 20972 
26054 28200 
25595 28180 
29097 29555 
3206 20661 
22478 23433 
13966 19754 
2985 11384 
59 4118 
13792 16134 
29267 29605 
8733 9522 
14883 29895 
185 25733 
616 7757 
18650 20079 
27009 27988 
1086 26085 
27871 28595 
26608 29933 
22208 25577 
13302 27646 
24686 27548 
28782 29012 
13484 16458 
377 10986 
4937 19233 
10859 21105 
19070 21356 
2760 4058 
4418 15481 
4866 11345 
27294 28307 
14363 19391 
7582 24427 
29148 29578 
6773 28203 
1308 4934 
8847 16252 
14086 15074 
26929 27290 
21855 21918 
6843 20027 
15167 25018 
29478 29876 
18484 29994 
2545 27154 
27918 28875 
16848 20044 
11607 20096 
21503 23615 
20381 26365 
511 1045 
7316 26221 
21449 22285 
6482 19035 
1898 29501 
16595 18295 
28374 29757 
19263 26898 
1381 28401 
23 14493 
1810 12738 
10130 21069 
2627 3733 
4654 5800 
18622 23788 
15030 15760 
9045 29638 
1844 27081 
885 10552 
12447 17324 
25998 29790 
3510 28969 
25403 26260 
10800 13476 
2124 29125 
136 241 
15067 19758 
28530 29023 
7817 11161 
24154 28230 
25615 27252 
11905 25088 
22204 26436 
5524 21546 
13053 21084 
9052 17195 
23849 24303 
6217 20354 
11524 24640 
6140 11748 
4523 7563 
1341 21655 
26965 28153 
23330 24637 
1474 9651 
21067 24368 
23206 24900 
25597 28765 
4333 13575 
24210 26154 
14918 19115 
9847 11309 
21225 28496 
24094 28273 
3517 11550 
25448 25514 
8520 9080 
6323 19225 
12495 27107 
4590 8889 
27939 28905 
24479 26786 
10571 23329 
17975 18434 
23326 23397 
18460 29128 
17674 18246 
7112 17287 
15573 16384 
12969 17858 
20887 29789 
10039 25809 
23654 28746 
15599 29568 
14618 16167 
3632 10945 
24180 26915 
806 25821 
7313 21615 
5662 22596 
3954 26941 
2461 21985 
6534 21372 
21231 29210 
17612 28297 
12473 23819 
26609 29771 
23912 29625 
6414 12896 
13373 26666 
8733 8760 
19628 27695 
16143 24739 
24977 25120 
4191 22921 
15145 24206 
24356 26006 
28493 28775 
14222 23027 
13275 15656 
28261 29170 
24315 29296 
2845 26533 
4179 5021 
8253 14004 
5257 29399 
8007 18807 
29006 29682 
1952 6408 
16889 19447 
28726 29538 
29426 29877 
24050 29236 
10393 26774 
26993 28760 
16342 18615 
22653 23094 
16564 24825 
29901 29948 
8327 27348 
29735 29939 
18152 18427 
20160 29094 
18522 26421 
11874 19460 
21974 24489 
13919 24596 
28812 29985 
29890 29897 
7483 11730 
17113 24281 
6 9733 
5276 24865 
6822 23302 
24577 26583 
18466 23344 
12699 15173 
4014 4268 
8110 14661 
5496 6593 
28586 28897 
5728 5847 
20863 28555 
11932 18345 
18839 21690 
12262 27303 
3174 5364 
16187 24857 
18251 27706 
5256 29082 
8517 13962 
15978 16654 
23017 25137 
28609 28695 
26571 28382 
12877 22896 
17913 25438 
23899 25863 
25164 29485 
20110 26249 
5425 17064 
11154 11345 
21435 23767 
29381 29722 
22877 27374 
21249 23662 
23343 27956 
20807 22901 
11077 19055 
25337 29612 
25597 29125 
7948 9818 
2249 23649 
15357 20816 
1011 18406 
16266 22596 
213 27869 
14994 19753 
24012 24951 
13126 14448 
26764 29242 
20623 24638 
16954 24321 
9865 16715 
2114 25633 
29296 29967 
17781 25627 
7838 27952 
4055 11828 
3885 17563 
128 12365 
9146 13166 
25479 25523 
24224 27984 
5250 5980 
26786 27684 
23521 29485 
4748 27770 
20707 24545 
8251 22782 
18706 24765 
1001 15749 
27500 28326 
19551 21554 
26627 28351 
23873 25966 
16479 24239 
19661 22726 
26376 29204 
21872 22706 
11425 18495 
13966 15503 
17385 21275 
29044 29181 
292 7114 
1666 22361 
20142 28895 
17416 19748 
2644 23010 
13677 20153 
9230 26648 
7771 23161 
16846 20789 
16555 19013 
7677 13013 
5139 22665 
1474 3048 
28855 29108 
4259 19338 
5556 8635 
8543 25000 
6261 17745 
25391 28111 
15520 24366 
19410 25653 
19787 21454 
6061 7102 
15956 25060 
26430 27607 
25461 26943 
12574 22811 
21032 29986 
10002 13003 
12382 16605 
16495 25477 
27191 29607 
5804 8446 
28344 29158 
17654 19751 
7103 15596 
3906 15946 
21933 29463 
7722 13812 
29495 29980 
15559 26848 
28946 29935 
7929 18427 
12991 28667 
1960 22360 
27680 29600 
8173 21474 
1714 9573 
3534 25888 
19941 25977 
1168 24020 
11862 25680 
14590 21754 
9641 18206 
10414 12894 
23394 24400 
4337 27815 
1720 3626 
23444 28640 
1278 20795 
24319 27530 
23429 28774 
14551 19943 
23168 25831 
29280 29965 
27110 28355 
24287 26376 
12013 22318 
8749 25536 
29629 29640 
15585 24605 
1483 4024 
25168 28079 
3378 4874 
16039 19901 
29455 29538 
10138 25017 
22108 26669 
16347 28480 
13301 24602 
234 27578 
4602 16453 
4590 8593 
25232 25705 
21462 23855 
19213 21612 
5712 15864 
8536 19988 
3185 19809 
11298 22104 
27620 27906 
2105 9551 
17709 29319 
1297 7614 
16812 17885 
23396 23918 
1837 5296 
19671 27409 
1643 17253 
22017 22831 
10929 26179 
7066 22056 
6938 21534 
12496 26884 
10256 16958 
8268 20673 
21108 25092 
20789 24043 
14558 24345 
3415 23385 
16968 24376 
10572 15013 
23942 26622 
10411 19845 
15798 27707 
10432 14039 
7173 26675 
8062 24837 
20044 20822 
29145 29420 
4742 10282 
16711 22943 
29070 29270 
17000 23750 
6475 26675 
17312 21873 
27752 28004 
15954 23567 
4408 20698 
7921 22288 
27909 30000 
4154 25140 
22409 25155 
29018 29100 
18300 28896 
23259 27390 
18899 29533 
1344 22982 
21212 26003 
18898 25273 
29756 29919 
1496 19804 
9764 9925 
15572 21324 
22881 28219 
27996 29084 
22857 23626 
23550 29161 
25174 28217 
12553 13751 
28337 28760 
20458 27185 
4074 27264 
13761 18679 
2564 19420 
19636 23493 
25800 26426 
11964 16990 
4743 9662 
29181 29606 
3675 26273 
20439 29581 
14299 19813 
13380 16843 
17330 26702 
11233 26580 
21795 23119 
3725 10612 
11345 21024 
20520 25966 
8085 20259 
24205 25938 
9695 29206 
15137 15664 
15704 23958 
16028 16104 
25378 25829 
4534 21346 
23282 23529 
6038 6753 
20977 24858 
21599 27633 
1782 24201 
27628 28702 
23672 29958 
26991 27483 
29248 29751 
826 9226 
4189 13179 
4174 22227 
2833 8654 
11757 21009 
25556 25701 
14039 26163 
22530 23967 
4304 12783 
15718 28327 
12801 20730 
15875 17727 
18024 28135 
2025 5079 
20420 22612 
4302 5624 
10572 25930 
19056 24240 
14044 28741 
13274 21651 
7272 27583 
24523 29826 
1377 7923 
3473 24886 
19960 22273 
4017 22660 
5266 16626 
12751 13325 
2615 8139 
4392 26430 
7685 26497 
11335 24778 
4397 19792 
28818 29409 
821 15033 
17457 17922 
20063 22315 
22270 29537 
27698 29600 
13380 15636 
7987 22245 
5035 26713 
22793 26316 
23182 23823 
7021 27393 
5642 16043 
12839 19900 
1980 6255 
19564 26351 
2372 10337 
20519 20631 
11860 17551 
16108 17750 
4659 17176 
25330 29920 
29898 29978 
21774 27249 
24791 28398 
14490 22498 
27397 28866 
20695 28693 
28264 29944 
457 2667 
7998 28948 
10170 23743 
25705 25845 
23744 24550 
6960 15642 
24612 25329 
11424 13524 
23727 28223 
21427 22365 
16641 19488 
5420 21050 
17723 19420 
14694 19861 
13321 19892 
25185 27578 
21301 21452 
11582 26132 
5291 15213 
1454 20598 
12193 13354 
18813 29825 
7206 18227 
1509 17359 
15592 16095 
13526 17288 
19481 22674 
29218 29887 
4096 10919 
5149 25500 
10609 21213 
28040 29992 
25326 26356 
4897 21859 
11292 19579 
7550 14796 
22245 25898 
2972 9379 
11613 25583 
24014 29773 
6934 19442 
822 4220 
15511 16747 
14132 20390 
19136 24245 
3937 28020 
10001 19520 
11627 14988 
4617 18359 
19632 24100 
5962 25529 
16553 27379 
20551 26694 
8000 26757 
17396 23309 
16407 27666 
1708 1768 
16021 20785 
24373 24380 
22650 27318 
17897 26055 
25867 28920 
23376 25700 
20233 23154 
6476 17223 
1223 28655 
16366 16638 
22396 29204 
21916 22177 
1655 7590 
22394 27614 
2242 26136 
15181 18586 
27991 28566 
9355 20113 
24045 24456 
7338 18072 
11165 25785 
20268 27761 
18665 24655 
13987 15790 
10871 23936 
23550 26579 
8509 13170 
106 7771 
6553 20902 
26105 27643 
3248 26402 
3933 26269 
20467 27206 
6806 29008 
13616 16485 
14662 16414 
17502 26389 
1445 15638 
23004 23126 
21425 21688 
20525 20811 
20923 29042 
29169 29905 
17529 22332 
24046 25768 
15429 16953 
1066 12810 
20586 28423 
5942 12368 
12928 21890 
11457 16871 
18888 28169 
4092 10093 
15445 29439 
8152 15987 
6705 23668 
27237 28764 
3995 6243 
16451 29029 
21476 22934 
3216 16162 
5165 9295 
14106 24045 
13642 22678 
20359 27980 
20184 23854 
19318 29350 
29105 29918 
49 29030 
9964 14483 
7794 17267 
25559 27185 
1289 13042 
10743 11163 
16326 18372 
2057 5849 
27462 29249 
10242 26918 
16337 21085 
16562 21963 
7919 21389 
8873 14214 
10049 17300 
15057 21956 
11562 12765 
9724 15787 
12868 21214 
3574 20482 
16528 16971 
24244 29841 
1921 4332 
638 2812 
22577 27448 
25215 27856 
17663 23310 
7202 29852 
28080 28594 
4261 26420 
604 27505 
16224 17208 
28990 29316 
947 27475 
18397 25297 
5080 16127 
21005 28977 
12267 23372 
5531 23629 
10840 12721 
5487 9854 
26163 28683 
4322 9254 
21336 26712 
27458 29726 
9292 21906 
19279 29654 
11181 14399 
13245 14640 
5370 22337 
1375 28999 
18961 24905 
5759 7298 
7764 11560 
25710 28100 
2358 15293 
24526 27259 
3632 16910 
23511 29933 
1316 28076 
42 25430 
28367 29496 
6842 20117 
29610 29961 
28187 29094 
29928 29998 
21710 24343 
14902 27294 
9322 16663 
5276 22444 
5259 28693 
115 10536 
14979 23638 
444 4986 
25491 26354 
20083 20475 
16534 19384 
19424 24089 
10205 28659 
10204 25729 
21319 26771 
16388 19147 
4170 10354 
11030 21083 
3847 10458 
13832 29265 
17913 26045 
2085 24926 
21998 24065 
15886 20150 
12923 15653 
19261 23824 
10509 28101 
27701 29262 
6099 23102 
28154 29256 
11060 17667 
7855 19701 
23278 28837 
16993 25304 
2102 14011 
1846 16172 
21135 21800 
9559 22370 
10563 25761 
26139 26722 
20121 20250 
13405 19199 
21427 25396 
19937 28181 
24522 25663 
17050 21092 
3107 19620 
770 24646 
3437 12534 
3732 15559 
15646 20627 
11158 20193 
14226 19415 
279 8940 
19386 28693 
1782 23652 
9629 20050 
27738 29645 
24452 26885 
12134 19678 
6316 18647 
8807 18556 
19500 27095 
4512 15592 
24681 27084 
2035 22360 
8854 11745 
2138 14393 
16117 18842 
25506 26063 
105 1961 
1418 3739 
5671 6660 
6262 12424 
18562 18901 
10892 11788 
4961 28648 
10294 18120 
15679 16019 
21208 29040 
4825 17957 
7012 29210 
25656 26789 
3152 12984 
8609 25756 
16130 23478 
1529 3309 
29031 29447 
23069 27570 
10560 23638 
13547 19474 
19510 21490 
18079 19162 
6509 14806 
13089 29905 
7899 8015 
547 8645 
8837 23137 
20498 28775 
6764 11999 
27396 27872 
13274 27325 
13545 27263 
19785 25284 
5611 6897 
24589 28691 
17967 25158 
28095 29021 
8919 16204 
16164 19335 
24566 29700 
29515 29775 
18218 23751 
28084 28404 
89 13585 
20468 26045 
22641 28388 
7546 27245 
16071 29387 
23978 25530 
27490 27812 
26937 28857 
4084 11628 
13450 19291 
19060 28992 
23055 24102 
13497 28295 
8675 15333 
24286 27823 
16366 20876 
10528 27086 
3877 19538 
19208 19805 
1669 13420 
26040 26174 
7394 20753 
10334 17293 
831 15487 
26810 27078 
6325 12950 
29752 29954 
4388 24534 
29550 29862 
25275 25686 
25847 26461 
24831 29393 
20491 29907 
29574 29878 
18412 20045 
594 695 
15366 25049 
23488 25274 
27705 28843 
23905 24099 
9806 28749 
9174 9493 
14062 21353 
6864 13958 
3965 9768 
8552 23083 
20165 27315 
15620 19436 
28963 29292 
22778 24496 
12838 20583 
19160 25272 
11478 26902 
13937 15500 
11317 17735 
18111 19713 
20038 27573 
20706 21226 
11104 17662 
29641 29864 
11314 11959 
4091 28022 
17230 22100 
22377 29091 
7822 20422 
15903 24322 
24778 25052 
21149 25774 
25565 26764 
15954 16757 
19710 22543 
3428 11120 
15809 27253 
21243 26702 
14614 26138 
1195 8430 
1540 19853 
13316 22744 
4671 13952 
28681 29337 
18192 26808 
2186 9506 
25442 25607 
4122 6679 
12498 19231 
6186 17965 
20683 23574 
3165 15613 
12812 19975 
9537 27678 
18597 25753 
25987 28889 
4108 6819 
9980 23671 
19970 20822 
822 4485 
9176 12622 
11891 12604 
16516 23767 
9580 18505 
14344 20078 
7164 8410 
12830 15761 
20735 29431 
18493 26453 
15057 24542 
10591 25317 
19318 19463 
8329 26643 
8860 28187 
23961 25198 
26557 28720 
7430 9086 
9668 12089 
3797 10955 
3224 16219 
12570 23681 
22845 28801 
11365 13349 
23527 25214 
3202 6589 
28953 29802 
28218 29183 
22192 26040 
1419 29831 
699 14053 
14127 18132 
15958 24559 
23855 29285 
28577 29119 
27531 28449 
21812 23233 
18365 25359 
16578 29892 
10115 21973 
22744 29767 
23180 25304 
27102 27143 
29411 29520 
10328 22805 
13199 26326 
18572 29092 
136 27237 
28818 29915 
2184 17614 
25349 29671 
26830 28859 
14832 21263 
14338 21960 
5251 29123 
14811 25586 
11015 15711 
18081 25284 
29992 29998 
15766 21161 
3596 13504 
1345 5469 
2548 15973 
29205 29585 
16464 20678 
19926 27774 
16758 24477 
594 20026 
3839 6344 
6493 20574 
13382 15636 
16219 18467 
28784 29465 
20935 22997 
11750 25035 
21184 24868 
17094 18626 
14881 24164 
12648 27468 
16011 16776 
14795 14931 
25139 27672 
16703 22307 
7667 22235 
8941 19327 
5992 27101 
18300 25817 
12641 16234 
17758 23446 
3441 28627 
27314 27614 
8565 20142 
29328 29885 
1662 21718 
12810 24555 
13233 19066 
14527 15599 
6959 13775 
15328 20540 
18732 26336 
28065 29168 
23008 24556 
21568 28675 
11866 26611 
21564 27601 
144 14596 
19291 25686 
6038 9200 
256 2526 
15331 21002 
21222 22675 
2394 16633 
28235 29797 
1092 2495 
29872 29988 
9536 16833 
20746 21061 
28397 29542 
17804 20114 
15182 24511 
11356 16812 
12165 25523 
28795 29876 
12429 20482 
2715 10658 
15312 27073 
26291 29875 
20528 20712 
22475 29375 
21768 28072 
23857 25712 
6732 17861 
11782 16428 
12780 15118 
281 22468 
9063 14025 
19359 29445 
5907 13237 
17565 26287 
28357 29463 
7359 24339 
15648 21449 
8888 25931 
10608 29528 
14520 26483 
25984 26854 
7823 27022 
9995 27815 
995 26626 
9973 28739 
24909 28984 
12221 29889 
19937 21123 
6927 8630 
10856 24328 
8857 25557 
22189 26067 
10358 21079 
15500 21228 
16144 16966 
12018 17900 
26035 29963 
24256 28040 
10604 24568 
12212 21891 
21951 26822 
21096 28886 
6558 11505 
12637 19138 
21254 22607 
27508 29292 
25191 27860 
28730 29980 
21912 26788 
18235 29567 
1026 10661 
9509 12854 
28832 29103 
8154 20914 
21238 23254 
11913 17860 
477 25845 
10651 18557 
5222 28484 
26283 26781 
11099 15893 
27108 28396 
3640 27620 
19964 20463 
21855 22615 
21984 24335 
6193 19310 
12573 29094 
10167 24297 
16997 17763 
24472 24799 
21975 29610 
9707 16988 
1630 15775 
2746 21235 
23298 24352 
4737 12578 
3451 26018 
10242 13837 
15376 24605 
599 11227 
16153 20533 
29506 29785 
24167 24233 
16370 29976 
25862 26267 
16374 20138 
13819 26202 
27692 28078 
142 18435 
12041 13566 
3763 12686 
4179 18325 
27578 28170 
15358 22314 
12219 22298 
10555 21991 
25307 25792 
29643 29778 
20616 21479 
783 9392 
12136 16115 
23973 26010 
14513 17992 
5513 6928 
2582 26153 
10678 29702 
13156 26194 
12696 21860 
20138 22698 
13095 16391 
13067 20576 
25397 27645 
12551 17752 
15433 18375 
5210 22608 
22637 29302 
3696 12306 
22046 22749 
1704 6230 
16915 28386 
5315 21752 
17770 23936 
18396 27548 
4507 22945 
24312 25237 
17703 28909 
9333 16372 
7229 8607 
17627 25943 
9796 16991 
8731 14254 
6222 19168 
19626 21398 
3898 28093 
6207 20359 
29925 29927 
12955 20910 
20437 23660 
9049 21298 
28482 29711 
15153 21227 
13305 17471 
26076 29066 
11367 14637 
12181 27985 
28707 28902 
4434 19811 
11658 20792 
1854 24921 
17754 29629 
892 18309 
16818 29810 
17564 24399 
12313 14903 
7180 9484 
2603 28273 
4998 12910 
21310 29947 
13884 29623 
6516 15105 
20421 22102 
15077 28246 
17577 18829 
64 5830 
7937 25780 
29162 29233 
27825 28658 
23154 26154 
25186 28441 
1316 27707 
7427 19805 
20414 24818 
14468 19915 
22442 29670 
9844 27606 
20988 26124 
9227 18624 
28852 28878 
8551 12909 
3265 25393 
12087 28014 
19195 21384 
2311 5244 
21951 22995 
10859 28394 
18752 21842 
4871 24420 
7528 16792 
22002 23514 
9960 21838 
7469 8245 
11265 12833 
20769 29121 
24442 29339 
19254 28567 
20013 22065 
28143 28649 
5822 9906 
16343 21216 
8416 28887 
15510 28303 
16073 19351 
21843 25021 
8735 18658 
14803 16876 
13504 14357 
11408 16819 
4901 5343 
5087 8980 
25516 26455 
17686 28806 
14392 18362 
5348 10714 
9049 18705 
25945 26224 
27911 29396 
8192 19091 
12585 23999 
21104 27605 
8161 12222 
13153 22552 
5120 10771 
1592 25202 
19766 24014 
15748 18519 
25221 28868 
11768 21820 
26996 29589 
4846 25343 
5612 27168 
24247 29524 
21184 22530 
20856 22548 
12329 14625 
8529 23067 
20126 21808 
23437 28865 
11030 16960 
20931 26293 
7173 21941 
21508 29323 
29607 29846 
16342 19525 
19229 24693 
9477 21549 
14103 28635 
15892 16877 
28345 29448 
16106 21486 
1448 16614 
25439 25480 
24638 25619 
28646 28685 
14259 17431 
5263 29986 
26797 29749 
8333 13292 
8524 26794 
18898 28362 
11101 22244 
16329 29832 
3724 29767 
21989 28577 
3201 26367 
21880 25415 
4192 12368 
7373 23099 
26102 26642 
2239 4492 
5816 25605 
3893 7706 
17919 18695 
15722 29416 
28117 28699 
24625 29785 
988 23765 
3176 25679 
26097 28335 
2721 16538 
352 5493 
9849 22893 
11819 18985 
20604 26077 
7429 8770 
8468 28616 
6351 17563 
23308 28204 
16740 26724 
5904 27447 
8793 20858 
15228 26881 
16364 23903 
22299 26953 
27866 28713 
29517 29542 
24858 26201 
3992 12160 
24371 26573 
29089 29611 
4919 6948 
9328 21980 
18088 19305 
12447 14147 
21196 25596 
5147 15674 
15405 25034 
15011 25299 
16717 20294 
15678 19668 
1050 20352 
27182 27816 
25777 28231 
22409 27166 
16084 24790 
28174 29857 
14805 23234 
8135 10334 
29029 29247 
27156 29642 
9686 26173 
23509 23511 
12551 26612 
17254 23520 
16086 29946 
13293 16242 
1912 12167 
10672 24573 
13416 26140 
2693 7813 
12470 13020 
19251 29111 
16187 16335 
1410 4623 
8058 14917 
1445 5487 
2283 22682 
16334 29107 
24809 26608 
27866 29673 
18747 27572 
774 15028 
14586 17157 
16854 21100 
20704 27190 
16564 20839 
6416 16015 
4797 26924 
6095 12832 
18483 21208 
3116 16621 
6930 28689 
28677 29381 
1066 1772 
12243 18675 
19420 22902 
27806 28560 
17670 18709 
20775 24290 
29251 29664 
7068 8856 
22147 24801 
12540 24262 
24902 26276 
4312 18566 
11096 25075 
23385 28587 
700 8198 
8702 18018 
28665 28877 
17249 23163 
16943 29127 
14675 17793 
18381 23245 
9002 14254 
6887 22237 
25412 27773 
1544 6973 
7276 27840 
4056 27624 
29945 29962 
15386 18516 
3518 6653 
28350 28490 
4353 21277 
21204 22067 
8777 12608 
6663 25052 
12437 20277 
6824 17932 
29748 29961 
4665 18700 
703 1984 
13026 24101 
7645 24171 
14429 14789 
2660 24321 
12643 19297 
7666 20967 
1445 10069 
25903 26930 
7666 23263 
25131 27998 
21456 28594 
340 28023 
24135 28478 
6349 20179 
1466 6228 
431 6837 
17768 19818 
3391 16735 
2261 2711 
22553 28252 
26095 27546 
24164 29915 
2072 6602 
3053 6558 
12038 23686 
2469 23012 
1289 14834 
5829 21560 
16921 25598 
29975 29988 
9025 24862 
22656 29122 
24007 24432 
27350 28238 
14428 20395 
273 24225 
797 11002 
13161 24123 
23890 24146 
19863 25661 
25375 25677 
24003 26597 
27675 28466 
6869 14853 
23087 29975 
11262 28724 
10547 28164 
7996 26988 
3798 27758 
22532 25550 
7159 20770 
3029 16696 
20980 28017 
26062 28753 
6298 20461 
11211 16672 
9728 27207 
21355 26333 
15050 19195 
27310 27704 
22186 25207 
21503 28645 
19811 28959 
11513 24450 
21940 29504 
18509 23744 
11372 23718 
15967 24757 
11281 21648 
29720 29991 
21272 24203 
22013 25730 
15568 17196 
28574 29026 
26189 26583 
18849 19619 
18429 29314 
11928 20847 
24151 26160 
20632 25002 
10191 21199 
21108 25368 
26720 28403 
20328 22778 
13151 26753 
26970 29975 
29732 29979 
25427 25735 
29710 29860 
15558 16536 
397 11897 
13486 22838 
18202 25077 
1710 15030 
19278 24289 
8079 9543 
15472 18866 
8208 15263 
26068 28117 
61 3365 
1223 16728 
18753 29325 
28084 29172 
28639 28750 
17499 27315 
302 10093 
14182 24897 
15328 18724 
22244 22264 
18924 27559 
22982 23935 
4907 28714 
3113 15331 
21049 25117 
23052 25526 
3575 18275 
27104 28281 
1385 21200 
4163 21124 
24662 27334 
21861 26478 
20914 24649 
3557 15434 
28367 29443 
13297 19808 
27786 29816 
22454 26499 
25379 26266 
21517 27520 
3582 15106 
12306 18934 
12800 17785 
26665 29042 
26677 28714 
12138 21975 
813 12371 
10115 10565 
24672 26472 
3125 7458 
21024 23913 
18202 21284 
19547 22337 
311 2589 
13226 24899 
19816 26637 
24935 25807 
25783 26599 
23196 28525 
15898 20743 
2785 22529 
13016 26721 
19046 24627 
23553 28096 
28517 29613 
18638 23167 
19470 25599 
12979 19419 
16758 20434 
13956 27101 
23170 23381 
17671 25855 
28571 29713 
14176 18549 
27312 27540 
26489 29074 
9947 17341 
991 20076 
16843 27513 
11702 27938 
1537 13234 
8810 12784 
4371 23601 
16646 27372 
18204 26272 
18055 18623 
15920 17194 
25771 28329 
29689 29954 
4039 29433 
28839 29226 
19377 27549 
5556 28903 
1385 1537 
10916 18521 
29342 29656 
14002 21163 
21293 26464 
3100 17287 
28040 29789 
23975 29857 
3640 28133 
21381 22483 
10092 21636 
13048 15936 
8255 17644 
14213 22710 
20690 28363 
11081 11674 
27624 28807 
5002 27429 
13482 24292 
28764 29319 
16950 21491 
28243 28961 
19132 28543 
10271 13805 
9606 13740 
4215 13279 
24414 26904 
5604 20610 
21709 28307 
23338 28744 
12591 18873 
12082 13812 
26036 28911 
8348 12125 
8006 28360 
17607 22955 
2473 8298 
24446 29075 
13367 25400 
18195 25123 
23032 27874 
3511 4254 
7846 20550 
2988 10354 
5962 23557 
12809 15861 
14040 19897 
3598 14731 
23838 26985 
11846 26229 
3973 22332 
4704 10871 
6623 9931 
20882 22209 
23274 25821 
21013 28840 
1004 27919 
22672 27321 
5578 6713 
28461 29529 
15664 29638 
20659 22221 
17625 27776 
13179 25163 
3275 19815 
6399 29335 
24531 24567 
5962 8321 
25278 29707 
16702 27200 
9582 26726 
2762 20569 
8288 19256 
4120 20414 
15099 20784 
25787 29196 
5281 17870 
7161 19710 
19693 23113 
13014 22236 
27394 29768 
17386 18426 
19517 22774 
3673 29366 
25267 26380 
7012 7505 
15803 22151 
16817 20426 
15853 20014 
2659 25821 
5420 26894 
8089 13365 
12303 25199 
8151 10954 
16659 18442 
307 18222 
17330 29262 
20528 29201 
26973 29501 
19582 27010 
2150 14458 
13035 27836 
3680 14237 
22616 27124 
21905 27042 
20746 23296 
14386 20382 
13775 22460 
23639 23961 
7122 15620 
3970 21073 
2819 19171 
5859 7079 
29563 29850 
29034 29662 
6341 15494 
11972 23791 
18866 24911 
18354 29239 
20247 20476 
16629 25794 
28548 28560 
12462 26117 
20651 26292 
27759 29489 
10688 26933 
22888 23503 
19893 24177 
11328 18784 
6095 23608 
2633 6795 
5891 15770 
18731 18906 
26374 28429 
14199 27540 
12141 20929 
19643 22137 
26899 28522 
18335 22161 
22146 24807 
27518 29667 
11127 14535 
10975 15152 
15712 18955 
27930 28485 
21015 28999 
8709 20314 
7569 8446 
20564 23437 
19513 27212 
527 27492 
22804 29013 
9561 18838 
28416 29641 
23438 23685 
18917 24816 
10601 12184 
7181 26895 
24200 28172 
8154 27217 
18478 27936 
20010 20548 
6509 7778 
42 16812 
20590 29743 
2389 27548 
29234 29534 
16980 26581 
2588 28853 
21599 26000 
26721 28550 
28779 29415 
23137 29268 
6641 14544 
9328 22749 
6514 22496 
11242 25460 
21178 21345 
19122 19365 
4746 21610 
11473 11876 
2621 27540 
16113 26166 
14455 27103 
25819 27162 
14338 14380 
23473 24830 
22601 29555 
661 6837 
23697 27971 
6779 17501 
17000 26695 
6453 29208 
29802 29816 
3020 28471 
16759 27778 
23528 24995 
5454 24980 
27782 28927 
2199 14058 
11438 18403 
23008 27215 
5966 6803 
22221 25542 
18194 25378 
25429 26019 
17278 22182 
22287 28568 
23454 24731 
11786 16732 
29931 29933 
2443 16377 
28260 28823 
26366 29024 
24096 28145 
17983 27893 
10757 29026 
3239 4874 
3675 27491 
18911 24832 
27121 27553 
10855 16605 
27249 27788 
17011 21117 
21600 25683 
17439 24072 
22228 23242 
15198 16541 
11347 21735 
24074 24920 
2348 18756 
9102 20287 
7368 19903 
11930 21250 
16485 23474 
26737 27653 
1031 9853 
25571 27941 
1017 4916 
8449 18201 
13217 25994 
3176 6858 
3057 19104 
16861 23181 
4467 18909 
18368 22750 
19278 27891 
25168 27891 
13270 21184 
6633 24813 
4037 16666 
21154 24920 
16369 26419 
15355 20843 
4602 5240 
29002 29006 
4467 11242 
11900 18987 
600 19151 
29386 29716 
12000 21380 
14619 14978 
21381 24789 
29687 29810 
5238 16985 
17417 21946 
22300 29096 
26987 29559 
20505 28705 
26146 27634 
9377 9898 
24056 25486 
14354 26944 
7193 14513 
1244 14483 
17870 29236 
15007 19702 
2148 6611 
10470 15057 
2078 8402 
13123 29609 
3543 29310 
20129 23100 
28151 29639 
2159 12420 
20352 28234 
4421 22845 
19324 25819 
27974 29976 
8391 16747 
9360 29191 
8115 10611 
11957 21025 
21028 22363 
1879 24815 
19582 20309 
6643 14456 
17135 20007 
5464 8459 
27730 28248 
1816 23903 
13365 28149 
9502 17954 
15146 26310 
8772 13685 
22771 25031 
18122 26480 
10177 11284 
12441 17455 
23412 26455 
6586 11619 
11531 15533 
18967 22438 
23044 23506 
9301 15971 
21451 29941 
21981 27769 
2806 13872 
10528 29262 
16676 18663 
29954 29984 
16025 16697 
1910 29109 
23892 29596 
9529 22368 
25924 29622 
22363 25814 
22552 23729 
24713 28379 
20348 28135 
28272 28490 
19791 26569 
3811 13676 
26360 27239 
1278 18038 
29129 29577 
13422 22167 
3999 21821 
19206 27169 
12017 18080 
4199 17714 
7061 21093 
4978 27206 
9090 15208 
23738 29833 
26026 27388 
9320 22331 
8016 29622 
8166 17177 
14471 17286 
16506 26692 
17347 20376 
5316 16025 
26220 26550 
23207 23299 
25039 27882 
3283 11517 
2456 20559 
6660 27676 
26948 29868 
23316 28329 
29649 29672 
10164 17817 
28014 29525 
11623 15784 
5946 19363 
7905 13488 
6757 15126 
19685 25100 
18326 19944 
21978 22974 
10417 22656 
16799 28459 
3365 23446 
25639 27541 
988 17870 
1245 2997 
9560 23864 
23156 25977 
25735 26399 
11418 13963 
19993 25276 
15573 19291 
5729 29998 
22722 29860 
3363 17855 
26504 28507 
24462 26551 
17215 21181 
9807 22206 
25200 29077 
12819 29819 
10756 26089 
5240 24557 
20531 27442 
23102 27315 
3735 13696 
13779 14649 
2085 23086 
7312 24645 
2111 3331 
12215 24510 
28144 29315 
4209 15698 
25241 28958 
18171 21548 
25150 27951 
26018 26373 
21193 23947 
3076 24843 
6731 26092 
11480 12034 
17039 25711 
18401 22184 
27793 28115 
8393 16574 
12049 19108 
11207 14093 
22647 29944 
29148 29366 
23477 29285 
10633 25805 
16470 18157 
2367 27877 
5247 15652 
9675 19756 
24271 24994 
16411 17039 
7158 27978 
19295 25076 
19131 22647 
657 11350 
9306 27509 
26733 29185 
16937 25754 
15307 20375 
7720 16766 
18433 22614 
12822 20883 
11540 28878 
18622 19356 
19923 23023 
7577 9354 
6146 16712 
12949 18874 
12281 16262 
18102 18949 
15183 25391 
4342 27779 
29347 29691 
13154 25847 
17418 24040 
22412 25555 
28114 29969 
1233 24392 
22703 29974 
3361 14422 
12855 18329 
25249 29798 
13278 20115 
28269 28914 
1110 6406 
16804 18477 
11572 26793 
7592 7828 
21756 27566 
291 17395 
1519 12514 
5184 6481 
1125 20404 
26974 29038 
2842 20071 
19427 20459 
27383 27801 
18909 23925 
15586 25369 
23890 28972 
1617 28808 
25869 27608 
12931 14378 
22914 22923 
10918 21574 
9987 27063 
10244 14221 
7711 19676 
10685 12280 
29759 29962 
12440 14491 
6672 8338 
24569 24930 
16831 21414 
16832 19142 
23578 28392 
20754 22947 
25179 29930 
565 2783 
21979 29950 
7605 27164 
22345 25752 
8679 28826 
5078 29008 
25506 25559 
13603 17256 
448 16795 
20856 23002 
24501 29097 
19182 26440 
23368 27501 
2538 4519 
1333 9953 
1570 5995 
5367 20040 
24958 28054 
16881 17196 
15979 17171 
22409 25291 
17228 27051 
5 26194 
24224 27385 
18366 24043 
4778 18465 
5952 17335 
27885 29528 
14948 16003 
19425 28067 
24481 25759 
8553 18007 
9468 28047 
22189 25217 
26901 27309 
26152 28503 
22564 28270 
11072 11441 
12211 14676 
24387 29461 
24972 27285 
24539 26971 
4585 8989 
13780 28476 
20608 28007 
201 23811 
6910 26318 
13434 21901 
29825 29908 
24827 25540 
24663 29513 
3916 24990 
4744 7931 
13987 29731 
4560 28998 
3275 5025 
22288 27040 
8808 18462 
12302 16230 
1581 2271 
13291 21431 
24281 26017 
3469 15314 
23118 24393 
18693 19181 
860 17538 
13206 18911 
24549 28601 
28108 29220 
26867 28561 
29604 29761 
13067 26776 
14523 27173 
8269 16888 
19196 21236 
29652 29979 
7258 14317 
16742 22823 
21589 23816 
14888 27889 
20098 26548 
28660 29136 
26490 27935 
27672 27854 
25650 28775 
14181 18285 
13602 17501 
16498 20557 
24619 29268 
28553 29402 
9428 10727 
26841 29696 
5758 13629 
18584 29113 
17438 24949 
24590 24643 
11255 27036 
28057 29660 
5771 22133 
22197 23597 
19088 24492 
6884 26394 
19829 22589 
25860 27085 
1460 23871 
745 22815 
10281 10743 
125 392 
8695 9857 
1023 11682 
27102 28485 
4211 13929 
12620 12855 
23100 24144 
29867 29990 
6089 9525 
6137 13990 
24078 24105 
12779 16359 
17477 17546 
18219 27910 
25946 27373 
16820 22977 
28785 29850 
289 14090 
4766 13418 
23167 28332 
15286 18428 
5939 9607 
19663 25801 
26358 26562 
16104 22430 
6337 9052 
3923 21655 
12913 20300 
12568 20617 
22508 27122 
11405 11892 
12266 20504 
26069 29616 
17539 26036 
18120 20493 
26506 27415 
26911 27278 
29673 29998 
7574 9147 
16883 27655 
23701 28259 
5592 26747 
12329 23259 
16759 26368 
2504 22071 
17021 18719 
1996 10281 
15384 23308 
25879 26294 
14452 25715 
28547 28979 
27220 27320 
9708 28388 
22019 28401 
15761 17642 
1429 19163 
20979 24451 
16566 26835 
29564 29806 
15560 29091 
3113 6408 
10923 20468 
22112 23894 
25492 26166 
26100 27236 
24745 28607 
20220 22417 
16000 23547 
10259 11477 
2481 25829 
16444 24269 
8847 22858 
7188 26832 
8967 10868 
2070 17747 
5038 7742 
6299 12020 
9729 14073 
8500 21856 
24349 25254 
28084 29107 
1554 21822 
14154 18941 
25189 28704 
9020 16607 
15013 25347 
15359 17202 
23781 29290 
26027 27204 
21894 24151 
3304 12725 
12375 21603 
12303 25906 
6555 14046 
13144 16750 
28227 29075 
23378 27214 
20297 26100 
13915 22952 
247 5611 
731 15223 
25693 29152 
27574 28489 
26569 26749 
11273 23949 
22900 24877 
21018 24973 
26647 28056 
15426 17655 
26169 28169 
9039 11985 
24680 28088 
2148 9021 
21714 22663 
29569 29618 
12646 14505 
27587 28368 
23150 26109 
18196 21173 
7005 11731 
6542 16369 
3476 6350 
17312 24072 
21485 29531 
14082 22294 
28840 29401 
9640 23694 
18294 29428 
17761 17859 
15782 26534 
14034 16979 
4043 20780 
28245 28834 
2767 18095 
15194 26168 
4230 4362 
6548 9858 
14159 18466 
3484 23827 
20503 27101 
7880 7994 
4514 17780 
18710 29927 
25174 26217 
19260 20459 
9376 26903 
4624 24848 
9567 17829 
17050 17428 
29825 29961 
28840 29650 
12594 25856 
13248 17666 
12461 25603 
11315 29958 
4282 21672 
11977 13839 
23050 29569 
7323 23558 
10637 18918 
28909 29967 
16798 18440 
23638 27710 
1758 24278 
25958 29472 
13710 15994 
17745 27984 
2362 6262 
20907 24158 
20110 23616 
6140 24771 
9838 16747 
16033 22149 
11111 16872 
24694 28050 
24749 27444 
11899 21294 
9930 12023 
20720 22559 
5628 11066 
14817 18663 
27302 29911 
15261 22200 
22180 23918 
22971 23365 
15374 22852 
24233 26583 
24745 29240 
21665 23989 
7458 25124 
12424 18272 
13778 25202 
21764 25195 
480 1379 
21123 29729 
8072 10256 
23193 23568 
12686 12688 
14933 17103 
2463 18065 
23264 23941 
1088 7275 
23312 27300 
1209 13810 
16752 27685 
9612 9858 
5975 9934 
9084 24846 
10946 17499 
24232 28313 
29918 29948 
9418 18212 
2550 9359 
6492 24788 
24450 24489 
10679 18156 
7790 14354 
15783 16066 
24998 29379 
2534 21698 
1269 8416 
2626 10805 
2271 29381 
20576 27928 
11979 17283 
22252 23932 
28791 29843 
26420 28303 
1515 17155 
13522 13808 
9183 22934 
13747 17126 
27027 27413 
15587 22201 
2744 15909 
22680 23672 
5048 27532 
15646 16745 
8591 22833 
11628 24037 
19354 26894 
13854 21489 
5309 5911 
26765 28461 
9800 9848 
26347 28713 
21865 21999 
22803 23217 
1863 13680 
26676 29738 
28434 29837 
8767 23370 
29293 29789 
4869 25819 
23404 27432 
22851 25033 
14751 19825 
7188 10796 
16104 22399 
14232 25289 
12784 28038 
27304 27572 
23146 26628 
2050 13765 
3013 29392 
29271 29617 
19607 24707 
3090 18456 
20799 21281 
15673 24143 
6907 24354 
9225 21512 
27342 27651 
8614 13001 
1965 7183 
10411 19131 
22137 27252 
11129 26068 
15172 27404 
2546 12740 
4292 13958 
18933 27246 
4834 25241 
3090 7278 
19803 25467 
27562 28616 
2673 17846 
21112 27292 
28729 29332 
18620 24221 
25666 25714 
16701 28120 
21914 28159 
17756 24887 
8389 22604 
12444 23239 
1612 8880 
25050 29591 
5568 23596 
15375 28264 
4748 6692 
14528 20281 
2188 15326 
24703 28790 
28652 28983 
4171 9710 
3277 25138 
1856 3838 
4311 17729 
13940 29847 
18702 19633 
19306 26769 
12382 27952 
25731 29346 
13840 14526 
21860 24746 
15252 16993 
6844 25193 
29202 29412 
21696 28965 
6879 22497 
2430 23870 
8392 17307 
12056 13785 
305 21351 
29863 29965 
26070 28500 
14365 22694 
6045 22646 
10012 17550 
11369 15334 
25862 26097 
22434 28251 
27428 28868 
18743 27710 
12569 22706 
27660 29849 
3786 3966 
9120 27585 
4164 19871 
1827 22156 
19455 21225 
12810 16372 
18059 24783 
18950 21725 
19216 29948 
28958 29704 
2921 10447 
13319 20271 
29398 29558 
26852 27472 
25662 26584 
6117 12583 
5018 14214 
4847 9033 
21082 26543 
15076 27483 
11795 14184 
22862 27143 
21909 25101 
18783 23973 
13265 19473 
12097 24402 
11675 19295 
3281 3326 
11131 15788 
67 8623 
8611 26119 
15052 22865 
10262 10698 
28605 29771 
21364 29371 
8863 15766 
24217 29957 
15379 27277 
28366 29694 
513 3030 
8397 15181 
24222 25308 
26181 26375 
25030 26725 
26605 26871 
3044 15084 
23576 25018 
2607 5722 
8926 20147 
9366 9816 
3661 28829 
17148 18578 
24044 27842 
7842 12393 
29794 29821 
6299 10842 
14320 21829 
20897 21376 
9948 27508 
14418 26374 
2184 24451 
7330 27313 
16953 26931 
14750 22512 
10739 13542 
29439 29728 
10524 24262 
8048 11850 
11255 13258 
20580 24628 
24691 26672 
24193 28656 
3344 26297 
27609 27702 
5917 14940 
25191 26528 
14215 15909 
5767 27064 
11073 23710 
10628 19892 
5707 14977 
15053 24401 
14506 27336 
23854 26310 
27706 29759 
29780 29831 
11762 18419 
10485 19872 
25672 29892 
7872 8671 
26793 27712 
17593 29193 
10527 25499 
12660 21604 
9825 13963 
15332 18588 
10000 10994 
3330 10932 
2577 8002 
27280 29722 
9978 11390 
21723 21770 
10190 16814 
11460 24115 
20851 23187 
12860 20935 
10610 12136 
3077 7883 
16824 29240 
28833 29912 
12990 21311 
24540 29685 
10101 22748 
2529 13502 
8237 11073 
13686 25542 
24633 25299 
6383 23550 
5784 17982 
9535 18835 
8636 10421 
18616 21450 
529 22007 
29543 29847 
27481 28520 
17125 28809 
15585 27295 
19638 28479 
19833 27252 
12268 14670 
20689 23519 
27163 27975 
13489 17953 
8486 26574 
22087 27437 
28781 29583 
20997 23711 
3629 24030 
4766 5128 
17144 26647 
11178 17766 
5226 24874 
8205 28192 
16965 26082 
2150 5653 
14235 19139 
7484 13636 
23080 27043 
5413 9888 
16676 23211 
15307 18826 
2354 7717 
27062 27144 
24071 24995 
25906 27258 
25715 29109 
9715 9914 
22640 28320 
4447 24983 
8822 20839 
24585 25824 
11877 27163 
3288 26426 
29062 29267 
4120 26242 
3790 25405 
2925 22526 
13978 14429 
28137 29095 
8085 17914 
17433 20233 
16637 20766 
11508 12359 
24560 26634 
19179 21140 
15858 18014 
24189 25675 
9718 19174 
22157 25280 
28702 29314 
28902 29075 
3777 4170 
8694 18806 
23449 27523 
29031 29618 
7589 21935 
9021 12882 
9405 13049 
3703 27360 
26058 29789 
17861 21341 
4989 10720 
20916 23119 
942 23002 
14802 21006 
3960 16674 
18847 27777 
13210 24202 
27860 29683 
26572 27117 
19021 20172 
16411 23087 
8768 11531 
8333 24826 
15204 20814 
8810 28490 
16635 29980 
7821 8053 
14775 17604 
10714 26753 
9334 24883 
10666 23983 
26779 29714 
14510 14695 
5518 26430 
25941 28669 
13157 18343 
5583 22427 
2297 14021 
7547 10704 
11387 22685 
21209 29512 
12140 27356 
26161 29246 
3435 12092 
4881 25879 
5833 27624 
8235 27072 
15464 23095 
16495 27292 
10138 16072 
23300 23505 
13993 26603 
22307 22458 
15606 23865 
8736 25862 
3658 18629 
22599 28736 
20797 25747 
3473 25550 
16795 27391 
15702 24967 
3508 17789 
8332 25708 
2288 15548 
7461 24444 
5777 14950 
28690 30000 
25388 27539 
21767 23594 
25784 27696 
21334 24934 
1325 22342 
9836 11812 
5146 13549 
11864 21582 
11717 27020 
8077 16696 
22325 24780 
17181 24814 
19565 28864 
28977 29542 
6250 11761 
3014 8769 
24100 25933 
15142 27312 
1379 23735 
19807 24073 
10855 19047 
5560 21536 
16226 19955 
10187 15875 
15839 20251 
6023 23253 
26341 26502 
13843 22502 
6478 14865 
28443 29260 
3463 17353 
1877 21998 
2451 7865 
15756 28266 
23201 27628 
17494 23144 
8248 16030 
6013 21043 
558 20214 
2856 16610 
26637 27151 
19071 21731 
4936 26014 
28557 28798 
4049 17352 
24168 24634 
25008 29463 
8275 16504 
19576 29399 
238 5276 
17361 28979 
7505 25535 
21004 24651 
29528 29823 
26856 29002 
17766 28533 
25006 26988 
22638 26722 
5715 14395 
23008 23753 
19475 22743 
16362 18468 
5750 13308 
6833 28253 
25617 27047 
16580 19504 
2641 13389 
12906 25689 
6272 22132 
23090 25260 
23011 28190 
28944 29864 
16621 19441 
20411 20660 
21326 29372 
29000 29336 
26807 29469 
25955 28281 
5294 25898 
118 9702 
26049 29405 
21804 23766 
20528 25914 
22690 27587 
10826 19547 
20506 28299 
10623 17335 
18928 23116 
18764 24719 
8595 21441 
20965 25515 
20937 24053 
21996 22896 
8857 19860 
12558 20455 
23109 28292 
14837 17018 
16096 24556 
2141 18543 
29143 29356 
13546 25961 
24955 25556 
5941 18102 
6844 12216 
15923 17993 
7793 27385 
22804 29682 
7187 15795 
15784 23439 
6776 21515 
21142 26968 
20636 29427 
11101 11369 
28770 29353 
4525 12679 
24178 26832 
13765 17927 
28428 29774 
11182 11485 
6748 8988 
12587 20861 
14103 16034 
22719 27427 
18685 23627 
2558 20357 
26523 28592 
29123 29256 
26259 26287 
26958 29413 
8350 18128 
28228 28631 
7321 13792 
21202 27295 
25621 29280 
8540 15172 
8758 15114 
17138 27931 
1008 25161 
14939 27890 
8992 10428 
27684 28778 
1114 14956 
6309 13053 
15104 21216 
23526 29899 
3892 18756 
10092 17604 
29332 29619 
8302 15128 
19040 20138 
25567 27868 
21242 26009 
2724 4763 
3808 13072 
21639 23407 
19704 22449 
26513 26524 
27698 29810 
17061 24637 
26019 26438 
20313 29528 
17543 24549 
16485 28685 
26807 29460 
10493 16903 
1904 22281 
21413 24902 
24125 25831 
25978 29624 
21753 29192 
29486 29673 
14486 18768 
11059 18818 
662 12234 
6927 20284 
1866 5311 
13701 21269 
5337 25509 
2739 22324 
24848 25512 
1290 6608 
14597 27476 
3561 17840 
880 21622 
4683 16852 
21511 25524 
26058 27300 
22918 29039 
26654 29067 
8851 11272 
22692 24059 
23278 25631 
306 20932 
19554 21682 
17241 24595 
5861 25383 
15045 20602 
9238 24899 
7664 26814 
15603 18316 
19925 23919 
23943 25027 
14216 26894 
13583 24411 
4619 11878 
19667 28429 
16340 16558 
7032 26748 
268 18599 
28705 29222 
15357 16754 
1804 6256 
21016 27283 
22172 24266 
29828 29995 
19331 29186 
11349 16795 
14735 24856 
24509 27155 
28361 28439 
12304 20760 
27212 29338 
11116 24643 
26420 29521 
24859 26329 
15836 27549 
26310 29663 
21598 27713 
18257 19244 
4005 15643 
19306 28695 
23652 24472 
12393 21254 
16417 22435 
28552 29558 
2414 26208 
28278 28675 
21035 24207 
15891 21409 
1136 8179 
6945 27462 
25802 27111 
25495 27692 
28923 29931 
1344 2970 
14825 14839 
12826 25812 
20940 22384 
17121 28927 
25256 25829 
827 1956 
11604 12365 
22149 28417 
5971 9607 
13008 26583 
18523 19744 
8200 26872 
12665 25794 
12711 23271 
3759 8510 
2003 14788 
1142 26215 
29531 29951 
20558 22259 
11751 13238 
6401 16967 
2510 25164 
5457 5556 
22497 28757 
9991 23305 
25386 27795 
12141 14573 
23229 28172 
19192 27681 
8531 18701 
6750 14043 
26957 27450 
8597 19629 
23648 27022 
9595 19794 
11019 23922 
17962 26736 
24496 26130 
29252 29872 
18763 27492 
15418 26787 
21111 28660 
14120 23124 
16333 24379 
2155 16161 
23354 29073 
16680 21453 
11262 13661 
6283 20018 
7408 14184 
23563 28664 
29724 29864 
29649 29755 
2030 18021 
12719 18840 
3274 19346 
21399 25552 
8211 28117 
6548 11062 
23857 25688 
25355 26260 
423 18122 
4075 6088 
9529 10607 
19104 26517 
13164 15345 
14718 21690 
27355 29142 
3392 20701 
7487 19440 
11009 29311 
21043 27082 
8512 13045 
6766 6913 
9177 12264 
26048 28445 
7498 17341 
20723 21406 
7233 11749 
10807 11617 
19454 29450 
8409 14501 
29098 29540 
27936 29936 
9350 26507 
29870 29952 
5705 22296 
15413 26989 
17107 26992 
25950 29861 
19605 21409 
11111 11579 
15799 19790 
2272 3782 
18910 28610 
23638 24474 
10972 13960 
25794 29477 
4527 27256 
20683 27836 
14085 27048 
9544 14310 
2707 26633 
10715 20676 
3391 22672 
16327 16494 
3398 22401 
2517 9928 
6981 16504 
11846 26964 
2826 7236 
20032 20081 
15413 17358 
8538 24631 
15315 18112 
13425 29799 
19089 20832 
18836 21875 
14659 23972 
29797 29937 
5807 16897 
13578 15472 
7668 14847 
17579 24221 
13508 16461 
7877 17112 
6210 10247 
912 17012 
12745 25849 
25608 25678 
15469 28547 
11968 13027 
10460 23668 
6701 14087 
27905 28107 
23393 25928 
12630 15849 
10816 25996 
26205 28268 
20018 29254 
14837 26724 
12786 25968 
12717 26469 
12860 19111 
7848 8439 
29325 29906 
14193 18352 
5349 10521 
12566 23989 
27708 27763 
13986 26984 
28592 29343 
17841 18042 
29382 29928 
12097 20007 
16170 27370 
19885 26153 
26881 28166 
9326 23809 
23375 25148 
3247 4467 
13607 25885 
24942 29134 
18161 21521 
28422 28906 
21733 25443 
22882 27357 
8843 20863 
8300 20481 
28099 29627 
23198 25922 
27035 29175 
1431 26414 
6072 22267 
20237 26383 
27792 29677 
2369 22649 
12630 26805 
3715 25637 
3989 28463 
12088 23187 
7510 13083 
20309 28913 
2062 10903 
15559 29603 
8621 10464 
7502 11223 
10274 12542 
19956 22084 
18488 27678 
17436 23141 
27360 29602 
15343 21115 
14166 18198 
23885 28408 
11669 23978 
19259 22150 
932 7383 
3233 25870 
3316 13645 
21186 25620 
27073 29047 
23826 25200 
11097 29414 
786 5663 
2470 12577 
12395 14817 
7643 22672 
25943 27954 
14392 23949 
16604 24215 
5895 9840 
16474 26512 
3186 5303 
15009 22432 
21124 24800 
29403 29933 
5603 16518 
20779 23224 
29887 29909 
6874 9446 
26034 29233 
10098 29914 
9317 12437 
6955 8666 
5487 16144 
3248 26652 
23016 28600 
14471 22044 
25564 27636 
4505 12217 
16429 29375 
4418 22172 
14950 18911 
7992 16971 
7066 24733 
14122 19276 
8482 19111 
16421 17872 
25965 29288 
19106 19594 
4472 25131 
25435 27819 
22023 27932 
23016 29414 
25038 28125 
14549 24566 
29258 29320 
10763 15845 
3738 24043 
29030 29765 
23778 25248 
16823 28272 
3508 27463 
24284 25602 
5964 16659 
19557 26022 
25760 29513 
25510 25770 
800 27262 
13438 18419 
8386 20180 
9018 19372 
13190 29880 
13151 27419 
2387 29787 
25122 25977 
7941 17600 
11598 15666 
22069 29237 
12563 12654 
21167 23805 
23707 28831 
5071 8955 
2862 12885 
7115 26663 
28507 28903 
16630 23041 
27302 29199 
15941 19789 
28519 29599 
19826 23934 
21804 24871 
14039 27120 
28565 29021 
4940 13086 
17186 23092 
19323 28679 
3604 23622 
417 16521 
28583 29209 
302 4986 
12201 13701 
11100 17337 
29256 29824 
29999 30000 
10655 14109 
5018 8528 
29861 29906 
15942 25866 
21474 24573 
27135 27524 
5377 21822 
3965 9198 
815 6882 
9965 25423 
5470 7594 
6943 7253 
29473 29767 
20641 28508 
3970 19646 
2770 11400 
13027 29019 
1516 12467 
6695 29333 
26142 27327 
29213 29932 
29777 29778 
22488 29173 
3110 14501 
23290 25463 
24884 29060 
26202 26965 
8053 12295 
26189 27872 
15919 17606 
1227 19356 
812 14520 
18653 25982 
27093 29138 
8914 22253 
18167 25836 
28041 28120 
28761 29169 
2412 20194 
21381 27145 
20491 27311 
3907 23438 
274 4560 
19679 27522 
1908 6043 
20497 21803 
15235 27634 
20923 23810 
1960 13927 
27581 28619 
286 28467 
17045 20479 
9548 27665 
17665 29291 
4435 7006 
9966 19547 
12718 27775 
24594 27400 
22155 22563 
24257 29065 
24415 26987 
11094 26463 
1093 1123 
14576 16059 
28584 28829 
9789 26733 
19385 24269 
12522 13722 
9257 13960 
26921 28800 
2030 14037 
2183 27538 
15354 18967 
1871 16362 
16540 20248 
28761 29153 
19517 24986 
6347 23785 
21561 21918 
22012 23482 
20503 26507 
27657 29989 
23802 25976 
28953 29575 
29152 29557 
19143 21246 
11620 16237 
9085 19696 
16579 27947 
19638 28035 
19084 20262 
24580 29450 
16677 26667 
25866 28051 
21590 27736 
25766 29165 
13920 14454 
3006 14392 
2392 18650 
11590 28114 
20684 21114 
16099 21831 
19601 25341 
3561 29298 
11629 18504 
6062 19690 
16229 24174 
5167 29187 
26115 26580 
4206 21526 
4987 21866 
28165 29567 
4884 28737 
3105 26605 
24834 27540 
14758 15375 
631 8561 
8803 24723 
14911 16594 
13254 13802 
2457 7015 
8062 19011 
1178 17505 
27078 28521 
17111 26272 
20007 28360 
9930 20015 
4320 15902 
19654 21856 
17616 19904 
27165 28393 
24984 27105 
3858 11371 
20556 24808 
3903 8564 
13705 29743 
7588 22503 
3640 26752 
22325 29299 
15700 16889 
15051 17871 
22656 25038 
29866 29982 
17117 19526 
26152 27198 
13620 28248 
9621 20832 
4467 6052 
26826 28540 
17612 27217 
5660 22777 
7959 19141 
17170 25465 
12190 16224 
27622 28307 
21223 27785 
7989 8027 
24242 25106 
12942 24531 
16604 16921 
4332 29869 
14342 26752 
1715 25879 
28514 28566 
411 9224 
24812 28459 
923 17378 
1842 6582 
2299 4597 
26240 27125 
846 21405 
11425 27809 
28367 29139 
2728 14669 
23835 29416 
29785 29883 
10347 27023 
24029 29622 
5415 13731 
26134 26459 
15451 23601 
8286 17253 
18956 23490 
21698 22400 
1965 9208 
27704 29465 
2701 11985 
10523 21844 
29453 29521 
26451 27980 
860 3273 
6958 22756 
27229 28166 
27530 27941 
20415 22112 
21046 28130 
4578 24123 
13708 29464 
2648 27563 
18685 28821 
20605 23186 
4476 7384 
26383 29687 
8501 29388 
5017 10846 
1620 23779 
28202 29988 
661 10200 
29165 29569 
28928 29168 
21516 25919 
25 2364 
28189 28910 
14189 23888 
12061 16403 
13326 25721 
13178 21051 
6263 24132 
15353 16574 
27370 29357 
20292 24602 
7484 15946 
9220 15225 
9369 18120 
25094 26879 
10363 21568 
3630 9168 
28027 28802 
22124 27241 
26834 29108 
11878 14325 
9518 26152 
25793 26927 
18804 26346 
11508 19308 
26583 28239 
13557 14520 
26951 29074 
3258 15936 
22177 23530 
20740 27524 
5104 16437 
27444 29476 
4861 5200 
14618 26082 
3207 7611 
22680 27585 
17866 26870 
19822 26183 
27053 28075 
11697 29205 
5915 13821 
24411 26524 
4603 29022 
29773 29860 
20934 26840 
5631 7822 
24020 28553 
2549 10906 
28596 29188 
3180 11780 
23977 28654 
15608 20529 
20634 21620 
5199 11644 
20730 22082 
15593 27316 
25388 26973 
9991 11585 
11509 16897 
23115 27798 
26749 27205 
25102 27905 
21879 23944 
2532 16132 
28879 29135 
16630 20373 
23815 29712 
7618 29261 
25757 25779 
20027 25734 
2456 3531 
11297 15951 
9230 22814 
11747 14767 
24104 27446 
14541 15652 
27046 28777 
27917 29306 
15868 26282 
6567 16029 
11307 22845 
14584 18291 
5851 18859 
26213 29768 
13213 17301 
27997 28218 
17328 26808 
17981 23931 
15257 21552 
18438 23645 
12490 23065 
9999 22674 
16252 27020 
10499 24750 
20948 24571 
6373 20030 
11615 22579 
27453 29799 
25771 29953 
13433 14781 
24162 24846 
25010 25340 
2872 13172 
11071 15016 
29234 29367 
6172 23929 
26295 28764 
5950 6744 
7772 29262 
6237 17920 
23609 24258 
22776 24943 
2226 10403 
12938 27110 
6944 19647 
22649 27487 
11914 24119 
20976 24872 
22586 23796 
19039 24129 
6007 15923 
24320 29519 
23778 26797 
8838 29601 
20148 25968 
14439 26415 
11014 19378 
28861 29300 
14151 25842 
27707 28388 
23568 24609 
16566 20178 
23612 28876 
23477 28742 
15385 28593 
11717 16413 
29426 29727 
23075 23564 
916 17906 
20975 24743 
28949 29256 
9671 14331 
12174 14629 
10712 12167 
15270 24430 
11674 13214 
29092 29297 
24359 28890 
17690 24148 
26800 27477 
17283 21912 
17915 29114 
24607 27648 
27339 27998 
2902 9006 
4484 7180 
4057 12808 
17631 23822 
2469 12529 
14607 25305 
21330 26929 
24943 28252 
25536 27636 
29711 29939 
14685 16995 
1375 11882 
5524 6714 
16301 26169 
19967 23347 
6190 21198 
2832 22769 
1576 25190 
9502 15835 
16123 16170 
26291 29593 
4433 29494 
17634 28257 
10706 26403 
311 25707 
16282 26407 
6133 20636 
21458 21648 
20382 23748 
12075 13791 
1710 21321 
25408 26090 
27486 27722 
7476 26040 
19030 29352 
5395 29084 
3306 10605 
14807 17923 
2106 18393 
17270 22162 
24136 28436 
25951 27928 
20250 24809 
105 7279 
25752 27981 
28540 29346 
9365 17669 
4994 21639 
18238 19865 
4952 22725 
18037 29689 
16998 29510 
15545 15912 
9007 20044 
2680 4692 
7527 18089 
19175 19542 
11347 27961 
16546 27561 
27331 29045 
18599 20919 
8776 22447 
9454 23235 
2950 3528 
21454 27809 
24130 28032 
24245 25605 
12628 26061 
20197 28872 
26684 27509 
22172 27543 
24234 25940 
1699 6168 
7379 23207 
18987 28905 
19553 20978 
9633 10868 
20906 28111 
29991 29999 
15806 24432 
12463 20791 
20380 21376 
11372 24237 
29490 29761 
29851 29959 
29846 29895 
1902 20624 
10652 24020 
14796 28752 
10184 11377 
864 14193 
25182 28907 
27662 27798 
25706 27753 
6203 15858 
2772 13201 
21827 27821 
21873 28004 
20373 24843 
10468 13807 
18058 24131 
3705 22743 
1814 11158 
2397 22517 
2215 9716 
19935 24329 
9164 25730 
24572 26263 
19622 24035 
7427 17898 
29841 29902 
15464 28406 
13208 21563 
9130 17198 
15822 20251 
9929 17511 
12158 29039 
29495 29930 
29536 29799 
13572 25789 
15821 19218 
3741 12489 
10944 17272 
24806 28591 
29129 29460 
5182 28177 
10559 11744 
2779 23976 
19488 26948 
29015 29842 
22193 25778 
15014 21684 
24493 26237 
5891 20700 
6856 21916 
24913 25806 
9050 18710 
7951 23425 
13726 14826 
14902 25050 
10807 15944 
26480 26831 
9944 22114 
25902 28422 
4776 16647 
9476 21200 
7965 9025 
14047 18532 
5073 13764 
14193 25297 
23168 27099 
23895 27765 
10961 22082 
10277 28580 
7584 26994 
28820 29247 
2116 16854 
1370 6614 
19892 27637 
10159 28813 
11924 21902 
21334 29358 
5777 26553 
22642 28296 
6356 11735 
26800 27208 
18472 25020 
12894 21731 
8802 16725 
9116 25683 
3881 8742 
9994 22354 
7862 21259 
25628 29345 
9991 16273 
3681 19771 
7960 12631 
4617 29742 
26264 29729 
24244 25661 
5107 29672 
10535 12056 
17315 24098 
703 20574 
23178 27051 
4523 8476 
18515 29713 
5963 19009 
17173 20513 
3202 25810 
12750 29239 
14466 19927 
13996 17820 
524 10970 
1758 24542 
16236 21794 
13084 24043 
12025 20179 
4290 29592 
4550 14574 
29802 29901 
27634 28552 
3125 5887 
15986 29639 
16223 18216 
28625 29923 
13484 25946 
27739 29512 
12825 19618 
324 28965 
17217 25140 
27112 28652 
11649 15448 
27148 29455 
4601 6784 
16073 25050 
29773 29795 
7801 13749 
29181 29436 
20023 26661 
22182 29875 
8536 25229 
22985 23722 
9332 27325 
16991 28564 
27924 28479 
2463 24684 
28150 29014 
13448 24502 
26869 28658 
6885 29095 
21947 27145 
27383 29252 
22661 25126 
7885 15574 
9354 18925 
26734 27345 
2045 3308 
7428 22764 
6419 9279 
12658 29675 
7264 18346 
15928 21527 
19067 29967 
10915 13968 
9639 26472 
17544 29139 
694 1396 
7673 11125 
14528 19131 
20812 27706 
10137 20639 
11442 14407 
7305 25354 
12173 26606 
15190 19878 
16315 27650 
25763 27337 
22313 24849 
2853 3455 
23433 25960 
6227 14588 
12695 16374 
29867 29968 
8025 11839 
29971 29999 
3097 27006 
7447 12980 
25352 26019 
7575 13114 
29115 29582 
29885 29910 
8388 18354 
3183 9390 
24423 25599 
13463 23030 
28355 28532 
21009 21055 
9788 16913 
22858 29571 
22294 29862 
26301 27315 
16805 26603 
27525 28355 
21820 27320 
12879 19628 
244 26819 
16748 21875 
15221 17489 
109 1979 
26252 27643 
22248 28173 
6225 18982 
5845 22624 
24599 28248 
20875 21201 
1972 10944 
5267 22302 
28605 29754 
17406 21615 
27539 28983 
12353 16562 
22369 26946 
11906 22710 
3250 28375 
11565 13372 
27725 29092 
24479 25510 
3005 13667 
10994 21124 
23283 25463 
22966 23075 
10697 17806 
27288 29305 
8575 24682 
18604 19237 
6808 7343 
21184 24015 
19055 23339 
9665 13193 
710 931 
28119 29517 
21245 21683 
21858 28119 
29937 29939 
23656 24782 
18673 27213 
2909 9837 
25804 25842 
26549 28542 
5325 12426 
13617 22696 
21153 28436 
8174 21618 
5438 12031 
19921 20687 
27147 29878 
15862 28748 
18062 21393 
13918 25249 
121 14422 
17701 22894 
15797 22910 
2652 29196 
7979 20889 
12709 23950 
3176 11703 
28215 28943 
11543 19464 
21084 28254 
1785 18423 
24175 27967 
1501 21791 
4641 24153 
19585 21204 
13135 18153 
24203 28241 
2085 24936 
6576 16994 
18281 26596 
27478 27824 
2656 13952 
25092 26438 
8859 15890 
23466 27415 
24959 28190 
21376 29499 
9494 15223 
6577 8671 
29270 29727 
27805 28153 
19811 24435 
23051 27200 
11203 29690 
24798 28692 
19160 23578 
303 9051 
13365 27188 
1686 11362 
14530 15221 
27228 28660 
17958 18378 
11518 15050 
18704 26851 
3419 21858 
27666 28468 
1993 16652 
1183 3751 
13554 14173 
19700 23190 
29062 29244 
25255 27190 
4942 9446 
2090 3000 
1219 15930 
13085 27096 
28378 29773 
16626 28086 
25127 28237 
24834 26218 
5139 12515 
2938 4414 
18589 21069 
3509 28909 
16589 21527 
7719 9065 
15243 25508 
29351 29602 
20625 23325 
19383 20875 
16965 26199 
26304 26909 
6379 12265 
26397 27708 
9723 26977 
19590 19914 
14526 25145 
1761 18116 
11645 12943 
16382 28670 
593 2790 
22196 26342 
13117 14120 
5957 28443 
21406 24261 
7786 23193 
11472 16207 
9905 13544 
19582 27686 
22906 26944 
19297 24759 
28208 28915 
25254 27080 
17173 23411 
26264 26575 
17194 28058 
27547 29360 
22151 23992 
1163 7719 
8715 8922 
9673 29767 
544 28511 
28251 29860 
24591 29496 
7468 10967 
11981 25320 
16505 19158 
19067 29924 
21459 25625 
456 14473 
3985 13244 
8567 9605 
22530 25396 
1902 4331 
24257 29573 
26644 27401 
10996 27705 
8055 15312 
25702 29244 
14766 27321 
17398 18708 
4288 12028 
20961 28377 
15655 15994 
25250 29885 
6051 10023 
8327 13442 
10410 12198 
4524 18712 
324 647 
21975 25592 
1286 3646 
1713 25050 
10737 15355 
1519 11180 
21573 29587 
23644 28165 
28053 28457 
29231 29803 
2129 20277 
16813 28292 
29805 29821 
22302 29622 
22792 24569 
11055 19467 
13957 18828 
21410 25467 
16482 25206 
1658 26420 
12206 28553 
10240 14623 
24847 28257 
23575 24517 
24018 29506 
19219 29976 
25549 27363 
28787 28906 
11351 19173 
4297 5114 
15508 17215 
23275 28745 
4855 8734 
5959 12584 
28556 28814 
14472 15769 
1106 4137 
23468 25632 
16511 25836 
21128 29223 
14939 20966 
4633 16595 
11362 20563 
50 14552 
7025 20875 
16855 28716 
26303 27984 
17149 20864 
8903 19590 
21542 28397 
12024 14755 
26642 28540 
16708 27081 
18139 28711 
9897 22473 
17342 20832 
18999 24690 
18997 22716 
22346 28944 
6630 28074 
23075 29464 
24831 29271 
7170 25940 
8807 26794 
11795 27711 
23488 26779 
16602 27756 
17107 29912 
15842 22707 
22484 26882 
16361 25573 
18992 21068 
4322 12662 
11135 22671 
27616 29276 
27518 28087 
24830 27913 
6947 29775 
2988 21680 
4552 23100 
25083 28285 
8331 14596 
2986 14873 
28317 29785 
10951 11637 
1974 22489 
12132 14258 
14891 23291 
10544 20962 
6160 23520 
21399 25796 
2419 10896 
2548 6156 
28474 28980 
7743 27659 
11014 19665 
14411 24505 
18948 28802 
21540 24711 
23164 28891 
13470 16093 
3730 16175 
4358 9760 
22833 28105 
3191 20137 
11350 23335 
16671 29596 
2139 24907 
11305 19767 
10588 21029 
28110 29184 
27504 29596 
25419 28674 
1253 13298 
10328 16506 
24355 28269 
19364 27346 
21096 21286 
8626 28076 
17361 24924 
22376 23933 
20795 24089 
17460 28108 
20473 20840 
12032 28973 
24877 26173 
18429 18794 
22795 23822 
12795 20673 
23343 26798 
14649 25058 
20425 26097 
21023 21679 
18910 20393 
8660 17324 
23493 29769 
12071 16059 
7449 24459 
26092 26805 
25113 28290 
8211 19831 
15690 25354 
29222 29672 
10011 20238 
11608 21172 
23231 29343 
3205 21465 
13005 14386 
28924 29695 
18710 23170 
23505 26381 
28866 29862 
11940 12587 
11239 25270 
1241 16343 
19334 20862 
27091 28953 
11271 20776 
2659 19360 
6123 10780 
16203 27424 
2388 20534 
26661 28553 
11805 21583 
9140 12020 
9198 28053 
18128 23934 
4855 12547 
24828 25575 
3227 23493 
8424 10612 
9853 13970 
21409 27366 
9334 18154 
14339 28536 
866 18019 
18965 27552 
7053 25592 
28540 29671 
11594 28352 
9672 24637 
13482 21967 
1777 25911 
13718 15802 
4759 26111 
22665 28729 
21286 25283 
16516 29441 
8054 26062 
21816 27948 
21851 23095 
28349 29211 
13373 17677 
19205 20143 
3383 7038 
14792 17970 
14523 20844 
23654 26000 
4183 14920 
18297 19897 
16805 26289 
10219 11804 
22299 29609 
29223 29484 
4517 15233 
29779 29861 
9077 17765 
503 23564 
17596 21384 
28289 29291 
20231 22512 
21890 24097 
21958 29517 
20139 26151 
8567 18612 
26860 29400 
1166 29077 
28774 28991 
24736 26342 
11189 26193 
15276 22601 
12943 18786 
24897 25080 
24342 29669 
29305 29794 
1885 9264 
29867 29874 
25654 28456 
16433 26019 
21552 24711 
29742 29899 
9351 11237 
26647 29661 
24201 28938 
18561 29942 
20845 23893 
18909 18958 
20187 22580 
6807 22562 
24490 25281 
13505 28470 
25804 28339 
22316 23617 
14826 28349 
3044 29399 
13737 21211 
19735 22590 
4480 5797 
3802 17136 
16231 19395 
27224 28597 
6478 11658 
5756 22801 
11537 24400 
14385 19526 
2837 10090 
2899 3180 
27972 29606 
26368 26725 
2923 3940 
20071 28011 
13590 23258 
26565 29436 
24134 27988 
18798 20528 
11139 26508 
26755 28752 
23778 28001 
1754 8829 
29832 29900 
21213 21618 
6059 16571 
25201 27693 
6349 9803 
8240 10811 
9840 23911 
21308 29788 
8965 12563 
28696 29101 
21751 26763 
29939 29979 
23227 27632 
1802 29374 
14985 17995 
21203 24761 
8515 24724 
3207 25242 
20546 20940 
12266 13860 
19567 21588 
16499 18304 
27820 28044 
16418 27796 
11698 20434 
12710 16844 
26735 29670 
14734 22386 
10359 18266 
12453 23041 
21381 22329 
26065 29478 
28518 29870 
9136 29814 
6892 9106 
9531 21577 
28828 29552 
22208 25849 
28469 28489 
19379 25878 
16551 19190 
2465 6517 
14530 19194 
28223 28368 
3533 22477 
8286 27534 
24740 28017 
24622 29680 
15906 24045 
3415 28322 
2078 20189 
8672 27156 
4565 18902 
4517 17667 
15992 16188 
16795 29008 
19267 20901 
23633 25819 
29511 29905 
15911 17574 
5757 19562 
18198 25889 
17569 27395 
8301 25165 
15567 29641 
21482 28158 
7933 20364 
29781 29794 
5385 15065 
26452 26480 
3122 6182 
11136 11358 
13249 25618 
6941 20509 
18081 20604 
28640 29306 
21358 29955 
20914 28807 
17913 21437 
23200 27926 
8496 24204 
7148 10726 
1294 18579 
9189 23856 
10736 29184 
15132 28302 
19414 24005 
5677 9590 
23101 23435 
20959 21268 
13913 26651 
1960 26562 
25901 26642 
3783 7078 
7914 12840 
2254 17212 
20273 21650 
1208 5204 
25964 26895 
9989 28684 
24458 25846 
23866 24048 
14454 16015 
13003 24494 
27054 28206 
17404 27379 
21107 22047 
21800 24206 
17655 26094 
10546 21513 
19269 20921 
4151 20249 
3471 4600 
4889 11634 
23467 26294 
19330 22693 
15640 18079 
10171 15078 
644 8369 
4828 27632 
3819 21853 
6152 12796 
21000 25182 
990 3249 
24324 26104 
6378 6612 
29579 29727 
38 18177 
9399 10444 
316 15359 
12849 16723 
20477 27627 
18124 27298 
16857 21986 
22402 22571 
12355 22267 
2858 23675 
17808 29434 
13923 17851 
20158 22530 
1046 13409 
19311 29855 
18767 22061 
27105 29918 
12013 17874 
1049 17048 
2976 11374 
10386 29573 
6257 11902 
6006 28825 
10632 15934 
3568 14554 
25445 29153 
3274 20221 
3318 27650 
18833 23124 
18681 24380 
24455 27331 
21013 25101 
12861 18168 
19388 21294 
11258 23426 
761 12257 
2216 12465 
85 3583 
29721 29825 
22022 24018 
7422 26828 
10596 22617 
7112 10354 
19998 27055 
29427 29934 
1000 16239 
25829 27774 
24614 25121 
8639 26915 
20384 22387 
12777 18713 
2981 22176 
16497 17360 
27747 28068 
10459 15170 
1468 4223 
1244 29012 
10112 23910 
25493 29233 
25268 25289 
15769 22733 
4076 13601 
14299 19747 
18052 21672 
14977 29887 
15541 20032 
20238 27154 
22788 25034 
14811 20160 
24788 28328 
3199 24631 
25443 27258 
16744 27346 
17460 26387 
3103 6486 
16379 16516 
8273 14433 
2142 11043 
17055 19343 
26859 29801 
12817 15256 
5608 18580 
18854 24528 
9697 18372 
9279 10117 
19619 24406 
21629 25432 
28759 29754 
24795 28903 
5749 16682 
29363 29492 
28871 29605 
10957 26433 
24742 24843 
12187 16843 
12821 17544 
316 24397 
4566 24934 
2846 21742 
10624 21828 
21127 29026 
29216 29320 
20828 27502 
28249 29207 
24188 29609 
6367 12188 
8039 28044 
14082 28238 
6224 15318 
23540 24249 
7759 19683 
21672 24617 
26522 28810 
12232 22203 
4261 8688 
14093 29372 
23477 27812 
20994 26976 
26009 29894 
16981 20430 
25404 26905 
20918 22648 
4836 18787 
2076 17111 
29814 29941 
17066 21114 
27608 29894 
23694 28422 
8263 19941 
20073 25630 
9107 10192 
315 17249 
8183 29561 
24937 26766 
16124 20167 
23242 25032 
17017 17834 
27576 29168 
4139 6440 
25904 26647 
22375 23641 
28464 29266 
4186 28445 
22462 26170 
5561 11201 
4745 14484 
23763 24611 
7539 24599 
18561 22107 
18720 29979 
14995 17414 
12774 24172 
18263 21741 
7255 18622 
4333 12877 
12991 19853 
20503 27569 
29790 29935 
18166 24935 
10578 22776 
26589 27522 
24703 29380 
11973 12702 
1825 22075 
29089 29593 
5524 17363 
12727 15375 
18746 19139 
13781 29743 
10648 17729 
6349 21041 
26926 27088 
22108 24981 
1479 18060 
11416 17855 
25428 29581 
24603 28683 
7768 15837 
28476 29010 
15293 17813 
26911 27254 
20135 27086 
3365 9672 
27551 29211 
19688 22072 
2305 19665 
23984 29732 
1382 24304 
7559 16141 
16750 21714 
3661 22141 
3924 7724 
8813 14666 
13182 29216 
6443 9110 
21347 24926 
24527 25265 
29540 29711 
25560 29058 
21633 25111 
6474 6562 
3646 15035 
26428 28979 
27523 29337 
7314 8001 
8361 10657 
11550 13354 
14972 26448 
3422 12656 
25126 28275 
17912 25300 
28672 28916 
11394 27234 
22385 25393 
4280 29986 
9342 25970 
29873 29918 
4780 12567 
6517 27519 
29753 29933 
28755 28855 
8215 9324 
16324 17975 
2162 27854 
15884 18704 
23966 25627 
14047 29880 
5842 14251 
16892 19672 
7502 12480 
23074 24353 
14469 27574 
5756 24215 
21402 23798 
23613 24848 
24659 26196 
4438 5589 
13580 27722 
4657 21022 
25658 28858 
13861 28946 
7721 29215 
21262 23342 
22751 24867 
18573 21582 
9337 27594 
6296 23545 
20941 22848 
284 23749 
15983 26657 
4663 8841 
27277 29421 
24215 28874 
12520 20148 
19441 29587 
21649 27358 
20846 22999 
18939 27279 
9878 20369 
16815 28317 
13521 24405 
22617 24728 
2752 7790 
4781 9944 
23879 29352 
3059 9031 
10809 13097 
22174 28470 
22769 29887 
28760 29511 
10540 14991 
8535 20086 
23414 27711 
8578 19118 
27146 28359 
6443 17342 
21392 24774 
17257 23907 
22462 24341 
7840 29586 
16870 22959 
28110 29705 
17039 28573 
10754 23632 
13584 25998 
21643 23681 
4314 28920 
12568 14761 
25925 27224 
9841 25029 
27025 27184 
22494 23704 
15702 24896 
24261 26535 
20502 27428 
6902 15370 
23163 25765 
25112 26006 
19100 20169 
27169 28147 
21944 23575 
2381 28300 
24015 28958 
18878 29334 
14877 29453 
22977 27456 
22921 28480 
10198 16569 
8178 19896 
11584 26264 
6062 20221 
26197 28292 
28633 29071 
9102 27452 
27561 29091 
21536 24398 
13220 28714 
18968 27495 
2038 5788 
863 6833 
4880 24797 
861 2528 
11722 20023 
11717 16345 
28373 29656 
2540 7759 
17331 25922 
9239 15203 
10668 29213 
648 25186 
2516 13204 
6041 16943 
369 4428 
26086 27326 
27264 27319 
21706 26693 
19266 22500 
24451 24613 
29993 29999 
23166 25260 
29484 29938 
1834 8073 
12643 23974 
19853 21128 
11741 26408 
23174 27439 
13046 28152 
9341 25065 
29801 29962 
23080 29132 
7516 12910 
25 29831 
16863 22546 
14322 21184 
3020 22817 
5662 29007 
20501 23170 
29428 29708 
13234 22618 
26023 26744 
24720 29091 
24990 25378 
7880 12364 
19226 21260 
13056 15647 
4738 21350 
13815 15744 
9593 13783 
20848 25359 
14613 23871 
1967 12808 
16149 29427 
2990 8578 
11878 15622 
22848 23852 
6672 17368 
99 15359 
18271 19208 
24186 28257 
20986 28864 
9652 20058 
11173 17057 
23845 29099 
21834 26599 
20804 27402 
10958 18887 
22786 23129 
17034 27739 
6473 19677 
26581 29107 
6250 9642 
17262 21498 
15141 21397 
23716 24178 
29755 29925 
22684 24557 
29484 29507 
10346 17546 
28133 29513 
26632 26653 
11332 20935 
22773 27549 
15570 22981 
26157 29495 
28999 29806 
25398 28340 
159 212 
28514 29739 
12402 28599 
15724 24568 
16307 17835 
20866 23263 
17704 22784 
322 28961 
4257 17070 
16845 25015 
15854 26307 
26189 27463 
12980 19833 
4486 25904 
12454 19262 
10512 11072 
19361 27123 
24348 28151 
13192 22377 
18879 24328 
22400 23401 
4757 28176 
15378 20222 
13319 20675 
15725 16053 
4415 7662 
19528 27786 
18839 19821 
9218 28759 
2728 21490 
8017 25819 
4645 19091 
2079 24147 
552 12858 
11018 19818 
13626 25253 
5552 27407 
22448 28414 
14212 19505 
23204 29089 
7208 8438 
24277 26011 
27415 28276 
28176 29836 
19716 23154 
11625 12274 
22108 25829 
8326 14485 
20279 29543 
27056 27199 
15469 17484 
15281 20661 
16767 28635 
22252 27933 
19502 25854 
27107 27466 
12712 25583 
24148 26240 
29439 29731 
1722 5650 
5345 18662 
14847 20380 
6608 13478 
28231 29688 
258 12736 
12236 24616 
2288 27208 
4204 13908 
28268 29326 
24213 28224 
2859 19017 
4310 9151 
7665 19324 
5497 22030 
25782 29971 
10643 26379 
24646 27770 
26360 28848 
20119 28315 
15070 23561 
17004 24417 
22715 28467 
26665 26979 
28995 29933 
3065 4146 
16986 26042 
15376 22186 
18607 24987 
28958 29896 
15479 19096 
2404 12664 
4259 25069 
5083 14262 
4714 25743 
11975 21944 
12313 13411 
6325 9124 
10223 11141 
9905 17958 
2507 14356 
530 1848 
21979 29012 
10698 16983 
28775 29894 
1210 18780 
30000 30000 
25642 29196 
8811 25996 
15351 21037 
20513 29166 
521 29726 
2619 3267 
7810 24833 
22664 24074 
10612 24924 
23669 29021 
9279 24492 
16323 17875 
21492 24001 
25067 27334 
14644 26408 
21019 21827 
22693 29269 
15125 21017 
27609 28400 
21101 25723 
16986 21810 
20218 24315 
12552 20150 
16648 19990 
18223 27612 
18605 25825 
24383 27923 
13157 20220 
14998 17584 
1971 7244 
3285 15025 
20668 21588 
19315 21051 
26674 29249 
2367 18773 
21682 26512 
3917 20945 
21945 24756 
18914 23307 
19623 20565 
4208 7849 
4687 24789 
28513 29416 
5870 12953 
15520 22903 
3245 9257 
10345 26605 
5705 10249 
10945 16449 
12848 27894 
17886 23245 
19811 25973 
5512 17467 
5063 19372 
24428 28765 
21763 22483 
12500 16763 
14019 29789 
6477 18940 
27837 29009 
14397 18670 
15127 17325 
9247 9998 
20993 24583 
10505 20743 
29437 29489 
14996 22308 
18434 29103 
460 10761 
29444 29783 
10639 27105 
24366 29285 
12604 21015 
23425 24325 
28695 28878 
7396 19386 
3781 27413 
26854 29020 
22206 22724 
15936 19258 
26523 29958 
24243 26737 
23695 24850 
11535 14700 
7418 16534 
525 14561 
7100 19741 
10073 10934 
3515 22611 
11879 26576 
10578 14072 
24588 25146 
11836 18441 
13091 17416 
25510 29988 
7714 15655 
13792 26991 
2515 17660 
22643 29308 
14650 17967 
20524 26504 
3404 5211 
7138 7672 
10469 15576 
6330 10133 
2595 23657 
3222 27110 
15365 19810 
27577 27649 
448 22976 
14106 26026 
11537 16980 
25300 28414 
5241 11103 
25097 27027 
20522 27326 
29935 29980 
26193 28309 
20226 23519 
13529 29799 
2018 25345 
14131 23879 
27125 28302 
10573 17689 
10743 27352 
3463 26537 
27616 27858 
22232 26092 
27572 28309 
1977 16307 
2873 24187 
25855 25977 
9991 20507 
20799 23683 
1505 7944 
2522 13561 
26158 27261 
29881 29961 
16907 28141 
5990 7218 
19127 29574 
13687 24727 
702 16234 
2130 7363 
27586 28170 
25915 29324 
721 28596 
24090 29068 
17657 20003 
7128 14099 
13998 14589 
659 1049 
16825 29431 
3303 6250 
16510 28499 
5588 24045 
12562 22744 
5817 16591 
11507 27689 
5035 15832 
20870 23002 
5253 7132 
12985 23934 
14730 24525 
27319 29719 
5273 15751 
6371 7470 
13333 26509 
21 790 
27728 28291 
12998 23558 
10239 15493 
10036 14628 
20025 27813 
7705 13428 
19316 26599 
24365 26146 
26486 29902 
21977 22968 
23211 29933 
2967 13684 
16635 27193 
3639 8537 
2101 2221 
9147 21794 
21158 21824 
17087 21929 
20479 27221 
22801 28589 
725 24828 
3511 29928 
20094 21361 
7220 25107 
3528 3856 
27140 27370 
25900 29683 
23403 25775 
12284 28948 
18778 25580 
10111 15171 
15951 24879 
4483 22910 
20415 26521 
25090 25875 
26907 28265 
25394 28114 
20214 25219 
4327 28805 
13383 20744 
6107 20799 
2696 16664 
16267 20961 
17707 19446 
91 23350 
6129 11760 
7884 25252 
5552 16788 
26928 27885 
25134 25297 
13976 16751 
22875 29371 
14643 27387 
8096 15756 
11704 17736 
12965 23789 
218 26479 
21848 29082 
16650 29755 
24437 24583 
2349 21898 
6288 26070 
27541 27633 
27168 29416 
22516 24678 
16766 21300 
28839 29234 
19995 22976 
22222 29555 
28176 28189 
1320 7257 
7560 18851 
29849 29966 
6205 23296 
26013 27760 
5025 13968 
28067 29631 
23962 28981 
19189 27423 
27058 29496 
22548 28044 
11249 12459 
16899 27386 
17011 27189 
28785 29890 
10183 14373 
278 13374 
411 24844 
5424 7564 
1810 24415 
22432 27245 
4290 7577 
9244 26913 
16510 26880 
5469 13342 
7013 18170 
18486 28778 
22697 23864 
12952 16391 
26922 28428 
16883 27739 
5665 17494 
3352 7232 
2719 13923 
24789 25841 
20037 27905 
15956 19889 
13719 29742 
27786 29525 
1535 16894 
15142 24879 
8605 21730 
8918 10506 
15224 26292 
2036 11293 
162 29518 
223 20605 
8248 29636 
22948 25011 
4411 20794 
8176 16627 
1733 16595 
20092 23518 
10119 13204 
17229 19729 
10064 15419 
17878 24588 
14702 25854 
24924 25391 
11710 15663 
5711 21377 
7176 19812 
20663 24876 
26496 27217 
6595 11763 
10589 13310 
13544 23638 
14246 25672 
15466 24150 
15045 27004 
18289 22327 
26782 29218 
21499 26116 
28705 28947 
26102 28610 
5049 11047 
23203 23500 
18286 24132 
28704 29176 
8114 20248 
8567 28695 
20454 23617 
4319 20915 
11784 17911 
14405 20863 
16231 28699 
23799 29741 
17401 17409 
12655 20214 
23748 25454 
2070 13847 
13785 23800 
29918 29983 
20147 27555 
10623 16687 
20888 22975 
29192 29476 
14270 19049 
28659 28692 
4191 25270 
20238 24688 
26179 28748 
7142 20369 
2729 27271 
20625 26301 
13232 16245 
29482 29632 
6964 20538 
4691 8329 
15552 20394 
19762 26034 
4076 11584 
23245 27044 
11709 21185 
1171 23537 
929 24814 
3319 13196 
28915 29329 
27622 29315 
16380 20043 
19002 23933 
5547 6341 
6898 7538 
9660 14956 
8920 28796 
6414 24423 
17943 28850 
14887 22353 
29535 29847 
7898 16259 
8615 28699 
26825 28172 
19820 23447 
4937 11504 
10422 18460 
12709 22235 
19045 22197 
13110 28830 
13356 26738 
6211 23163 
29135 29847 
2087 27673 
5235 20318 
8246 17565 
23211 28438 
28837 28982 
22211 22389 
17552 21669 
1569 25020 
9081 19049 
19917 27336 
5397 25200 
3021 19313 
14885 17644 
17249 22579 
18318 21204 
17742 26995 
8660 10055 
15008 25380 
6251 7344 
10552 11985 
6940 8571 
14291 28038 
7070 19358 
13460 18894 
14582 25961 
2211 28955 
16134 24998 
14071 22171 
8282 16099 
19428 29276 
8437 26848 
2017 27192 
3390 23555 
22815 26561 
20028 28358 
25251 27537 
20063 25188 
5224 15427 
28180 29711 
15687 19172 
1590 18634 
25633 25835 
24066 27369 
29504 29627 
1997 14534 
27719 29540 
15162 21567 
23020 24070 
24133 28015 
17147 19618 
8727 12649 
8104 12397 
29355 29996 
29986 29988 
10253 16539 
15157 28458 
6659 28690 
13111 19164 
29508 29927 
24774 26145 
3558 27497 
20448 25156 
14049 21951 
3719 12048 
13820 22962 
15074 29732 
3152 8799 
27510 28314 
9351 19443 
3133 19806 
11045 23880 
12343 17451 
9450 20346 
29851 29904 
12467 23772 
20106 24841 
24841 28206 
17058 24674 
11715 20985 
23867 29168 
5354 11487 
5823 12527 
24767 27790 
29590 29730 
5737 20084 
18875 28492 
20800 23309 
10797 15444 
21327 26354 
4500 14555 
3080 10954 
7564 18116 
17322 21993 
11540 29928 
2755 12017 
8207 16049 
5436 13894 
14129 17216 
26377 28245 
8940 23267 
22340 22669 
21571 25001 
23840 24296 
2210 18544 
18382 28062 
19646 20788 
12237 27041 
1135 3815 
18448 29472 
24523 29596 
12993 21513 
23660 27020 
17721 24322 
6855 27699 
29696 29727 
19729 27912 
24286 29932 
19524 23194 
8319 25917 
14761 15530 
9840 28716 
24745 27798 
1040 2612 
21790 23694 
962 10502 
7407 21844 
19806 25324 
28747 29644 
29949 29971 
28043 28756 
13297 28132 
20955 27445 
24769 26943 
849 6094 
4377 29736 
20706 29623 
5737 17547 
25766 28053 
26438 26949 
10620 26737 
21059 27203 
1522 11570 
5205 6444 
18821 26101 
16445 26000 
26670 27077 
124 23885 
26495 28674 
11032 19710 
23119 23617 
1553 22459 
14222 17251 
9839 17260 
20477 23085 
7628 23768 
6732 15450 
11436 15743 
16011 20096 
2725 13678 
3971 6312 
23205 24311 
21401 24474 
7005 20279 
19800 25453 
10499 22261 
13069 13235 
13963 14586 
25603 27860 
14883 29906 
28171 28307 
9586 29837 
26234 28275 
9001 20211 
26842 28679 
11314 15493 
6168 27157 
7526 26842 
19370 25055 
28027 29146 
15304 16761 
22109 22511 
8864 16012 
24743 27084 
16230 28379 
19617 23015 
4026 4752 
4809 28325 
18475 18492 
28131 29910 
22866 25797 
13710 27500 
27925 28444 
17448 23692 
10571 16785 
23411 26348 
8883 18759 
17242 25415 
5585 21731 
22399 22939 
3952 17321 
13549 23640 
15211 28308 
923 17058 
2082 10826 
1460 2100 
5161 11963 
20226 24343 
8486 23011 
10628 18955 
24969 26462 
7101 22344 
14556 23891 
16672 28992 
27259 29486 
24420 29014 
1775 3327 
21994 24994 
10202 29261 
11240 21304 
18570 24713 
26596 29817 
22457 26484 
7270 16030 
16213 29833 
27714 29098 
4380 17073 
4490 22276 
1423 8790 
7954 17661 
25610 28389 
6990 9037 
29854 29863 
22128 24715 
23426 28864 
14037 29117 
1307 3613 
25290 28766 
22859 25626 
9530 20700 
21317 23191 
12410 26860 
27021 27750 
27394 28135 
13114 27250 
27566 29937 
3656 4628 
9204 22607 
3839 14402 
25136 29389 
5765 13434 
5606 17777 
1309 20573 
14587 24975 
4127 24625 
8499 19192 
16629 21084 
25888 27403 
17202 22408 
19757 21822 
11956 25170 
26411 29741 
3363 13948 
15361 20647 
22026 25402 
29784 29965 
16976 25723 
13245 26062 
29899 29938 
5057 15121 
10100 26221 
27770 28523 
23364 27560 
29799 29894 
24591 27019 
842 5180 
16150 23320 
23664 24066 
1416 3410 
11481 25286 
24970 26525 
8321 13244 
22847 27175 
6830 23000 
14417 23534 
25116 25476 
14423 22604 
15429 21056 
18245 22938 
17476 21647 
4213 13749 
23203 24770 
6459 26604 
1603 6842 
3133 21578 
10976 19963 
19884 29105 
28896 29677 
5444 21692 
8966 13131 
28922 29125 
25708 26071 
22293 28690 
11571 25259 
28790 29888 
5260 17455 
15864 18048 
926 7406 
18186 22847 
20493 28946 
24139 29276 
21416 25622 
18592 29297 
20223 23680 
1863 15354 
28565 28592 
3670 17763 
16746 25138 
6847 27452 
2859 8619 
4724 5226 
25550 29796 
6083 12405 
29154 29403 
29817 29926 
13498 22818 
17924 22688 
14694 16077 
15093 24108 
10181 24055 
19181 21709 
21662 22268 
11241 29599 
25581 29842 
7165 12760 
20597 23359 
9552 19699 
24785 28254 
3717 17048 
12034 26780 
19781 25732 
26212 29075 
17665 17884 
2970 19736 
7154 25501 
6699 27594 
16873 29764 
14992 22155 
22810 24448 
9095 26515 
15372 18989 
26373 26422 
20646 24032 
21251 22775 
14081 22582 
20725 24608 
10582 19482 
17827 24669 
25903 28754 
3847 9527 
22170 26428 
22405 23525 
28678 28739 
16084 27434 
11667 14594 
22277 27608 
615 12434 
29149 29722 
12172 27551 
27339 29952 
3496 6137 
4168 16121 
1894 10589 
29132 29203 
20594 28323 
8982 10135 
22364 28049 
5602 24417 
17901 21688 
8195 23400 
8692 20338 
5662 13562 
21117 25607 
10323 27191 
10912 19112 
23641 24891 
6462 18336 
11228 15496 
14086 29706 
17515 28093 
13120 18773 
28483 29850 
23277 27349 
18783 29845 
4019 19073 
3812 21628 
8478 26023 
14802 19965 
6535 6765 
1432 5892 
16733 20751 
15549 25947 
217 17164 
9663 22050 
20401 23238 
8306 27836 
24968 26754 
12053 17160 
28843 29087 
18110 21528 
21170 27086 
26157 26247 
3208 26371 
13817 15074 
18649 19576 
23148 29633 
16799 26884 
4014 6838 
20071 24755 
27882 29216 
6293 22121 
13022 28015 
27189 29233 
1003 17105 
14000 26844 
1127 10762 
25589 26644 
9648 28233 
17346 20853 
23059 27567 
23661 25740 
22335 22493 
17309 26817 
14076 24012 
10600 14124 
28442 29288 
7275 16284 
8561 25497 
223 25464 
10905 28026 
27688 29675 
5850 16046 
1777 17807 
1391 11088 
17685 25664 
29423 29820 
3083 28251 
28803 29931 
25348 27909 
15352 29180 
9994 29428 
23991 28573 
8233 13337 
18524 26833 
25851 27426 
18359 24631 
6918 25655 
9601 21825 
2824 11396 
4401 17249 
29079 29692 
19045 20917 
15293 25705 
25566 29381 
26220 29468 
50 10505 
5309 23367 
16297 21996 
3852 21813 
26968 29193 
11810 29097 
1154 2606 
16826 17715 
4948 6431 
26228 26372 
25583 28531 
17967 18797 
8979 16181 
3010 9988 
7348 17601 
25850 28008 
10377 17575 
8317 21904 
9332 21852 
16644 21260 
13488 29401 
24817 25274 
7386 16904 
813 7760 
14456 15491 
6570 7717 
25825 28234 
28176 28339 
5539 29122 
24607 27295 
13807 21491 
5776 17627 
11801 18170 
20245 23753 
22472 24028 
28714 29947 
4250 15318 
20680 24279 
6574 10455 
13141 27557 
25756 26365 
8079 24413 
20988 21515 
8571 9686 
8467 15392 
2167 5307 
427 24813 
14887 25825 
1451 22902 
19776 24940 
6886 11557 
14588 28707 
20671 28766 
29153 29651 
9700 18446 
10261 16655 
12363 15300 
4687 27259 
18672 29470 
20131 21852 
10300 15593 
23367 27147 
14370 16996 
20658 28507 
8238 12209 
1578 24957 
19431 29085 
22827 27038 
13740 21951 
24589 28212 
959 21657 
10307 28571 
10184 29236 
16432 28879 
26832 28700 
20549 23037 
12674 21651 
8232 8877 
24666 27947 
23045 24784 
26600 29259 
12067 26154 
17608 26783 
16676 22951 
7872 20230 
18156 25483 
24956 27140 
22577 25207 
28540 29448 
20856 28848 
21582 25980 
20527 20945 
25399 26936 
15133 22691 
28116 29580 
23500 28815 
24602 29612 
20641 23917 
2877 12119 
13744 25895 
23493 27333 
3851 26335 
28664 29917 
11426 14666 
11130 16060 
22168 27568 
8093 27825 
21090 24375 
3749 12504 
29970 29989 
10322 22538 
19198 25096 
27133 28885 
12039 14952 
20738 29104 
23585 28180 
26685 29938 
6102 25125 
17136 29562 
21404 28824 
13836 29638 
16994 20039 
14719 25857 
18253 25913 
11722 13852 
14075 27525 
2082 20809 
12100 27720 
10134 17715 
20991 22735 
24004 24366 
8949 16383 
27343 28444 
20443 26973 
21797 26994 
4885 15433 
1563 6996 
18308 20708 
26718 29524 
2769 14042 
15374 26843 
14600 16977 
13953 15435 
11133 24985 
28603 29253 
12882 21324 
28102 28536 
28835 29367 
9655 29490 
19457 26978 
7961 23722 
29950 29960 
218 8148 
22225 23445 
25173 25824 
24144 26394 
9136 24217 
93 17763 
8794 24892 
4718 18142 
1234 6225 
24113 28455 
24720 26484 
12544 26458 
10249 18104 
15345 28675 
8081 19599 
4699 5953 
23035 26177 
5406 29299 
5134 24633 
20928 25380 
2259 7624 
10389 25888 
13700 25067 
12004 17219 
17766 24456 
24855 28397 
14199 29077 
2082 17090 
15207 28211 
27600 28804 
19540 27825 
15810 20205 
8887 11610 
1263 10680 
20098 25380 
24950 27511 
13012 24991 
12052 25276 
14720 20677 
19915 26631 
10688 29298 
24123 24641 
4944 9928 
3497 20179 
16877 17313 
13825 15783 
11125 22667 
12068 24433 
112 6631 
27221 29581 
22076 26933 
26151 26231 
24740 27088 
28805 29249 
1386 21728 
1005 29693 
14937 17465 
7727 19488 
28008 28634 
5884 18155 
29132 29139 
29997 29999 
10552 14564 
17803 24838 
11962 27948 
3935 19932 
23664 25523 
14591 22953 
10610 27905 
15724 19488 
28681 28687 
24483 27818 
6605 10904 
6817 20116 
1154 18999 
22434 26078 
26416 26568 
28216 28666 
2281 17374 
14382 26648 
12189 12472 
1656 6707 
29744 29858 
12384 25769 
3122 13780 
18561 28061 
20968 24664 
10797 26060 
23516 28037 
22360 28915 
23320 23965 
8349 20273 
8325 8364 
6241 15743 
15700 18770 
29728 29824 
25853 27298 
13016 24728 
3112 20121 
9652 24073 
22402 25016 
20317 22370 
6668 29707 
4654 27746 
7554 10524 
12976 15054 
9621 12864 
25417 26316 
18983 26710 
20732 29508 
29703 29915 
15590 18048 
22003 26721 
5875 16709 
12332 12541 
9808 18744 
10114 10865 
25937 27937 
23629 25975 
26398 26773 
28535 29513 
7379 13848 
12672 26549 
12039 23871 
27182 29760 
16410 26268 
5084 20128 
20433 28623 
15334 17469 
24998 27530 
29951 29994 
26265 29793 
8249 20239 
15149 23630 
29862 29980 
27052 28435 
10663 24667 
27861 28254 
22621 25965 
1656 15446 
19420 29529 
28902 29918 
17883 27890 
8464 23619 
29883 29939 
16408 22095 
9496 25314 
2524 16740 
11625 28478 
2065 2504 
18117 22372 
7363 11861 
6632 15302 
14929 22433 
26748 29955 
6859 26591 
10172 28284 
9181 22451 
10429 13571 
21553 27051 
27030 27602 
8575 21008 
25542 28324 
25713 26201 
20707 23339 
15754 17425 
26245 29786 
9437 21566 
2927 26912 
14483 27058 
8729 25621 
27374 28071 
29884 29916 
26026 26092 
10210 14086 
15562 19174 
17377 27290 
5973 18314 
28919 29331 
29789 29803 
12526 23919 
96 6505 
21088 29901 
15289 18214 
21466 29237 
22022 22576 
3921 18897 
2313 13415 
8856 18162 
1347 11132 
17302 25897 
5059 22435 
15872 19748 
22548 27098 
5898 27392 
16858 19207 
357 17540 
28767 29192 
26602 29717 
15693 28519 
12671 24329 
19928 23860 
26181 29757 
27930 28610 
2069 8042 
2420 24262 
23537 27137 
12871 22261 
6247 26622 
12649 29675 
25966 28905 
23241 25981 
14332 26300 
14932 18227 
13041 19863 
658 16309 
7351 25554 
28969 29196 
535 4398 
25040 29819 
19168 21054 
19053 19350 
11936 18348 
3028 9358 
15701 18769 
18522 23930 
28152 28197 
10730 21838 
29983 29993 
69 17872 
8163 17947 
21123 29090 
20252 29249 
15712 18778 
1313 23354 
26622 28970 
18606 25108 
11990 22358 
8150 8713 
15402 16198 
11963 13119 
9196 14262 
3277 14205 
3498 17702 
16070 22106 
25369 27770 
4979 11787 
334 9253 
24378 27987 
9326 26223 
15303 26150 
3038 13366 
11155 19981 
1152 5414 
27443 28437 
21088 25354 
4429 21216 
12486 16914 
6560 21952 
13108 13488 
27045 28253 
27185 28819 
24901 28817 
3047 15335 
2114 17106 
25529 29418 
4014 24827 
6404 24394 
21734 29062 
354 29194 
9504 15217 
1276 5048 
27820 27988 
10516 12372 
7489 10760 
22727 27407 
21826 23748 
29681 29832 
27683 28532 
1540 8360 
6131 6662 
16253 28625 
17359 25516 
12291 16755 
9098 21416 
28812 28947 
26773 27076 
14220 17624 
4644 20297 
5463 25738 
8778 14988 
16308 18051 
13461 20527 
3524 19683 
18897 26985 
28164 28883 
20300 24570 
21772 22422 
7734 27763 
5784 22780 
13488 19401 
17982 28530 
5006 15392 
18153 22347 
3564 11820 
2271 23367 
18074 20947 
14655 19116 
28549 29402 
29469 29603 
11420 25268 
19062 27931 
15473 23116 
4361 25193 
15102 23986 
20882 22257 
9513 17785 
2732 10750 
27279 28345 
29502 29814 
7025 16299 
16441 18096 
23852 27121 
15421 15752 
16553 16821 
23948 24598 
10160 11404 
16675 24462 
7145 16831 
14473 24513 
3957 6785 
25986 27117 
13477 29161 
27311 28176 
21294 21589 
3661 7685 
7769 26201 
23004 26118 
12001 29746 
25373 27055 
10632 21527 
17678 19890 
25286 28050 
21280 26640 
16229 22294 
28194 28367 
1289 12183 
16721 20429 
22151 25981 
12158 29859 
7923 24952 
4858 14833 
9407 10770 
20360 25212 
2117 9173 
566 4603 
82 10861 
17563 21354 
1161 3867 
2199 10009 
28839 29929 
9658 24648 
27447 29270 
7654 15949 
10405 12077 
8443 17741 
1062 7011 
26372 27521 
8547 20664 
11838 25004 
28801 29434 
2021 22916 
14311 19420 
14608 23604 
4050 10210 
23974 25907 
15005 29506 
29959 29970 
13545 17674 
6698 20410 
21652 21699 
18887 25673 
8299 14907 
9639 10335 
7222 16780 
6185 8039 
11537 24783 
12299 17182 
19344 29450 
19904 24213 
28098 29463 
6152 28072 
9569 19692 
19287 25246 
7073 28066 
4281 16278 
13948 16615 
27972 29584 
3839 14512 
1984 9713 
18672 27741 
14190 15013 
17219 17936 
19975 20241 
9821 21378 
12644 24721 
637 27358 
6497 15094 
6994 12207 
16116 22369 
18967 22156 
12201 26919 
3340 6457 
14393 27960 
17986 22138 
19625 24317 
1497 26257 
10674 18481 
13391 19871 
6244 22215 
8742 24313 
17643 22795 
7023 12409 
7550 12726 
4001 7220 
8580 24456 
3645 27136 
23809 27180 
11317 12818 
29162 29893 
7746 22394 
9416 21886 
1784 23378 
4255 28102 
22940 26744 
27047 27948 
24583 25862 
21612 29942 
16406 22685 
24980 25228 
16435 18826 
725 21871 
18530 20675 
20921 23479 
21342 28265 
14058 15798 
10272 26547 
8684 28715 
26141 27807 
15781 26744 
21884 24957 
4833 28488 
22949 23046 
23943 29773 
2494 11967 
7989 8239 
16274 27315 
8270 10260 
12131 19684 
9846 22804 
29183 29944 
26870 29487 
14663 16186 
27134 28395 
13869 27788 
12339 27292 
20059 20440 
809 15587 
10231 18110 
8941 9131 
26073 27927 
17418 25982 
28886 29012 
20775 22801 
1168 14244 
15383 18010 
8825 9912 
23846 26424 
23438 23500 
28369 28454 
7763 27008 
20538 26596 
22002 23522 
582 18424 
29134 29909 
9139 29659 
23204 26015 
21554 22474 
25118 26950 
27671 29590 
7345 19777 
6494 28667 
19628 28470 
1066 17550 
10766 24644 
19752 29790 
25217 29762 
14712 26416 
23961 25090 
29171 29741 
7928 15978 
18250 20779 
19236 29886 
6084 10251 
28112 28428 
8082 27084 
17005 20081 
6658 23428 
2585 17418 
4355 10125 
3531 3983 
1892 13953 
1523 14429 
18488 25955 
25131 27534 
27736 29728 
1379 7954 
18409 21587 
18781 19661 
16495 21322 
19712 20447 
27571 29370 
13882 26918 
12553 23964 
8113 19157 
5734 20366 
18071 18080 
17495 28709 
9506 28950 
21281 24530 
24496 26174 
5565 16573 
11853 29637 
4614 29105 
18707 25614 
4283 19205 
2303 20538 
18846 20734 
4179 8652 
9870 20121 
5605 12549 
11070 25356 
5951 14957 
9857 29402 
26740 28228 
7945 14483 
14571 17082 
4560 4720 
13097 21952 
11161 21977 
26266 29043 
24171 24778 
18484 21513 
23543 25466 
16499 18393 
14327 20075 
1776 20595 
19993 23263 
3695 15930 
25542 29858 
18035 29006 
23542 27484 
15892 20667 
4084 16498 
2421 8844 
636 1100 
19459 25793 
1917 27394 
21970 29342 
8845 10243 
24389 26916 
23078 26552 
9719 11393 
16409 23681 
22019 27533 
2911 21592 
24123 27369 
16774 24055 
14795 16966 
21710 23755 
19499 26288 
6658 10849 
5366 27254 
25374 26502 
3077 24171 
16239 16840 
9623 24162 
18561 28538 
24648 27621 
19009 25339 
15918 23906 
27073 28587 
13485 26862 
3358 20139 
7775 23881 
24892 29346 
1879 28283 
16930 21936 
5400 24088 
11149 15854 
25692 28207 
18402 28983 
28733 29379 
24085 28154 
10116 16063 
29031 29969 
4021 22112 
10774 21952 
16499 20577 
14958 15803 
25167 29721 
25586 28045 
27717 28273 
14092 21874 
6549 15432 
23498 27576 
14272 25990 
29147 29618 
9393 15434 
7446 29203 
20169 21547 
12774 24570 
19424 25006 
11138 16932 
29186 29434 
22112 24186 
26012 27775 
24675 25885 
9751 21446 
20674 23309 
16910 17090 
16001 19468 
5386 10094 
11954 19856 
10780 16631 
14542 26140 
15591 17147 
14278 20322 
19282 19448 
7169 26273 
22885 25962 
26150 29146 
10910 21078 
14259 29922 
19239 21865 
13989 18809 
2971 28218 
8669 12623 
18080 29954 
29973 29999 
15264 27599 
27187 29244 
2889 3187 
28344 29534 
21136 22826 
29676 29722 
19205 22731 
8362 16909 
874 11398 
18231 27649 
9864 23845 
21456 25263 
6006 27500 
18474 25029 
19305 21956 
6619 16779 
12776 26908 
22866 26907 
14913 28828 
10129 15013 
27501 29115 
13700 26290 
28789 29830 
8954 28255 
5483 27914 
19922 27807 
28380 29662 
6222 27812 
26459 26912 
11829 23350 
18005 28396 
7243 21041 
3607 18405 
12844 23642 
16062 17651 
4248 4485 
22953 28462 
21086 22825 
8605 26231 
8465 12946 
14072 24153 
5593 20878 
25874 26288 
2995 16075 
6728 16800 
7117 22574 
21392 28517 
6439 11360 
3759 26256 
12182 15459 
7021 18954 
8944 18886 
18861 29026 
18087 21493 
2860 6014 
26153 27191 
21501 26259 
19203 19344 
11007 15088 
21473 25510 
1428 23250 
17843 28652 
5687 14531 
25609 28172 
11495 18727 
3836 9017 
7281 26452 
22368 25078 
17264 29300 
18814 24348 
26966 28547 
9892 12312 
20428 22030 
19431 29559 
29473 29979 
10055 16452 
7218 8397 
860 14053 
8851 17029 
18168 24525 
17074 22781 
2201 14884 
22197 26133 
28935 29568 
11985 24326 
24489 25960 
27754 29395 
23037 25864 
10263 27164 
3130 27969 
13307 23940 
17085 28985 
13985 15090 
20808 23489 
778 24309 
25765 29147 
3687 7889 
18746 29645 
15893 27798 
28063 28911 
24046 26936 
18357 19998 
29179 29251 
1845 5590 
269 7412 
21158 26081 
914 25224 
1919 14058 
13597 19210 
17233 25572 
2569 27907 
27184 29764 
5104 27369 
8870 20681 
17625 27871 
4777 18691 
10638 28382 
11354 18037 
25040 28148 
743 17268 
27135 27540 
11421 28225 
28049 28902 
4112 8488 
24216 25080 
19256 20181 
16119 28896 
14937 21213 
16315 21815 
28279 28829 
2829 15367 
8454 19940 
6777 22750 
2944 9691 
4215 12581 
11240 15950 
472 26939 
9160 20785 
12360 27988 
21381 23907 
26153 28436 
17998 23376 
6221 20440 
26741 26980 
21724 25604 
29147 29835 
270 12328 
8182 23881 
21655 21783 
23061 26589 
23534 28939 
13571 15449 
4367 13952 
17309 23049 
14324 26453 
29717 29823 
28383 28918 
973 22988 
5333 8753 
17533 18805 
23074 28060 
16259 19865 
9678 26069 
8170 21355 
20912 23350 
6248 12784 
1953 20770 
12759 17069 
27789 28470 
22100 26849 
13724 14242 
27732 28200 
28414 29355 
20258 27685 
28889 29552 
16327 23121 
15107 27614 
16328 21000 
22434 28812 
7390 28258 
20306 28617 
29216 29604 
9662 29632 
14002 22452 
62 18259 
8141 16344 
22353 28812 
3613 28793 
21754 28525 
14586 19388 
28535 29230 
19969 21163 
9474 22800 
29122 29640 
10940 15727 
10507 29682 
18633 26083 
11165 11866 
9273 18810 
23378 28223 
20221 27329 
14606 27551 
8959 29172 
24131 29252 
883 28610 
15437 20816 
15117 26407 
18405 26239 
29729 29941 
11268 24703 
9339 26213 
14859 24650 
21415 29308 
5755 23207 
2095 12034 
15862 27337 
13910 22828 
4479 8220 
29632 29682 
20046 25638 
6194 13617 
28911 29587 
4461 9703 
9262 24302 
17825 20066 
29207 29222 
6219 21388 
3323 23804 
12687 14526 
5274 6545 
27343 29009 
4655 22716 
5719 25245 
5271 28791 
16298 16430 
561 14190 
7660 14325 
18010 24753 
17797 25488 
28365 29604 
19673 25119 
18874 29315 
314 14716 
18441 25825 
12504 19389 
11715 25586 
15962 29201 
2599 7368 
5639 6452 
15102 26598 
2407 28055 
17537 27968 
21211 29086 
25984 28449 
9029 19486 
22115 29889 
4557 17947 
7688 17516 
2241 22936 
13646 28026 
9259 20022 
1943 3309 
2984 24197 
26507 28914 
15899 19386 
5277 18681 
14951 18566 
16302 21624 
23475 23901 
1891 9307 
6684 7091 
22767 24484 
18590 24051 
8740 23408 
25635 27316 
9135 19148 
22883 26912 
16535 29198 
15750 20970 
28116 29950 
952 7736 
18628 26240 
24000 26636 
22082 25862 
20544 25688 
14461 17191 
22792 25118 
585 8269 
603 27657 
4582 29916 
19145 25323 
8426 22262 
18572 27287 
547 27466 
26560 27001 
26181 26714 
29087 29365 
26671 27387 
2496 13033 
6427 20107 
26783 28512 
24206 28998 
2510 24437 
8083 21426 
24696 25507 
5622 28186 
27075 29106 
10529 16198 
10845 20377 
13635 17349 
15542 29780 
9034 27200 
13639 21683 
26372 26938 
16305 21011 
18118 27483 
18071 28820 
3261 22048 
801 16677 
21233 27894 
7294 11887 
28405 29472 
25802 26976 
24852 25189 
21936 22679 
3376 28714 
13545 21346 
21706 24732 
24196 26639 
24525 28339 
29397 29652 
10966 18879 
26589 28400 
24631 26867 
6635 24525 
21399 24214 
14782 22872 
17785 28461 
23384 26306 
10744 12553 
22006 29733 
17970 28861 
1479 19140 
16602 22083 
8439 15340 
7582 28634 
3617 12198 
2533 14088 
10478 23757 
25246 27375 
24803 28498 
12933 19416 
17886 23434 
27803 28024 
5619 8452 
24699 27318 
6 10984 
8925 22162 
23302 28630 
20284 28338 
10335 21505 
18520 25299 
21716 28456 
4820 10363 
25294 28655 
23977 27549 
811 2095 
26746 28339 
16079 29373 
14277 26690 
14888 16258 
27453 28968 
20737 28535 
20295 27448 
9389 28795 
18835 19808 
20427 27418 
21443 22492 
8111 21832 
28806 29579 
21733 22469 
18984 27743 
9657 22077 
15860 26916 
2512 22058 
8659 18464 
8902 23917 
9034 24857 
12947 25505 
18147 22738 
29888 29903 
11703 19927 
13757 17174 
6902 18313 
26459 28325 
13803 21051 
9175 14560 
7917 23487 
19147 25425 
28113 29933 
12325 15242 
13634 14137 
15717 24987 
6358 12522 
206 6297 
25946 28658 
28199 28688 
19638 23714 
4158 25108 
8465 9137 
27159 29020 
1972 9355 
5105 19169 
7005 15201 
16411 29776 
637 12359 
10687 29095 
5158 10610 
14445 23616 
11680 28122 
22584 27102 
14059 26769 
22286 23211 
7825 23697 
17812 23266 
27356 29346 
27950 28464 
3017 13193 
5748 7601 
25015 28037 
15442 28452 
13641 18816 
29357 29781 
2797 28225 
8253 14727 
2130 14456 
17494 18784 
27374 29223 
23381 25723 
28945 29230 
9600 10721 
29305 29372 
1237 23039 
20857 25651 
6166 8244 
3407 28036 
14903 16164 
26902 28631 
21741 26295 
12139 18932 
12611 27854 
2990 16439 
2079 9517 
12757 17977 
26740 29138 
20035 23669 
957 13354 
13772 27894 
26948 27809 
14245 17352 
29266 29429 
10555 17936 
18295 28050 
8837 17122 
5603 27279 
19596 25892 
15705 29000 
7881 9495 
8892 16239 
9160 12528 
28374 29686 
29661 29699 
29059 29783 
10745 15286 
25246 29581 
24296 24529 
27130 28458 
17959 27401 
23698 27709 
1004 20467 
1272 22220 
1379 15474 
28069 29508 
24473 28659 
26321 27928 
17553 22929 
14930 22112 
29640 29788 
11851 18705 
14102 26717 
6310 29026 
15806 18427 
16210 16445 
13123 27420 
663 4274 
2299 15678 
29175 29737 
11136 25018 
24779 28369 
14907 26691 
4891 12611 
25361 26662 
6417 25636 
7381 27270 
16392 28259 
7338 22771 
3599 8903 
9313 22495 
17007 17335 
19872 20306 
26346 28833 
18990 25412 
28583 29839 
11604 17024 
25652 25831 
17078 19236 
747 15181 
3076 6087 
719 13068 
4955 22118 
16993 17157 
15200 24158 
22022 22403 
12577 21599 
6405 19343 
4646 26581 
6788 21001 
25303 29814 
2440 12828 
29896 29940 
6718 15560 
5914 18950 
13718 18544 
25139 25314 
27256 27588 
4342 5797 
24338 27973 
14470 25735 
29570 29596 
2727 23273 
7732 21671 
25105 28135 
18629 27282 
5382 6182 
22484 23002 
4341 12420 
3521 22559 
16280 23697 
17461 18955 
17 19992 
27091 28861 
27984 29932 
8750 26777 
28839 28873 
6515 23984 
17434 27271 
11726 14459 
6683 11524 
18622 24112 
14298 22857 
20313 20516 
9446 14181 
21367 25670 
1656 8372 
21482 24872 
18661 21269 
13557 18340 
23536 24071 
27677 28927 
14612 21543 
4506 17959 
10800 21736 
14840 27774 
9900 19270 
1531 3484 
10945 11119 
22296 23432 
12987 18054 
22276 29035 
4699 7254 
8743 25535 
17090 24680 
15346 28864 
10876 25711 
28700 29137 
25851 28195 
22375 26413 
12667 25599 
24853 26930 
11762 23598 
23896 28668 
23671 24973 
12470 21563 
9048 24827 
26267 28679 
27964 29620 
9712 26438 
4021 17566 
24993 24997 
14536 20529 
4019 9327 
11921 13291 
16821 19123 
18625 27577 
10486 18876 
4954 24667 
18318 23322 
16994 24877 
15527 27234 
27562 28044 
20151 25641 
3045 13846 
29229 29804 
8981 13186 
21177 27067 
18404 26284 
22073 27674 
23311 27997 
22253 27402 
22313 25546 
28880 28944 
9935 21590 
1380 25934 
8336 24058 
20390 24360 
8737 21352 
3699 21648 
6449 10189 
15141 16650 
14033 21056 
13583 22447 
15515 17138 
4718 22965 
16921 23664 
20377 29703 
6226 18888 
22926 25447 
28955 29074 
22820 27356 
10396 19776 
9506 26079 
14278 29768 
18916 21504 
12589 25768 
16931 19434 
5986 21657 
8094 27124 
22118 28165 
29850 29933 
20104 21491 
23896 28368 
420 14677 
18714 26435 
11778 29147 
10032 16701 
21712 27873 
11891 21877 
20919 27449 
25290 27373 
24938 27715 
9517 10683 
6097 9914 
8279 11963 
3398 18233 
6580 16547 
3166 17206 
13161 22638 
29309 29577 
9478 10184 
14326 29291 
19744 24716 
16680 24794 
4892 29094 
16797 24339 
2345 20664 
29272 29650 
13582 20372 
18784 20543 
16261 27408 
2159 11532 
19890 25216 
28306 28583 
23281 28531 
15367 21398 
20955 24936 
14657 27702 
7872 28581 
13784 22235 
23691 24042 
15605 21708 
16156 16897 
7022 17603 
18327 23525 
19154 23876 
27144 29579 
25940 26700 
16188 17242 
18136 19690 
22310 24548 
23963 29969 
11122 24418 
1422 6531 
19141 21996 
29173 29454 
20505 22371 
28092 28557 
4247 20321 
22819 27520 
5870 12889 
25133 27306 
9765 20579 
22766 29961 
1705 27921 
9347 21095 
1768 10233 
19527 27467 
5779 11526 
29314 29336 
8411 17162 
11049 27384 
23852 27073 
15132 24260 
20950 28022 
15792 20547 
19105 23529 
4073 5295 
13956 26498 
4270 16010 
8258 26828 
9802 24341 
22256 26300 
1180 1543 
17915 20403 
22689 26272 
119 28961 
16439 29115 
9763 28334 
13133 13345 
25362 26562 
5889 26997 
2575 16856 
25032 27344 
27019 27039 
26486 27661 
2976 20525 
24633 29568 
20401 26818 
470 28316 
13340 18892 
17927 25737 
26928 28965 
27449 27586 
19706 20298 
23665 26281 
27886 29536 
24445 25370 
2064 14709 
27378 27396 
11115 11585 
8918 17945 
16810 21462 
21887 22557 
2838 4466 
4417 26838 
4366 23734 
25189 29457 
1653 18810 
22482 29164 
20248 27018 
21315 24784 
6850 10084 
20922 29998 
11716 26005 
26499 28265 
28279 29223 
1807 9604 
14514 27994 
20325 26174 
26059 29478 
16545 19870 
16544 19386 
7959 23305 
1955 16360 
25093 28948 
2978 29912 
22492 28197 
28555 29739 
17952 27743 
24343 26544 
15719 28798 
16589 27097 
27831 28297 
25989 26101 
16370 27689 
26928 27018 
16708 24056 
1482 15227 
28456 29253 
27064 29136 
11646 28320 
27391 29986 
17336 28434 
18991 19908 
2967 25010 
10857 16320 
12271 29701 
15416 27098 
5040 22194 
23831 24598 
1393 24135 
23370 28455 
16285 24062 
18938 27235 
1964 27642 
5097 6998 
27744 29592 
16100 27521 
29338 29838 
1416 17151 
20934 22616 
6404 29955 
9921 26514 
19975 21172 
21393 29237 
24338 29031 
7738 18491 
5483 24904 
26203 27819 
12350 19569 
1535 26050 
23644 29977 
24092 24287 
21569 26755 
29697 29986 
21094 28124 
17344 18530 
21446 22662 
10957 12579 
27099 28586 
6968 23750 
2493 11950 
14189 16758 
28076 29751 
20339 21621 
29670 29888 
24715 25035 
25694 29286 
24298 28215 
5705 11538 
14682 20227 
21224 27288 
1841 4924 
18694 23351 
17550 24707 
11034 21705 
16752 25070 
1969 29242 
13751 27064 
26473 29984 
22982 26371 
3179 6653 
29932 29941 
18731 20272 
19627 23356 
9486 19801 
10689 26188 
20103 25989 
6661 7188 
13271 18206 
22864 23051 
16855 24566 
19827 25330 
16755 21722 
24074 24695 
28810 29804 
26033 28137 
20329 25633 
5387 10170 
12108 25654 
15983 21462 
15769 18272 
4858 14952 
28999 29438 
13279 22182 
12476 19486 
2128 14302 
10062 19816 
1449 16675 
21601 24149 
13073 21004 
11069 23495 
8497 23138 
6789 24478 
2848 10275 
27308 28180 
24814 25113 
13712 16545 
8383 22154 
12337 24046 
24473 28277 
26505 28877 
5183 24415 
8800 25893 
4816 25011 
12540 25583 
3835 7789 
10211 14750 
4201 21563 
4486 28974 
26757 27177 
28002 28168 
11311 16410 
29211 29405 
14217 19273 
27258 29785 
14611 26379 
11142 14638 
22360 28709 
27083 27185 
10508 15403 
11668 18100 
7694 9116 
4592 5352 
5428 14667 
25536 27439 
26934 27865 
13088 19442 
11328 23246 
1369 27292 
19181 24232 
11110 18595 
7487 7816 
11179 23746 
5986 9196 
1163 14829 
24448 27878 
5467 17922 
25444 29032 
27151 28497 
1518 11224 
22115 23307 
12249 18976 
17027 26502 
5225 28446 
28605 28770 
20983 27660 
9785 28256 
4294 22386 
12180 19353 
29327 29407 
15295 15851 
34 2477 
16455 29686 
26267 28803 
6369 11652 
17065 18290 
15875 17038 
2840 20908 
990 1517 
20633 29897 
9119 16267 
14280 20751 
2127 12144 
15168 25486 
23569 28562 
26970 29355 
16149 29627 
17241 26770 
4414 24543 
18719 19090 
4550 23025 
2699 9196 
7321 13426 
6826 22814 
11409 28040 
1022 2912 
17239 22127 
21994 25100 
8425 14270 
24417 26628 
20846 24736 
28090 28454 
28377 29409 
17648 25613 
15476 28136 
11875 22537 
3196 11792 
10561 15248 
12402 24183 
27014 29432 
2541 13390 
4199 13248 
28981 29439 
18987 26452 
25577 29153 
1255 29620 
10151 21226 
17893 29986 
11815 22022 
17249 27880 
20845 26342 
22657 26335 
6209 7554 
4315 15770 
28335 29267 
10702 20160 
27527 29267 
4564 18356 
7858 26099 
16183 26724 
12384 21462 
23827 24655 
21547 27759 
7063 10541 
29546 29966 
9728 12655 
10753 22901 
4972 6547 
8435 14698 
18144 21526 
20139 24555 
1137 6665 
25460 28268 
25541 28613 
22556 24749 
1460 26151 
7685 13186 
6704 27213 
10698 24168 
4853 24711 
13253 28784 
22347 23682 
20881 29825 
16602 24111 
3193 9946 
12252 18123 
22865 26110 
42 11220 
15757 21623 
22978 27211 
7256 14000 
12288 19317 
27250 29106 
12198 18479 
1816 4735 
2058 9471 
11232 24387 
2940 19622 
12691 21444 
2819 9771 
5320 25700 
27446 28516 
22297 24415 
12681 24103 
20039 25121 
26421 27257 
7283 23483 
25865 29770 
28963 29459 
13526 26999 
14699 20583 
20507 28183 
9469 29573 
18492 24085 
8854 18535 
4514 7453 
9195 17135 
14558 27002 
7813 12535 
18403 24202 
124 1457 
26801 28196 
25936 27157 
22978 29204 
19923 21907 
23848 25015 
5091 7346 
1959 8672 
1593 5266 
11195 12108 
7273 16055 
25894 28200 
21098 21725 
9624 12169 
25666 26767 
448 8833 
13285 26861 
8402 21528 
6751 14390 
14354 24995 
2107 23930 
25001 26156 
12509 27776 
5557 28464 
23053 29681 
29749 29880 
925 20420 
9135 9631 
12014 20198 
6624 25294 
4646 20010 
3495 9356 
18961 26358 
21375 22021 
5762 15365 
29107 29233 
4383 29358 
5656 27674 
5905 8304 
27193 27899 
22368 23049 
28561 29013 
27370 28960 
16025 23952 
294 22318 
9056 10585 
14913 15813 
9316 18630 
4461 20781 
20384 23323 
5879 13101 
2262 23628 
29150 29447 
6226 15336 
15655 16878 
23928 28878 
12342 14241 
28769 29219 
4768 20583 
7797 28266 
24104 27751 
12362 22950 
28990 29977 
1856 12073 
20732 23906 
18801 23193 
19165 25111 
27273 29588 
25373 26450 
22352 26780 
8454 25281 
15194 24530 
4341 16330 
5480 14876 
28165 28435 
7822 15140 
8809 26850 
17951 23583 
25910 26840 
22989 24533 
9624 15275 
25209 27594 
14459 19299 
6645 10707 
523 26781 
29644 29880 
17739 19756 
24479 27198 
2820 2973 
23157 29393 
17047 24650 
26524 27055 
15618 23037 
18356 18505 
2084 19609 
13832 21039 
75 9007 
15787 23825 
22419 29634 
12146 15550 
4347 18756 
22574 26813 
6452 13352 
22597 22838 
10479 16600 
3765 28314 
3298 17694 
14533 28428 
18945 28547 
23647 27032 
29130 29277 
17156 26978 
19182 28643 
25778 26064 
29532 29762 
5480 16005 
2334 18078 
24987 25342 
9360 13227 
15160 20887 
3502 28443 
18914 21150 
14275 23574 
9984 27508 
16498 23390 
3820 20047 
18069 23596 
13699 24767 
27993 28916 
7248 10393 
24426 29618 
29816 29833 
22963 26269 
27236 28287 
25181 29044 
15205 17408 
21982 28569 
7298 29121 
4169 26112 
5570 12472 
29342 29829 
9576 24772 
8534 16902 
20938 24979 
14629 22720 
13900 16857 
936 10467 
27868 29272 
28134 29543 
19739 26728 
10763 29465 
11000 26968 
9559 23576 
24683 25012 
25788 28026 
6355 19077 
2567 27185 
15048 22890 
4030 4157 
19528 21044 
6828 23602 
4838 22230 
23024 23155 
15095 23127 
7273 14285 
24051 28894 
954 25219 
16299 16850 
12012 26756 
29738 29928 
17882 23831 
2788 15986 
7010 14788 
13455 17438 
23373 27218 
8738 10551 
18738 21320 
29245 29869 
26634 29221 
3678 21270 
20541 25912 
2656 26046 
20302 26378 
13183 17053 
23717 26645 
13804 14924 
8902 21469 
18903 19691 
3575 8164 
18909 27769 
26029 27675 
19815 28226 
3067 13103 
2580 21548 
7976 28567 
25987 29936 
9669 23542 
8893 17602 
29901 29997 
18868 22344 
5958 12919 
29258 29921 
23754 29520 
15868 29864 
14695 15611 
12278 26956 
26351 26567 
955 27639 
20165 22552 
16626 22516 
24946 26690 
18465 26038 
11568 28686 
15999 16933 
9451 15860 
12464 20773 
20870 26278 
1471 18452 
19020 22740 
7072 22693 
4504 29841 
9545 28043 
5219 15206 
1991 22465 
1270 12247 
5074 11101 
26514 29809 
4481 17645 
27586 28251 
557 18084 
12839 15983 
28334 29863 
24748 26089 
9392 21560 
18634 29358 
29541 29607 
29987 29992 
3440 23711 
18582 28618 
7150 26825 
1999 12470 
26997 28776 
26788 28066 
28185 28638 
19147 24607 
11831 27095 
4102 29025 
4274 5267 
23279 29893 
6723 19648 
25155 29308 
10644 10790 
10227 18366 
8182 9943 
23533 27680 
21488 24751 
24944 25071 
26569 29275 
3979 29194 
1921 18020 
24324 24476 
2386 25012 
27930 29965 
15064 20155 
17885 18091 
15660 21274 
18024 29781 
1620 12947 
26073 27247 
29269 29650 
22829 24672 
25909 27138 
23678 27314 
20278 29025 
25762 28975 
26265 26546 
19783 20316 
8092 25149 
13497 21663 
17557 29233 
23161 28711 
20109 29317 
15336 19104 
13970 23325 
24922 27117 
23554 27231 
25723 26302 
5661 15272 
7465 9969 
29086 29271 
452 13352 
11995 12325 
11314 15723 
29397 29889 
9700 20512 
28710 29136 
620 11638 
29533 29561 
2184 3812 
8334 9213 
11682 24234 
20674 21225 
16804 22684 
11126 15652 
3967 23747 
16154 24534 
21315 23667 
6802 28301 
28131 28406 
16585 26530 
15112 21955 
28906 29882 
1953 20195 
226 12044 
9604 16635 
23804 24347 
2360 2842 
216 14021 
655 11496 
3135 29122 
28926 29040 
22906 25671 
13959 19975 
29937 29959 
9553 10305 
2968 3341 
1137 21622 
13766 27927 
21581 25438 
15985 22511 
29701 29765 
15413 16399 
18556 24366 
1945 17739 
12218 13394 
11225 20735 
1384 22739 
6643 23472 
4379 15049 
2452 20358 
6124 12085 
23854 29723 
26944 28535 
5037 11924 
5436 24275 
19337 19568 
14753 15993 
9726 11125 
24142 24749 
28338 29849 
25291 25739 
22220 23701 
12401 16517 
25471 28993 
11694 23015 
19994 24508 
27295 28288 
20495 22585 
2324 14004 
22078 24213 
10843 24105 
23521 26115 
12261 19597 
26046 28625 
19270 29552 
18446 20987 
2131 28388 
192 14423 
11179 13894 
251 14783 
15874 16982 
10074 23647 
27281 28639 
28391 28782 
26765 29982 
25858 28416 
4419 20718 
18412 21886 
29194 29287 
27163 29040 
19942 25427 
2088 8913 
11703 16954 
12464 20489 
17023 26755 
704 28161 
27128 28974 
25376 28971 
13134 17875 
18055 22650 
13558 27732 
20156 26073 
4852 16873 
6389 14022 
20555 24238 
25594 29939 
1362 25169 
13220 21679 
11764 20891 
19510 25394 
18815 25300 
18889 28183 
25634 26991 
9912 13098 
20103 29371 
12129 24305 
25087 28749 
24250 27225 
19091 20337 
15464 25954 
23821 27177 
4039 16128 
2906 18107 
28152 29602 
6612 15100 
21522 25210 
1 16980 
28751 28897 
2189 4980 
14847 26674 
15085 18300 
6004 13083 
7559 27619 
28899 29849 
2822 20439 
6089 24941 
15994 16427 
18768 27419 
27923 29311 
13843 26968 
17116 23250 
14829 15731 
6288 12285 
27380 27430 
21666 27217 
13503 23467 
19284 22946 
22875 24977 
2053 26276 
25285 27871 
9228 29919 
10998 15425 
25988 27659 
22094 27695 
14992 27966 
27975 29617 
29449 29970 
14125 14699 
25800 28564 
22124 25684 
3909 27715 
5134 26614 
27910 29494 
15425 19690 
323 613 
27600 29728 
29765 29825 
28760 29868 
4952 6030 
14951 27030 
10958 27219 
2842 19125 
18738 28237 
5813 17791 
3306 9438 
4513 9069 
24007 29459 
23012 25173 
17481 20977 
22437 22478 
5498 7690 
12763 16189 
158 9435 
4693 9769 
18393 23304 
27495 29992 
22068 27503 
20730 29088 
3160 5825 
20471 22322 
17895 23349 
12036 13366 
27397 27746 
17817 22459 
2317 27480 
26601 28252 
17341 28431 
19394 19742 
6958 19636 
7432 7992 
2346 24748 
4029 8490 
16471 24908 
29638 29977 
2185 14278 
5220 19598 
6148 17941 
16768 26979 
11425 15135 
27646 28431 
3706 26459 
1655 3997 
9241 22762 
8761 14533 
20701 22527 
773 8152 
29623 29708 
487 17044 
5652 20453 
25257 28017 
3760 8997 
28555 28800 
24460 28646 
2487 6566 
9244 29871 
4529 11456 
12722 18790 
14612 18803 
20723 22573 
19564 24489 
9232 10323 
20368 23824 
2729 26725 
17138 29538 
8242 28911 
28574 28996 
15000 21960 
14140 18392 
23798 27575 
20664 28208 
12791 20740 
2168 13361 
1935 15698 
26198 26200 
24030 26715 
24724 27680 
23030 27978 
23337 24363 
2889 3305 
1 10654 
14476 15251 
15017 21923 
3525 17818 
6484 20048 
29092 29975 
28014 28430 
29958 29987 
1578 9323 
24114 25314 
4127 12317 
17528 21456 
14494 16669 
20858 24698 
22313 27235 
21757 21794 
27844 29273 
27794 27972 
6946 23139 
3836 18371 
22175 25715 
9538 18173 
27274 28370 
12987 20410 
8192 10851 
6017 29186 
22225 29946 
11077 19934 
1149 26626 
749 8063 
19840 24624 
16335 29535 
6871 9344 
19163 19208 
13843 28697 
22298 29721 
5570 16646 
13984 22914 
7762 14190 
10788 24577 
17381 27641 
17668 19850 
6521 29448 
28298 29612 
21573 21918 
231 17514 
1854 23640 
24991 26674 
13699 25032 
29684 29921 
25669 27394 
28179 29541 
1516 14413 
11500 15564 
12249 26217 
5363 14438 
29237 29911 
10053 26070 
15095 21186 
710 25803 
20453 26866 
9038 28718 
10465 22418 
16877 28973 
1931 20387 
29097 29670 
14254 17154 
26040 28996 
15894 29267 
25657 28940 
29993 29994 
24600 25635 
20709 27621 
16872 22972 
24684 26722 
24434 29010 
22721 24192 
23867 26155 
112 4190 
13768 26015 
15949 29609 
25840 29851 
1938 26304 
2363 29010 
4864 15713 
4396 27665 
1729 23824 
18020 25268 
2787 6734 
23623 29906 
23665 26508 
9991 12185 
19235 26283 
1235 14758 
13250 28693 
4012 20171 
12666 21877 
25816 27192 
26280 29565 
6312 24702 
10298 20060 
14373 23974 
17339 19419 
15662 17505 
22753 29679 
26167 29311 
760 6485 
21051 29734 
22450 29282 
2090 3672 
14208 20241 
16137 28001 
18583 19065 
8578 14530 
18607 28427 
25863 26395 
25974 27367 
4321 17203 
5829 15260 
6931 8856 
12439 14287 
3125 6062 
13190 17061 
18581 28779 
15262 18656 
9476 23502 
15519 25955 
27875 28570 
2691 4881 
18676 20049 
23084 23546 
23265 23623 
29052 29341 
24863 26011 
14919 19504 
28301 29955 
15080 24175 
25426 25614 
10875 20777 
29544 29847 
6249 13372 
24237 24615 
15135 21345 
19795 20267 
17153 23465 
8504 19437 
13405 26077 
18255 22764 
2078 23930 
21043 23418 
22387 24458 
1359 2486 
3004 10535 
11674 18278 
8960 19348 
22555 24510 
554 3605 
8808 25628 
5042 13861 
25719 27697 
4802 6731 
6182 25005 
6318 6915 
679 6706 
13201 21103 
18050 24058 
15672 28553 
24217 28080 
20510 24895 
19203 20185 
29880 29948 
5696 21251 
4933 15613 
11855 21464 
20688 29438 
29792 29854 
1936 17681 
11316 14801 
3708 28979 
26563 29543 
10031 29637 
8013 10295 
2231 8676 
8796 11557 
10778 24658 
16900 20523 
20970 29823 
13037 18876 
5457 8673 
16500 24223 
15945 22192 
13510 15983 
16564 17980 
19681 29154 
28752 28984 
10558 23825 
20764 26660 
27240 28930 
25281 28289 
16410 20231 
2928 4887 
19473 22919 
9030 21511 
4922 10071 
23784 29335 
15151 17448 
21492 24558 
21434 23317 
24742 26288 
2116 2444 
14390 28280 
3426 25949 
14225 25901 
21664 24319 
27863 29083 
20011 20548 
3951 26606 
22503 28890 
20904 25443 
15254 25227 
1874 26278 
4945 7118 
23951 28668 
17510 20228 
26946 28458 
4280 16123 
26833 29235 
23252 24202 
15313 16648 
5610 28327 
21174 23711 
12276 20318 
26324 28452 
26618 27580 
5834 6102 
9284 17682 
11081 23274 
8496 26475 
19769 20059 
10874 19319 
5085 17563 
10616 11185 
22439 28411 
3040 17818 
22935 26781 
854 3285 
3925 27625 
21441 24982 
9356 28031 
28196 28337 
23604 28055 
26411 26430 
3753 8886 
21471 24551 
22210 26930 
29527 29553 
7143 7798 
3452 12736 
15968 18511 
11111 14009 
23070 27241 
15455 20586 
9676 17508 
2923 12934 
29670 29747 
22965 26654 
18792 24176 
13345 27886 
1702 10059 
19218 29545 
4997 23656 
8916 24194 
19738 29644 
5153 24950 
9706 10833 
2909 17474 
11707 28435 
27885 28857 
15622 28361 
23467 25496 
4176 17747 
344 10702 
5348 17746 
11299 13764 
29914 29951 
20196 27534 
23614 25175 
22862 29190 
6340 25303 
17298 27782 
9763 19545 
8578 27196 
8975 29151 
26901 28065 
2997 10305 
17420 27892 
9780 20281 
14870 27394 
6122 15076 
16141 18595 
26309 29352 
24645 26296 
27810 28224 
26944 28590 
27936 29527 
13295 27933 
29281 29825 
2275 11501 
26012 26217 
28721 29001 
268 12938 
23090 28228 
12149 14719 
28438 29896 
27728 28036 
19482 26134 
27819 29599 
15120 18928 
26832 29191 
26612 29928 
14566 26710 
21620 27905 
1307 19664 
29225 29554 
28847 29033 
1190 1551 
23053 26456 
19772 22445 
25595 26952 
10572 26839 
28253 28828 
12919 25699 
15016 27472 
24829 28615 
4244 21297 
4014 28979 
12216 25532 
16188 18300 
7044 28284 
28533 28893 
15627 18818 
8768 10737 
7840 9491 
960 22700 
2532 16128 
11086 15065 
14461 20023 
16414 28184 
29934 29944 
11533 28768 
25481 28910 
29716 29744 
27502 28370 
20376 26406 
21137 24116 
11936 14669 
18225 20969 
13798 27704 
17081 24271 
12532 24160 
13686 17114 
816 15349 
24825 27031 
10398 18849 
11473 29849 
100 6273 
848 22336 
2599 12466 
16652 18416 
16554 23538 
16949 29377 
2111 17503 
29225 29497 
28888 29466 
6307 28533 
10885 28631 
4101 25583 
2992 16549 
7194 8497 
26674 28388 
880 27504 
28928 29012 
17360 25847 
3053 27102 
22247 24498 
27436 27563 
7109 17254 
552 3320 
16486 20763 
10116 25491 
14606 23615 
2859 19855 
18037 26305 
29036 29102 
14746 17618 
16387 21595 
7243 20760 
11419 11522 
3526 16514 
14057 27905 
9182 29164 
4204 20586 
13129 26054 
2997 7423 
4044 26779 
8700 19334 
8441 26750 
16772 29839 
28371 28524 
23119 27170 
12058 13680 
5724 5725 
3113 7001 
5528 6673 
18931 24944 
6842 13371 
13248 13752 
19315 20700 
1621 10049 
28999 29292 
167 8561 
4713 8659 
11440 14986 
28243 29157 
3433 14912 
28375 28394 
13761 20698 
19326 25392 
2976 25728 
20077 23362 
15792 24330 
13030 20269 
5735 13118 
11884 18839 
29034 29568 
3694 5730 
101 8610 
26078 27887 
25679 25943 
20582 21890 
6177 14250 
7074 16497 
10858 18863 
12881 20481 
26793 28128 
27981 29985 
27287 28087 
14810 17835 
13436 29218 
9183 9377 
20476 22702 
7414 8319 
16095 26366 
6466 28838 
23872 28922 
29728 29912 
2083 10478 
22966 26856 
13449 17770 
22419 29447 
27377 29671 
10480 16530 
388 28008 
6081 17344 
19583 21414 
25456 26094 
7196 19082 
3680 5430 
20966 21864 
13124 29393 
20148 23386 
29620 29785 
13489 21405 
1958 20148 
21243 22651 
22882 26398 
4790 5524 
18985 22032 
3109 8621 
28579 29020 
25484 28802 
2186 5241 
19704 25687 
3484 14642 
6872 24330 
3187 22260 
24012 28001 
24754 26925 
6009 29993 
2090 28798 
2758 4176 
23375 26531 
16871 17652 
3665 23872 
26532 28986 
5429 13408 
1498 2428 
10268 12171 
6999 21646 
28169 29923 
20627 24070 
24483 25489 
29576 29676 
28901 28942 
8132 12206 
18244 20647 
17182 17692 
24986 27674 
6795 8016 
5961 7434 
25634 29816 
1876 28912 
3919 22234 
17628 24648 
736 22654 
24525 26017 
22331 23617 
10402 11279 
4215 10615 
830 8645 
24137 28502 
17256 28778 
27547 29170 
25967 29243 
3935 12057 
6598 25129 
3256 6687 
15462 18638 
20837 26542 
24362 27526 
16982 28388 
837 15446 
20314 26405 
25405 28513 
11174 14879 
23033 23277 
19674 21572 
4237 26453 
28291 29523 
23163 29539 
2303 23341 
18015 19312 
28834 29240 
8131 23306 
14091 19374 
12917 26880 
2384 2636 
2309 8253 
19589 25578 
5629 16153 
15147 27978 
7598 14513 
11386 26347 
2250 19808 
10892 21543 
4812 14190 
2013 26829 
29203 29909 
21754 24488 
10540 16558 
26149 26407 
2105 16635 
5290 15699 
20703 28880 
29492 29519 
15458 23419 
23316 29164 
7177 15845 
7796 19071 
16348 25058 
20922 27130 
21930 25604 
15902 24337 
19197 28239 
18599 21611 
7840 14086 
18342 25967 
19109 28668 
8049 16347 
331 10604 
27750 28994 
21645 27148 
22821 29140 
20439 27247 
23794 28427 
28618 29569 
1866 5705 
23355 25851 
8567 17915 
2197 26633 
1789 10956 
12149 27175 
21826 26471 
7040 10474 
731 4374 
280 25941 
19619 23513 
17236 24166 
29083 29491 
25683 29667 
1224 3730 
13047 17435 
10469 26092 
29340 29567 
12433 22933 
18858 29666 
26358 29233 
20052 26342 
24729 26055 
5629 10018 
13632 29285 
6684 14014 
18869 25917 
4389 11787 
29538 29988 
2068 8594 
14253 18724 
23326 28589 
25155 26660 
858 28307 
26527 28392 
2402 3024 
25707 29131 
6452 15482 
20804 28017 
22888 23432 
6347 22591 
8486 20428 
19597 21168 
22402 27666 
6835 27297 
29816 29991 
4496 9209 
12730 21054 
10591 15515 
6445 12434 
6813 11246 
6406 23028 
16463 26325 
7313 14345 
384 4936 
6797 20033 
1769 19038 
17235 18607 
7384 11024 
19308 21173 
29978 29987 
10768 23721 
22446 25775 
5048 18844 
20357 29466 
28141 29711 
6621 20948 
11012 16310 
14281 22667 
2222 22552 
26275 29638 
9007 14404 
15502 25511 
1766 17969 
12595 29858 
17611 23737 
1429 4738 
26356 28499 
27158 29912 
27646 28765 
10766 28051 
23187 29246 
27641 29281 
26666 27758 
10369 22920 
29070 29426 
24984 27514 
3154 20364 
7204 9192 
27021 27914 
28391 29404 
23262 27548 
22608 28310 
5746 13484 
26041 27779 
7473 20624 
2119 3758 
27808 28454 
24630 27136 
9715 22307 
24309 26432 
6158 19446 
884 23069 
4954 10539 
10114 27241 
12891 22269 
6270 6356 
24775 24881 
28910 29031 
15690 17075 
6813 20821 
7042 29897 
16979 24271 
22176 23927 
665 24976 
23313 28873 
23556 27867 
25278 25996 
29729 29923 
19796 28770 
27761 28633 
13000 28240 
7510 11343 
28090 28101 
20796 28316 
2742 20265 
6066 6797 
29923 29940 
4331 12709 
6307 29719 
22607 25063 
23428 26933 
22587 22767 
25813 28302 
8925 28880 
29047 29458 
7019 19027 
23618 29555 
9539 12131 
888 7638 
12945 29199 
2616 8119 
10828 19364 
17221 22289 
11811 21484 
11811 28678 
24045 27324 
6196 9134 
23424 29818 
12506 17765 
19260 23344 
17057 23081 
9996 16130 
23149 24631 
11348 13048 
23818 29571 
19870 21611 
18579 21456 
24923 25136 
9679 15682 
14045 20273 
8881 20188 
7978 16858 
8507 10517 
28445 29266 
6595 9975 
6444 7633 
20898 27883 
24191 27014 
22393 29855 
25985 29551 
19921 27858 
6809 16878 
2871 20335 
18599 26251 
8031 21526 
17502 20710 
1929 28662 
28266 29476 
17853 26996 
29097 29946 
16106 22456 
18637 26175 
1519 28535 
10179 17101 
13454 21860 
7642 12115 
24861 29108 
3710 17835 
19818 20073 
29145 29504 
9440 18079 
827 18112 
26510 28619 
22578 26303 
8523 17572 
16285 17910 
14286 19589 
13407 17330 
19682 26576 
1213 1918 
11927 22017 
28429 28698 
2186 11671 
24116 29357 
6338 12171 
3432 16915 
23693 28077 
19077 25225 
23515 24944 
28603 29210 
11352 13353 
19845 26580 
1528 12838 
23158 25585 
504 19538 
15157 25809 
21595 23652 
9872 12397 
9442 10852 
17129 28486 
12441 15638 
9184 28858 
26108 27969 
825 9092 
23458 26094 
19538 29593 
21075 28003 
1808 6116 
26403 28620 
21263 23414 
22734 23981 
27436 27912 
19348 24340 
903 4699 
1765 14917 
21716 24255 
28304 28425 
148 14920 
24160 29384 
4156 12004 
7647 29863 
12814 17010 
17096 17913 
5962 15788 
27019 27496 
25706 27546 
6688 15119 
20509 28672 
25720 25996 
17672 22708 
26903 27056 
28728 29958 
22743 25571 
15813 26669 
17315 18810 
23874 27800 
23806 25867 
11892 13444 
13706 23879 
24056 28254 
14515 17969 
19060 29711 
18169 29025 
4389 25434 
12319 12397 
2075 19109 
4861 8934 
10469 16879 
8487 26105 
10558 17551 
15184 23650 
29308 29810 
16931 23375 
18246 24173 
24930 26401 
274 7826 
2554 8959 
18095 26635 
10271 12929 
2059 6722 
20795 27808 
26974 28821 
28187 28901 
18280 19089 
13529 23661 
6468 20121 
17312 19654 
8208 13211 
29139 29569 
13568 20149 
28084 29564 
12519 14647 
16874 17077 
29105 29653 
731 19800 
22349 24595 
27115 27246 
19580 21362 
7835 29116 
11836 22482 
27131 29404 
983 23195 
29551 29809 
5646 16974 
22817 26983 
986 14721 
331 17740 
16319 25344 
26261 28087 
25325 27911 
16976 29501 
14285 23382 
27428 29511 
8839 17371 
26920 28565 
16265 28635 
18195 21503 
18329 26620 
17417 21342 
4283 5346 
19189 27285 
8849 21134 
24502 28257 
10396 11915 
18671 21928 
5009 12565 
3059 23162 
27823 28187 
26406 28960 
10992 13229 
25954 28150 
23372 25233 
20835 23658 
17576 25550 
4520 27169 
17899 18901 
2685 18308 
4232 21803 
24432 26424 
1906 29983 
7536 26599 
29288 29897 
14832 27752 
16988 17417 
24775 29978 
17589 20916 
3891 4178 
1091 22357 
4789 19126 
24810 27076 
6731 12894 
12059 29184 
25676 26282 
5307 17011 
9185 28080 
13047 15248 
5651 24098 
10945 11340 
19954 23950 
26777 27661 
11256 28444 
10846 13484 
4081 29895 
1563 10952 
29312 29328 
22498 24610 
24653 27054 
2292 17131 
18010 28895 
742 20561 
24098 29392 
4275 29304 
21461 21934 
29414 29548 
8324 17870 
23110 23777 
20208 21593 
12620 26421 
7385 23023 
517 8252 
9373 22352 
22244 27957 
1841 22459 
19919 27030 
27515 29608 
12522 21550 
21318 21955 
8235 23190 
10078 17555 
19915 26480 
11343 13209 
15164 20651 
3755 11466 
19788 26557 
12876 20194 
20404 23697 
10045 19193 
23298 26558 
22994 28273 
26124 28062 
15887 24017 
11985 27350 
6989 19774 
14630 22528 
13876 26957 
16026 19587 
29196 29829 
17359 26106 
28911 29156 
4479 29547 
17487 18233 
14334 25629 
27000 28731 
20734 27565 
4583 20434 
3827 18087 
16776 27981 
3181 8891 
17210 20376 
28663 29312 
466 18983 
25786 27753 
16413 17848 
29315 29509 
4627 23132 
6602 29361 
12933 22289 
7580 9348 
1559 7175 
4877 13546 
8018 21022 
18777 24175 
26628 28126 
891 6930 
28999 29758 
12398 23778 
23492 23619 
971 1357 
171 17719 
20318 28423 
4002 10446 
25846 29751 
6197 24676 
9381 11163 
12756 17577 
24552 29883 
29011 29873 
1484 26611 
20491 28432 
20738 24010 
11693 28982 
9313 13657 
3688 19257 
13359 23411 
24192 25157 
17776 22459 
17782 19222 
6066 8420 
28474 29352 
26367 27270 
17830 26213 
2459 6554 
29862 29876 
24022 27217 
4042 29542 
7467 26176 
2613 23926 
11505 29121 
28834 29060 
22820 29225 
15046 22113 
5041 28917 
28355 28473 
1676 9324 
13973 26686 
6689 6749 
2752 16810 
6115 25429 
14790 14919 
8004 15731 
8404 9392 
18440 24909 
10913 15628 
3234 8527 
24974 25764 
27279 28306 
26739 29143 
29948 29975 
23193 27713 
21113 29645 
25729 26770 
16997 25696 
12113 24437 
13216 19282 
25479 25634 
18438 24503 
9123 19413 
22 17150 
7096 11720 
27221 27738 
4374 23863 
2588 4559 
18031 21318 
24438 26036 
4145 19047 
19072 28631 
3348 25066 
18309 29960 
4078 28224 
3459 28858 
18720 24505 
23153 28093 
5720 20545 
27854 28539 
2611 24965 
23282 25304 
8458 27211 
6836 13080 
3372 4086 
21297 26268 
20377 28417 
20018 20981 
21047 29773 
26456 28832 
11653 15982 
24501 29295 
6738 9388 
5397 5487 
5443 20275 
21595 22305 
13596 21837 
13032 14493 
1094 6611 
7842 20691 
9287 17235 
19722 20230 
6538 8207 
28045 29944 
13507 16079 
5466 23157 
8598 27763 
5207 29735 
14539 18074 
12088 21073 
15440 21824 
12737 13782 
27561 28636 
29190 29516 
23425 28869 
10253 23275 
18939 27064 
6303 7464 
23811 28794 
6725 9479 
12243 12513 
15231 28571 
11726 16396 
23012 23299 
17369 23002 
5211 23812 
15181 24726 
19034 20946 
14919 27642 
830 27733 
28023 28275 
2801 8500 
18474 26972 
21641 27338 
7911 11130 
29623 29728 
24211 29619 
24779 26097 
14730 18638 
29071 29392 
7917 28555 
27288 29258 
29476 29601 
11429 19828 
19341 21431 
2503 4759 
29319 29447 
5693 28811 
24056 27030 
25340 28841 
9143 24980 
12165 23837 
20331 21021 
27094 29539 
18220 28722 
6974 7787 
21292 29336 
23911 29906 
11576 24085 
1923 5763 
20322 23196 
24797 25110 
10509 16263 
5325 13939 
19089 26982 
6554 13513 
13708 19826 
28075 28373 
16963 18628 
14068 17396 
18543 25253 
26388 28060 
10913 19473 
24871 26248 
22296 24847 
26231 27768 
14485 17805 
10227 11599 
9008 14387 
9111 19607 
17255 24021 
14368 20494 
18312 19968 
14556 26376 
18829 21342 
14601 21532 
26054 28172 
9080 24998 
980 11949 
17399 29996 
12568 27435 
9209 21953 
13611 19282 
28307 28563 
19714 25452 
26098 29646 
1356 29878 
2746 15460 
27202 28777 
10099 17245 
19162 28050 
2243 2760 
626 17967 
6924 20993 
6788 25857 
10237 18173 
18265 24186 
7550 22171 
27779 29566 
14308 29484 
4589 13917 
3518 6306 
28666 29776 
2924 3667 
24899 27021 
22805 26702 
19200 27538 
17788 18938 
4402 27584 
1847 13093 
14238 15345 
10188 22492 
13302 16579 
27907 28421 
4736 14546 
10117 21643 
6019 12419 
4425 5907 
20566 29839 
5709 14526 
25245 28468 
27595 28441 
4887 25846 
4168 5843 
24212 27093 
7149 11475 
16989 18225 
21075 29976 
7781 27166 
7597 20106 
20111 20132 
21283 28025 
11504 22090 
20214 25309 
26933 27841 
2514 15952 
13632 24400 
20487 21882 
20085 20221 
12225 28233 
15135 17517 
22521 25886 
14371 29435 
23130 23955 
19954 20350 
5279 13185 
25677 27677 
3360 23672 
7599 25414 
14388 24947 
28516 28517 
1205 5939 
20101 26214 
22660 29158 
21031 27111 
17782 25522 
22708 23340 
21363 22864 
2535 5662 
7371 28401 
29605 29692 
4638 12577 
20697 23269 
11833 29326 
12613 26244 
5228 11463 
14058 24051 
24029 25466 
11659 29588 
26005 27624 
22415 25618 
25892 27502 
8257 16357 
5906 6480 
9082 17327 
7280 19031 
7576 23456 
1185 10458 
28882 29814 
23255 26240 
8465 29154 
9575 24824 
29699 29897 
3977 16811 
22059 25347 
14486 29686 
10002 26853 
16903 20839 
26226 29638 
6254 24717 
9363 23584 
21483 24951 
27940 29984 
21300 27065 
10620 25214 
20180 28636 
17556 19855 
7644 16576 
24069 26449 
9776 20572 
11426 24220 
22923 29814 
5898 9279 
2456 4503 
13111 29151 
6811 14946 
29125 29939 
850 5967 
28523 28799 
19361 26458 
3213 13564 
21376 21867 
1411 27184 
20775 29917 
4488 4543 
4073 13045 
16974 22509 
3260 12540 
15768 24837 
7560 15473 
13391 29157 
8345 13183 
9892 28129 
12196 22988 
359 21712 
15222 17474 
15295 16385 
15462 26544 
23213 29237 
2449 13232 
14115 26945 
15995 20191 
20117 26001 
7035 25040 
25834 29458 
5008 20724 
17219 20414 
18429 22977 
9998 17177 
5381 21351 
26530 27189 
22002 26128 
25065 25395 
6735 11211 
29428 29645 
13158 25385 
16807 22948 
10406 14402 
15217 17986 
17067 26174 
18191 23820 
2920 24167 
26736 27996 
25327 29263 
19901 21760 
8204 13602 
14549 26495 
14874 15439 
7403 22241 
14352 22600 
9659 17548 
12097 27357 
24221 26590 
22086 24652 
4076 9659 
19171 22055 
18001 27280 
9179 23422 
10528 28250 
23520 25817 
24602 29497 
13653 25170 
4416 12709 
11945 25465 
24727 27080 
29537 29618 
23779 24109 
10437 11370 
9766 28757 
13526 21609 
24170 29997 
6860 15151 
2165 13452 
22533 22632 
2287 22585 
25168 25324 
16151 17050 
11131 22935 
13364 21901 
8075 13952 
20698 22955 
12096 24888 
9147 12426 
10996 15331 
7347 23327 
28072 28199 
14288 25636 
4736 11963 
13248 17299 
28969 29409 
9596 22066 
3064 22194 
21370 27417 
2501 21806 
15325 19643 
26423 26689 
28102 29857 
12266 21720 
11713 15574 
27271 28738 
24343 25624 
29979 29982 
23471 29623 
1351 19755 
19940 23609 
6594 11588 
3197 17176 
20472 28907 
2181 22182 
19476 22434 
5273 10774 
25933 28513 
29148 29376 
14414 19952 
9544 26928 
1584 24451 
26910 27984 
7548 15508 
11640 15514 
9967 24121 
2250 28320 
20077 24914 
4327 7441 
77 442 
19330 26158 
13444 18247 
16385 18933 
1833 12190 
28500 28928 
1180 7635 
23402 24610 
21416 24543 
23772 29944 
15086 23950 
16059 24777 
21020 29657 
16907 20340 
16157 16732 
23197 27841 
5496 18292 
15656 27466 
13044 26861 
16269 20643 
28208 28417 
12901 24718 
24771 29409 
11487 17287 
13359 23662 
17194 24411 
19849 27548 
5731 14782 
3746 7113 
11574 15950 
23241 25600 
27818 29519 
21077 29645 
28869 29674 
22656 25487 
11148 16140 
19803 20074 
27560 28560 
22450 26706 
11149 16376 
26235 26334 
27098 28241 
23356 24112 
2710 17815 
27957 29505 
2384 23045 
10972 12322 
16546 23417 
11048 22044 
28094 29648 
24238 25522 
14162 23507 
9472 21431 
18621 26203 
2852 17937 
20812 21806 
3252 23724 
10514 17070 
12276 29698 
23231 27068 
25511 28791 
27471 29207 
24026 28861 
11135 19671 
10717 11887 
9589 10513 
2212 13864 
14928 15173 
9793 22237 
15323 22309 
2878 22463 
12707 29624 
767 11369 
20738 22228 
7228 25136 
27056 27121 
27791 28281 
7183 29356 
479 14825 
22495 25863 
11111 20279 
18684 27810 
27564 27613 
16707 27637 
13495 28203 
159 21737 
7820 10509 
1161 14041 
15896 27088 
8569 22221 
22466 22472 
9375 25649 
25127 28912 
386 5249 
18232 29389 
26739 27162 
4933 23322 
22713 24814 
5694 28331 
12210 17767 
11234 13355 
2408 12908 
9844 15924 
14886 19505 
4063 17923 
13365 19565 
15184 24757 
23188 25581 
3350 20448 
20055 27344 
20806 27569 
14253 20362 
23382 23651 
29806 29949 
9656 20390 
1447 19814 
8671 25836 
26038 26189 
27067 29530 
5818 24725 
18459 23308 
12720 24193 
17164 18257 
24802 26618 
14852 15883 
4338 26084 
11201 23299 
19262 28399 
27354 28052 
27695 29833 
21808 21921 
13406 23433 
4307 14147 
11043 27484 
4428 27039 
8142 14373 
28337 28742 
7879 12942 
17380 27264 
6081 23465 
18997 22913 
10898 18398 
28083 29434 
14240 19585 
964 4126 
17869 23505 
27489 29723 
22473 25324 
20919 24870 
7052 7914 
22374 29922 
1043 2212 
15187 26589 
10796 28646 
4737 10447 
11241 15538 
11894 23169 
2454 20611 
9556 20764 
28298 29641 
24003 27575 
5241 6114 
22268 26214 
15572 25410 
11464 25847 
4620 6722 
11173 24043 
17722 28356 
24576 27537 
4446 21058 
18212 19784 
20831 23258 
7528 22800 
13397 21809 
11012 12355 
25898 29639 
20456 26350 
19904 27992 
10370 27115 
25120 26647 
29733 29957 
25826 28621 
28061 28991 
189 16295 
12861 29392 
1151 21528 
10391 17115 
20824 28827 
29992 29994 
16041 27058 
16219 18701 
1452 23663 
17844 25404 
3818 5238 
8494 26696 
27627 27870 
27447 28206 
17729 25720 
22884 25092 
24606 25794 
21665 28145 
10398 13239 
7295 22902 
15629 18103 
7882 11014 
6871 8795 
16695 27286 
4754 23167 
23022 29935 
19398 29335 
20622 29219 
14600 18230 
26894 29158 
3124 10644 
3934 13956 
27487 29534 
5468 16216 
26574 28370 
22606 27745 
14154 17445 
21855 27607 
9914 29441 
16122 27052 
27923 28043 
9199 16529 
20113 25029 
28068 29154 
3247 15935 
26999 28961 
3015 5649 
25253 28826 
5482 26538 
21811 26632 
26428 28941 
4315 22517 
14469 20843 
7550 27266 
16421 16444 
2574 22899 
11364 22100 
17899 24915 
23555 26039 
7394 22315 
25121 29478 
9195 14271 
9364 17584 
1783 27679 
19610 24988 
12543 14030 
8849 29048 
13072 27358 
12257 28981 
5707 17835 
14561 25093 
14539 20694 
10879 20901 
16709 29188 
28830 29311 
11346 25353 
24743 26674 
26714 28032 
2592 7534 
15969 16417 
7668 28228 
7852 29286 
5320 10003 
5340 15695 
4598 22942 
6182 29061 
1477 7508 
20430 28965 
13357 24348 
198 5910 
27014 28374 
9579 12741 
9440 16432 
26842 27176 
4264 29043 
25719 28429 
26284 29631 
8604 10225 
25676 28902 
28434 29900 
6710 29621 
1724 27058 
20377 28596 
14725 17450 
23901 26185 
9258 24322 
1657 9060 
21528 23616 
21517 29229 
15626 26096 
15681 15961 
10033 11145 
15769 28705 
20377 20938 
10778 18765 
19494 23595 
28594 28646 
4209 11627 
19347 27858 
24798 24960 
22724 24807 
662 16884 
16213 16767 
12890 25523 
19548 19735 
26716 27530 
3647 29322 
16833 26605 
855 22191 
9411 29874 
18076 23604 
241 12311 
4167 25786 
4249 4700 
5954 13941 
16203 24209 
2133 10734 
19193 29940 
5004 8744 
16662 26776 
22708 28019 
21791 28025 
16295 20045 
27049 29801 
8181 18647 
8026 10673 
17168 26982 
24733 29800 
29403 29597 
7185 10521 
9684 16235 
25221 25295 
10321 28888 
16652 16687 
12153 28012 
17521 26774 
28702 29479 
13969 24479 
23482 28330 
9951 28593 
26553 28815 
23313 29781 
7004 20576 
6417 9410 
25739 28533 
7114 29805 
14590 18640 
24083 26388 
6971 30000 
3325 27627 
18584 27678 
4909 23354 
25978 27191 
26055 28167 
6997 20102 
15967 20706 
24644 25666 
1833 19231 
14895 29086 
4042 10695 
29972 29989 
21187 24318 
25263 27923 
20048 26875 
19686 25883 
11333 28681 
8517 17018 
23853 29183 
16021 21652 
10486 23240 
3566 3869 
7947 19147 
9772 16879 
5913 28816 
6851 15636 
15823 20370 
11607 14637 
28435 28879 
16600 25547 
7012 9375 
24254 26659 
7438 18007 
9368 12916 
6717 23382 
16720 25100 
14805 14819 
6848 24102 
25286 27118 
12669 26517 
871 2551 
25811 29834 
3862 10938 
27833 29208 
13410 27960 
17074 19944 
19472 29641 
19931 25673 
11127 17798 
9442 25593 
95 21375 
5853 15604 
76 26310 
27618 29712 
27170 28218 
3765 22708 
7589 25701 
2129 5693 
2156 9718 
22049 26453 
9424 13602 
8006 25083 
28894 29586 
1676 4554 
11665 11849 
617 15810 
19231 28824 
28993 29297 
13826 26869 
13845 21848 
23572 26503 
9160 11318 
5259 9836 
1806 25292 
416 19304 
8422 28152 
1928 16477 
19660 22117 
7264 15026 
15804 25122 
25344 26720 
26517 28204 
14936 21966 
26418 27295 
28147 29397 
3078 16653 
4757 15432 
22761 29785 
7364 29421 
24740 29021 
14023 28116 
1835 6859 
6185 14319 
10456 18613 
25739 25996 
17837 20311 
27018 27075 
6388 12802 
28724 28889 
26424 26597 
8161 27684 
13645 22882 
10867 23111 
26919 29041 
29280 29294 
11021 11095 
6000 11552 
16567 29751 
21673 28974 
3388 26228 
19845 22659 
9001 26809 
20069 25954 
12368 27150 
25316 25888 
22715 25476 
6522 15346 
1072 29067 
17312 26271 
8422 25517 
6474 10548 
18578 22034 
8547 16578 
13866 18993 
12293 15178 
27380 29065 
25029 29183 
12422 23577 
4881 10644 
24425 27880 
14999 23657 
12873 17077 
2902 3911 
9787 26925 
15677 15961 
28419 29348 
15872 27536 
23229 29013 
2306 19206 
24554 24675 
20653 28630 
3317 28237 
25531 26342 
27539 29861 
23261 29643 
4202 4686 
14362 26268 
27049 29466 
16938 18024 
18171 24259 
21792 21863 
28246 29843 
26873 27174 
1931 18220 
28099 29704 
4220 28004 
16499 21624 
15937 26242 
15599 23712 
15151 22300 
19584 22171 
15102 21096 
9125 26053 
7085 16151 
4743 24415 
29860 29974 
6585 25343 
19824 19961 
18834 21380 
8824 22652 
22484 23730 
29595 29831 
8215 24535 
10755 26830 
9252 17763 
6265 11846 
29484 29651 
10679 12304 
11447 28152 
19943 29940 
16117 18780 
21456 27031 
2578 3914 
22733 23519 
13034 18137 
10207 19364 
2418 29293 
12259 24611 
3049 12235 
17929 28027 
8581 12658 
19191 25701 
9684 11952 
741 3855 
20914 25637 
26014 29910 
13961 24581 
7125 14960 
28810 29137 
13126 29363 
14587 29793 
16443 29529 
26829 27802 
17537 26558 
1083 2983 
13898 16817 
37 24131 
29600 29896 
15557 24149 
7214 20082 
7678 24854 
24459 27460 
22650 29500 
19641 20131 
9947 16410 
21591 29479 
23882 24200 
28192 28834 
2398 11208 
27059 28272 
14797 17830 
11898 12367 
24891 28657 
4006 9031 
2857 20860 
712 19512 
25326 28417 
8734 15835 
20476 28919 
4765 14255 
20795 22556 
25955 26693 
19255 27866 
28187 28194 
23024 27578 
17608 28186 
13329 27797 
7324 12428 
28207 29664 
4595 13932 
26600 29429 
23627 28143 
18364 29263 
5175 26916 
21348 28276 
18533 25914 
18669 26756 
8352 12840 
8140 19627 
12410 27379 
5339 7098 
26266 26530 
168 15420 
14070 24013 
3532 19427 
29988 29994 
21913 24747 
9585 9709 
5827 7793 
511 18470 
9111 22254 
4908 9324 
9176 26930 
1869 2484 
11679 14213 
19465 23847 
23104 25575 
20939 27364 
26617 27716 
25789 27886 
2222 8114 
17865 28080 
1433 15794 
21952 28003 
13180 28267 
11273 18100 
20395 20910 
5088 16078 
28875 29420 
6766 19093 
13041 17992 
16680 22665 
6363 21754 
3058 3748 
27101 27808 
7479 14795 
26091 26886 
27955 29695 
26201 28342 
19990 22103 
18483 29206 
1505 10817 
5087 16856 
16658 19588 
22624 28275 
27691 28050 
14959 15165 
4500 25923 
20073 25512 
14011 22885 
9412 22050 
4855 29794 
22742 29284 
2104 29840 
19317 21499 
29091 29637 
28015 28932 
14637 18680 
14444 25138 
20560 26712 
1485 16220 
10476 23724 
17821 20534 
16022 28356 
29237 29377 
7259 17672 
2571 7101 
21761 25330 
4637 27075 
17240 20646 
25874 25901 
25567 25895 
26109 27252 
24982 25479 
29265 29688 
21107 28597 
15600 21452 
20836 25534 
13095 14049 
27958 28039 
1517 13037 
22712 28022 
15850 23751 
23375 28018 
5267 12114 
26253 27596 
1126 19630 
11991 23354 
23382 28683 
13164 19948 
13675 28980 
26805 26965 
12927 19681 
2950 9412 
4028 23184 
20263 27364 
3568 17641 
16240 22283 
10158 14290 
21799 27526 
3031 20229 
6489 11530 
25000 26998 
9625 18155 
24468 29098 
15023 28042 
8092 21211 
12099 29680 
9394 28089 
11874 17070 
25984 27696 
13806 15752 
25970 28418 
4536 18239 
11072 24834 
29737 29949 
14800 22682 
2991 28259 
4781 9844 
18979 29172 
3119 20180 
7269 25873 
11514 24135 
3278 28186 
13945 27785 
4494 10060 
6747 8260 
23502 24974 
2233 22736 
1039 13434 
20722 21684 
9920 13297 
29262 29773 
2336 13566 
627 21322 
13901 17967 
15860 19522 
13959 21519 
19059 20645 
10583 10900 
13835 20244 
11845 29246 
6639 28370 
13987 24658 
29809 29892 
13264 17629 
29303 29726 
11949 16747 
28381 29964 
21759 22100 
28819 29906 
27293 28243 
26619 27801 
9467 25710 
1046 16888 
15825 25848 
72 11563 
26694 27243 
180 2136 
25350 27157 
19862 29771 
15677 18620 
26270 28118 
2512 3123 
1625 16242 
21690 22325 
28723 29555 
22245 23945 
24375 25100 
1058 16501 
9015 17030 
29246 29503 
7752 17812 
4721 28357 
25563 29880 
10034 20126 
24062 26167 
25947 28843 
7260 22187 
16458 19985 
10477 27269 
589 16686 
17342 22575 
1534 5188 
6 29331 
14837 28947 
14545 18894 
7094 22096 
27671 28915 
29348 29507 
1382 27620 
2469 3534 
1363 27175 
15236 15543 
8478 12355 
15995 27081 
17633 28744 
4870 7116 
14498 24823 
23291 27905 
19398 21081 
21795 23942 
203 24603 
11684 12919 
6911 20012 
17477 22338 
16657 21891 
26481 29781 
10086 21512 
17255 25664 
23476 27923 
13873 27770 
26782 27889 
24522 28480 
17597 21389 
19228 22584 
17128 22259 
3407 11380 
26179 29719 
13537 25153 
28592 28829 
6375 18771 
21243 28636 
1983 24080 
25116 27667 
2649 23549 
1089 27288 
22495 28608 
26450 27051 
25092 27935 
11472 14045 
2034 12208 
17709 28052 
7902 14491 
16371 21446 
651 11588 
16801 25656 
21847 29205 
6977 9407 
4392 8707 
17132 18098 
22140 24001 
11592 25750 
4332 28897 
12585 20710 
16564 24257 
28747 28873 
13714 15231 
3205 26092 
29590 29838 
16437 18564 
26344 27082 
9617 19431 
17530 17722 
620 16067 
29016 29661 
6788 28174 
21130 24523 
22675 25260 
5820 10876 
17834 28525 
2027 19055 
22464 28194 
5673 22342 
18718 24577 
22082 28947 
20871 21565 
9470 24473 
22634 24713 
3465 27161 
24100 26507 
5855 13582 
18932 24486 
21879 23414 
6372 25996 
186 27860 
15676 20080 
26188 29048 
18475 21698 
5840 28633 
62 29096 
11436 22685 
26262 27992 
18355 18764 
2767 29645 
23900 25965 
13458 18778 
14436 22441 
24739 25583 
16035 25382 
20851 25827 
8569 19845 
15199 20539 
11117 17870 
6454 26619 
23706 29732 
18650 22287 
17294 21738 
7581 28641 
22617 22809 
24752 28074 
14051 27021 
17030 29510 
4959 28063 
23684 26437 
4688 25509 
29763 29969 
10787 11099 
3999 21737 
16439 25959 
16837 24105 
26311 27082 
2677 15502 
7094 16037 
8542 23656 
18977 22735 
23080 26895 
25840 27182 
8239 15265 
19969 22314 
18792 29297 
26672 29083 
12128 24693 
5023 6242 
10443 14676 
7925 27871 
22052 24868 
18269 29513 
15819 20377 
28891 29159 
28123 29667 
26099 29349 
6274 25247 
13985 26945 
7061 16280 
19781 20712 
23955 25958 
7175 8231 
13781 28820 
13905 26132 
28807 29450 
17870 20271 
2174 22428 
1027 9426 
20239 28344 
27430 28671 
5159 29321 
5741 12159 
13536 16137 
23213 28230 
23273 26146 
11755 27592 
15075 25271 
4306 15681 
16906 17810 
23963 26869 
24818 27646 
24957 26697 
14984 24994 
28356 28713 
18820 18849 
25100 29435 
2563 10808 
12172 13431 
18484 21038 
19427 24293 
18469 20381 
24026 25926 
14114 29529 
8249 18586 
28589 28737 
3706 29728 
3168 16337 
24576 25325 
18755 27082 
15229 18832 
4566 9240 
17551 29086 
28212 29142 
16268 29563 
17202 29260 
20549 21708 
15483 23963 
13559 26919 
29499 29860 
21704 22684 
9108 16240 
4696 13062 
316 26253 
7539 10121 
6893 8594 
10045 14704 
5710 18923 
3575 20391 
3441 20087 
14247 19996 
11246 14050 
25574 29463 
6288 20566 
10115 20022 
7348 10495 
26116 29843 
14205 17401 
23323 29098 
22293 24957 
17360 23228 
2948 18564 
8640 10637 
21 7085 
11319 26509 
18367 19516 
11558 23799 
27603 27613 
26678 28639 
17772 19128 
28617 29684 
2271 19044 
25018 29852 
28603 29129 
10348 19408 
22612 28891 
18589 26302 
7546 27385 
29271 29919 
25024 29184 
13046 20803 
20933 25224 
10539 12324 
11363 20300 
15789 18635 
8153 19574 
22829 26107 
22550 22785 
24401 28470 
18859 29366 
26958 29794 
9683 27606 
16845 24916 
12867 18188 
8340 24594 
27724 29302 
23752 29903 
28315 29649 
19251 27262 
4444 29029 
29476 29790 
12766 16501 
5859 25964 
4080 28091 
28146 29663 
99 28154 
10185 20035 
18440 18799 
10012 15122 
22091 26679 
18862 25850 
4565 27924 
25305 28806 
11143 16548 
11485 18557 
12562 14193 
21366 22411 
18505 27491 
17895 26537 
7495 22779 
13683 19603 
2541 20555 
24921 27917 
1079 22709 
8303 27416 
2395 26151 
132 23176 
7293 19175 
26171 27901 
7191 7984 
16245 25944 
4022 19786 
9746 10393 
8628 13386 
1363 28506 
7136 22149 
23365 27870 
14318 26909 
25073 29061 
8410 22480 
24879 28585 
13816 24840 
21698 27401 
25686 29900 
15307 29239 
27834 29181 
26416 28224 
4994 24493 
5322 17540 
9531 21866 
25203 27046 
11550 11935 
18525 26386 
17399 21518 
13180 29907 
18030 20746 
12268 12919 
14046 24340 
20263 20740 
18392 27182 
14276 16237 
29165 29304 
8151 10742 
2212 6548 
15663 28041 
27650 29547 
19205 24604 
2337 11042 
8039 18363 
5707 28031 
11445 16468 
13705 23492 
27254 27643 
2043 26707 
9455 23840 
9614 13667 
22463 24118 
23525 28140 
27003 28342 
10170 24122 
25602 29619 
20138 25921 
10797 13435 
13739 26213 
7104 17869 
14810 23094 
27632 29615 
13296 14843 
21191 23548 
8426 29723 
16484 27245 
9670 19500 
21132 23017 
17345 21389 
3079 24734 
22982 29027 
13252 23031 
25170 28558 
408 21871 
5321 8013 
8479 18542 
21302 23122 
14190 19306 
14637 19636 
4404 10059 
25002 25905 
15973 18142 
23905 28691 
13487 21084 
25427 26006 
4267 16125 
26583 29335 
2512 7761 
12048 21553 
22727 28039 
3827 5114 
5065 5672 
5308 24460 
14019 22600 
19810 22993 
21362 24251 
14512 25938 
1953 27408 
16756 17596 
27348 27533 
11961 29671 
6453 26727 
12145 17457 
4483 6662 
29952 29997 
22250 23372 
14057 23538 
28708 29499 
13921 15484 
7983 23824 
17661 25752 
25871 26391 
7821 23931 
12402 23748 
29451 29832 
4501 25562 
7838 26795 
22197 29144 
20740 26348 
28151 28773 
13470 28443 
20738 26079 
19957 29814 
17397 29565 
21894 26281 
12811 24564 
15829 16968 
17166 28221 
16431 29178 
1220 5038 
13338 17046 
17247 21573 
5316 11946 
27388 29728 
25578 26137 
17889 20715 
19174 28970 
4154 22917 
81 9721 
5874 17563 
10541 19954 
991 4682 
21876 25538 
13110 17312 
17040 21669 
9175 9881 
23508 23919 
13366 22498 
6321 21095 
13086 19046 
16620 25861 
7430 10469 
8875 24762 
15442 21191 
19363 29088 
5756 29048 
23625 28086 
12908 15485 
2472 3695 
2485 8208 
20395 26114 
5560 19028 
4557 17172 
7106 27742 
25895 26786 
20735 22775 
17046 25957 
15395 27053 
24073 25302 
18363 25849 
17751 21384 
19408 20369 
19005 28411 
25619 25643 
28568 29806 
25630 26573 
22156 24416 
8646 22358 
22981 24153 
24215 28979 
29898 29968 
2190 28053 
11735 15681 
9182 21353 
14271 18356 
14448 25835 
29830 29832 
5674 23750 
19319 23861 
21595 22119 
686 19310 
5019 15268 
27127 29238 
23435 25309 
7376 18278 
9930 23130 
17210 27549 
4882 20366 
27839 29078 
990 27421 
2502 29150 
19668 28309 
3254 11840 
9613 29156 
14440 22212 
13595 15776 
8307 12298 
3951 8805 
13386 20701 
6529 19530 
29574 29578 
19883 24226 
26875 28130 
13914 21820 
7444 7920 
15161 26279 
2897 9273 
14046 15030 
25591 26532 
11960 26061 
26992 27431 
22034 26448 
20170 27127 
26655 26766 
4118 4969 
22740 27840 
26209 27492 
6527 12357 
23596 28334 
4808 11118 
9931 21229 
20491 24001 
11982 23177 
26803 28976 
12532 19516 
23377 25230 
14078 26930 
3192 23660 
10576 18309 
10071 27674 
13937 20984 
1744 15553 
6438 11824 
28249 28886 
26697 29119 
8043 29671 
15734 27686 
290 2329 
11721 12455 
2533 12084 
22269 26344 
7980 13969 
8601 19654 
22138 23067 
13264 20702 
14215 27395 
4777 15135 
3164 25911 
4350 11451 
2657 24743 
7279 8174 
10945 28743 
933 4345 
13912 22551 
26280 26843 
260 5192 
7475 24633 
5800 11896 
5371 8142 
12124 28296 
16132 21005 
18965 21420 
20536 26441 
15603 28588 
16965 24984 
25889 29833 
27366 28212 
9762 28865 
6477 12387 
12186 27586 
6293 23709 
12942 21056 
11701 18608 
20004 27345 
18584 21413 
26577 29333 
14056 28791 
16867 19207 
6893 24784 
7075 7440 
21815 29322 
11094 27595 
8301 24428 
10122 20834 
19080 22584 
29112 29250 
15934 22614 
20415 24582 
24295 29798 
23413 24233 
25209 26480 
28182 28430 
23304 29098 
22673 29921 
2926 23224 
8771 28505 
8129 18174 
3524 21486 
25559 29340 
21016 27031 
11802 29254 
1536 1685 
20224 22231 
10018 17624 
9927 12087 
13812 25720 
7140 21504 
3083 20327 
9791 17035 
14412 14962 
28203 28315 
14866 25541 
20595 26444 
21096 25675 
11246 20385 
25481 27071 
3666 12651 
5902 14138 
2914 20697 
5288 28613 
1445 6236 
10257 11517 
20799 24495 
27446 28497 
18564 23252 
18454 27392 
1869 7448 
22700 25839 
10809 22371 
23616 25116 
26176 29632 
21044 26323 
5009 10009 
7745 19324 
3350 17186 
23156 28795 
19534 26609 
14442 19277 
8382 9857 
22848 27036 
168 14873 
9969 20740 
22369 24373 
29203 29932 
13776 18234 
2435 6657 
8969 17004 
27325 27983 
13370 13641 
1294 19043 
28479 29689 
16527 17896 
26952 29382 
26293 28051 
10447 13663 
20778 28473 
11156 21305 
2029 14971 
7485 11612 
7586 24843 
18904 23807 
8059 19164 
10986 24669 
2812 4314 
23215 25483 
9856 21910 
1919 22767 
13148 14655 
13468 21425 
26452 27996 
5303 19068 
22948 28540 
11385 11444 
14866 17305 
4589 21145 
12852 22382 
3169 27847 
20542 24093 
20503 23277 
7725 24101 
23902 26030 
24077 24143 
13248 15926 
4806 5247 
27886 29730 
27688 29975 
3500 26723 
16671 26706 
12360 17804 
26903 28765 
2334 24571 
3274 5915 
12937 18817 
4111 13351 
26560 28425 
6031 10635 
11921 25118 
11852 12305 
4931 5889 
100 4038 
16432 18566 
11642 26775 
23976 24368 
26049 27770 
22605 28038 
25431 29281 
12306 27606 
4655 4821 
17748 22426 
28543 29031 
9012 13776 
25579 28832 
6646 7168 
23851 26875 
24719 28648 
19178 19865 
9680 15659 
21823 28599 
18623 19137 
29105 29611 
19805 25735 
2469 14448 
7198 23005 
9305 25160 
15761 18231 
7522 13896 
18922 22933 
6751 22103 
21943 22314 
18245 28569 
27096 28148 
29208 29777 
1466 22917 
26299 28789 
26988 27374 
21473 27012 
28801 29398 
4838 27828 
4498 21508 
11007 21181 
26441 28592 
11782 28010 
27702 28121 
7106 26697 
22649 27489 
14033 18231 
4209 26370 
12801 17652 
2007 10484 
857 3480 
26924 29733 
24149 27611 
28064 29453 
16986 26051 
11306 11714 
21261 26943 
19123 22727 
10733 19193 
6548 16028 
29048 29464 
21433 24563 
13245 19356 
12342 25485 
9854 10657 
29635 29810 
11732 17421 
13819 19164 
14057 19613 
2134 25207 
29697 29999 
2144 23917 
6985 20292 
23097 24693 
26541 27047 
8946 26555 
22502 24070 
7502 17643 
26593 28251 
18131 27931 
19079 22230 
9502 27999 
11477 26887 
20520 28623 
21799 23164 
14964 15409 
9621 17997 
223 16089 
13742 28846 
16875 21182 
5860 16006 
22156 26466 
15614 17836 
20903 23007 
9126 28463 
6890 13097 
20573 29650 
16541 19335 
26125 29830 
10355 12884 
21610 29184 
9968 16071 
3534 12345 
4004 27699 
29151 29284 
16885 26559 
22942 27574 
24658 28258 
19204 24912 
26862 27717 
25333 28455 
14932 28271 
19056 25782 
10105 13751 
3386 13489 
8022 18190 
1360 24066 
10807 22418 
16394 26709 
3073 28104 
24600 26026 
24492 29963 
3415 16549 
1329 15511 
9590 22735 
26125 27573 
22804 28966 
18504 20507 
24172 25282 
15905 18434 
4761 18170 
18790 24322 
20031 21463 
773 10486 
2013 23382 
14131 18909 
17219 29779 
27658 29260 
10625 14098 
18901 22579 
3135 26855 
28248 28625 
19628 22830 
23210 24076 
10048 20285 
10449 24074 
18397 22914 
20485 20759 
28594 29640 
13173 28391 
15525 25995 
19942 20148 
27224 28612 
26883 27167 
26902 28464 
10630 18797 
19534 23567 
13005 14596 
20192 21211 
26521 29405 
15399 23563 
6732 24850 
29039 29108 
23036 27430 
19212 19566 
9909 28634 
14664 21450 
29029 29794 
18380 26085 
1076 2239 
15694 22926 
14474 15614 
10610 14200 
16881 25876 
14010 16389 
19346 29727 
4989 27182 
21720 28027 
9864 22143 
7963 13455 
14633 25378 
26259 26459 
19652 26305 
28707 29586 
1492 21938 
9241 18599 
12428 24703 
17226 18524 
14598 19404 
14604 27687 
8406 25397 
29045 29953 
9469 28238 
4214 17926 
25427 28766 
23286 25596 
18495 28320 
10505 15689 
7392 28459 
28038 28717 
10881 16633 
20317 28097 
3887 27664 
2457 5368 
1699 7207 
25367 29120 
26786 28738 
4200 22639 
18733 29751 
2450 5302 
17754 22668 
5583 8609 
8136 11471 
6859 15824 
16462 18096 
182 25040 
20662 23561 
18392 27662 
16751 29271 
1186 17706 
3761 12709 
18603 24995 
9622 13512 
9022 23167 
4819 25021 
29384 29628 
8803 29196 
11317 20242 
25243 26408 
574 21577 
144 9564 
19217 22619 
25346 26820 
8610 17625 
23066 23198 
3756 10729 
3914 21939 
14224 17490 
1157 29016 
17655 19483 
12873 16820 
27 22152 
2494 3759 
6178 18082 
2633 23703 
6532 24956 
12046 22947 
28023 28325 
14587 28285 
17638 20760 
25582 28222 
7578 17071 
15852 23960 
27171 28359 
15050 17474 
23054 27047 
13861 20014 
22798 25612 
5344 11204 
29582 29922 
18870 26890 
27599 28717 
1241 19776 
14648 25297 
23336 29540 
4496 11762 
26576 28759 
21585 25177 
29427 29442 
576 5385 
8387 17581 
21630 22464 
10595 28813 
1669 7921 
21495 24231 
23402 24339 
15484 18989 
714 15355 
13431 21882 
20255 20888 
5993 15264 
22317 22348 
13207 15917 
14861 26965 
16553 24069 
23871 24271 
7957 19827 
25750 27402 
6273 26813 
29442 29442 
1520 21863 
21469 24289 
28736 29796 
20013 21019 
6487 22836 
13987 21808 
10730 18608 
16305 17945 
952 13498 
23944 29331 
715 21262 
18504 18597 
24351 29531 
2952 13137 
21972 23606 
23452 24558 
29773 29942 
17305 22883 
5780 18570 
21051 26992 
29162 29216 
3326 13149 
5167 29757 
13400 14974 
24842 28845 
20011 26074 
29340 29956 
26116 28111 
16276 18460 
21796 22968 
313 16703 
27650 27837 
26764 26831 
9380 11623 
20556 22650 
9059 18171 
14811 19776 
10832 28088 
15505 29720 
8892 26574 
16221 28038 
27126 27699 
9768 25217 
14747 21759 
26448 27050 
16143 23490 
320 1558 
29732 29933 
23712 27303 
211 5726 
12905 18642 
17389 26353 
26546 26743 
8314 9856 
15951 20467 
23043 28548 
23098 26161 
15147 24711 
6732 16644 
29791 29929 
1130 25721 
13821 21579 
28622 29957 
6174 22894 
10837 29468 
5613 22399 
14610 23855 
3794 19796 
10117 15360 
3791 12879 
7581 27976 
29890 29913 
21419 28635 
19579 26250 
8102 8635 
26397 29765 
14780 24695 
16380 28730 
14929 21330 
10072 20882 
23164 28347 
23842 28902 
27808 29564 
18019 20202 
20120 20973 
29711 29910 
20770 22639 
15018 22577 
7330 29150 
26948 29537 
9759 10113 
13882 29870 
10737 22362 
29581 29923 
25782 27871 
7335 29854 
28764 29976 
25918 29843 
13544 19968 
21790 29059 
10934 29564 
13682 20676 
28859 29973 
5296 19217 
7929 12103 
5537 18692 
5132 24116 
18750 24520 
2094 24041 
15941 22495 
9333 19828 
721 1335 
23450 28405 
3271 21089 
27448 29066 
29063 29621 
5349 27835 
3096 12702 
27573 29722 
5758 10683 
25074 28066 
3789 27261 
11315 18379 
25162 28843 
27723 27996 
1938 22140 
13917 22985 
20480 24255 
700 1697 
11343 20730 
12625 15780 
21479 25976 
2574 9125 
13482 13661 
23041 29611 
22065 26395 
26648 29765 
16278 19838 
18427 27208 
17279 29749 
18402 21655 
12386 22810 
25912 25938 
5726 18734 
19298 24216 
2151 10669 
3645 8205 
12826 13945 
26725 29665 
20354 26535 
27609 27953 
9891 21937 
19647 28822 
7307 9468 
27335 29306 
12896 15921 
4410 11095 
4437 27424 
3204 11222 
7007 18566 
797 22106 
18357 25319 
1927 26538 
9103 20048 
11291 20669 
27580 29660 
7168 27320 
11630 23595 
26063 27059 
22098 24865 
28362 29338 
7469 20883 
13025 29912 
18032 19187 
6430 29829 
13964 29745 
18642 27050 
11374 16596 
11883 25145 
4722 11380 
2898 28280 
11069 25008 
10474 24033 
13545 24710 
21814 22255 
12265 12362 
615 14305 
8707 12926 
2027 15127 
9547 28643 
17428 28281 
27819 29746 
21729 26087 
18327 23699 
29132 29231 
3028 27619 
6418 18135 
3987 18302 
23009 24542 
28100 28915 
14937 18052 
3346 14964 
11552 23921 
20953 24273 
23008 29270 
10082 18656 
922 7046 
8795 21921 
13696 17409 
1765 11367 
16231 21284 
28707 28829 
4045 25386 
29427 29795 
16730 25966 
10118 18453 
15423 24368 
6223 19840 
8204 28524 
26261 26587 
7634 9459 
23819 27437 
7603 9222 
256 20453 
11831 28422 
14246 20949 
5759 13259 
7636 16479 
9681 26395 
29826 29879 
15159 17565 
1327 6013 
17099 28547 
21474 29007 
29949 29949 
9640 20134 
1167 17770 
8949 16405 
27580 29913 
21539 24288 
632 21379 
28057 28228 
5190 26853 
19626 21088 
28653 29776 
5977 22635 
21692 23742 
19998 20146 
6873 19967 
9478 14924 
19109 26102 
15035 21131 
11083 13688 
11281 11903 
99 23225 
11660 22199 
10094 11410 
9631 25436 
14478 20708 
7375 26602 
12221 17598 
4586 13436 
18968 29928 
387 24582 
8851 29542 
20592 22805 
25969 28389 
5613 25645 
25070 25424 
24802 25943 
8530 22217 
8611 12449 
10794 24452 
17331 21086 
27785 29990 
18176 26053 
16387 23150 
21176 23493 
1413 18460 
7633 29302 
6029 11609 
27140 28594 
27286 29945 
21464 21876 
21735 27046 
16423 19622 
27131 29327 
6292 11098 
16158 18202 
19526 20846 
19536 26935 
3209 17660 
23108 28212 
12198 17059 
27834 28554 
23680 25420 
16354 18945 
26219 26860 
5125 17084 
6647 20618 
24984 29746 
26825 28758 
27268 29876 
11909 12554 
19848 25636 
28252 29045 
17012 29083 
1767 2554 
11720 29887 
29339 29378 
4742 13986 
366 4561 
4371 26586 
3726 29371 
22043 22807 
11001 12056 
25870 29474 
12121 22125 
26059 26938 
21429 22291 
19692 24684 
23619 24391 
22307 26980 
19585 27615 
24433 25679 
11855 23562 
2058 16483 
19291 20160 
20790 25014 
16622 25085 
14221 20747 
26635 28255 
28426 29785 
6396 7070 
23770 28151 
29347 29997 
11958 16431 
4883 21226 
178 22944 
10195 12439 
29457 29796 
17217 25662 
6474 25151 
21132 27119 
36 11781 
17557 23881 
9048 26452 
15404 17374 
13464 20295 
25632 29337 
9982 19003 
11197 29905 
6455 10286 
29010 29610 
22454 28753 
10041 21881 
16844 25801 
29175 29837 
21241 29437 
25587 27721 
21034 28327 
19821 29487 
22693 23579 
8726 8997 
20695 22063 
25333 26249 
20188 21025 
25931 26342 
13405 15460 
15367 22543 
13509 15906 
10615 28307 
19908 22925 
24669 28423 
20796 26370 
737 26144 
4134 9565 
23207 27562 
8811 13521 
14786 22983 
15766 22013 
28401 28413 
17674 24422 
4631 12380 
27089 28188 
21716 24452 
21232 22202 
622 17998 
27785 28812 
19399 28648 
4414 13050 
14697 28690 
19338 28845 
28280 29289 
17048 25732 
8658 26311 
15410 28574 
6748 18251 
19910 23360 
2733 6524 
6803 9526 
27637 29696 
6130 22414 
17323 23425 
9236 15178 
23063 25247 
17071 25820 
10419 19215 
23453 29538 
27662 29961 
7274 27005 
26900 29121 
1919 22130 
4910 12421 
11264 14873 
28454 29952 
30 16301 
28327 29383 
9574 23776 
2516 27782 
27555 29491 
13924 18825 
25509 26399 
26339 29764 
8530 20686 
12064 27466 
20392 25985 
14262 22868 
10220 19791 
2514 16934 
6127 14483 
11262 20847 
22148 23443 
9075 16849 
10226 13831 
6209 27185 
14220 24137 
23574 28967 
2904 7368 
9289 25489 
3677 3921 
304 7954 
24247 25145 
25538 26386 
4998 13426 
28648 29320 
984 25148 
1840 9963 
1672 21325 
16282 26002 
4804 23006 
29932 29957 
4181 17690 
11839 21826 
20057 27033 
19181 29462 
21021 27177 
9718 10689 
18972 25787 
28767 29433 
4369 12289 
4275 9712 
25768 26661 
20934 28114 
28324 29983 
6175 12882 
21569 22160 
23240 27220 
11561 12140 
5695 18902 
24668 28692 
19880 21291 
26034 26472 
4976 25948 
10514 15182 
14518 20877 
1916 12527 
16941 28337 
23882 29883 
18226 29305 
992 8394 
8963 11000 
21154 27499 
6248 13082 
9186 23561 
7804 21441 
19602 19864 
18197 21414 
8602 29892 
1121 28119 
10123 23986 
7413 25937 
20238 29097 
24490 28500 
23175 25339 
22762 25041 
15081 26793 
18727 21253 
9473 21857 
4638 25991 
27056 27563 
3376 4012 
9138 11948 
15121 16259 
22856 25059 
7910 10409 
17973 26567 
11916 24083 
3444 22766 
13841 14532 
6649 17994 
27071 29426 
23207 27147 
25151 26168 
13444 18223 
26046 27740 
19020 27843 
6295 28365 
5416 11633 
4063 19186 
28084 29551 
3188 25084 
1797 23764 
3511 10686 
29151 29865 
28643 29258 
20508 27488 
2733 12656 
10585 20964 
27965 28894 
21945 24440 
22655 24615 
19086 29378 
8531 23993 
22768 23922 
13093 14991 
10398 17028 
22359 22844 
6062 11181 
26903 26935 
15698 28428 
24863 27622 
13276 24958 
28586 29301 
5888 19239 
28690 28818 
6225 21983 
23708 28444 
20626 22333 
4987 23433 
27868 28842 
9237 22696 
4878 27027 
26422 29694 
3355 25552 
26882 29156 
17880 24597 
18546 28334 
18756 28722 
27498 28076 
15698 22870 
12626 26137 
28092 29353 
11294 12891 
20076 28518 
3808 6602 
29318 29908 
8533 13366 
15836 16524 
11774 12414 
21231 25845 
21320 23634 
858 7884 
2329 15617 
22307 22886 
29591 29901 
15683 20250 
3423 18257 
12732 27340 
20739 22645 
21819 29587 
23153 29142 
20226 28957 
13278 24279 
17442 19488 
24560 29383 
14445 20792 
22459 23842 
2676 21761 
24483 28440 
13145 20996 
7158 28687 
24443 26265 
10569 21009 
2453 8686 
6636 16192 
13774 24006 
6211 7426 
27791 28705 
26722 29164 
11838 13683 
551 20178 
20582 20667 
5310 27373 
12702 19884 
13870 29294 
22028 27925 
2439 24826 
25134 26620 
12880 29436 
11986 15107 
27948 29882 
27492 29283 
29589 29954 
24087 25178 
3512 19175 
11171 20944 
12894 15331 
10969 12364 
3971 28283 
12314 24669 
12894 22949 
27913 29131 
20298 28946 
5437 29417 
13854 13985 
22868 28481 
5093 15287 
24370 25593 
4506 25092 
5318 19926 
18537 26108 
27763 29862 
5690 20627 
25762 27301 
21463 22731 
9294 14466 
1803 3050 
26896 27247 
2425 8017 
15639 20152 
13099 22197 
10418 19252 
26993 27013 
3164 20964 
7441 17590 
4750 28190 
19941 22390 
17845 26992 
21631 27567 
14666 29719 
28389 29885 
14534 24897 
29870 29922 
1522 23275 
22046 24571 
24802 26627 
16495 21242 
14280 15986 
7551 8308 
8994 24470 
21373 28288 
22181 22715 
27604 29852 
2061 12691 
20309 23761 
25700 26466 
29365 29870 
21325 28460 
23644 29251 
8612 28695 
13307 22393 
15457 25001 
21406 26535 
13889 15192 
13079 28277 
7421 25073 
29550 29844 
10619 25357 
14669 17834 
21803 25461 
10711 14683 
28755 29907 
15061 25386 
10652 13645 
26873 27533 
418 17498 
1030 25913 
7645 23237 
16829 22781 
5736 27675 
8804 9530 
24683 29164 
2114 29228 
22156 25666 
18054 20614 
27783 28848 
16946 21605 
26617 28025 
2095 20755 
24118 27382 
8560 24159 
28964 29806 
12615 26433 
10391 10662 
11909 26138 
6790 6829 
19006 29594 
23031 25045 
19871 20457 
13721 22205 
19016 23335 
13491 27885 
21785 29340 
25043 26528 
20898 29542 
12566 18891 
26201 26303 
22964 29167 
10848 13881 
21140 24416 
4809 16097 
15240 20047 
6963 19795 
26256 26870 
18641 22284 
23650 29987 
25317 25625 
25412 26674 
1017 6082 
21348 26420 
11535 14777 
7218 7763 
21388 23930 
23233 29433 
16876 27515 
2872 29854 
21154 22492 
11887 24877 
28088 28990 
22293 26269 
920 4666 
27570 29838 
18118 23522 
1549 17835 
10492 13576 
15350 18067 
17625 21832 
21068 26617 
12629 29893 
10393 22248 
12730 20665 
17348 22545 
24669 27674 
20516 21222 
2233 24740 
22129 25283 
17250 28837 
8531 10583 
2166 26771 
26157 26318 
12942 26976 
21868 24207 
18375 23944 
6280 21275 
29001 29982 
14626 16723 
14159 14272 
27013 27733 
14501 14574 
14905 21193 
12260 18890 
21252 24132 
17826 25858 
16529 19330 
7546 25420 
17341 27559 
6573 11849 
2723 7651 
14506 22160 
11307 13565 
27688 29800 
24198 28483 
24627 29040 
27566 29959 
9687 13635 
11448 13030 
18237 25225 
28924 29867 
27254 27876 
4911 12295 
20341 29906 
6010 18530 
14069 25006 
26473 26544 
29121 29647 
20319 24512 
21747 23196 
16944 22415 
18184 23827 
28402 29469 
16639 17667 
10917 19428 
4519 19715 
3568 9668 
18402 22169 
28283 29164 
19311 19341 
29367 29560 
20363 29410 
12963 29582 
1159 10888 
11643 14918 
22465 23943 
22818 28074 
10255 15583 
28278 28638 
1649 2583 
11617 16464 
4348 19374 
20070 27122 
2903 29020 
28855 29762 
15447 26599 
17145 29900 
17664 27449 
553 23681 
14559 28993 
1992 26435 
23663 27969 
10500 21437 
29547 29916 
15565 29444 
1054 20061 
13082 23912 
7911 10277 
15622 17594 
13562 25748 
24235 24738 
11597 23204 
29339 29522 
9582 10297 
2371 22290 
12660 16358 
21885 26014 
13118 23538 
19006 20625 
5433 14181 
27953 29172 
11379 23952 
16826 23384 
7987 18750 
15096 22230 
26449 27239 
15473 22267 
11162 23485 
19948 24825 
6796 22333 
25109 26320 
12 16713 
20810 28639 
10943 15399 
26225 28451 
5897 24976 
2378 6926 
7680 26008 
17718 23575 
19085 26955 
26887 27724 
29970 29991 
7273 17894 
6560 24245 
11767 16398 
15987 27665 
20547 23604 
2513 25393 
9214 25484 
26928 29203 
28296 28889 
27284 29374 
24239 24480 
22967 27825 
11399 27365 
2070 7942 
13788 22712 
2867 22338 
18370 29434 
18224 21991 
29404 29883 
22649 29854 
24911 28255 
3867 24780 
27642 27779 
29224 29371 
13045 26259 
18893 23620 
13043 14023 
28957 29732 
14833 29534 
9840 21939 
11086 21885 
15455 19856 
14514 19115 
14157 19658 
8190 16546 
5096 25712 
16403 19663 
29032 29505 
2938 27512 
16821 29828 
14412 26379 
25155 25309 
29947 29974 
25980 28065 
13856 25883 
26782 26879 
26553 27660 
9991 26460 
13700 14184 
9002 29808 
13634 15716 
6437 12853 
28571 29014 
25398 29777 
24979 29574 
15009 29490 
28659 28854 
27186 29504 
17563 24609 
10327 12597 
27369 27719 
22117 26919 
6068 26990 
1069 1492 
7406 18909 
15838 28085 
17607 22311 
15060 27593 
12735 20546 
12318 27238 
9577 25327 
12221 13744 
26514 26720 
5952 7504 
11886 13720 
18433 22397 
826 25411 
27379 29040 
11507 28135 
28440 29000 
27706 29754 
1874 8497 
13656 25230 
12809 23651 
26841 27317 
12519 14647 
163 1743 
17795 27193 
10870 12722 
4593 25906 
17704 20743 
26870 28256 
24621 29287 
10857 14882 
5583 7011 
23334 26830 
26495 28783 
7703 9327 
27021 27338 
20661 21963 
27025 29455 
18729 20591 
25029 26565 
1860 28716 
10041 12478 
24903 26558 
13228 26293 
17576 21956 
10972 12187 
15771 27531 
8242 12933 
3385 17994 
15658 23379 
18802 22739 
3297 17572 
24790 26376 
23293 29285 
12782 27981 
2268 12779 
28503 28979 
27311 29533 
15491 17383 
10432 20547 
17518 25820 
15068 29721 
17018 23797 
16938 27936 
1172 14592 
21204 24861 
14101 23312 
26919 28226 
4868 19406 
22344 28930 
21624 23075 
18239 26278 
23467 23934 
26044 29750 
27433 28678 
4329 21382 
1030 23968 
19739 27397 
17353 27901 
21590 22723 
22817 25005 
11871 16614 
9116 20253 
24996 29043 
6884 18634 
11180 15694 
6424 24383 
10205 17872 
13990 23937 
9936 16317 
23729 24886 
8039 20791 
12549 18515 
9343 15312 
6012 12709 
3671 7030 
29548 29680 
29803 29841 
20102 21461 
3387 29310 
11217 29722 
6441 24943 
24505 25427 
17056 19913 
4196 12803 
16672 25936 
29317 29942 
6968 17983 
22723 23084 
13591 25058 
8298 26452 
12558 24877 
24577 29241 
3488 3572 
6039 12389 
13536 29340 
19384 20245 
4092 11206 
3881 16652 
8376 19679 
1062 19070 
8100 19351 
9678 14351 
28837 29589 
1664 6628 
725 14475 
26575 26600 
23321 24842 
15543 16796 
5551 28723 
13462 25709 
3292 20837 
22224 24526 
15845 22016 
8537 12509 
9074 25502 
5571 14800 
22871 26922 
7759 27523 
24741 25983 
26079 26791 
11013 20037 
23293 24423 
2458 4758 
9998 15048 
15732 23990 
19794 23143 
3265 23077 
6939 28817 
4445 4542 
27282 28075 
15262 19200 
22820 23290 
9672 15167 
29902 29930 
28111 28155 
3452 26305 
13299 13791 
23473 29878 
4665 9535 
4847 16800 
17256 22528 
7787 8473 
3997 24790 
6398 7760 
15458 19086 
26166 27422 
21118 27630 
10329 19203 
12084 12826 
24886 29327 
20049 24173 
8124 16590 
27993 28621 
17713 27027 
21946 27032 
14526 24908 
22790 29041 
16645 21253 
4224 13069 
9505 19239 
14768 16906 
23165 29035 
14146 22254 
12875 29864 
18828 23664 
27797 28065 
17034 27471 
14767 22857 
1803 11898 
686 2058 
11238 15243 
28665 28898 
2452 4992 
16548 21826 
27501 28906 
20201 22319 
14649 27059 
759 17696 
1589 12417 
27978 29226 
4344 22347 
25700 28926 
25254 28107 
333 7774 
19667 27431 
18155 22530 
19771 23404 
26371 28353 
8714 16390 
5758 29279 
18504 18787 
29899 29935 
3132 5011 
2568 29946 
155 13950 
21924 23850 
28449 29863 
14000 24492 
15489 24355 
17487 29050 
21757 26052 
12786 17549 
2462 21243 
10633 22799 
10728 12038 
21278 29254 
10186 20354 
13043 19577 
16124 28473 
15380 23418 
16333 17364 
13723 29794 
5108 24340 
26281 29898 
27172 29875 
426 4215 
16272 24385 
27711 29297 
21892 28180 
23655 29163 
23368 24983 
14302 24271 
9820 10865 
22333 22718 
10553 23159 
23422 25075 
11309 11849 
25874 28232 
18886 27827 
20884 22251 
24807 26328 
5521 7167 
27106 28854 
26524 29460 
9310 15824 
17824 24484 
1389 25777 
17045 28586 
22493 26087 
8160 25410 
318 2427 
196 20681 
16587 24602 
19069 22634 
28997 29425 
6784 18828 
4498 23082 
29505 29624 
12763 28920 
22848 26153 
29706 29966 
13029 28309 
13548 23196 
242 23900 
20451 25143 
3364 29940 
7310 29161 
22308 23761 
18283 23053 
8329 20764 
25771 29114 
22920 24015 
22694 28289 
8490 27606 
15573 28359 
7692 19505 
24922 25980 
2971 8400 
16091 19702 
14961 20242 
12874 17918 
18806 22438 
24430 24968 
2900 5378 
4469 11195 
1643 12099 
19109 28358 
386 20399 
25590 29360 
26881 28800 
17725 17777 
18332 26974 
11436 15392 
23888 28652 
15744 20371 
26487 26537 
20598 28918 
5913 24021 
1289 22194 
12543 16699 
2324 6127 
26560 27005 
22287 22736 
22033 22816 
22109 24852 
4734 19311 
17540 22036 
5315 26140 
9993 27502 
6807 19967 
14654 21227 
3933 28804 
25670 27906 
29288 29533 
25826 28125 
5987 8341 
29213 29290 
11651 25815 
20308 21155 
19375 21548 
17408 17902 
24386 29408 
19860 29278 
18403 23071 
16318 16612 
19752 25831 
23636 26664 
9343 29602 
25952 29382 
9695 18594 
28962 29762 
2156 4118 
27816 28723 
6814 17438 
3409 9010 
9951 11447 
13189 17495 
14964 28574 
14062 23373 
18396 18592 
20656 25939 
22873 29984 
28768 29684 
24101 29980 
24043 25909 
4901 19110 
27417 28704 
7347 8821 
2947 3351 
28409 29742 
83 27005 
25385 28254 
21102 26238 
9180 29202 
24200 28553 
8339 24302 
27379 29209 
1699 16135 
5347 12229 
13942 27014 
14196 26877 
4141 15237 
6062 10737 
24716 26457 
628 7539 
2858 11800 
2311 18086 
19572 21471 
6767 10345 
9152 13469 
5628 14259 
3170 19817 
11848 16793 
16200 25844 
16069 25279 
28853 29103 
27818 27968 
19767 25552 
13862 26213 
14954 21298 
24952 25914 
14690 16710 
10379 14209 
18638 22306 
22395 29468 
5380 13637 
2327 6082 
9170 9274 
22706 29612 
1532 6297 
15442 25491 
24845 25325 
28721 29843 
22005 25688 
1762 11867 
20315 24270 
17688 18763 
10201 19925 
27376 28524 
8522 10571 
3952 20513 
3417 8012 
17593 27324 
27044 27347 
18028 27553 
18467 20722 
22121 29600 
22140 25199 
10496 10891 
12666 17083 
17734 20011 
6494 13309 
17408 27491 
15585 20497 
9843 19575 
20916 24074 
16723 26236 
27224 29804 
15754 17788 
19964 27115 
23670 27961 
10172 22418 
21173 26201 
14471 15524 
29055 29965 
15203 19506 
22371 25882 
3417 9900 
3442 25988 
27362 29658 
26954 28209 
21114 24869 
6867 20574 
10968 25583 
26551 27274 
2300 28604 
9827 25044 
4404 16828 
20458 22017 
6713 9701 
8272 26027 
19246 24300 
823 29666 
14532 17548 
26417 27081 
7243 15520 
10447 28489 
13350 28422 
16868 24002 
25838 26987 
17988 28787 
1500 18492 
6062 20964 
386 14527 
28535 28589 
3414 29713 
20777 22049 
9689 27246 
15896 17650 
24828 28427 
7889 8792 
10986 26685 
16486 16741 
17603 28383 
10582 25553 
23761 25973 
12482 15395 
25546 28720 
20568 26663 
23931 24439 
24315 29870 
2550 11781 
9327 12305 
9210 27388 
17457 20277 
20892 24291 
16262 26190 
29747 29827 
24414 25906 
2789 22456 
11195 16083 
9427 14861 
20084 29677 
389 3590 
17343 26006 
27781 28402 
29515 29975 
17381 26811 
12306 15473 
16488 17342 
7849 27432 
25507 29246 
7304 16147 
14707 24748 
12280 23757 
9961 11469 
28625 29402 
20603 22351 
20420 28773 
13935 15159 
3127 7546 
23682 24452 
23265 26087 
2350 29042 
7348 23660 
19450 23506 
20108 20601 
20634 26468 
18659 27066 
15782 17708 
7581 12907 
24759 28638 
2332 15349 
16334 27358 
476 15118 
25947 28783 
8436 25201 
988 26889 
5147 23739 
20596 29203 
26877 29862 
15495 24802 
21544 28350 
10297 26908 
13506 27990 
1841 6969 
19622 26248 
5437 22943 
2589 12316 
11578 13442 
22716 28143 
21435 23248 
20618 23939 
19483 26665 
2978 28377 
23359 26765 
15122 23747 
18008 19090 
3362 14172 
28916 29243 
22880 25829 
27011 29483 
7813 10248 
25090 27188 
27811 28916 
25713 28315 
14487 15857 
11531 23859 
10453 19110 
16788 21514 
23269 25058 
24367 29414 
1052 6274 
9720 18031 
5882 15875 
7351 22571 
20775 23331 
11681 29370 
5640 13698 
27504 28039 
8052 9491 
27865 27998 
28656 28709 
22062 29951 
18078 28779 
27067 29655 
27383 29166 
15060 23236 
1568 26663 
12790 29399 
22761 23757 
13243 23970 
19636 24327 
25220 29303 
28095 28444 
9871 22275 
7462 22295 
11082 14116 
27283 29787 
19292 22781 
25140 27934 
10002 28714 
28589 29039 
23747 28082 
12853 29646 
29559 29666 
11175 12379 
22305 26524 
7109 26449 
11080 27379 
6607 10958 
8746 20626 
20463 23774 
13104 26115 
25630 28245 
21056 29101 
6469 13154 
8689 11025 
3984 24710 
7462 17584 
1468 8398 
10354 22949 
12851 17219 
22213 29215 
27651 28874 
19298 28093 
8353 8394 
21414 25604 
3840 15417 
26085 28815 
3644 22116 
18352 29407 
3312 12382 
26589 28894 
28248 28385 
2648 5285 
12393 25420 
27368 28289 
8509 21737 
26894 28181 
26317 28029 
11233 18164 
20358 22295 
12982 28580 
28968 29019 
7467 18907 
24879 26377 
18374 21588 
752 2741 
25331 28087 
28196 29418 
586 13074 
5528 28309 
2861 14005 
7629 17530 
6671 21108 
16115 23571 
12752 19277 
28198 28404 
20446 24960 
20580 20702 
4909 10329 
22838 23064 
16396 29320 
7629 13249 
18569 26241 
25649 28260 
12170 15954 
1854 2419 
23568 28379 
20600 28868 
14043 15762 
16696 23749 
4614 20012 
28458 29776 
13593 19971 
6941 27553 
22369 23754 
10855 18449 
12492 16835 
13020 18009 
21737 25322 
1000 19785 
25887 28763 
2914 10620 
8052 16601 
22263 24685 
27273 27659 
2151 3840 
10191 19127 
10139 25563 
17219 24892 
22475 26419 
7296 24129 
16172 17081 
22551 29897 
2728 15966 
26611 29334 
10686 15794 
13666 26087 
29681 29949 
2846 4631 
24368 28687 
19729 29478 
1513 11412 
7886 21641 
25080 28518 
14153 21575 
23418 26068 
4996 28543 
18906 24047 
9606 24549 
1757 7613 
8632 20637 
2896 18180 
7183 13470 
7317 17108 
14188 25396 
6087 14598 
18549 22658 
28986 29985 
10347 28511 
11835 22354 
8752 21864 
13328 19154 
4193 6397 
3197 24173 
5081 5458 
15673 29221 
10957 24023 
28476 29007 
3881 9992 
23047 28845 
29678 29719 
15728 16582 
10404 21653 
22779 27791 
18040 19229 
14045 14357 
11076 18150 
29903 29997 
10598 23175 
12394 14887 
26201 26626 
3280 22033 
27704 29634 
23008 29658 
10757 16499 
21490 27000 
19449 29807 
29524 29856 
28869 28878 
19127 24594 
5347 12284 
26667 27384 
21434 25113 
19021 22482 
3173 8446 
18490 25316 
21799 28392 
3798 15716 
25303 29456 
2913 27351 
12643 20163 
11075 29764 
16307 27865 
12 14962 
16290 29288 
11418 26298 
25529 29105 
17259 28103 
21928 24148 
24022 27019 
26353 26906 
21479 27588 
18876 22500 
24993 29958 
5863 13273 
21955 29350 
19904 22767 
26781 28488 
27723 27936 
20315 29425 
22776 25108 
10699 14828 
27386 29854 
19238 26988 
23337 28060 
23808 25729 
21972 23856 
22567 25332 
1268 2715 
18656 25536 
25786 29333 
1605 25994 
16816 20417 
14550 18627 
16308 25662 
25363 29158 
11342 28224 
15707 16402 
29271 29661 
10001 21440 
29982 29997 
4495 21032 
8520 23305 
12600 28911 
25141 28893 
5609 20117 
19997 29023 
20708 25658 
21279 22259 
29865 29985 
8584 17433 
14121 20418 
23864 25929 
17938 29589 
19884 26884 
25814 28754 
27410 29324 
6209 27840 
28412 29064 
1978 28240 
8477 9945 
19507 28109 
24873 25138 
23967 27245 
8314 9693 
25875 26800 
10884 15725 
19312 25174 
10989 21571 
6327 23686 
20970 23554 
27524 28631 
8973 23239 
13343 13375 
15780 28098 
7035 29388 
28869 29504 
20225 28871 
6724 15397 
77 29565 
18608 26227 
13484 16880 
20947 21892 
9234 28793 
5097 12923 
3621 8557 
3980 8216 
26024 26881 
14902 19293 
18296 19662 
29809 29838 
7248 26510 
12988 19093 
3847 21543 
5633 11820 
7915 27840 
350 13762 
19577 20805 
24401 28467 
19022 21237 
8003 22137 
13130 23921 
12071 24802 
20928 27104 
16422 29577 
17512 26376 
12865 21227 
9476 11038 
250 5419 
5035 11782 
14686 29251 
1306 6548 
6758 20784 
2569 4754 
19224 19777 
19533 20389 
18949 20935 
4052 26761 
12393 24878 
12819 22352 
25488 25667 
26733 28993 
18323 20072 
27985 28750 
23378 25267 
29001 29176 
13583 14738 
6682 20869 
17871 19558 
855 27594 
25088 29803 
28919 29502 
8219 27678 
682 25802 
12896 16861 
19180 21940 
29191 29403 
2232 27600 
12651 25590 
21798 21919 
13312 21304 
29305 29607 
14423 27093 
19785 20429 
16978 19572 
136 16579 
9433 25249 
1598 27813 
20760 23459 
11185 23905 
15273 15829 
6803 12373 
21330 23429 
16629 26141 
28177 29452 
5203 13995 
5958 28598 
4887 26854 
7542 8972 
27040 28862 
10386 23802 
20029 26043 
4400 22804 
16324 26784 
6939 16571 
1534 10619 
6970 21776 
3691 19176 
1431 18456 
12024 14387 
10908 23879 
21276 29298 
29849 29895 
8397 26494 
20080 22893 
7741 8985 
15151 17595 
9407 15475 
16647 20346 
21621 22167 
8530 9894 
10048 17138 
28608 29539 
7331 9081 
9849 25811 
26662 26741 
29092 29802 
12057 22324 
22597 29905 
25699 29496 
17218 26685 
5264 15958 
9325 22126 
9485 21636 
8448 9159 
4846 7044 
28471 28504 
11252 13121 
4152 7444 
20786 29026 
26011 27223 
2421 27026 
7329 20276 
766 14201 
27687 29093 
6963 14378 
7351 20007 
23203 26388 
22168 28473 
1127 17775 
4695 17028 
22318 25976 
1964 15227 
11030 15653 
8942 24704 
1269 19352 
18159 19158 
10470 12185 
16129 17620 
27523 28069 
25971 29650 
23786 25334 
23251 29043 
8184 22252 
23819 26829 
18861 20119 
23921 27252 
25765 26483 
2039 4693 
8868 24198 
21768 22322 
8779 14921 
4776 17230 
23468 26996 
16364 25346 
3317 22465 
26410 28168 
10989 28299 
21955 22194 
7844 10383 
29287 29876 
734 1791 
23424 25906 
7913 24364 
13631 21397 
23695 26691 
6201 8104 
584 24077 
17674 21423 
10271 18569 
27777 29719 
26031 26557 
27871 28080 
6190 26121 
8218 18597 
15868 18581 
3260 5966 
13557 20064 
17079 17816 
15829 27092 
11828 26624 
1800 5736 
2234 28209 
22221 25597 
28153 29905 
4607 21704 
1666 11528 
27188 29582 
24818 28916 
20935 26167 
6316 24147 
7024 25358 
10959 24555 
14945 16836 
4862 24390 
27582 29774 
29756 29994 
16311 25623 
1970 2172 
13734 26388 
21242 28692 
19090 21287 
26399 29582 
27994 29579 
25197 27042 
5444 11993 
29149 29215 
14127 29917 
25678 27372 
3515 23928 
25427 29507 
975 27243 
19015 23730 
17157 21152 
2784 7088 
29498 29843 
20468 26070 
15990 16990 
4223 27149 
19561 23645 
25789 27528 
5912 29429 
27496 28736 
9815 20541 
21639 28619 
13703 23487 
27719 28514 
14724 16870 
10119 10302 
23956 25884 
9799 23300 
12963 13960 
11923 12348 
20434 26746 
16704 22856 
4764 7888 
2651 25593 
28266 28575 
27417 28851 
13131 27706 
19543 28794 
12959 22766 
494 17538 
13952 29268 
17513 22220 
25488 28490 
28288 28899 
28164 28800 
19515 26037 
13181 17443 
13906 17212 
3461 17446 
22087 26365 
17156 23407 
13270 29192 
26573 28070 
11467 26293 
8165 14462 
21524 23872 
11563 26915 
7361 27459 
18632 26676 
7384 14828 
29097 29341 
5846 19603 
4557 5846 
7466 14826 
7183 28782 
17584 29185 
22903 26983 
12091 14336 
3589 27257 
8029 13621 
24786 25237 
10812 23605 
26517 28142 
7445 10716 
23479 26571 
11374 18445 
5200 25013 
15420 29392 
27705 29218 
3692 6291 
23591 26005 
12313 18985 
12945 26728 
194 18262 
10579 17900 
10424 14999 
22075 24898 
1461 27779 
4066 15814 
16476 25647 
538 5931 
315 1552 
13820 15010 
7539 26406 
15793 28810 
15646 21737 
29498 29955 
25792 29710 
9550 22960 
15999 21621 
8431 27373 
9487 23162 
26917 27071 
13786 24499 
28828 29439 
14644 18407 
23117 29413 
6153 11940 
23364 26051 
23657 28402 
23447 28949 
28309 29349 
24710 28473 
18254 23823 
6772 23223 
25925 28197 
6859 12055 
16976 28745 
20526 23059 
1375 6621 
11815 13942 
5637 11415 
19058 22522 
17092 29424 
13745 19805 
21724 24226 
4630 5140 
23941 26997 
29919 29974 
749 2953 
16823 19038 
21871 26780 
18587 25318 
27494 28777 
17631 23472 
5289 21553 
11592 13471 
9328 22222 
15045 24326 
25253 29002 
4965 16406 
17524 24226 
23767 28378 
3300 9252 
20815 27945 
5630 19787 
18335 27658 
28513 29857 
15992 16804 
16767 27426 
27384 28608 
23985 25560 
26536 26935 
27881 29844 
9005 20460 
5649 20272 
16877 27812 
15566 28167 
5373 23261 
26247 27453 
2791 6121 
15957 27476 
25982 27278 
11428 17388 
11030 11881 
11541 23618 
2647 17034 
25061 26038 
23072 23273 
12168 17634 
14806 28410 
21638 24017 
1130 4964 
9101 15677 
20054 25440 
13183 28176 
4221 27917 
26757 27676 
13658 29350 
10668 15544 
11073 26252 
1180 5571 
11864 24809 
1128 23227 
1778 19448 
7027 26359 
1718 11282 
28674 28744 
27242 28396 
25266 28526 
22553 27194 
25998 29857 
18434 29745 
25105 28464 
11486 16891 
24563 25833 
7921 21499 
19738 25068 
1450 17957 
18962 29230 
5647 7044 
20138 28456 
29446 29594 
13510 29413 
14705 22057 
7853 23291 
13298 18810 
22501 25693 
28858 28959 
483 29374 
2834 11099 
15280 18695 
13065 28053 
18985 22223 
6371 18565 
19765 21711 
5654 28609 
1025 28549 
22654 26135 
24446 29594 
24327 28504 
8432 26037 
29080 29247 
18770 29727 
23348 23462 
24349 24648 
14546 27490 
9364 22585 
29137 29381 
12887 28246 
17807 25955 
10243 12032 
20750 28045 
6021 13864 
3255 20866 
10879 22705 
24041 24871 
15764 28810 
11542 14586 
25986 26537 
9243 11501 
6850 23731 
8287 27063 
6628 12138 
29500 29997 
5288 22298 
17206 22780 
9656 23915 
27137 27920 
8074 9407 
15601 20932 
8049 11978 
1830 17781 
19409 23542 
91 10533 
11089 23009 
23306 24244 
29571 29692 
10220 19416 
1584 18767 
17175 24620 
29603 29643 
23330 26970 
8317 28568 
29894 29974 
10919 29421 
5144 13133 
7270 20662 
1727 2620 
3166 6874 
2427 8531 
1719 29897 
6913 24483 
17945 19051 
17025 17130 
269 8383 
5422 9573 
4360 10615 
22252 28678 
13177 18509 
17525 22788 
29072 29290 
29896 29901 
2202 17261 
9652 25842 
26443 29256 
8649 29449 
9049 29527 
9489 23260 
12516 12701 
20522 26641 
14214 17812 
1900 3821 
13243 17755 
18887 18918 
10336 16171 
11359 16299 
23894 27687 
973 17922 
19955 23983 
5003 25791 
27343 29822 
24459 28512 
8134 19636 
14485 15955 
16153 23724 
29373 29433 
18484 20289 
2610 10300 
16187 18114 
19618 27769 
17179 28443 
8892 29475 
12725 15964 
23390 25690 
5 24612 
19436 21441 
12639 16151 
887 24405 
6082 29015 
26674 29918 
5659 8038 
15736 18134 
19212 21153 
1941 14112 
6501 19808 
11999 16510 
13198 17901 
5995 28440 
804 10937 
7355 19414 
11704 24914 
4237 16642 
27254 27619 
22834 23232 
15277 20799 
18827 24119 
10520 14403 
16178 18473 
18141 27816 
5817 20730 
901 23009 
7927 29094 
26826 29525 
21787 25998 
26157 29159 
28797 29953 
13641 22904 
26471 26959 
4384 22704 
5695 27136 
27189 29968 
19069 23275 
4399 7424 
15685 29642 
29553 29698 
2889 15489 
13113 20136 
13361 19442 
20071 27676 
1485 5050 
11236 27324 
25191 25956 
21436 21717 
1206 23254 
23759 24538 
21274 29899 
19235 24633 
24793 25991 
4894 19798 
5943 21232 
8629 11769 
21201 27579 
2872 14874 
5740 8591 
11906 28791 
15862 26207 
28793 28891 
2448 21692 
9676 14153 
5434 9807 
22592 29463 
1756 7917 
8725 28269 
25384 26424 
1643 21664 
29048 29770 
26326 27083 
28907 29368 
17470 20517 
23641 29219 
16053 22089 
23769 28227 
11682 14046 
27585 29970 
22122 27330 
14855 26483 
22295 22660 
27975 29938 
8811 27313 
14245 19631 
9091 12860 
26368 27543 
14686 29090 
16321 17431 
6339 6868 
21518 24933 
19764 28543 
23104 26509 
28181 29914 
18910 26417 
20692 21080 
11458 18346 
20849 22202 
8327 23747 
11792 17036 
16032 16718 
25785 26104 
17932 20308 
11373 17551 
1334 4270 
9161 22786 
13811 20255 
23692 25132 
25331 28545 
7461 9349 
4619 13412 
20168 20431 
13844 19796 
8833 29789 
11627 19458 
7327 7421 
19448 28021 
17035 17804 
29837 29989 
16147 28149 
29589 29897 
2993 26463 
2312 17358 
3378 4581 
968 25350 
5746 26791 
20448 27511 
22900 27760 
495 1864 
18317 23281 
23225 28424 
4537 13261 
7980 16019 
22661 27444 
5156 21397 
8393 24591 
6800 9152 
27645 28041 
23064 28241 
9579 11033 
22434 24722 
27347 28826 
4735 22913 
14654 28791 
15707 26582 
380 14438 
1578 6848 
13579 28467 
1787 11912 
22005 24392 
10292 19657 
23028 25231 
19489 24427 
11767 24983 
3508 10301 
1006 18057 
4246 23083 
18867 28726 
10444 19922 
19712 26841 
29787 29889 
8006 12366 
13048 18922 
2840 18606 
13614 26737 
13255 23967 
5596 24665 
418 25172 
21838 26667 
22489 28234 
24354 28583 
14655 27573 
17717 24216 
25133 27635 
2896 5238 
1949 21620 
27880 29815 
7980 8267 
25173 29129 
13563 28036 
23347 29059 
24064 26864 
25920 26718 
16729 29961 
21435 26627 
27704 29803 
2785 26130 
598 29861 
25221 26461 
474 1420 
20392 23223 
3588 18953 
2832 16451 
13596 24818 
26970 27466 
26097 28876 
103 19266 
24787 28191 
8749 22036 
8149 21461 
18547 20979 
25515 29063 
2590 17376 
19411 24097 
21324 29844 
8074 25677 
6282 28124 
21013 25852 
7561 17350 
26293 27795 
12237 21788 
20237 21375 
5883 14593 
2176 29140 
9610 9811 
23508 23887 
9268 27749 
26082 27830 
8550 15708 
4752 5896 
655 10850 
12668 19987 
29463 29475 
15385 17309 
18009 18433 
2682 24734 
17684 28033 
20810 28116 
5519 26226 
10555 26137 
9336 18997 
2007 15627 
17858 23227 
28673 28848 
11961 20475 
24653 29233 
27033 29185 
24708 24800 
11138 25693 
2384 2655 
13548 21209 
29862 29983 
15237 23593 
15963 24298 
23077 25193 
187 28604 
26807 28241 
14592 21920 
4720 6707 
25764 26179 
10165 11666 
3278 25728 
5933 6411 
29743 29811 
16226 29550 
21093 21497 
17425 23219 
6477 26851 
19698 21898 
10361 24026 
10679 18121 
10121 13630 
18360 27958 
146 1508 
6241 9649 
29373 29582 
296 3684 
23091 27940 
9431 19839 
5989 16114 
28821 28840 
9104 28795 
14999 25880 
7093 24859 
23859 25418 
20711 21931 
17181 28986 
6637 16812 
28910 29431 
22925 25441 
946 17691 
5589 21766 
8274 23871 
3743 24251 
24736 25442 
28470 28747 
6123 23498 
6846 8690 
29097 29353 
11356 20635 
5175 13425 
25187 29465 
9304 17689 
5551 20907 
18822 21222 
2284 9355 
22174 29265 
12579 14882 
28826 29883 
15525 15900 
19605 29794 
29014 29565 
2052 10078 
20710 22321 
17571 22699 
3195 24189 
2018 28010 
15230 25099 
18760 23904 
18435 24030 
29744 29938 
164 21872 
11655 26771 
16662 18425 
28340 28500 
21217 27488 
29625 29865 
7533 29739 
15583 24337 
17453 20002 
28373 29679 
5963 9782 
19414 26797 
1233 22175 
27112 29626 
8909 16674 
6024 11272 
29603 29901 
9427 14088 
4947 21152 
27152 29939 
19721 21273 
23075 29936 
834 24506 
3627 5425 
1734 17645 
21833 29891 
17594 29989 
20747 22930 
27415 28815 
22849 25386 
22065 26982 
16503 21635 
29062 29826 
26300 27506 
21786 23647 
20545 22393 
28717 29814 
6051 23440 
1797 8356 
27956 29857 
4428 16246 
17003 23550 
3526 10783 
3040 6609 
26805 27266 
6233 14043 
18585 25053 
12822 14562 
19317 28518 
6583 9382 
8587 15317 
27120 27304 
19941 26068 
5718 24415 
27185 27971 
10072 11308 
168 5746 
12719 27839 
25414 27514 
24037 28213 
10723 22746 
4471 18623 
2958 23847 
1285 20657 
16309 18899 
2104 10098 
4525 13978 
18264 19432 
24662 29140 
16494 20151 
28428 28923 
23242 24052 
17397 25736 
500 2133 
7746 26557 
16784 25453 
21689 25456 
22886 27395 
24918 25646 
12325 27766 
29152 29933 
13231 21974 
25491 26803 
24455 29960 
26702 27990 
2096 17130 
11508 12261 
2904 24181 
15782 17062 
8229 20970 
7346 9448 
16914 27741 
29632 29649 
22372 28097 
27384 29059 
22784 26143 
26120 26736 
12209 27906 
26203 29808 
3371 24989 
13553 13720 
24695 26100 
28703 29991 
26475 29746 
18315 29790 
28508 29128 
18962 20156 
5156 7486 
4438 18749 
29636 29863 
24479 26182 
487 7233 
28401 28555 
2884 23290 
16655 28501 
19634 29721 
29702 29871 
4505 20443 
5219 17994 
11119 28226 
8249 28634 
6833 10696 
23842 28966 
23607 24981 
14940 15711 
9381 15610 
10571 10630 
21339 25889 
9738 27906 
6163 26880 
17793 24931 
29561 29762 
11554 23578 
6095 26770 
3099 8570 
20328 26402 
11219 16844 
4745 9115 
24534 28653 
849 25661 
14637 22824 
10726 15939 
20085 22215 
3495 5146 
20594 27916 
6821 15501 
15833 23843 
4071 27689 
9323 16367 
1657 2507 
15665 29831 
27438 29493 
25645 25949 
11663 14664 
15572 22472 
7399 23920 
23731 29355 
25109 25533 
5495 17189 
120 4543 
27154 27448 
27482 29027 
23963 28143 
21094 23376 
5351 6893 
15522 25914 
21299 29386 
1193 18287 
69 14670 
11004 26030 
1219 2681 
6940 9521 
23542 26239 
27160 29156 
13274 19682 
8457 17002 
19695 28419 
14101 21813 
28818 28893 
6444 11195 
27788 27969 
8843 25608 
24074 28858 
16480 18454 
16193 24309 
20406 22739 
11541 20884 
29661 29861 
19822 29003 
29523 29541 
23869 27605 
28620 29188 
3295 4448 
8681 11481 
23826 29337 
28893 29211 
17602 17974 
19336 20963 
13348 14323 
11054 13268 
18390 18463 
25743 27768 
10903 14317 
16419 29126 
26180 28446 
26371 28024 
24051 24593 
28418 28883 
24720 26539 
27748 28244 
29715 29886 
11591 24734 
13140 14142 
9814 17962 
20656 25700 
12902 24849 
5342 24211 
2615 22463 
16975 17859 
2841 29756 
5409 13885 
28651 29364 
12669 28161 
29472 29528 
6754 23392 
29933 29949 
20904 23353 
21551 28057 
12715 19923 
2421 13753 
17275 21156 
2203 9113 
2992 22291 
14131 23714 
5417 24563 
10502 14189 
3657 11662 
28820 29339 
24900 26896 
1922 18556 
19541 23771 
12260 13409 
2853 25227 
25433 26989 
13967 16515 
10439 18276 
23152 29878 
14791 22793 
2284 15770 
1180 18594 
23169 27220 
27001 27587 
13427 20648 
27674 29056 
25831 28500 
18366 24058 
813 4864 
27443 28752 
28719 29447 
7217 18227 
11628 15969 
9429 16047 
22204 26169 
59 4038 
9742 25903 
23323 26121 
17493 19777 
18490 22401 
27805 29746 
15018 28246 
205 7863 
14275 22308 
11289 18527 
10784 18248 
18772 25403 
6997 14267 
10679 18417 
26187 28436 
3881 12511 
9521 13475 
7010 19544 
7486 27184 
12899 16188 
29986 29991 
5538 23515 
28626 29981 
5121 11261 
9989 28019 
7860 11977 
27876 28550 
19330 20947 
25009 28100 
21860 27730 
25191 28751 
18758 22278 
15960 27525 
29911 29950 
25353 28625 
6937 10509 
26771 29958 
15408 23141 
27991 29935 
6821 25319 
29122 29887 
27638 29626 
5336 19142 
29456 29486 
8219 18796 
18732 27904 
24927 29319 
26425 28627 
23425 27385 
25969 28966 
16574 28776 
14785 22812 
23589 25415 
2347 12736 
24631 27511 
2433 2477 
3882 26015 
4306 12764 
1458 20477 
4308 16185 
12895 17079 
15404 25992 
19556 24532 
7875 14041 
1768 21265 
2310 15542 
7054 20415 
24092 29671 
23696 27709 
26065 29458 
9517 21117 
26297 28807 
13032 16700 
27102 28680 
24588 28299 
8337 27199 
7475 22741 
23444 27765 
21167 21291 
11124 20703 
20233 26018 
12710 16636 
27859 29238 
22668 24360 
1352 11138 
21609 28078 
25790 28184 
4529 26880 
2337 8855 
24034 30000 
11231 25413 
2916 12544 
5326 14867 
14731 27024 
7945 15775 
26785 28230 
5844 13307 
19845 23578 
26045 29396 
23590 27622 
16441 19435 
20030 20134 
20232 29448 
8531 26965 
24740 25886 
9329 16289 
3140 29870 
18172 22545 
16536 28779 
822 6667 
27118 27964 
8202 20132 
4034 7165 
23234 23491 
27354 28825 
17690 20322 
10917 24590 
12266 24651 
22937 28028 
1866 19544 
26412 28349 
25680 27720 
13174 18988 
29845 29937 
19433 22411 
2551 14812 
18567 28877 
380 9243 
27169 28693 
22499 25265 
24707 26659 
2925 18075 
8679 27712 
9421 23119 
6441 25013 
17618 24720 
4771 26228 
15621 22404 
25943 26903 
11549 22261 
19600 22741 
18305 21722 
18511 22467 
19766 28429 
23218 24369 
1766 9263 
8778 9014 
23529 27776 
14169 27747 
25006 26319 
9209 12890 
14892 16932 
3589 20215 
194 8120 
18854 23192 
9888 16195 
18405 21860 
17427 19046 
28234 29610 
6749 27211 
25861 29969 
7497 25245 
448 19316 
12731 28556 
6453 12232 
1334 7116 
15212 17957 
20832 25258 
4115 17830 
19752 25329 
14138 17051 
8747 28816 
3699 7042 
7276 22697 
4479 20041 
27629 27761 
28915 28920 
27426 29686 
1899 8231 
6432 8183 
13961 14200 
16948 24974 
13045 21572 
10943 21815 
4256 10273 
11850 14878 
11449 20392 
28907 29701 
9077 18379 
29420 29801 
24828 28811 
11487 16961 
18638 29175 
28824 28994 
11960 28377 
17482 17985 
25297 25751 
13539 22094 
13866 26805 
7576 9609 
26962 28541 
13213 21789 
2280 17579 
8917 17514 
13846 21794 
18356 23078 
11098 14515 
2499 28089 
15112 27849 
4268 21013 
24990 27692 
10926 25827 
15181 20379 
17198 29744 
9213 25534 
16893 23599 
8519 12941 
28605 28791 
23881 28009 
3177 7327 
26165 29846 
27410 29450 
20629 25745 
1917 19455 
3239 25971 
10764 25222 
14271 29701 
9674 15231 
26484 26787 
20927 22474 
7880 19478 
22385 25569 
13342 15869 
26657 27126 
3571 28563 
8579 25399 
20704 22132 
9660 27152 
10646 16267 
1246 6423 
21255 24421 
26876 27291 
184 27265 
6579 22776 
27852 29237 
3631 16182 
18191 22439 
20978 27921 
27847 28468 
9549 23135 
23555 23582 
14308 28833 
11722 14348 
16984 25854 
28259 29529 
19014 23031 
26755 27630 
16584 17305 
10435 21886 
1211 11379 
21855 28258 
16299 19574 
17197 21031 
27609 29748 
17670 22177 
207 897 
15332 15616 
25174 25906 
25240 29326 
3325 14516 
7853 12395 
26846 29049 
21829 28198 
4502 13482 
24990 26984 
8742 29225 
364 2638 
5470 21393 
11674 14964 
26411 26934 
16441 22054 
2510 14723 
21626 23085 
12106 22693 
25932 27430 
29062 29096 
14158 24032 
21506 26718 
28358 29918 
5 3943 
18427 20313 
9377 14938 
8630 15752 
27992 29828 
25703 29054 
2319 25271 
25530 27151 
21528 29026 
11557 24347 
15520 25132 
10545 19438 
586 10936 
1233 11707 
5745 24275 
11134 17979 
11861 25821 
17358 29566 
16426 24589 
8920 16032 
27305 28926 
4226 10693 
5525 21971 
29724 29901 
23985 27412 
5766 25765 
10531 19636 
22158 22817 
21162 27044 
26380 26719 
5184 10003 
4011 29131 
27966 29612 
13019 22991 
2028 27257 
17894 27622 
21631 29524 
22759 26630 
1265 25993 
18056 26788 
11997 15641 
11680 26942 
11917 26596 
750 15521 
16314 20419 
5493 22675 
12981 27521 
2942 22876 
12572 23888 
29357 29438 
4030 6476 
482 9217 
23232 24066 
117 3751 
14618 29060 
5132 20373 
24842 25450 
6246 25356 
6580 13242 
8474 24931 
24336 26076 
20899 21439 
23753 24391 
28287 29144 
15712 29353 
7142 8891 
18330 19328 
29737 29949 
4750 25285 
7209 17348 
29724 29895 
18825 22993 
13787 29931 
17626 28191 
12070 25822 
23733 29534 
20660 26851 
505 12760 
8308 17651 
3651 14626 
22161 26180 
4242 6263 
5243 29003 
24975 26291 
21299 24371 
22146 22562 
11829 18420 
5033 26522 
25984 26386 
479 8697 
5779 15280 
18825 24899 
22172 29161 
21758 22575 
5258 24919 
21969 24728 
5984 20850 
19941 29908 
14089 25679 
15325 21334 
5483 29299 
14151 29944 
12015 16726 
8 26930 
28492 29652 
28029 29453 
5863 27087 
11553 26447 
28945 29803 
22569 25521 
20937 26113 
15654 26305 
26825 27471 
6855 25243 
6874 25876 
17915 19128 
20123 28242 
18943 20649 
25455 27486 
8686 28071 
24927 29944 
23148 28363 
6548 18420 
9229 24836 
948 5109 
10652 26483 
15853 17894 
26543 28590 
26429 29705 
13988 22776 
2043 19929 
4904 8725 
25795 29676 
2125 16565 
27969 28734 
22376 22576 
23688 26167 
18481 28551 
22227 28027 
1014 11188 
27079 28632 
18380 26695 
24314 27846 
1133 14782 
27039 27224 
25127 26277 
27422 27937 
22963 25707 
8021 24228 
5607 15572 
15478 18124 
25887 25949 
24451 26425 
20155 20241 
24402 27491 
11296 17450 
1654 28109 
26957 28084 
27512 29041 
9903 26152 
18627 23524 
2035 29682 
9907 18981 
7957 14381 
20466 21667 
12686 12826 
593 27541 
11918 29232 
19610 25665 
1266 26193 
10975 26982 
874 3268 
29276 29661 
24928 25490 
27045 27221 
25932 27479 
22480 28662 
20884 27919 
8811 16548 
14433 20304 
12970 26433 
14524 21859 
15614 23947 
1593 2271 
12565 12810 
1983 27927 
3501 4413 
18151 28765 
5997 29862 
10999 11083 
11849 18992 
5605 13765 
29401 29546 
24758 28601 
10650 23304 
6010 29752 
7280 20576 
17516 18318 
8240 15724 
8586 25349 
1074 25094 
17858 29254 
11665 26821 
13580 21426 
6297 6367 
23404 23803 
21246 23716 
18533 21806 
29532 29867 
22573 28073 
15252 26498 
11457 18826 
13865 29784 
28464 29433 
20078 28309 
25041 26010 
22251 22457 
20082 23006 
4500 6028 
7692 14034 
29209 29483 
29738 29977 
1336 14696 
18496 26599 
17213 26094 
11664 14534 
18093 25815 
22268 23913 
20136 29080 
26554 28462 
23871 25808 
28685 29403 
3384 22553 
2654 10793 
6312 15191 
23874 28999 
1842 8001 
418 21180 
6697 28538 
21057 28664 
29904 29915 
20494 23377 
17799 28763 
4791 20252 
12300 23853 
8858 13119 
27153 27258 
16232 24103 
13860 19343 
19179 23612 
11265 24925 
71 21347 
4032 21083 
27474 28988 
6138 29218 
21761 21763 
19569 20509 
2523 20937 
8965 12261 
26608 29189 
11734 14285 
22822 27407 
29415 29418 
802 4749 
21111 29235 
15101 20293 
3146 21160 
4774 26104 
26239 29804 
23179 23333 
16619 17000 
9993 27805 
7345 24474 
692 6820 
18663 23127 
4536 21103 
24479 29829 
26059 26553 
14289 21796 
29357 29656 
3797 21582 
23338 26224 
18080 20448 
26386 29379 
13818 29528 
23047 26591 
16883 24723 
23968 28588 
14113 24671 
1690 29535 
11515 26387 
9531 20677 
25377 26609 
29397 29930 
7432 21724 
21128 25740 
7880 23057 
23674 28868 
14777 19954 
19505 24270 
3572 18223 
8322 9915 
25619 28698 
18464 26392 
17036 23437 
25084 25272 
17684 27434 
29755 29884 
25178 25687 
20242 20716 
25431 28772 
15886 28649 
17368 17910 
22095 29453 
12212 25355 
28032 28518 
8318 19754 
21180 23096 
387 5051 
11647 24303 
13477 17015 
19608 24620 
19250 25445 
11687 15476 
1444 20938 
24742 28558 
17194 23282 
26389 29474 
10762 12841 
26839 27009 
18783 21417 
18256 28904 
2502 26083 
12233 23682 
3260 10712 
3872 5253 
4060 13657 
24589 26220 
2959 27356 
1396 10016 
78 16157 
16877 26925 
3399 5493 
18351 20433 
7392 20653 
6997 24976 
6414 23537 
28512 29355 
28390 28924 
16717 25698 
6246 20196 
9745 25650 
7992 23499 
11738 25734 
10650 19433 
25425 27693 
7195 20334 
15762 26189 
18026 26745 
22425 27424 
14416 29381 
28869 29255 
22798 23134 
10614 21324 
17622 25886 
16581 27803 
29018 29035 
19029 24165 
20361 29651 
24624 27341 
26099 26818 
23957 28830 
3220 19885 
15424 27002 
22334 23597 
20231 28466 
22625 29800 
27600 28173 
17949 25876 
25616 25812 
18482 29895 
29308 29774 
28394 28799 
17332 21374 
25653 29798 
8422 25499 
11453 22239 
3981 22457 
27848 28097 
4515 8941 
27940 28909 
29053 29937 
17654 20370 
29022 29201 
7582 27014 
17567 20100 
12869 27296 
8691 23482 
25225 29629 
24051 29685 
17186 23348 
20514 21243 
20244 29547 
339 5498 
26576 28183 
12274 15785 
25766 28651 
11012 29913 
19091 29911 
13964 26501 
6679 9765 
29482 29795 
9089 14109 
10123 15366 
6543 21031 
27516 29023 
8084 21817 
1510 8925 
6517 21911 
20681 28574 
21390 25090 
11319 17119 
18908 27511 
2548 26618 
3368 19322 
28952 29995 
2289 9034 
16092 28786 
7045 25855 
20077 24363 
14502 17936 
7690 10031 
24516 24571 
1342 20243 
10691 12665 
14866 27057 
8372 24766 
4868 25104 
20699 29853 
4498 22312 
13302 15022 
20619 26714 
4210 26145 
7260 10628 
14486 26850 
25853 28651 
27254 27744 
23530 29857 
17420 18794 
27108 27538 
2354 6512 
28697 29395 
8726 16331 
13412 19183 
9120 28990 
7419 22851 
10117 20578 
27605 27633 
8555 22449 
16249 19401 
11924 18495 
25759 28284 
17446 28205 
5123 28845 
18441 24400 
25563 27439 
5765 10193 
12016 28323 
12142 23294 
1454 24752 
7553 17770 
28184 29154 
6576 7233 
9665 21338 
16918 29039 
19313 29279 
961 28058 
9324 12768 
19719 22340 
12948 20746 
87 2244 
2322 22072 
27804 28062 
22558 23366 
23895 24693 
15011 19552 
28041 28160 
22687 28479 
3844 11272 
9285 26220 
26229 28124 
13122 24018 
26989 27233 
3768 4175 
29776 29921 
5196 15951 
24542 29027 
13658 14699 
27893 27940 
24449 24587 
17595 29894 
27261 29509 
23236 26124 
17126 25317 
25628 29709 
8628 13111 
7714 24564 
29577 29759 
17800 23351 
12085 15516 
12772 21959 
6376 8081 
20512 28016 
16921 20178 
4079 9226 
24069 27018 
27890 27905 
26039 26929 
16401 20495 
15975 17338 
21649 26844 
25553 29292 
1428 22031 
24822 27709 
19363 28699 
29083 29592 
17063 25368 
19628 21254 
21660 22082 
13025 16019 
15395 19771 
5407 21979 
10242 19208 
13768 22480 
21542 22889 
19431 23786 
17833 21880 
11284 17924 
8686 14170 
22169 27078 
16135 16352 
29364 29562 
6615 21308 
857 21431 
1715 21858 
27605 29728 
5906 22431 
27575 28556 
4222 21855 
2693 25580 
1494 25662 
27647 28302 
2878 21101 
15440 27774 
8368 20987 
1668 3482 
22575 29653 
19649 20444 
18591 26397 
8276 25563 
11898 28591 
21287 25682 
12127 16207 
10251 16088 
13532 19268 
5861 13860 
27334 27660 
11 18015 
13665 28329 
8964 21606 
17808 21826 
7680 23444 
5565 25343 
20761 23013 
3957 11932 
398 26110 
16190 18831 
18573 21594 
20117 27011 
25793 25885 
12478 29219 
26953 29427 
6590 7059 
3549 25507 
14942 25469 
10761 24610 
11637 21064 
16182 25847 
22898 28024 
9253 27584 
17576 24837 
14205 28510 
1588 18994 
5407 6967 
15273 16460 
22851 24896 
26284 28583 
15387 27730 
22979 26049 
15740 22714 
12727 13697 
10528 27743 
29111 29342 
17719 18583 
13613 20520 
7013 28925 
28607 29405 
9428 21781 
29737 29910 
3141 8737 
14523 25971 
24223 24553 
27097 29661 
21459 23329 
12376 13608 
25923 27753 
14976 18317 
22578 22797 
5839 19252 
4432 13430 
3405 12399 
20252 24753 
19865 26199 
13960 26038 
15830 23593 
25553 29246 
19352 21980 
4532 22762 
348 23482 
5043 5509 
17716 21770 
25993 26470 
9477 29488 
7951 23581 
4064 12407 
28753 29838 
25017 26472 
27351 28058 
6137 17413 
20481 23240 
28123 28788 
3562 24174 
27061 28478 
13654 13659 
17701 18491 
13938 16785 
11160 12384 
7865 25663 
15029 19561 
20484 21404 
9584 13917 
8113 11567 
6428 20255 
11259 17085 
9110 22196 
19942 28667 
12049 13599 
15181 23360 
2974 13196 
26669 29756 
21894 24364 
14312 28408 
25526 25611 
26357 29799 
25566 25884 
16919 25721 
9521 21737 
25886 28703 
26197 26644 
20359 29329 
4999 27787 
18813 29669 
2846 20510 
8163 22328 
25984 29313 
26039 28513 
25812 28451 
10583 27291 
1216 12201 
11416 19962 
24535 27545 
7074 24163 
11895 29343 
9684 27253 
5191 20482 
22647 22734 
4992 8491 
14143 20704 
16809 24597 
16149 17230 
13256 29833 
19612 27957 
2731 4306 
29869 29906 
23213 24854 
17600 27664 
15908 27936 
23141 28159 
7388 29780 
26041 28971 
9786 12296 
14877 20202 
20364 24139 
7956 28102 
5463 5669 
25475 27377 
14466 14873 
1728 20738 
19384 27852 
2846 27014 
8554 26726 
11122 23289 
18522 28620 
18298 26759 
19144 24042 
19252 28431 
22800 23032 
20028 22979 
21477 27795 
21390 23313 
23762 27210 
21574 22904 
21592 23223 
25087 26633 
25084 29233 
444 5064 
18985 24051 
18516 22813 
13571 21880 
6077 26026 
24549 26797 
2895 10521 
13286 19546 
9627 28099 
12554 23927 
25294 27600 
2189 28959 
19891 24245 
24742 26305 
21487 28613 
1357 8890 
591 22579 
11258 26926 
27939 28885 
3282 6276 
21823 25059 
17937 21131 
726 20796 
1250 21687 
10586 16214 
6822 26783 
10512 26181 
17640 17989 
4933 14896 
5661 7470 
9376 28683 
26401 27485 
20411 26491 
17546 24659 
25658 28127 
6101 27725 
23313 26401 
19098 28318 
15510 20936 
29297 29967 
27942 28002 
10864 10905 
6538 20810 
8996 20790 
25582 29555 
8040 21666 
11427 19037 
6768 14151 
16860 22858 
23948 25893 
5656 29611 
8936 29500 
23292 23795 
28449 28787 
10314 16168 
18049 28116 
3513 28534 
8203 28940 
3242 15176 
21590 28082 
22873 25978 
9796 19771 
8845 19828 
29861 29907 
21734 23452 
17258 23381 
19490 19910 
27694 29930 
18531 21819 
20433 26541 
28328 28832 
23776 25403 
28645 29673 
28111 28758 
14920 18559 
1432 8177 
16325 23004 
5409 19575 
23475 25928 
1003 5424 
4094 10474 
6108 12152 
27191 28117 
4445 8614 
22382 23276 
5600 27346 
24732 26717 
2217 26658 
20810 24124 
19773 29954 
21605 29184 
27254 27621 
1624 5206 
26515 27617 
2932 9323 
18487 26896 
25538 27294 
9736 24577 
152 8539 
17322 26204 
29334 29524 
29169 29252 
8998 16617 
1988 17647 
1115 9194 
15368 22836 
28652 29137 
22903 26545 
1105 4769 
4644 12260 
12530 16160 
20346 26283 
7362 8645 
9724 18113 
27541 29101 
3594 26025 
11553 16315 
6975 26233 
26970 28774 
24281 25398 
1901 9771 
21947 23984 
5027 5065 
11181 19767 
12217 23242 
12997 28672 
15847 24964 
8003 15190 
11787 16643 
11729 29404 
14655 17299 
24969 27882 
4245 23573 
22709 26783 
28423 28511 
6884 28512 
28791 29294 
26371 29466 
18922 26350 
14896 29618 
14230 14849 
20775 29644 
4489 9495 
8156 17803 
16009 23338 
21356 23471 
7684 23348 
5479 18310 
25685 27284 
4281 11154 
1246 24675 
19726 20192 
15501 24904 
19924 29109 
14960 16929 
3194 23889 
5060 9483 
26840 29518 
1531 12903 
16747 23736 
19214 29437 
25118 28697 
27498 29436 
16002 21628 
5427 21812 
19562 27124 
8043 19707 
10156 24272 
21033 24975 
23517 29289 
422 18115 
22747 27402 
3358 17372 
24116 24575 
3303 17685 
10975 20317 
12938 15436 
4422 14376 
13954 27488 
17604 20854 
14171 19579 
15740 19026 
22805 23616 
8516 27737 
23307 27382 
7377 10249 
11777 28768 
24297 27488 
3577 21862 
5060 17005 
22509 25821 
23782 27887 
28212 28474 
20971 21662 
7593 26528 
8354 14417 
6029 10695 
8021 13790 
22126 23096 
2135 14843 
28045 28727 
2501 25145 
24029 27020 
16502 22961 
12177 16696 
6304 17815 
11558 17646 
18290 24427 
10883 12574 
10845 15622 
5964 18582 
18000 27821 
21794 26278 
27690 28370 
17530 25039 
15036 18936 
28041 28739 
20357 24900 
1191 9797 
6299 26921 
1333 14980 
25073 29221 
3606 25818 
10102 10744 
2209 12844 
8311 10735 
14853 17113 
14145 14474 
27204 28478 
28881 29264 
12387 14322 
16638 25224 
25339 28572 
16851 29625 
5765 18954 
15029 21520 
1139 20863 
29795 29927 
1280 15633 
11292 14198 
5133 5503 
27584 28078 
23923 29935 
19827 27951 
29927 29930 
12389 24747 
3295 12734 
26435 29041 
27283 29990 
6869 13843 
16266 23390 
19694 28652 
22735 26210 
7656 29711 
19789 26728 
23964 28143 
5084 27735 
472 6300 
2431 27804 
26147 29317 
20631 22232 
10253 21869 
2454 20571 
2351 28924 
6101 6319 
21654 23953 
4952 6484 
20123 29265 
29391 29772 
15348 20395 
23255 26777 
11688 27225 
21343 22343 
5630 11532 
8418 25185 
17287 21943 
5242 20203 
4504 22190 
4238 13884 
26868 29927 
23765 25756 
5263 20437 
12810 22991 
6049 29391 
1962 4535 
22523 28293 
13771 21583 
740 8883 
23916 28270 
20266 29130 
26345 27161 
15240 19731 
28508 29083 
18992 23151 
8217 26949 
11922 15542 
21513 25023 
11394 24598 
19054 24406 
23403 29148 
20903 28659 
7381 14515 
7228 22562 
22499 26239 
17117 20350 
18302 20328 
5202 15085 
2550 6177 
7293 29845 
26379 29072 
12116 28691 
13962 23096 
7884 13092 
121 27951 
5727 9825 
16536 22477 
9230 26214 
5191 15507 
24732 28915 
3819 23069 
11902 14073 
16261 26741 
4984 13289 
25404 25618 
2 6458 
7164 22948 
20860 27745 
23331 25548 
17144 24159 
28288 29216 
2853 10386 
23601 26019 
27402 27984 
19758 20181 
18748 20746 
14311 14604 
7316 20368 
5590 8003 
19240 27249 
14309 20819 
3880 27824 
6517 25141 
28025 29249 
7909 28759 
5260 25432 
27176 27674 
14881 25636 
14856 17022 
15284 19430 
22009 26931 
29457 29493 
10168 11853 
6025 26576 
7879 27502 
25108 27486 
508 20171 
15216 19734 
884 1588 
6722 13405 
7150 15848 
2853 7628 
13938 23057 
20104 25917 
24673 24972 
29664 29699 
11709 19964 
17546 26168 
25476 28080 
10073 17493 
12419 26701 
5186 21873 
2950 20766 
28147 29728 
29956 29994 
29743 29921 
26325 28940 
19971 26837 
9129 29754 
4452 29720 
5693 6932 
1591 15568 
21686 25211 
15216 23275 
12244 16393 
1895 25402 
8055 22283 
13267 13753 
28269 28576 
17456 23558 
7068 9124 
4863 24646 
21584 24244 
26042 29053 
12987 23379 
9620 17457 
20904 27046 
11520 22550 
20 17173 
17310 20662 
20540 27940 
14200 29942 
27121 27519 
25119 29777 
2286 21748 
12147 24636 
25462 25623 
18632 25439 
9152 14157 
29916 29968 
13544 28425 
24650 27309 
12536 17260 
29200 29430 
28588 29389 
10566 19115 
17572 17771 
20147 23461 
5363 19861 
13458 24987 
22775 28676 
15537 24302 
24480 27192 
10318 18300 
23636 26922 
6051 22891 
3000 13781 
6794 18567 
7239 9242 
9898 28729 
20667 22214 
20326 26975 
29462 29675 
14672 22798 
10754 12120 
9873 13636 
29986 29997 
23073 27146 
14278 24346 
15202 19152 
25659 28403 
3269 18687 
12861 14771 
11861 26967 
13344 25131 
28991 29560 
13083 17738 
29397 29641 
28181 29616 
4892 16079 
14322 26245 
1197 22557 
14527 17276 
17569 25549 
9261 23211 
19188 21558 
1961 21350 
20605 25033 
261 28213 
21664 27217 
25527 28239 
19722 24381 
12347 23476 
13332 22906 
28237 29576 
17636 23757 
17341 29582 
7843 23676 
25973 27647 
5348 25437 
17048 27968 
21973 26147 
10223 10482 
8047 16090 
23404 24564 
18905 29601 
8268 21792 
14512 16135 
17745 21055 
27310 27690 
11702 18835 
6069 12746 
27186 29785 
28749 29799 
715 25349 
4077 21010 
23982 24010 
20974 28971 
6542 18992 
29367 29640 
26017 29020 
28822 29753 
16056 26887 
14992 23395 
7764 15269 
19750 25673 
10672 17944 
2986 12312 
14962 25687 
29256 29891 
23566 29677 
21642 22892 
4706 27765 
24876 25190 
24105 27659 
29707 29882 
1102 24016 
1083 28358 
11920 28065 
24554 27956 
8483 29772 
28902 29584 
26583 27454 
1110 12212 
2777 27950 
13134 29841 
26883 27738 
26258 29641 
12008 22308 
21938 27432 
10779 27174 
22924 28107 
20687 25612 
17614 23311 
22379 23328 
8948 16877 
18642 19823 
17782 23208 
5773 7470 
20986 27549 
6816 24549 
27585 29667 
17131 21240 
14430 26798 
24880 28582 
4720 23216 
26316 26588 
11913 29493 
26349 28406 
20235 24964 
1208 24943 
28860 29181 
14000 25921 
25994 27260 
16956 21962 
8453 16189 
14668 14786 
24868 28550 
23213 28947 
10371 25203 
12335 27824 
9953 18588 
28784 29648 
1118 22113 
13798 21014 
3301 22706 
8380 11346 
19830 26124 
13416 20159 
14192 19609 
21796 25398 
7237 27099 
499 23870 
3525 14962 
13269 17007 
28284 29726 
3586 16510 
9609 28095 
24039 24261 
12303 15939 
19528 22890 
8460 19919 
24457 25416 
25854 27470 
13819 15713 
7157 25718 
4177 17687 
17672 19956 
6834 12380 
4852 15459 
24066 29423 
28702 28972 
8012 8448 
11966 21639 
17056 18847 
20664 29019 
17337 22881 
7806 13433 
22592 24109 
8489 10392 
16420 20839 
29903 29992 
20106 20912 
14249 19226 
13005 19529 
19433 29951 
12801 17434 
7647 16326 
5283 23780 
24290 24535 
644 3609 
29362 29671 
11339 25280 
19414 23229 
3926 9116 
16740 21269 
27582 28559 
20948 27437 
1942 26293 
8167 17870 
20691 26897 
11005 26574 
28981 29853 
10115 26177 
1265 29093 
19543 20469 
21733 27555 
26557 27740 
14053 22093 
9874 16364 
26287 27539 
14942 20538 
3820 19973 
6027 20301 
4549 9038 
22400 24519 
14560 24341 
22961 29751 
18700 28890 
14951 16620 
18821 24376 
28211 29368 
5308 12974 
27629 28331 
29166 29829 
1645 4862 
3429 8251 
29408 29797 
7227 7969 
10662 11401 
6884 15357 
3528 14688 
11303 28908 
17552 22487 
7161 11237 
12988 22693 
10629 12279 
12499 18051 
9347 22599 
5077 14095 
22076 26370 
28476 28864 
8757 11007 
4062 7265 
26649 29464 
9667 18477 
29292 29590 
20112 29859 
28243 29492 
20276 20311 
11128 21988 
24685 26730 
7172 9527 
22246 27787 
24441 25873 
11598 16791 
12463 24086 
27641 29636 
14548 16676 
12624 22881 
17487 24745 
27279 28683 
4160 17873 
15091 19396 
19439 29248 
28350 28499 
7708 14581 
15724 25464 
7324 12608 
28356 29452 
14683 29365 
14727 26880 
19391 19414 
22079 29698 
5874 15602 
20600 27195 
10576 26585 
24453 25397 
14338 19158 
12733 20240 
22348 23426 
18776 29327 
15084 18248 
17736 21541 
10893 22519 
26226 26293 
29565 29715 
25056 27954 
17897 22141 
12618 26954 
914 2756 
12335 22365 
20925 25491 
24322 28170 
3349 24726 
232 6257 
12528 29038 
28204 28821 
15024 18290 
11628 14183 
23252 27451 
13851 20220 
22935 23382 
4881 28010 
17311 19859 
7485 28213 
15171 29792 
28711 29180 
11321 23411 
26099 26617 
7406 15987 
10655 28691 
15465 27785 
2765 9671 
4863 28865 
12247 27904 
24295 26903 
27587 29227 
10870 17054 
292 1908 
2313 18831 
17752 25617 
16358 22866 
3150 10576 
15749 21154 
13910 14156 
8768 10372 
4739 16215 
26684 28246 
10874 20849 
27535 28196 
22580 24939 
16160 20274 
21201 29987 
21927 25117 
24303 27890 
18758 24353 
7784 8152 
14896 27013 
27533 28208 
11520 17043 
27044 27092 
17872 29853 
21817 26518 
21317 26905 
5068 21790 
16461 21347 
23759 29992 
20216 28461 
8183 10624 
2470 10312 
10584 21176 
10054 11378 
25845 28141 
13450 28558 
6730 27436 
19855 27237 
11957 27962 
29571 29873 
7540 24666 
19387 28348 
29123 29622 
8729 9223 
5654 27990 
4881 16968 
17877 29963 
14754 19234 
3257 4138 
3116 10133 
29637 29866 
22621 29022 
18474 23507 
10344 24337 
23000 29595 
762 5560 
15444 18113 
22079 26747 
4077 14814 
24319 25941 
11185 16015 
5179 6724 
5946 9424 
19459 27759 
2610 21625 
22448 24152 
26067 26325 
5839 8310 
18945 27017 
28021 29642 
24413 27468 
17476 22911 
15692 20015 
27308 27359 
482 28533 
28878 28911 
27425 29530 
25268 26108 
12769 16747 
14972 17788 
12426 18836 
2172 25992 
19870 20984 
10561 16502 
16279 27633 
19443 26337 
29346 29959 
18058 18961 
26503 27317 
24983 29408 
29332 29701 
21683 24601 
20790 27041 
14859 24843 
24661 27055 
19185 27959 
4193 19110 
2072 2556 
5560 16719 
22098 22426 
27946 29881 
11434 21331 
10221 11832 
3479 25598 
9286 20705 
26319 29836 
915 12086 
26002 29091 
21367 25727 
12069 14708 
3108 13945 
12385 13018 
19459 27655 
14967 21348 
23154 23283 
24250 27843 
26437 27728 
11109 14183 
18260 26808 
9205 20397 
7101 18258 
13482 29864 
29919 29955 
13848 15460 
3651 15623 
9324 12846 
7650 10689 
15345 26862 
23898 26879 
11047 22789 
8122 10053 
17403 21860 
19171 26914 
3563 18777 
16340 25541 
21997 29823 
12010 14784 
4882 22886 
18891 26638 
23598 25783 
22406 29460 
7120 29932 
14151 14879 
9996 21188 
11073 18206 
23417 23998 
14378 19804 
11120 12361 
7933 26171 
6156 7108 
10653 24816 
15394 24681 
20839 24702 
7833 10933 
21526 28102 
5403 20391 
8119 12601 
29756 29881 
24090 24418 
29345 29723 
13331 13847 
24252 29260 
13277 20485 
16846 28712 
14266 25631 
23381 28454 
27523 29301 
29363 29670 
12280 22085 
28472 28641 
29713 29881 
20923 21172 
17599 29077 
18201 25087 
8766 12842 
20624 29493 
15997 24879 
28629 29507 
10389 26623 
12941 23057 
8548 16421 
20067 20609 
9769 25573 
23083 23110 
11179 19080 
735 8581 
14421 20838 
1077 26984 
23842 24238 
29441 29774 
8168 28856 
12857 18264 
15671 22662 
8764 21386 
19178 23942 
9709 17825 
12612 19380 
19778 26233 
3747 25009 
7000 26733 
4429 20246 
1682 10315 
11118 26751 
7743 26559 
8714 15953 
22356 25431 
12980 24958 
582 16925 
16152 29875 
14873 17711 
18226 27538 
9964 23703 
1377 9641 
8128 19986 
709 19264 
24639 25275 
19091 24192 
5599 29262 
9272 10530 
14944 22190 
9354 29730 
8927 20778 
18278 18934 
10498 25608 
13219 13818 
25658 29718 
1005 26875 
12981 15103 
4320 20838 
7895 20820 
9228 18507 
21933 26358 
23997 25149 
8842 16848 
24700 28933 
6013 21320 
16402 26704 
26409 27572 
11066 24088 
22499 24517 
496 24247 
14288 16763 
28708 29669 
4539 6260 
6095 29017 
27663 29809 
13307 15843 
18584 27212 
6412 11725 
29379 29945 
2924 26765 
19931 25214 
5983 22495 
25785 28544 
25021 29056 
14889 26559 
21906 27685 
14879 27214 
21302 27726 
27739 29656 
8337 14597 
4733 13610 
10075 16016 
27205 27758 
17970 19636 
19680 29978 
11530 14237 
20485 22767 
8934 19677 
23818 27406 
27021 29523 
14445 27255 
29405 29784 
20113 21476 
8702 25819 
22259 25914 
9466 19040 
16392 24347 
6234 15749 
4252 16817 
27800 28929 
29095 29518 
277 25838 
24090 29238 
3316 11924 
3154 20284 
25878 27067 
18890 19462 
2512 17873 
10980 17402 
9086 20595 
21811 29783 
11543 16700 
24350 28101 
15466 26595 
12943 24148 
5737 29019 
23719 23889 
25648 26819 
19816 27053 
13810 27139 
28123 29718 
1200 26126 
27176 27912 
2345 21166 
14009 22274 
14201 20731 
24560 28467 
14931 27195 
15921 29142 
13793 17643 
2777 7252 
12800 25896 
13264 18254 
29752 29769 
18002 21469 
27843 29371 
7397 10212 
20243 21378 
17499 18872 
20646 21597 
21963 28857 
15526 21010 
14137 24596 
12641 20036 
580 19441 
25011 26393 
9968 24615 
19135 21031 
5794 9826 
3046 28572 
29600 29868 
10350 18647 
26152 27606 
11386 19325 
15722 25878 
15107 25558 
26723 28360 
27597 29425 
316 23628 
5381 20224 
6153 20392 
23301 28641 
25296 29298 
3714 20726 
12053 22274 
7305 13239 
26962 29804 
475 20869 
18990 22595 
7096 11839 
7144 11832 
213 1704 
26426 26888 
575 4542 
6449 28732 
19332 19494 
15295 29857 
24978 27690 
5594 18215 
17321 17404 
15298 21956 
21532 24282 
25445 27513 
18062 26652 
13099 19041 
28567 28699 
4265 14998 
13173 26047 
9078 21455 
18237 24356 
18633 25358 
28152 28543 
13035 23552 
21846 25918 
8754 22160 
10147 27037 
14678 27929 
9671 9954 
9988 13225 
22848 29575 
18719 22279 
10590 29966 
17804 24392 
15569 17934 
24540 24630 
7665 9306 
4706 10995 
16446 19682 
27511 29400 
24553 26882 
12280 27878 
4106 23982 
2550 29914 
20592 23397 
10146 10199 
21715 28086 
11405 17764 
25000 29818 
10896 20352 
500 15306 
18990 28128 
8304 26887 
24004 26068 
24065 24106 
15185 26751 
17059 20461 
4381 6361 
9985 25512 
13699 26115 
18263 20744 
23111 23747 
24950 25329 
12820 21580 
24946 28330 
24320 25892 
3617 15930 
19368 22493 
23745 28715 
10613 20546 
22896 29129 
343 19183 
19495 28452 
17384 28507 
5057 16534 
7759 18925 
1452 15053 
12512 28180 
24444 25647 
6414 15282 
15011 19532 
8239 13215 
5106 21830 
9547 23601 
26228 27948 
10839 13665 
14930 19527 
20650 21478 
18787 28271 
13049 25807 
14937 25004 
5390 24593 
17634 21435 
846 18757 
28150 28616 
1840 5547 
741 16918 
23079 28496 
13757 27420 
22068 26046 
22144 28704 
5271 21734 
6547 11483 
20856 29999 
11622 13278 
10997 20509 
18190 22093 
8430 29789 
22018 28620 
10164 20491 
26534 29126 
7310 13328 
1957 18741 
14063 19084 
18593 19785 
3586 14818 
26456 26715 
2395 4975 
421 15950 
21445 21651 
1627 5742 
4767 13684 
27859 28022 
20989 21942 
7894 11731 
20859 28649 
17502 29370 
20638 23774 
26181 28483 
5801 18067 
11752 18772 
14702 17541 
9325 29113 
7065 27500 
1765 10172 
3407 20100 
29355 29501 
10549 28306 
3330 25275 
22548 28661 
24252 29075 
23128 27153 
12863 17447 
6450 15179 
22746 24846 
18842 23694 
26140 29342 
20469 29543 
23572 24579 
8193 26019 
26433 28074 
25421 29713 
12140 24934 
5557 21950 
21508 21836 
14061 17800 
1576 6439 
1309 20821 
17974 26008 
9854 27369 
16319 29409 
3535 18268 
20001 25039 
8168 28757 
737 4830 
24746 26326 
23533 27928 
22425 26258 
18493 22661 
29612 29657 
27432 27610 
429 8228 
28656 29999 
19479 22311 
11502 21720 
14697 25033 
18264 28373 
18433 29944 
25562 26502 
15698 23818 
15840 17224 
13517 17333 
1324 16759 
18374 26358 
1275 6452 
8402 23007 
19067 19847 
21558 29441 
21184 28307 
974 7631 
7781 9442 
6285 23886 
2302 5331 
15509 16206 
14974 24381 
3337 15471 
2864 11709 
10342 17478 
21135 21446 
28888 29552 
1263 5944 
19964 28977 
26043 28678 
5901 27230 
26386 27870 
20976 29149 
273 2157 
17499 23141 
25587 29261 
15309 15365 
25576 27922 
27515 29428 
17163 28738 
24537 29971 
6527 24609 
11721 23000 
2960 20669 
15193 22656 
21370 22569 
14378 23076 
17200 20767 
19325 20486 
26192 26871 
5480 26367 
25108 27261 
4940 26009 
16924 19472 
14098 20073 
26949 27003 
11461 14857 
6607 13914 
24500 24606 
24833 25496 
6759 14097 
10598 20337 
20601 26432 
28781 29108 
15400 25798 
7488 29586 
2710 27634 
11008 18955 
28200 29571 
16967 18005 
12457 17299 
12901 21501 
20187 26969 
20061 24595 
28575 29999 
18918 28087 
352 22642 
1146 14029 
10230 25051 
28093 29367 
14911 23831 
24546 26798 
24985 26791 
22096 23750 
28440 29664 
13993 15892 
19820 28657 
14 10679 
28516 29481 
18521 19164 
19898 24709 
10645 28466 
3071 15850 
26185 27350 
11820 29652 
12425 22454 
6980 7551 
1582 14386 
89 14178 
25116 25937 
4850 5529 
15437 17242 
27081 27813 
8685 17055 
9847 16411 
28398 29814 
2535 21401 
10173 22089 
10286 26048 
23416 29850 
29309 29402 
24478 24738 
10089 16919 
19104 21672 
620 27132 
7573 28818 
29454 29474 
29359 29456 
18325 19739 
13635 29611 
9061 22249 
25570 28853 
5856 27510 
20965 26354 
27275 27867 
12453 21878 
17893 18369 
17442 20256 
1502 27680 
8136 8610 
8843 10373 
9003 27256 
27031 27949 
8787 18392 
5183 21987 
27778 27850 
22058 27977 
10279 17119 
20833 27580 
3525 13594 
7620 19057 
7312 27304 
1258 10469 
23498 24582 
7242 11135 
23207 29938 
27280 28212 
1732 19316 
22273 29044 
24234 29137 
15790 21765 
104 19291 
11671 15487 
5557 17499 
4545 24186 
20156 23065 
24506 24714 
15245 23975 
3137 22023 
7866 24860 
27495 29676 
15320 24888 
8605 16291 
29888 29933 
1325 9222 
24309 27842 
22838 22905 
29490 29867 
23751 24977 
27413 27432 
1849 22982 
23346 27299 
16991 26055 
2609 28880 
29491 29990 
11342 21370 
17489 24443 
1895 14203 
21020 26205 
18724 20571 
10884 15133 
16737 23788 
24248 26277 
23002 23646 
4554 21554 
27015 27219 
6940 8330 
27552 28653 
27003 27896 
12591 16881 
28417 29238 
24962 27623 
28995 29130 
29597 29603 
12223 17630 
27031 29625 
14061 24201 
4301 27853 
17064 20509 
27289 29542 
20355 27516 
29059 29463 
21652 25381 
18723 19382 
6818 11912 
20480 28153 
25671 28438 
14111 22424 
4416 21406 
17283 23706 
1453 29344 
11521 27913 
25596 27292 
14736 17569 
15940 19823 
22409 29044 
15602 28448 
27164 28404 
20673 26024 
20239 21070 
22378 27638 
22744 24210 
10857 21808 
19213 29836 
21087 26180 
17592 25778 
14006 18087 
7440 15543 
29975 29985 
3243 27041 
20402 24821 
13293 19980 
20953 29982 
27685 28734 
23183 25043 
5175 20022 
6619 24173 
25285 29178 
16195 28996 
11587 20835 
3917 15804 
13157 17898 
9561 26086 
6126 22434 
7838 10649 
6089 6932 
10879 14874 
14758 17845 
16539 20675 
8677 15445 
27171 27822 
8580 22558 
29222 29676 
9440 28378 
2821 3458 
16191 24683 
14084 22637 
14540 16031 
11767 24961 
23447 26927 
24306 26346 
23861 28885 
9281 12639 
8556 29939 
4583 9458 
15099 26232 
23413 25439 
7516 10068 
23096 29827 
29538 29751 
28295 28790 
27645 29649 
17951 29353 
17601 18100 
11079 12535 
27378 29209 
12426 21441 
19429 23987 
29026 29192 
10012 26760 
27430 28116 
24965 28346 
27679 28867 
13427 29826 
20813 28616 
15177 19431 
21957 25329 
8156 21101 
17636 21377 
2307 3685 
19797 28679 
12909 26321 
8796 20420 
9659 13640 
22670 23632 
10844 10891 
2488 25288 
29738 29806 
972 2648 
14752 17202 
21103 29275 
25445 28312 
9196 28315 
5465 14800 
1248 14886 
24766 27293 
15523 21570 
20548 23045 
7616 13637 
20078 24497 
2717 5442 
581 28225 
29436 29763 
11248 20402 
22077 22082 
4025 14810 
27610 29038 
18610 19124 
18235 26022 
29235 29780 
25074 29609 
19577 26485 
12158 18525 
26752 27330 
13095 16102 
16088 24327 
13368 18274 
10610 23470 
20460 29128 
9776 22602 
15464 18888 
7962 9960 
14476 15540 
23017 24158 
5939 15462 
4717 26620 
10420 27362 
27392 27435 
18458 22169 
29540 29884 
7324 29324 
2164 22022 
11404 18402 
15483 17892 
10749 26180 
9721 16548 
12734 18742 
15193 18861 
12351 28601 
27073 27694 
12292 18857 
6475 9705 
3233 23760 
28334 29165 
17802 19196 
25370 29124 
8175 23684 
23379 26494 
16193 23856 
19767 20972 
25139 26924 
27216 27503 
8203 21572 
11260 21320 
25327 26172 
8046 14819 
11251 14752 
9634 10378 
27179 27621 
6176 22431 
5992 26336 
22723 24085 
361 24017 
20093 27223 
11503 22287 
21874 22328 
5374 12403 
12854 27747 
23336 25685 
6672 26721 
14963 27476 
3961 24629 
28372 28775 
6334 13325 
24128 28983 
16530 18199 
13930 23425 
9581 14116 
17400 24009 
158 16271 
20346 28391 
28534 29460 
1237 18777 
27488 27964 
9011 20015 
25921 27803 
2515 26115 
7670 11494 
816 9409 
25119 25328 
11131 29511 
7293 25780 
17786 28022 
9492 16101 
17917 26154 
4872 24847 
16571 26107 
20432 27755 
6441 10469 
6093 17482 
21734 23417 
20838 22071 
1501 26338 
13653 25101 
5137 24950 
19674 21326 
7509 8572 
29012 29106 
28294 28542 
19044 26765 
5874 26066 
9141 29649 
24661 27257 
7052 28659 
3933 8134 
9744 18015 
21010 24736 
15426 17671 
26166 27480 
24763 29300 
9684 21819 
4771 9834 
29992 29995 
9145 15351 
26960 28580 
18366 22440 
3285 24497 
19004 24554 
6216 29146 
3231 12262 
20178 28412 
29727 29975 
21060 21957 
17365 18985 
12409 20888 
19817 26172 
13634 15986 
15668 27842 
29102 29192 
5425 19696 
27067 27767 
9026 14416 
24339 29302 
10168 25553 
15391 29366 
23456 24180 
13267 29885 
24658 25589 
27834 29301 
25759 26806 
18053 18476 
10181 13698 
17035 17901 
16569 20539 
14957 22461 
20658 23988 
15444 20827 
4761 18276 
13052 16458 
9596 24051 
14371 27492 
1553 16062 
25432 27750 
15497 20580 
14721 19889 
23463 26736 
5987 9293 
28065 28747 
16923 24749 
10479 29929 
29163 29194 
15010 18777 
19087 22017 
17489 25711 
22455 26120 
19832 26789 
8933 26773 
7551 12743 
17180 24685 
10778 29455 
4647 5850 
3902 7525 
15472 19262 
18428 24649 
4429 25834 
726 7564 
27104 27183 
13238 18864 
9980 25998 
3176 13283 
15936 24743 
24625 25826 
3065 24626 
19046 21004 
1590 7531 
314 19329 
17376 24797 
19630 26512 
14607 17461 
19004 24313 
5487 14204 
22966 25427 
23481 23805 
20963 26266 
3483 17390 
15970 27810 
14977 20422 
10995 18936 
6555 10260 
2915 14317 
21282 22177 
4963 24435 
11099 23053 
7404 18593 
8194 13177 
15621 28542 
18149 26700 
6294 10558 
4050 14823 
676 17217 
7898 24342 
5005 8322 
14554 27887 
20727 23223 
1564 29441 
20852 22149 
8605 11846 
24539 27105 
2907 27048 
28014 28094 
17317 27535 
22977 24069 
21522 28246 
13870 23766 
2928 17335 
8755 17156 
20876 21578 
27726 29050 
3641 8778 
12570 24399 
2253 20797 
20904 22944 
27497 28863 
17284 17289 
18701 21475 
14483 17311 
24275 24684 
23409 27247 
17947 26361 
6977 17059 
2253 2564 
7806 27692 
6325 23842 
24298 26854 
18877 21439 
21054 21959 
2768 29236 
5100 6572 
8530 26766 
21862 21901 
17707 20572 
19163 22661 
22238 28634 
22202 25141 
27515 28423 
8523 15779 
16967 25187 
9297 23171 
29964 29988 
10166 11044 
17385 20257 
22707 27497 
14422 16890 
5559 23340 
24007 26174 
16619 17448 
17990 26744 
21920 27796 
9545 18914 
25705 26030 
3413 14588 
9721 15637 
1292 19594 
27713 28280 
23646 26834 
27385 28385 
8965 11486 
21936 27305 
24267 26214 
15320 17799 
12859 17727 
28622 29418 
4192 9305 
107 16124 
18150 29135 
1608 27630 
7564 19049 
15261 21128 
14624 27098 
26890 28189 
23724 26426 
26363 29270 
28350 28974 
9861 25565 
8601 21215 
15873 19742 
24491 25504 
28483 29712 
69 11449 
2487 6722 
12860 15274 
18452 28688 
11299 18927 
10889 25904 
10813 24249 
11589 27571 
5003 11282 
9963 22322 
9529 22108 
9357 13550 
27226 28217 
6067 9698 
16915 28209 
4085 4620 
990 12026 
10847 23344 
5696 29482 
27246 27413 
5796 16748 
9630 25066 
5108 28241 
607 19206 
25882 27696 
2179 18623 
4646 13679 
18580 23691 
4426 4799 
11426 21922 
924 24554 
23924 28253 
14953 16953 
24859 27233 
6232 9875 
29443 29985 
27042 27651 
18887 29164 
13408 14580 
14745 17855 
25505 27793 
7789 13033 
8709 23142 
2867 26312 
28412 29236 
5513 21562 
24054 26773 
20527 23731 
1557 2377 
26580 28281 
12566 25343 
98 4269 
17663 22822 
16501 28021 
3319 20658 
14833 19260 
12342 17647 
4370 29933 
10858 21335 
29430 29674 
14285 15519 
20361 20949 
7880 22069 
10234 18955 
19053 29657 
895 26255 
4080 10238 
14973 22202 
28815 29747 
26417 27635 
9232 19929 
918 23497 
18114 18246 
930 6747 
19250 29139 
3439 7532 
7074 17646 
3749 6253 
15517 27010 
29319 29508 
20316 24673 
18162 22766 
10339 22217 
15454 23270 
13035 28077 
25606 28381 
6605 11864 
4866 13527 
10902 28677 
20677 27732 
25888 26449 
16209 18340 
13795 16085 
17472 19163 
27099 29245 
2221 15176 
28956 29338 
6119 10950 
18986 23506 
29356 29716 
15702 19801 
9634 10341 
1162 7568 
2014 28405 
6227 28493 
21452 22822 
5395 21793 
21286 25248 
1346 2851 
10604 23282 
14368 17292 
15887 21557 
7181 23416 
15958 20050 
9879 18529 
18256 29409 
4198 20354 
21985 27880 
7327 20260 
17774 23590 
28764 29228 
27521 29867 
9117 12017 
20152 27875 
7769 14792 
8161 29126 
6844 7517 
11100 11299 
25397 29220 
25455 26740 
24580 26360 
9361 15242 
16195 28631 
24830 28204 
22090 23261 
10032 24287 
1363 23904 
13553 16131 
17152 20556 
7740 24337 
1933 29920 
8378 20938 
20408 27428 
28624 28637 
21984 23342 
14793 25404 
662 3272 
18482 18760 
22293 25948 
16605 29223 
20063 21200 
28769 28982 
20219 25516 
25623 29807 
8726 20934 
16883 28132 
21720 23371 
4311 15788 
17698 29098 
271 21929 
27565 28641 
26878 28065 
29124 29188 
20433 23566 
12121 22201 
13883 21552 
10321 15060 
29786 29814 
22289 29812 
21585 27443 
14859 26881 
7912 9395 
25700 28704 
6060 26864 
9281 22697 
14948 16546 
15617 16035 
4909 23287 
18447 27523 
8205 18985 
23412 25939 
29423 29794 
16424 26879 
3860 13460 
9007 26192 
15969 23214 
28744 29009 
27015 28286 
14161 22489 
17477 25686 
21996 25634 
25140 26515 
16505 28311 
10908 15041 
25296 28972 
26158 27130 
26971 28057 
22292 22490 
13050 19150 
6926 17130 
6344 17174 
27909 27984 
14546 24132 
340 3718 
28876 28948 
26344 28993 
5899 24057 
27761 29861 
25394 29549 
13924 25869 
25393 29701 
23901 29296 
5649 26345 
15899 29889 
28546 29950 
22511 25013 
19057 19936 
6469 7364 
2885 23370 
27311 28177 
26112 27667 
12005 29071 
855 2162 
10858 12973 
15844 27724 
5923 25589 
25915 26141 
5510 8218 
26040 27256 
15928 24118 
5788 7070 
25814 29387 
25892 25930 
19115 20754 
16504 21146 
24025 26511 
3982 27588 
19845 22263 
15289 29719 
6608 29878 
2626 21413 
25007 26095 
27616 28261 
1040 3651 
19787 28600 
22239 26847 
11970 13770 
28747 29203 
7670 11686 
5955 20507 
23346 29851 
23060 23537 
13254 20341 
6864 9167 
22120 26774 
27427 29013 
2101 13088 
9527 16324 
21402 28269 
26358 27404 
7209 21736 
23120 27471 
21087 26702 
8101 22100 
2575 12769 
29386 29509 
27370 27619 
12768 14701 
335 23573 
27441 28256 
190 7578 
21609 21704 
27939 28840 
29257 29698 
26368 26381 
28025 28536 
21473 29884 
9503 13750 
27745 27773 
20218 28078 
23499 28169 
13462 27324 
10452 20714 
10688 23075 
8741 19131 
15403 26089 
8587 18901 
3238 19659 
14405 26840 
11594 15392 
6301 9449 
17984 24449 
14708 25429 
17246 23856 
21492 28017 
7623 19706 
23255 28876 
22957 29083 
23028 27054 
3160 25334 
25505 29806 
19394 22173 
26385 29207 
1982 12029 
14623 23381 
25256 27565 
12905 26637 
630 20406 
11674 12710 
10306 11716 
6134 11918 
4281 26025 
24354 29811 
10880 22327 
9409 25675 
11324 26498 
9404 16556 
12803 25859 
27375 28643 
15459 19725 
23406 29002 
13702 22361 
26297 26665 
3772 9205 
23458 29261 
26991 29728 
20354 21809 
24762 27302 
11699 27147 
8988 22590 
5060 18315 
20541 27781 
26621 29618 
9506 20977 
28805 29011 
23918 29759 
1603 15283 
21070 24037 
13072 23234 
15832 18140 
24641 28183 
16628 29125 
28155 28602 
10516 14493 
19018 23771 
21241 21829 
11971 16280 
29097 29407 
13759 19579 
9363 27521 
25771 29242 
16812 21055 
4834 7374 
8881 24165 
12902 19955 
12765 13766 
13953 23495 
10060 23225 
21296 24320 
26181 29217 
28186 29624 
11460 28867 
18142 29919 
7299 20128 
10665 16397 
320 4927 
18630 29178 
22114 26438 
5389 10902 
16871 19577 
3344 7388 
18185 20207 
22295 26431 
7769 16635 
19288 24483 
3733 12201 
5038 29577 
18320 27661 
7079 12636 
16678 26141 
25995 29131 
11367 21631 
20813 23796 
1275 9761 
17687 26905 
8041 14980 
16482 23397 
29604 29970 
16853 23237 
15929 28922 
18667 19907 
15240 19559 
6842 21342 
24208 27495 
19149 28545 
25990 29643 
6064 22691 
2800 4257 
5326 29171 
29918 29995 
25578 28253 
2654 5810 
25833 27103 
28506 29531 
20949 24146 
7563 9209 
14726 18800 
5080 23498 
25060 29990 
24779 26997 
5328 21258 
18380 29681 
4548 21521 
24105 24505 
18587 21891 
3891 21308 
8237 10080 
5820 17473 
23682 24262 
15519 28088 
246 21819 
6015 16622 
18032 22702 
28170 29108 
17720 21358 
14778 19325 
22143 28252 
4750 26326 
205 16704 
27716 28385 
8150 19891 
16648 22543 
6508 6797 
13488 14587 
17461 20596 
27308 27381 
8754 24576 
10871 27225 
14985 18035 
20846 21258 
2837 15860 
7488 19992 
20611 23496 
2711 20088 
25065 29088 
9060 21837 
1803 2999 
4493 6624 
1405 27005 
3437 8485 
16387 16571 
9611 23186 
16035 17630 
6408 16286 
26726 27226 
18731 22670 
16965 26165 
10115 11563 
1692 8376 
7524 26189 
21474 27809 
11815 13203 
13921 23281 
14218 26970 
19280 25893 
3630 12353 
17813 23636 
23561 25355 
27140 28252 
29962 29972 
7120 24224 
10626 15306 
3744 9112 
16948 29226 
13992 15019 
6115 14674 
1685 1920 
21721 26208 
21704 26162 
11370 29612 
15326 20919 
3431 24713 
8840 27622 
1793 29895 
18620 19971 
11378 21735 
19000 26347 
15897 16212 
20772 26215 
24333 29210 
11710 15665 
14648 26441 
20855 25394 
1603 10674 
10215 28021 
7256 9424 
15642 16569 
29455 29868 
20815 25025 
24769 27807 
21154 21175 
14900 20227 
1803 16506 
22480 27469 
16240 22614 
20550 25461 
19316 27555 
4346 8991 
20306 22033 
19455 29949 
25680 27920 
26585 27259 
13842 28438 
25997 26552 
29775 29785 
6161 17352 
26304 29676 
7460 16930 
13229 13428 
22403 29491 
12948 23152 
25675 29924 
25738 28687 
1609 4843 
22070 25584 
25988 29634 
9769 16851 
19884 20542 
16655 19124 
22525 27916 
11086 14803 
14473 17673 
26657 27826 
923 15956 
23773 28069 
27434 28675 
21020 21176 
9459 24676 
16267 18833 
9730 29834 
29980 29987 
4809 5516 
9285 11354 
18483 26723 
27430 29418 
28659 28667 
13866 29697 
9674 24344 
3693 8887 
27894 29528 
2541 4811 
18946 20972 
18285 28873 
29489 29901 
19063 27631 
19664 22641 
19093 28207 
3099 25607 
4588 20755 
23575 23767 
25456 28759 
17436 25561 
10339 12832 
18480 28907 
13529 13856 
19192 23808 
18617 25508 
18647 20484 
14531 25594 
3157 5337 
1554 18761 
4522 7459 
214 29211 
27758 28009 
17541 26606 
534 19031 
7231 22398 
28596 29563 
17201 22263 
28735 28862 
3392 12358 
5375 28717 
433 8790 
17161 19802 
20587 25807 
7153 18428 
24098 28406 
25766 29904 
4954 26149 
17817 24510 
18001 22565 
9201 19466 
20557 24037 
29690 29946 
21181 26156 
22480 28380 
29926 29954 
18064 22172 
27925 28884 
11381 24555 
25164 29735 
1233 7641 
1064 10126 
7084 29049 
6068 27012 
9255 11993 
997 24417 
17478 27802 
11393 14267 
24064 24301 
22267 29424 
24633 28426 
11179 29582 
7474 29366 
17761 18162 
2544 9566 
20489 25850 
13463 26461 
16875 21681 
14978 17191 
4632 21105 
23480 28465 
29581 29905 
28815 29493 
8248 15907 
6872 17845 
2606 26107 
9890 29726 
12955 20784 
8843 21535 
22272 29753 
20118 25307 
26734 29303 
1350 5479 
27210 29931 
23877 24170 
24156 28144 
8524 15878 
28382 28855 
4219 6462 
26638 27581 
17834 27055 
28958 29601 
6752 29667 
23230 26585 
14841 29748 
7831 9303 
12429 21973 
20598 29623 
25709 28687 
19862 29219 
25216 29404 
27576 27904 
16962 19855 
22953 24176 
25017 28687 
6238 17888 
24618 25473 
17605 20598 
2146 29727 
18547 24029 
8785 15416 
21387 26104 
25965 28776 
7664 13583 
13423 16174 
21478 24841 
19447 25977 
3692 16527 
24328 29745 
19277 23266 
12695 12898 
28118 29512 
977 24638 
12317 16145 
16222 28107 
16624 22747 
23306 25703 
19773 22772 
27457 28276 
19495 29488 
29051 29798 
8480 14117 
1054 10200 
13027 15233 
10811 12788 
25963 26643 
19477 28224 
21246 26708 
13849 22865 
16964 25756 
17558 26435 
9206 20910 
23845 25299 
11335 27638 
15981 22766 
27330 27946 
4828 21872 
3042 19130 
8333 15219 
5393 21585 
11475 17403 
16110 26657 
25649 27062 
13627 19879 
23269 29479 
9033 13299 
14021 19772 
20144 27866 
17498 23213 
10943 23202 
24420 27112 
12788 23700 
1493 9200 
9932 23689 
21234 22135 
2685 5517 
24813 25213 
11484 24250 
9986 27809 
29435 29794 
2479 19877 
10948 11398 
17672 29644 
15403 23315 
1789 18981 
7492 11176 
5948 8925 
5947 15535 
23904 27909 
6544 11883 
26122 28412 
7848 24842 
24730 28208 
23442 29589 
16655 20868 
9264 14330 
19708 21912 
14369 26422 
15731 19060 
18606 27520 
16668 28060 
3276 18565 
4882 22837 
18187 22020 
7569 28542 
27455 28494 
19494 23172 
23866 28080 
18628 19701 
8509 15759 
12776 14474 
14271 23545 
21895 23830 
27904 28676 
11441 13998 
8668 27315 
6060 24752 
6064 18395 
13126 27516 
10743 15659 
28405 28652 
23974 24731 
868 11699 
13120 26083 
17038 28726 
29180 29450 
27703 28625 
23545 24522 
22506 22927 
28785 29958 
22274 27834 
28379 29148 
21587 26942 
29654 29956 
6281 19861 
21018 28023 
22919 26831 
5780 24590 
21462 22359 
6028 22226 
24097 27547 
13906 17498 
10598 24091 
2288 17948 
20072 25752 
29457 29846 
18193 28066 
6709 8303 
9494 17686 
15630 16554 
6346 13125 
26494 28249 
21256 23964 
25118 26355 
26754 29455 
13324 22403 
27255 29006 
27584 29931 
5136 24719 
22428 25229 
11232 22721 
10898 17354 
21873 22291 
17009 20195 
18739 27607 
29483 29684 
8081 13146 
29080 29743 
10858 24735 
16687 17284 
19679 20301 
20973 22959 
24617 25007 
10939 11047 
28880 29515 
25315 26549 
2231 16187 
6497 19314 
18278 20417 
25 3441 
29193 29422 
4472 10411 
22776 26481 
29612 29941 
22068 24149 
14190 27243 
21958 22919 
23137 28962 
4529 27138 
8116 10762 
1147 3150 
7795 17065 
17255 17414 
23360 24977 
24312 24967 
28906 29152 
704 15095 
25563 28244 
14048 23080 
23683 27424 
27216 28783 
28944 29748 
9919 15331 
4819 10227 
2708 29625 
7163 29811 
3288 8160 
20715 29039 
4285 24686 
19867 27881 
17655 28796 
9820 20490 
26931 29853 
10095 14445 
17859 23740 
8686 22923 
14459 14790 
14628 21667 
27787 28494 
22749 29315 
19793 21125 
2976 18338 
8163 26792 
2401 23716 
11090 15159 
23050 25614 
2726 11642 
13653 27380 
6869 14741 
595 23797 
14891 19942 
28398 28440 
10914 17065 
14200 15827 
5777 22043 
5414 27254 
24461 26215 
11830 23351 
5549 27481 
5971 29949 
20584 29800 
18156 18713 
7735 13289 
28018 28766 
20684 24249 
4314 21291 
15459 29467 
11978 29402 
19577 22901 
7707 15995 
29005 29964 
19181 22496 
10391 17250 
2723 23364 
14564 25250 
13774 23634 
7147 16955 
3107 23736 
15936 28864 
26277 29219 
22785 28160 
24620 26569 
10059 19776 
26304 26869 
5129 24525 
22500 28397 
27763 29397 
12152 12459 
10177 12344 
24542 28672 
16884 29177 
5492 8111 
9166 22816 
25421 28977 
15185 26272 
13917 20795 
16976 21619 
26292 29462 
28419 29280 
18369 27600 
20538 29652 
7589 17801 
8843 17972 
8253 18344 
5863 26864 
14587 21938 
17762 29392 
9344 10498 
3367 11913 
5035 22114 
3897 10297 
10331 21043 
4045 10930 
7941 28875 
15369 27122 
7241 22856 
13399 23568 
21877 22580 
8107 13668 
3352 10025 
16132 23198 
18973 24278 
17232 28708 
3837 20772 
20114 21703 
10949 11055 
9717 23446 
28977 29463 
24677 25736 
12879 18355 
13454 26927 
25607 29422 
7670 27599 
25863 28471 
106 3584 
1777 2326 
26018 29755 
27336 27570 
24826 29871 
6169 19004 
19881 27897 
25404 26345 
7579 7874 
16347 23375 
19688 23268 
439 25805 
10765 27417 
17915 21538 
27573 29733 
1857 26766 
10031 28404 
13939 17894 
23705 23987 
29280 29867 
5401 9789 
9240 12124 
21142 29601 
15900 23453 
19349 23385 
9505 14497 
4479 12699 
5099 11100 
22764 25411 
29018 29648 
24988 28830 
28385 29321 
6193 14746 
13855 20779 
28137 28702 
18896 24884 
12549 27170 
21792 21962 
25718 28971 
9382 23243 
28091 28895 
21944 22297 
4104 17443 
19380 23940 
12285 22033 
19416 25398 
25466 29259 
10147 12414 
718 19294 
9236 9912 
17235 21029 
10478 16640 
28791 28902 
550 28228 
28489 29484 
28075 29595 
11717 18579 
22974 29034 
13965 24313 
4658 14196 
13712 23144 
14829 18972 
16683 25896 
6010 29379 
15233 26950 
323 19047 
26892 29719 
628 11830 
615 7998 
12519 28176 
26604 29583 
11926 21314 
15861 26005 
28647 28803 
8768 15730 
10503 16049 
13904 28347 
24476 29547 
22649 25424 
23955 28248 
28413 28821 
28143 29552 
6676 10441 
8363 27461 
4125 9179 
3669 11677 
3096 28839 
14105 27123 
21941 28990 
9633 25635 
17357 21548 
29000 29597 
25484 26105 
23725 28941 
17763 22931 
29557 29723 
14072 29643 
2795 10206 
2586 9446 
3259 17876 
9118 25378 
22301 26670 
21054 25494 
27021 29320 
20835 25433 
25020 29292 
27836 29313 
21930 28861 
20184 23394 
10604 27824 
27147 28089 
27319 28674 
21366 22400 
5423 10816 
15058 20811 
21114 22127 
23783 28472 
23358 25729 
24279 25793 
25515 29411 
6011 10881 
16932 19455 
10273 28050 
491 14856 
3025 13019 
11014 22923 
8997 9504 
13774 19776 
5297 13293 
27368 28572 
6773 7205 
1105 2690 
16990 25601 
17148 22855 
22476 26907 
17544 27039 
19904 25373 
12553 22918 
12766 23200 
11841 29262 
27223 29391 
1276 22831 
18447 20627 
11997 17890 
15363 21957 
8684 27478 
1969 13107 
4583 25552 
16474 16491 
29888 29955 
12598 17016 
14298 15817 
1417 17970 
28902 29193 
22144 28703 
28829 29338 
27209 27915 
15700 18396 
22432 25222 
29416 29891 
6341 26331 
29388 29480 
10852 16044 
7685 21099 
23444 29286 
13839 19429 
11651 22983 
15780 18704 
1704 5265 
14419 16179 
1128 12596 
3928 10649 
22602 28888 
6378 7974 
1986 26197 
9880 23381 
23869 26530 
6942 13502 
26147 26985 
10412 27215 
29485 29910 
17629 19311 
18735 20911 
15931 24950 
5326 25644 
21159 27612 
5576 19650 
12614 21953 
3747 11649 
1614 5565 
811 8039 
1678 26986 
3603 18180 
8537 19204 
26592 29001 
15526 29961 
27599 29630 
24747 26874 
3432 9202 
8366 19491 
24701 28659 
13583 14348 
5133 15069 
17972 24773 
6979 14523 
6750 17158 
3707 28764 
27933 29401 
3742 19424 
10869 19871 
5547 26237 
319 7183 
9285 9321 
13966 28222 
13693 19652 
28978 29141 
14669 17384 
14153 28796 
8617 11053 
12748 14882 
23121 29097 
19425 22203 
5712 14087 
26032 28555 
9740 23067 
17674 25413 
9311 23752 
29617 29767 
25794 29059 
11507 15908 
22814 29642 
1087 28506 
11878 14401 
17710 23490 
19866 22448 
7904 29678 
8461 14020 
26736 29062 
8530 11514 
10787 11222 
19862 22340 
9916 10821 
26381 27420 
9738 23702 
28536 29000 
15542 23335 
8529 19068 
14729 19957 
19740 23867 
6008 7969 
28606 28765 
27687 29966 
25852 27201 
6368 6702 
12639 29568 
26136 28734 
26192 29955 
22740 26669 
18529 25266 
4605 26519 
13377 26207 
6412 7052 
18216 27013 
7504 23952 
13187 29679 
10848 22047 
2326 2698 
18274 28978 
7811 17574 
14775 23365 
8185 19329 
26171 27814 
3218 9118 
9820 16170 
10149 12880 
8627 11545 
23333 29421 
19438 21663 
958 24409 
27467 29018 
5327 7164 
26971 28265 
17851 25257 
11175 29925 
13832 23353 
28756 29191 
14528 15311 
27131 28426 
24044 29789 
23518 25983 
6625 28077 
16392 21133 
16399 27949 
9298 22808 
16283 22404 
6070 15387 
171 24176 
2986 18270 
23803 25371 
3607 4789 
26267 28061 
13002 15744 
686 1750 
5191 20977 
11468 19240 
10012 11479 
20644 26080 
906 10959 
5383 15380 
3789 12223 
21599 22746 
14058 22427 
9396 25900 
21403 24532 
7686 17090 
11927 25789 
13130 29869 
16325 27776 
22590 25108 
3175 9384 
23653 24100 
17554 27643 
24691 25943 
17245 22642 
10070 20362 
18412 26246 
17810 18004 
21173 23609 
8351 19063 
8785 25016 
27038 29686 
11546 22911 
12641 18275 
25823 27739 
14984 24963 
9700 28240 
2488 24895 
17415 21200 
10209 25381 
22228 28352 
16026 28135 
28511 28541 
19089 28453 
25820 27803 
11748 19777 
14991 26499 
12618 28303 
14131 21744 
27550 28138 
16877 29416 
25997 29951 
23423 25620 
17430 29778 
25069 26066 
6099 14124 
12576 27173 
4101 24233 
8298 27999 
2895 14436 
3281 19688 
21029 29537 
25217 28005 
15725 16959 
7688 24884 
8956 13979 
14956 22503 
17813 23975 
3119 6961 
2927 17660 
3674 22966 
2973 8438 
473 14650 
806 3661 
11183 17595 
14300 24289 
3633 12671 
13333 23941 
18040 26928 
10896 12205 
7327 12805 
22627 24095 
28167 29703 
2475 25012 
10798 19902 
29991 29994 
11776 16032 
13769 19213 
8239 14721 
10212 14849 
10804 19506 
13947 25816 
25531 29724 
23460 24131 
22266 29001 
25200 27157 
7323 18225 
8490 17947 
12234 12968 
22822 29038 
15677 25192 
6234 9996 
1983 22162 
25231 29014 
133 12987 
5469 16958 
7707 28247 
14511 17646 
18300 29849 
11609 30000 
25366 28574 
17810 20945 
837 17975 
19158 29888 
17959 29350 
4214 24165 
18452 26962 
8083 28718 
12500 21365 
7087 22859 
21291 22110 
4374 4648 
8386 9188 
21018 28613 
17354 19808 
13779 23436 
29361 29711 
11817 29387 
14486 27406 
19227 19908 
11467 12093 
3649 19371 
27100 28524 
14553 26423 
3759 27941 
15173 15930 
15518 29026 
16367 28915 
27597 29749 
12412 22563 
2622 25564 
20485 28144 
29113 29333 
27870 28998 
24649 29753 
25898 27953 
25719 27014 
29542 29879 
16598 17250 
5830 26212 
2863 4200 
4513 29740 
10790 16880 
9610 22872 
11823 29716 
14635 26147 
14110 14303 
25045 29426 
15090 21811 
1443 11925 
18353 22721 
17943 19544 
25763 26321 
11539 23428 
6978 9525 
22718 26362 
3587 16099 
21135 22384 
5788 23350 
13601 16690 
19672 25574 
14564 19686 
20816 21225 
6376 8066 
303 25076 
7031 29753 
7174 29698 
19913 24546 
14691 18349 
19568 29673 
8734 16776 
15123 22185 
22474 27387 
13476 28465 
20484 27883 
15637 24268 
27348 29845 
2975 8814 
13997 26580 
14155 25069 
11487 29206 
16734 19634 
3891 21679 
14407 24617 
28858 29363 
10003 16698 
29827 29848 
1583 28858 
11312 14413 
15853 27836 
2997 19667 
24379 29286 
11641 22878 
26464 28100 
7119 11453 
10988 15547 
13791 26753 
17936 28052 
229 21556 
17206 18705 
13126 13749 
19356 25842 
28399 29803 
8881 9733 
19947 24888 
5763 23233 
11571 28933 
11436 13367 
10198 23959 
24464 29057 
10380 15812 
2130 24460 
21503 22069 
21052 29537 
9884 28517 
20716 22244 
5222 11681 
1164 16425 
6088 21680 
17612 23821 
29149 29343 
24139 24868 
25490 29856 
13446 19719 
2174 22223 
12438 27583 
1748 3809 
11247 14141 
2634 19408 
11963 15618 
12186 29139 
14890 28566 
26140 29074 
4233 19684 
15048 18332 
22964 25141 
22226 23241 
6297 20922 
26908 27469 
11143 14484 
428 13251 
13471 24480 
13800 29294 
9613 9823 
28640 29018 
5327 28483 
21480 25073 
13803 17386 
2950 18209 
18255 23151 
28053 29538 
13893 22048 
26510 27194 
130 29624 
14322 21208 
8794 16031 
10088 19196 
22810 27544 
22382 24165 
8286 17597 
3033 13187 
27475 29546 
25395 29087 
28456 28669 
21148 25535 
11912 29842 
16270 18702 
6685 8987 
15872 21528 
9268 20527 
24000 25817 
23412 26756 
13450 25416 
25299 28200 
654 18331 
9005 28943 
23632 25218 
2171 17916 
29301 29921 
26540 29274 
700 24311 
657 29813 
10075 24048 
10503 20590 
19487 20625 
2409 13671 
10715 22711 
3032 11391 
1259 7066 
8831 10609 
1806 11179 
25512 26450 
10613 13251 
18900 21703 
27919 28782 
76 22320 
9781 22313 
3147 12520 
21576 26178 
9857 24951 
2001 18264 
4367 13190 
14584 27860 
343 27781 
19521 27340 
19965 21185 
27996 28302 
5872 22981 
12743 18309 
3333 19447 
9259 27566 
3032 11871 
6410 13015 
7468 25893 
23922 25526 
10922 26362 
22480 24379 
16831 28956 
29124 29827 
18189 21519 
6655 25520 
6866 17912 
11432 22097 
21414 24284 
7624 27468 
25675 26638 
23764 29806 
27246 28369 
7672 25764 
17158 21060 
29360 29644 
8389 15328 
26697 29264 
24731 26922 
7110 19140 
3690 19630 
5892 9115 
13105 22096 
23707 24916 
7896 19385 
9477 21756 
5551 19511 
16187 18311 
15368 28517 
24631 29218 
12434 13673 
21176 28431 
10405 22909 
26774 27600 
13709 16631 
15699 29387 
9675 29388 
15654 22679 
6000 14901 
21419 25108 
12981 23004 
13635 20393 
27801 29457 
19070 25499 
20544 24988 
3557 22579 
14683 18088 
5907 20913 
20535 25939 
12246 16386 
24389 26047 
5876 19442 
3567 28553 
118 12215 
11999 19381 
28669 28791 
28870 29224 
26701 26859 
13817 29135 
18836 28914 
578 15049 
14952 19738 
19011 21890 
2929 22206 
8178 23386 
1948 5819 
9289 17780 
5442 17998 
6427 28041 
10143 18540 
4686 17381 
15823 15890 
24604 27702 
24453 29469 
4137 15804 
13331 13373 
14913 21017 
22645 25538 
12494 27103 
5742 19061 
29907 29999 
11564 26770 
2316 19563 
21243 24921 
6070 12057 
14019 25702 
607 6452 
10517 17708 
4289 22185 
2625 29600 
28706 29787 
4782 14960 
20876 29632 
15552 24196 
22162 28058 
7158 17925 
28401 28898 
25417 29650 
18583 20219 
5500 8273 
12080 28392 
9341 18660 
3912 21681 
16805 24003 
4804 14276 
15688 28319 
2020 20620 
24381 27870 
28188 29228 
7511 28273 
9081 24385 
23583 27098 
14375 23074 
5534 16116 
10682 12706 
706 22432 
8671 11431 
7029 19700 
15060 22075 
19056 23808 
11463 14671 
20089 27523 
6591 16248 
22003 26488 
29266 29420 
26104 29271 
14770 18065 
28814 29959 
26859 29243 
20005 27105 
14787 28660 
11737 21670 
7039 12523 
10735 10753 
15901 27172 
21368 24876 
17719 22309 
10444 12533 
5682 18724 
990 25327 
10984 23118 
3570 18830 
24219 24219 
1045 16804 
13437 19409 
27177 28273 
14374 24472 
5198 29315 
21242 23861 
24549 24585 
13043 29706 
20692 22667 
23619 23883 
20965 27775 
25658 28570 
4812 5908 
19451 22434 
24749 25427 
2009 13251 
12286 23405 
22553 27898 
9042 9673 
28549 29775 
15452 22607 
9446 16418 
7632 23940 
21215 21615 
28367 28469 
15373 16313 
29579 29684 
10695 25610 
28981 29295 
21349 24976 
10398 18085 
6388 9296 
17476 21555 
24407 29422 
19991 27026 
24625 26148 
12886 17539 
23264 28612 
6046 8299 
16216 21470 
23825 27758 
4948 18383 
15275 16619 
14008 14128 
3367 27198 
481 24724 
28626 29439 
25379 26026 
28591 28877 
13619 26963 
2881 18093 
28944 29390 
21419 23665 
19828 21118 
23535 25788 
8446 14547 
16161 27921 
3965 29178 
21006 23251 
4662 25392 
15856 29103 
28858 29316 
29289 29441 
25410 28898 
8286 16724 
2260 6119 
28090 28731 
16168 24060 
1019 8569 
11871 18913 
18212 27496 
17814 25093 
3269 24364 
4326 21895 
24813 29807 
15678 25897 
17265 27626 
25347 26128 
11831 19431 
18835 28846 
5514 6859 
14937 26070 
22473 27702 
10413 19707 
9211 16162 
4799 28507 
8656 25486 
10221 25691 
24356 26008 
10429 23193 
25066 27458 
12755 23966 
18414 23762 
7851 22926 
9643 22585 
23932 26509 
4003 25372 
364 21293 
177 15742 
25636 28277 
6743 18913 
4972 6982 
20286 25198 
22800 28328 
8825 16221 
3292 22142 
10902 25137 
28092 29533 
25334 29914 
29607 29910 
6426 8365 
218 14325 
16030 23858 
16077 27244 
11500 22150 
6682 7619 
10250 26851 
21481 22826 
14688 18121 
27149 29412 
20096 23640 
11877 24024 
25359 28534 
28435 29281 
15559 21170 
26989 29316 
18917 21239 
18112 27793 
26906 27057 
4994 20886 
8904 27827 
5971 21049 
10762 20170 
22201 22463 
29549 29911 
10043 24482 
2078 20987 
26836 29161 
18192 23803 
3663 17478 
28281 29072 
2091 8599 
27730 29485 
28423 29785 
5247 23866 
14824 23932 
13680 27197 
11233 14652 
11536 28127 
16813 16961 
22618 26109 
680 9105 
26370 29837 
1289 10469 
18549 28599 
393 16305 
7616 19956 
12063 19767 
8396 23506 
18589 25710 
15327 18301 
3197 26059 
23422 27282 
23493 27425 
16420 23956 
19142 23075 
18736 21339 
17172 25099 
11177 22318 
18455 29930 
5416 28599 
25913 27291 
23306 26239 
29532 29828 
12892 24559 
1982 16106 
17299 25462 
12747 29773 
2701 25920 
11512 13806 
27082 27398 
20692 22414 
7727 17064 
27908 29052 
19909 23469 
14762 23784 
16283 19017 
13186 19754 
1590 2472 
1685 3039 
12063 18225 
4923 11445 
17789 21680 
23461 27567 
3104 16903 
5448 28283 
11905 16074 
9933 24149 
9521 17329 
11573 22653 
27619 29506 
19150 26377 
16640 26538 
1337 5325 
5435 11832 
13568 20207 
13738 26463 
933 17917 
6451 20212 
28477 29876 
22636 28493 
2301 2877 
14759 18907 
27129 29324 
17159 18962 
10204 12722 
15371 24440 
27484 27744 
20358 29623 
27118 28936 
9631 20842 
13501 16141 
24455 26454 
9736 24657 
19733 22678 
27350 28114 
12863 28376 
22059 29041 
15311 29679 
4701 16625 
26293 28427 
14012 24984 
17815 20513 
23265 28108 
24006 26723 
14570 19677 
29989 29991 
2092 3200 
7828 17955 
22201 29358 
4586 25344 
4552 29749 
224 18973 
8053 25024 
23472 28099 
21808 22811 
10565 21727 
19927 21619 
20148 29553 
16639 19064 
23636 27281 
25064 29634 
5573 25066 
20119 23071 
20742 24679 
6331 14342 
12872 25770 
23110 29058 
14962 23510 
5041 15675 
1264 15371 
5083 8318 
3757 9598 
26099 28233 
12163 23691 
23928 29445 
24541 26375 
28134 29097 
23073 29855 
25020 27999 
7052 12961 
26041 28790 
29412 29871 
27584 27659 
6930 9867 
26381 28994 
5334 22070 
7863 29139 
3251 25569 
3286 6823 
13967 27678 
2569 5426 
26571 28341 
19163 28726 
5329 14193 
13560 14397 
7530 11522 
27108 28290 
28298 29642 
4267 14731 
9083 12388 
12450 28901 
3942 15568 
17024 20953 
7185 18037 
13734 16276 
7176 14078 
29535 29896 
2441 29435 
17954 28169 
5761 27806 
21655 26450 
2115 14805 
22939 29139 
14520 25914 
29593 29661 
3071 4231 
4736 19669 
28287 28471 
6158 22958 
24581 26564 
28712 29394 
11471 19247 
25637 29263 
11164 26213 
17935 18528 
8083 22313 
21611 27405 
6991 7181 
9136 18727 
24870 26543 
11905 13464 
25852 29892 
5468 17046 
2373 13303 
2031 12908 
12714 17684 
2374 11892 
1616 14371 
12711 19038 
24640 24652 
18995 28548 
7374 29395 
104 8838 
26244 26618 
29783 29922 
28852 29151 
15723 21832 
22947 24470 
6439 27876 
22305 24609 
13071 16836 
1918 6765 
1552 3678 
20799 25750 
25168 25476 
5790 20875 
6854 21623 
1886 23308 
10001 10882 
22065 29742 
27340 27567 
9418 20559 
7473 11941 
28092 28685 
15309 28951 
15327 22598 
5166 7863 
25634 26200 
28792 29492 
3025 22310 
22542 22905 
9960 18310 
29633 29817 
6664 21384 
28840 29230 
29226 29605 
25630 29663 
18764 29613 
23249 24494 
22484 27689 
26398 28851 
17702 21439 
14965 20361 
29603 29751 
20922 29984 
13138 26294 
26750 29627 
20965 21113 
602 6268 
1704 25894 
27052 28015 
24014 24504 
6275 20691 
192 28075 
29626 29761 
1057 12860 
2815 14906 
24983 28457 
24166 26313 
7193 26494 
2802 7242 
7923 11957 
7968 11475 
4427 27323 
11880 16429 
5669 24223 
11815 15274 
9588 13311 
16483 29546 
5242 7498 
16360 25698 
6976 18157 
15507 15878 
25742 28495 
9817 28759 
21401 21757 
13482 23018 
22854 28846 
13689 20917 
27936 28060 
28337 29865 
7042 26125 
25177 29873 
7150 11437 
19920 20111 
2140 23457 
12657 16334 
49 16856 
26885 27363 
13971 17600 
1069 4642 
21821 23768 
19922 27237 
3441 26765 
6802 21168 
11069 20060 
27533 29047 
9958 25748 
10761 13564 
9773 13481 
12418 13700 
15015 27531 
29746 29935 
20925 28301 
6861 28927 
15680 19655 
9359 21154 
14101 16046 
1754 5525 
6286 22223 
26418 28060 
16146 22587 
16394 29807 
4493 21809 
1499 20633 
1766 28895 
18362 22151 
26333 26394 
15643 28438 
9538 11269 
6161 10292 
3071 13092 
10774 21038 
26625 28138 
20511 27133 
4223 20840 
343 24499 
27820 29567 
24170 24230 
21181 21981 
10058 25890 
18273 25205 
28288 28778 
13231 15697 
20344 25034 
16415 27441 
22406 22462 
8060 12798 
19853 22227 
13574 20966 
27428 27865 
28841 29363 
26256 26696 
9959 14543 
16397 21887 
15327 26064 
12754 23827 
12443 27962 
6577 13303 
19124 24837 
6273 23363 
24681 25891 
11879 16934 
21042 29524 
22712 24192 
20254 27162 
11602 14248 
29695 29977 
25547 28764 
7319 18910 
1407 27710 
10437 17589 
11455 25114 
16448 26023 
24809 25040 
13783 15626 
27784 29024 
8166 13308 
27440 27831 
9486 26656 
29004 29325 
24842 26454 
89 2919 
19658 20059 
8420 11894 
1346 17647 
20636 23661 
23176 23723 
26267 28281 
20197 27611 
17099 20288 
26563 27067 
22358 23555 
8701 12441 
13189 26687 
14732 19152 
18221 20673 
25017 29556 
3582 5169 
5936 22348 
17176 25150 
5599 10916 
18562 29168 
9770 16711 
6474 18119 
14726 21553 
5131 26936 
15592 16285 
23549 27757 
24078 26845 
29402 29444 
15547 23708 
12590 22503 
617 6996 
26745 27912 
7121 29710 
25594 25909 
7900 29076 
20266 20804 
26066 26937 
27392 27885 
26061 26144 
2842 25162 
23892 29464 
110 17736 
28752 29154 
18401 25612 
14609 22239 
7334 25351 
13007 27075 
6258 15066 
14701 15625 
1416 25535 
6084 9678 
17193 24890 
9200 22689 
6998 18020 
19028 24531 
9242 10780 
27856 29846 
8641 25692 
26827 27874 
21293 29109 
13506 14584 
14166 14977 
25969 29572 
16875 23187 
25287 27341 
13258 20267 
28569 29958 
8457 11565 
13809 19182 
120 16487 
25477 25509 
2890 16078 
1375 23470 
5520 28093 
3433 5054 
12916 18212 
27174 28741 
20795 24799 
21372 25962 
29635 29878 
17132 24996 
22635 25862 
27928 29562 
1614 15450 
7306 25582 
14638 29727 
18612 20479 
17719 28252 
8879 27421 
16190 26953 
28235 29863 
19529 28722 
23057 29191 
26236 26758 
4828 19541 
8013 29904 
24858 26140 
27955 28068 
8145 22909 
25504 27012 
4659 16620 
26798 28852 
13819 23220 
18429 24305 
6701 6925 
1494 9086 
3393 28171 
20904 22100 
4063 22040 
5086 8363 
5781 21724 
4751 26370 
4612 22035 
19313 20032 
14590 18308 
9979 28035 
20793 29761 
6797 10378 
27819 29719 
5204 28471 
2427 5583 
26799 28644 
7993 23375 
387 14712 
28245 28399 
7964 8302 
25422 25730 
29017 29344 
14344 23963 
28987 29701 
6366 12670 
19565 23325 
8566 19756 
6825 15276 
18818 22496 
6591 29490 
7914 8217 
25661 28383 
19451 23422 
21336 22216 
4430 19443 
18257 23238 
28303 29136 
9621 14445 
8075 19921 
27338 28151 
23586 29807 
1840 4218 
28789 29811 
17693 24040 
15497 16432 
7045 24178 
28632 29154 
13709 21387 
2127 27244 
19982 28044 
25033 29877 
1313 13743 
13608 24080 
21312 29516 
2575 24083 
15094 18513 
4385 4880 
12225 25068 
16696 18108 
6243 21039 
23759 23787 
12666 20876 
8397 24941 
1368 2250 
27228 28077 
16112 25697 
28764 29756 
8409 27134 
16595 27365 
8793 17909 
18465 18878 
17857 28330 
22519 28327 
10054 29712 
13656 29559 
14619 28147 
28517 29228 
25906 29256 
2593 16806 
16261 29157 
14984 26285 
27577 28816 
22627 28641 
5642 10956 
15501 29517 
21873 28710 
22220 28848 
1210 27845 
13718 28704 
5014 21679 
23160 23251 
10242 25961 
8002 25641 
9948 16746 
5402 22907 
17794 25707 
27788 29120 
13350 20789 
28915 29658 
7374 20959 
534 647 
19669 24730 
20887 24394 
17014 22185 
15545 29165 
21286 26429 
25574 28690 
27517 28945 
4937 24443 
28294 28749 
10275 27743 
2076 4601 
6354 14771 
25405 27309 
2874 6177 
11077 12652 
2067 22309 
7828 27217 
5179 23994 
4537 24739 
3438 7139 
6378 26549 
28706 28892 
26101 28246 
19907 26167 
12388 13040 
22804 25227 
2733 29206 
10418 28489 
2221 18749 
20464 24473 
17295 23829 
10818 24899 
28479 28639 
15311 18506 
17629 18897 
19967 23746 
17729 18254 
12734 19383 
4088 24942 
2922 6930 
25326 28209 
3189 3627 
29180 29947 
2188 8292 
29329 29984 
2902 6472 
19269 20510 
16586 29648 
22412 28729 
16835 19191 
28758 28848 
15992 28674 
8121 20845 
19681 28017 
23936 24910 
14906 20162 
22016 25208 
15606 25639 
16248 19571 
28880 30000 
20341 26792 
602 1224 
13653 28218 
6944 18050 
16299 28374 
2929 6472 
214 9148 
4023 18290 
21674 22649 
4561 14346 
21132 26980 
26390 26712 
3502 14574 
6447 12892 
17695 20503 
27704 29535 
18517 25459 
29535 29954 
22056 29253 
20638 28913 
4220 18347 
28462 29057 
2013 25164 
20571 23206 
11645 28859 
4927 18938 
8141 25807 
24734 28467 
4830 22805 
23488 29579 
6869 26929 
8619 9342 
9721 18923 
16978 21110 
11665 11847 
15914 22549 
22641 23707 
25719 27194 
14663 15704 
19954 22919 
1085 24228 
17977 19156 
16666 22180 
21329 29019 
2503 9226 
8963 29974 
18144 28357 
4009 24852 
27261 27903 
26990 29247 
9929 23300 
3606 11469 
7821 29904 
20366 26391 
12493 12794 
24904 27773 
16095 16218 
19987 29538 
29816 29987 
28880 28951 
9962 27887 
1116 22478 
28631 29344 
18478 25977 
28963 29924 
19859 28411 
5853 24179 
28326 29611 
17517 19562 
28850 29667 
11142 29664 
6979 11544 
12865 22148 
2704 4323 
2836 27190 
12793 20661 
10384 12068 
24292 26986 
28461 29190 
14315 22262 
22046 24739 
20737 22082 
24281 29795 
19047 24902 
995 2887 
11670 29345 
22713 28827 
13084 14063 
8318 17606 
5547 7968 
16111 23400 
16687 18759 
1506 10963 
18371 28486 
18355 23200 
24253 29116 
21412 29868 
23765 25972 
6438 16564 
28438 28914 
29899 29938 
9613 17036 
28063 29462 
16499 26486 
23950 29563 
24259 27994 
11099 27768 
12870 24254 
8267 13740 
23201 24641 
9471 15488 
29540 29571 
11816 20668 
20552 21405 
25288 26692 
7950 17297 
23146 25470 
4826 17345 
26853 26990 
16735 26237 
16393 25945 
16718 23043 
1880 12440 
23213 26168 
27021 27946 
29750 29927 
14249 19944 
17939 21526 
9528 14416 
20376 24466 
3593 13831 
25030 25611 
29803 29973 
2870 29054 
12791 17778 
29362 29657 
25137 28618 
8528 25337 
11973 21684 
13530 18117 
1495 2008 
16972 22804 
14101 29787 
3163 6459 
14460 25758 
5671 21899 
29545 29803 
16153 17058 
18690 22117 
4602 4729 
25674 26917 
21115 24879 
1471 23940 
6297 11464 
4458 7282 
18754 19565 
10928 23725 
16690 25722 
22722 27486 
19145 19788 
18761 25801 
18301 20635 
22158 23973 
13591 20896 
27641 29200 
27723 28354 
10094 27246 
7114 16205 
18180 27904 
2497 27564 
21766 22476 
24114 27638 
28511 29902 
2358 19608 
5922 12266 
13935 17899 
23872 28707 
15051 27675 
9877 25516 
12891 20147 
13130 16548 
12294 26100 
15829 27487 
18680 22224 
29906 29972 
5750 28386 
10303 19137 
16281 25807 
22431 23685 
12829 21945 
1922 23853 
7255 25204 
9184 10031 
21845 23578 
8392 28830 
12330 24297 
4173 12818 
16169 28881 
21848 24711 
8207 20848 
27723 29925 
10977 25331 
3246 21843 
20810 26732 
3288 23814 
14551 28372 
19680 27713 
4493 22280 
11377 26558 
3544 10406 
28319 29656 
9942 25569 
23430 28007 
14344 21786 
17466 22644 
16292 18537 
22089 27156 
12381 28979 
5252 25651 
4165 13933 
3603 8216 
20406 29158 
4077 16830 
15423 24018 
26440 28450 
1780 19516 
16212 18255 
12742 25873 
5973 27796 
26304 29429 
11608 28280 
28874 29655 
21837 26304 
7792 15725 
24142 26216 
111 403 
11691 26314 
10323 26681 
8804 14607 
17118 24882 
29482 29995 
2235 5143 
17376 22701 
3775 7620 
23531 28388 
10023 10634 
21899 24915 
26689 29440 
15243 26662 
16475 17845 
21915 24369 
28014 28464 
20633 24102 
3315 18503 
19157 22006 
8760 28549 
28797 29292 
18620 19002 
2675 16611 
29099 29533 
11422 17939 
5803 17440 
7592 23158 
4855 6031 
18877 19166 
22481 24093 
18425 28665 
29163 29303 
4414 6871 
2431 16298 
15830 16464 
20094 20756 
4604 9598 
7617 28829 
21825 24466 
12148 15006 
6340 10251 
9191 15556 
10137 26227 
15307 17976 
8890 13265 
6795 20652 
18394 29704 
576 22834 
19160 21263 
11745 13611 
12314 15646 
20579 27391 
4151 10129 
9181 11499 
18874 24496 
3875 23863 
26037 29742 
12923 14653 
22378 23950 
16291 29170 
8576 10969 
4854 26610 
12019 26745 
5815 14507 
29971 29993 
28039 28887 
17154 25737 
28826 29170 
6250 21637 
22778 27138 
4667 7434 
22287 24785 
8507 28743 
14689 15637 
9905 18025 
27420 28148 
12194 20420 
16338 25040 
10615 15724 
13142 25204 
28936 29678 
13055 23666 
13388 16147 
13752 25147 
2308 18511 
19916 22724 
19188 24724 
22372 23125 
8600 15149 
13191 25498 
27991 28972 
29044 29910 
18950 22820 
12058 12682 
16830 22217 
8787 23681 
25106 28727 
16580 29577 
29019 29531 
2705 10241 
5544 7456 
16521 29215 
23433 23899 
8740 24275 
8632 12840 
10843 17792 
16847 26149 
13009 27839 
13721 26402 
27220 29554 
9652 22783 
28102 28625 
3802 12201 
4245 8715 
215 10333 
12429 23049 
14805 23907 
910 7896 
16587 26352 
5957 29926 
17333 27625 
29080 29460 
7770 24485 
9932 13624 
8468 16995 
5184 16030 
16661 28308 
23204 26883 
15942 19948 
28047 28491 
13106 13898 
6492 24674 
15752 21653 
25248 26624 
16481 27038 
7905 8717 
23777 27704 
9550 26566 
97 18662 
2710 8796 
277 28023 
29747 29782 
26767 27633 
24291 24785 
16037 26385 
23284 26934 
7886 13297 
23158 26396 
12009 22155 
24819 27577 
26161 26442 
13406 22858 
12787 14752 
21728 24402 
8972 28044 
24084 26662 
12793 23429 
26261 27762 
18942 23502 
5219 11305 
26144 27503 
7190 12243 
24369 26626 
28893 29275 
1040 7160 
26123 28512 
20648 28643 
4428 19525 
18665 22783 
9899 13135 
14241 23512 
27700 28213 
9468 20910 
9627 23415 
10124 29669 
4075 27761 
27197 29029 
11558 17598 
14708 25175 
26156 26901 
29859 29887 
11462 20771 
22802 24608 
202 8547 
1699 12680 
16204 29173 
5313 15495 
616 21568 
20319 28927 
4519 24763 
20437 29908 
12377 20917 
24029 24379 
24880 27604 
13539 20995 
21909 24320 
17479 22154 
29574 29727 
14530 22875 
7703 22010 
8733 17953 
15360 27589 
15048 20453 
4284 15855 
27116 27456 
20799 25888 
29282 29308 
20434 26894 
16082 29678 
23915 27932 
21200 22120 
3945 5881 
11996 12786 
21736 29526 
24561 25991 
633 1270 
6122 25091 
27262 29641 
9207 16743 
4845 17969 
12423 14931 
5190 25877 
7523 25439 
19908 23436 
24739 28032 
27304 28393 
9923 20053 
11758 18974 
4497 4770 
16271 17518 
25268 29825 
26808 28202 
11206 28231 
26823 29829 
3166 22516 
4681 15567 
25852 28712 
20172 23946 
6329 20289 
17928 19960 
20576 23986 
20307 24883 
22024 23547 
22400 26324 
12284 19560 
20019 24569 
24596 26183 
10331 12142 
28968 29710 
17574 21750 
4463 14331 
112 5212 
29815 29971 
20902 29158 
18748 20846 
10679 12634 
3475 27200 
24205 24807 
1097 19225 
1190 23611 
2726 18172 
6193 25992 
26264 27958 
26976 28050 
18670 28201 
8534 10240 
2163 11221 
9142 25964 
17181 18899 
22754 29596 
22385 27093 
22275 25351 
26363 27435 
17045 29010 
23701 24118 
24431 26791 
18787 25919 
22038 29445 
7992 14628 
12854 26345 
21314 24181 
13206 14354 
23897 24483 
5121 5300 
21746 26316 
11381 20144 
16748 23861 
29778 29799 
10781 11734 
15300 21237 
25863 27954 
18173 23517 
24547 26601 
9296 27997 
29095 29484 
19775 24342 
16943 20091 
11494 15840 
18123 29133 
3357 9688 
14963 22128 
17679 28647 
2418 25950 
17828 28805 
26813 27767 
17323 23317 
18060 21979 
18615 29333 
17212 24126 
29233 29249 
22320 26206 
16020 17559 
6729 28634 
26988 29925 
6546 25842 
27457 28477 
8982 29568 
9432 18794 
16542 25690 
12691 29010 
5807 13063 
2836 17205 
22915 29236 
28558 29294 
6945 13373 
17770 20360 
27280 29054 
6735 18276 
25805 26141 
18613 23830 
22487 24047 
8619 24043 
20764 25455 
22271 24070 
18818 21044 
7450 9425 
20082 26969 
14339 19454 
10894 21374 
8569 22575 
12291 24940 
12366 29474 
7158 22080 
6857 13277 
21207 29318 
14479 20081 
12101 25201 
23645 26836 
730 16180 
1906 25090 
19443 23885 
27938 29506 
6607 25678 
3931 7207 
21315 23193 
27089 27225 
17340 26535 
5492 20289 
11175 28401 
10200 11001 
626 24431 
6700 13519 
19908 26752 
11929 18048 
10133 18061 
14804 20001 
10 9887 
11182 24455 
10066 29553 
22906 25709 
26037 28824 
4421 18033 
11024 26911 
8048 20322 
28316 29998 
29397 29574 
13366 26235 
13997 19525 
7875 27103 
13081 20807 
7683 10931 
29357 29489 
5001 27393 
17972 18767 
10834 22090 
7362 27633 
4189 9615 
5192 23018 
6921 18899 
10877 23876 
26234 26614 
7406 25962 
22354 26993 
16924 23501 
1769 2785 
29702 29857 
6074 8937 
17849 18365 
17580 24453 
16979 18026 
9108 16621 
20200 22338 
13241 18392 
5411 25684 
24386 26853 
23324 28531 
25207 28882 
24013 28918 
18635 26512 
2543 14157 
14699 21223 
12642 17816 
6128 8102 
9513 10251 
20877 23068 
23914 25486 
26976 28070 
10516 20793 
3816 17538 
29332 29487 
5502 13941 
11346 18954 
6360 8300 
17352 21005 
7843 26605 
27369 29996 
12810 15020 
1933 17865 
24597 29489 
17971 19836 
449 23292 
21623 27372 
11957 12106 
19321 28959 
19910 26659 
4891 7747 
12312 12648 
26811 28374 
4996 20692 
7039 13283 
15920 26698 
15367 20046 
12584 28298 
18125 18184 
6223 14427 
4477 8369 
1181 15686 
23083 27221 
23195 27506 
26615 27736 
18521 29287 
10825 25978 
26403 27146 
15521 18891 
8336 24735 
16989 26375 
24562 27048 
24490 27954 
2107 12193 
24612 26219 
29281 29916 
25335 28412 
28465 28710 
14073 17083 
14538 20068 
19350 23963 
728 24036 
3709 11418 
13732 29175 
24694 27560 
12974 19620 
7041 17352 
22394 26182 
22637 26063 
24059 24589 
7811 13285 
1114 25442 
6170 8962 
305 12314 
7680 11046 
12554 15114 
15342 29627 
862 26870 
18162 21480 
15905 18993 
15609 22454 
29857 29887 
12198 29157 
3815 22840 
2548 13595 
4108 4536 
17365 27449 
18532 29336 
28339 28388 
2912 29470 
8353 8424 
15740 22548 
12664 23098 
28503 28551 
27001 28498 
14955 26607 
26081 26918 
17442 22427 
4467 25232 
3017 19234 
14616 15188 
15642 16704 
3535 11207 
3880 21810 
7209 25917 
8659 22308 
9068 17582 
19360 25807 
13595 28981 
1167 19779 
3055 18075 
8084 14276 
22673 26006 
5576 12323 
24006 24725 
12699 20592 
4667 14737 
16185 17296 
7351 16894 
22872 23843 
24582 28062 
7382 15074 
7338 21230 
19581 29365 
10659 16501 
14616 19143 
24794 27417 
24943 26655 
23111 28709 
12970 29618 
16222 17810 
11465 16607 
29739 29859 
15357 16460 
11450 25538 
9102 18559 
28142 29783 
24038 27226 
12005 16385 
22332 27339 
6054 28349 
16019 21228 
7790 16646 
14755 24290 
9258 20523 
15665 27141 
19236 29273 
28641 28760 
2535 29668 
10721 13195 
8190 18758 
11 23882 
5402 19785 
722 15507 
2875 20037 
1260 6217 
8693 26052 
2358 18155 
29650 29992 
28376 28493 
21791 25785 
6216 16145 
24100 26600 
9698 18498 
6872 21390 
666 2209 
13104 26668 
26808 28855 
23612 28318 
1659 8806 
18516 22467 
18637 23775 
17254 27284 
13603 28337 
4693 8130 
13163 27663 
6466 10698 
19865 24083 
8332 27873 
11672 25469 
12119 20447 
5044 11400 
22803 24836 
730 13302 
19472 25895 
101 13197 
18659 22315 
21876 27920 
25674 27048 
17140 24470 
9489 22703 
4624 20863 
26792 28926 
26012 28724 
25792 27932 
27931 28733 
20684 23479 
6179 16001 
15171 29869 
28735 29442 
1054 18831 
955 1610 
4628 26187 
12311 24079 
19972 28704 
25318 26235 
7247 19218 
13370 21585 
18398 29253 
4146 23518 
8385 27809 
12545 14239 
12135 26566 
4452 29794 
2556 6254 
15379 24781 
26935 27187 
28458 28875 
4693 20687 
23458 28632 
26728 27878 
15363 21421 
17523 29757 
3135 17991 
26222 28048 
21572 22837 
22781 23710 
13666 25026 
18992 19780 
5503 25937 
7138 28052 
13697 29577 
29518 29544 
9650 19660 
11437 19889 
19970 20802 
5040 28969 
17376 19579 
26314 29109 
215 27103 
16973 26357 
9426 18076 
9263 10588 
17183 17826 
26577 28502 
15602 21367 
3287 11085 
19963 21209 
20271 22934 
16776 24363 
27241 28823 
28708 29142 
14388 24057 
25495 25782 
23018 29607 
19271 20815 
662 7639 
6825 12472 
