10000 10000 
2380 8651 
4682 6496 
367 2997 
888 7960 
900 7196 
1292 5326 
14 7740 
6770 7404 
3604 8172 
7998 8970 
1217 3107 
5579 5807 
9367 9993 
9626 9723 
8253 9916 
6891 9684 
3905 6059 
8751 9477 
5357 9656 
4598 9439 
3316 5867 
1666 3850 
3636 8434 
6598 7570 
6707 6741 
4457 9838 
9989 9991 
8070 9090 
8616 8707 
9753 9819 
6438 7790 
4328 4403 
1927 3209 
9220 9533 
6560 9368 
353 6102 
7852 9401 
9317 9821 
432 4519 
4786 8431 
3051 4149 
303 5962 
541 3695 
7593 8183 
3187 8042 
3888 5162 
2244 3490 
1871 9036 
4722 4934 
9291 9851 
5496 7879 
9557 9903 
6929 8692 
8645 8905 
9640 9942 
5934 6388 
8904 9759 
695 6271 
6788 9937 
5979 6000 
9330 9630 
955 5038 
869 3731 
3422 8294 
8741 9045 
452 1286 
833 7409 
4079 4624 
2832 7238 
7359 9646 
6462 7264 
7231 8017 
1542 8235 
688 2223 
3771 4557 
5787 9477 
499 9343 
7042 9890 
4134 5456 
6855 9451 
737 7648 
4713 6493 
3166 6241 
4177 5100 
3951 8298 
2697 3984 
1302 2943 
4522 8807 
5171 7149 
4607 6645 
8215 8833 
6706 9883 
4979 9433 
2572 2938 
2141 3810 
7504 9639 
8338 8884 
688 3103 
4719 6525 
3245 9420 
8355 9623 
8345 8719 
9450 9790 
9186 9649 
892 1097 
6504 9615 
8583 9562 
7183 7814 
2722 8403 
1926 2535 
5219 7733 
6086 7626 
4834 6940 
6812 9552 
5833 9042 
6956 9458 
5466 8579 
4786 8253 
9215 9378 
4622 5163 
9637 9739 
5419 6065 
8592 9803 
289 5167 
6010 7957 
2325 5949 
5304 6076 
2985 9798 
8135 8806 
8756 8898 
501 613 
4203 6101 
9181 9743 
8565 9449 
4715 7224 
4745 7969 
8080 8479 
855 1697 
9129 9360 
6043 9220 
618 2929 
8126 9080 
1490 6659 
2871 7070 
7838 9132 
8311 8731 
4308 4392 
2300 6935 
486 5152 
3954 8803 
7760 7884 
721 6347 
5928 9987 
7015 8781 
4373 8020 
3163 6733 
6188 8097 
1535 8115 
80 2132 
2912 3201 
904 5556 
2814 9390 
2521 4829 
4784 6766 
2159 2983 
2618 4900 
8897 9380 
222 446 
1788 5319 
5108 8141 
9188 9753 
4398 6719 
2361 4776 
457 4284 
5469 6767 
8046 9646 
2 2481 
5508 5759 
8523 9489 
2168 2924 
2104 2804 
4812 7998 
3548 4074 
5596 6685 
8397 9437 
2491 9272 
3316 3855 
1524 3485 
3260 8221 
5391 7637 
1058 8074 
5514 5787 
7670 8641 
9680 9799 
250 1165 
4966 5689 
7358 7373 
8508 8708 
9722 9998 
3896 6694 
9581 9629 
9338 9759 
5009 8132 
7725 8634 
5650 8134 
8332 9085 
793 9471 
3546 6852 
460 4792 
3499 7670 
4224 6513 
937 8136 
6453 7303 
5520 5838 
7654 8060 
5841 9424 
8376 9152 
2472 5799 
2900 6801 
6124 8694 
5631 6399 
9732 9749 
186 2954 
2689 7601 
9419 9456 
175 1360 
5878 6679 
1616 4744 
8138 10000 
875 4820 
9175 9702 
1955 9455 
4139 7743 
5163 5633 
1863 3987 
5394 9467 
9968 9990 
7943 9540 
2131 5226 
7164 7295 
3039 7253 
4940 5492 
1597 7642 
3331 6594 
3354 3799 
9872 9921 
647 5130 
6619 9996 
777 5888 
2813 4220 
1074 7844 
6687 8312 
971 3064 
6118 6278 
1090 5149 
9824 9886 
999 1024 
6092 7373 
6523 8774 
6054 6180 
1714 2342 
3177 4747 
8446 9932 
8412 8435 
8557 9653 
3213 9351 
9314 9447 
8870 9275 
775 8088 
4482 9382 
892 1643 
5952 8314 
4138 7670 
2142 5563 
8099 8375 
1492 4815 
2898 7550 
1316 3136 
7285 7487 
6146 9238 
9542 9884 
147 9329 
1453 3661 
4768 5772 
5334 5691 
4750 7571 
7699 9491 
8270 9909 
4124 9873 
2593 3780 
1264 8312 
1063 3315 
2786 5474 
7175 8290 
6736 9132 
4463 8804 
1046 8320 
2576 9017 
7510 8637 
2589 7556 
7451 9952 
9633 9900 
2088 5304 
1148 6607 
5028 7312 
4678 6301 
6756 7329 
7194 9082 
211 8109 
4401 8752 
6691 9455 
3743 8218 
1699 8470 
9265 9498 
6753 8280 
229 1233 
7617 8590 
7623 8511 
9867 9888 
2762 2951 
2324 8732 
6578 7479 
3817 5216 
7229 9725 
4076 7925 
9696 9932 
7724 8732 
5441 9161 
7865 7960 
1426 5616 
123 3186 
6826 7492 
1343 7763 
4182 7275 
2910 5310 
3433 9284 
8325 9447 
79 4134 
2232 5699 
7235 9980 
4414 7096 
3737 8266 
7764 9663 
5566 7344 
2924 7563 
5914 8413 
6928 7044 
158 703 
7827 9419 
4096 5295 
9669 9842 
9571 9624 
6178 7225 
9367 9952 
6030 9285 
7986 8696 
4340 6183 
2590 3214 
8846 9547 
802 2963 
6241 9761 
155 1435 
4144 8749 
5195 7724 
2246 3255 
3459 5756 
8864 9982 
5396 6861 
171 7489 
4176 4332 
7217 8923 
3523 8282 
5023 9756 
8272 9601 
1224 3858 
1308 4973 
7902 8139 
5918 9514 
8945 9042 
728 4387 
9918 9940 
7877 9485 
2264 5877 
4047 7386 
8926 9484 
9415 9562 
292 350 
6793 7633 
6457 9482 
4627 8225 
2649 6674 
4427 5199 
4301 9591 
4501 9753 
2555 3507 
9395 9651 
8764 8931 
4909 6252 
8103 9358 
3168 8964 
6361 8249 
1252 6284 
2280 6910 
7263 9099 
9162 9920 
8012 9355 
6885 8903 
3609 6998 
7930 9725 
9936 9987 
578 4438 
9010 9959 
7315 8492 
7933 8646 
6932 9218 
9017 9996 
153 3798 
5469 9166 
8277 8557 
8389 9945 
1197 4670 
7388 8340 
4954 9696 
3244 6454 
6687 8485 
6147 9379 
3260 9966 
7392 9270 
5455 9324 
9799 9898 
1311 7993 
4438 7587 
7442 7857 
9521 9985 
9489 9610 
792 9838 
891 4286 
8440 9271 
2900 4844 
4320 5019 
9276 9545 
5646 7549 
2816 8729 
5598 6204 
5532 8260 
6617 9109 
522 6855 
4324 8155 
1280 2442 
2205 4906 
4379 9811 
2802 8679 
3804 9792 
4574 8596 
1503 6674 
1786 4765 
3038 9549 
1084 6073 
1260 5706 
9584 9856 
3887 6838 
1332 4858 
8109 9244 
3910 3929 
1380 3549 
7752 9675 
9976 9981 
6121 8151 
2677 6893 
3650 7600 
7931 8433 
1656 4984 
1373 2633 
5936 6505 
5562 9959 
4511 6358 
8487 9421 
6682 7985 
2119 4679 
1814 6680 
6061 7243 
4082 6079 
4452 7909 
58 7740 
3904 9708 
2126 4256 
444 8744 
3367 7751 
7800 8886 
3552 3783 
2278 5398 
3706 9813 
6763 9047 
4584 8487 
8860 9838 
4762 8289 
9931 9959 
6049 7438 
2430 7810 
846 7928 
5887 9370 
875 4099 
2046 2501 
7848 8659 
6347 9144 
6176 6962 
8266 8604 
2600 7232 
2662 3565 
9895 9928 
1099 1495 
270 643 
5541 7945 
6535 9223 
9541 9755 
6026 9074 
9989 9998 
4304 7905 
1524 6496 
9102 9444 
7024 8573 
8747 9549 
3400 7531 
6752 6937 
790 6124 
3966 9062 
4651 6896 
7062 7484 
5610 7875 
7059 9641 
1812 7799 
3102 6330 
1054 9593 
3727 9863 
543 1458 
6289 9134 
248 7325 
134 7762 
3205 9558 
1634 9247 
9900 9903 
3813 9923 
7199 9169 
6283 7834 
6846 9067 
8703 8779 
4865 8337 
8414 8954 
7332 8032 
9123 9629 
6189 7690 
1430 8864 
4114 9771 
3193 6421 
8566 8925 
754 4271 
3754 4145 
1967 8739 
7662 9791 
346 6205 
7144 7929 
7576 7607 
3515 6126 
9735 9810 
2079 3913 
2767 6865 
3146 9776 
7385 9706 
6913 9186 
6141 6886 
2656 6542 
7330 8759 
7526 9474 
6826 7251 
5137 6623 
5416 9694 
5766 9942 
8077 8514 
924 5372 
8862 8955 
1150 4183 
5610 8190 
1290 3492 
6255 6839 
2830 3190 
3762 8020 
5035 5127 
9818 9826 
8727 9452 
2438 6996 
1710 5056 
3493 9961 
8054 8661 
5102 7013 
8748 8845 
9540 9756 
3313 4417 
3592 4274 
3210 6346 
3889 9457 
1667 4733 
171 7184 
9357 9532 
4092 8672 
2025 8015 
4730 6895 
7440 8550 
3759 8398 
8965 8994 
885 4745 
5398 5631 
9366 9932 
2227 6588 
3427 9168 
1111 8707 
5279 6048 
5404 8227 
789 2308 
558 6500 
6256 9929 
2691 9662 
4073 4499 
8473 8594 
2821 7644 
4786 6533 
4175 5668 
5600 6788 
699 5892 
6129 9266 
9072 9233 
120 9845 
836 3682 
7234 7973 
572 2914 
2655 7724 
9714 9991 
1168 3959 
4117 5956 
3346 4634 
5711 9310 
5212 5733 
1776 7956 
790 8366 
7105 7129 
4635 8555 
973 7225 
8728 9066 
4623 6470 
8746 9319 
3933 7100 
7073 8080 
3311 7011 
7402 9048 
34 5478 
3003 6982 
6367 8437 
8972 9783 
9757 9800 
6385 8581 
3412 7335 
622 9840 
5826 7503 
2043 7088 
3163 8350 
4125 6660 
1090 5807 
18 4461 
5111 8582 
1970 5894 
2282 8854 
8620 8839 
3880 4174 
762 3970 
8791 9284 
6230 9316 
1529 4789 
9820 9866 
9519 9664 
1912 3279 
6427 8736 
8361 8839 
2454 9736 
5762 8284 
919 9368 
5269 5894 
4652 9752 
3281 4313 
6606 7089 
5114 9828 
4874 7272 
7606 7965 
481 1235 
7626 8729 
7226 9651 
7287 9643 
1171 9266 
1340 8258 
5342 5916 
3236 7477 
5439 9863 
8525 9645 
8317 9343 
1292 6150 
5016 8043 
4779 8327 
8562 9941 
9479 9995 
7351 9739 
7339 9916 
1381 8191 
3843 5827 
5327 6109 
6097 7243 
3799 4314 
587 6779 
4309 5237 
9619 9900 
3648 8701 
5634 7016 
3309 4752 
7437 8261 
2150 4801 
2326 5703 
8076 9309 
6298 6355 
3509 7508 
8795 9586 
3915 5697 
5733 9391 
8268 9957 
4468 7497 
5359 8698 
9242 9482 
5500 5623 
8752 9674 
607 2054 
1866 5606 
1076 8116 
5345 7999 
7575 9653 
41 6881 
8043 8242 
9693 9806 
1193 9240 
6729 7633 
9308 9844 
4387 8464 
2419 2915 
3611 6102 
9755 9938 
9722 9972 
5696 5837 
9688 9751 
3411 3774 
6313 8716 
5391 5699 
5308 9458 
2008 7492 
309 6537 
2772 3676 
9625 9675 
4143 5510 
8175 9409 
9703 9899 
9488 9633 
7493 8375 
6894 9071 
6816 9548 
2736 6342 
3277 4112 
5155 8656 
2531 7023 
2844 6570 
7219 8973 
4377 9650 
7867 9817 
6465 9985 
4276 4523 
338 7748 
6435 6649 
2012 7177 
5795 9149 
4171 8280 
9758 9961 
4890 8613 
9031 9979 
8629 8705 
2571 4982 
1420 7559 
4476 9379 
7743 8608 
5765 9508 
4768 6901 
4149 8036 
5071 9543 
9160 9884 
2333 2562 
4371 9885 
870 9121 
1493 8284 
8987 9773 
9715 9800 
9126 9662 
8391 9903 
2385 4523 
167 6681 
8091 9868 
7491 8577 
900 1583 
9078 9781 
7387 9760 
7890 8033 
1587 4709 
3786 7859 
3873 6420 
7080 7301 
8880 9036 
3096 9356 
302 5977 
2888 8284 
7868 7963 
2799 6868 
2328 7975 
4421 8454 
3093 5372 
9374 9727 
5692 7120 
7162 9191 
121 2887 
1655 3274 
9581 9618 
2131 8824 
941 4747 
9382 9500 
5370 8808 
9320 9980 
899 3476 
2344 9063 
9600 9749 
1675 4671 
4587 7828 
5891 7628 
2380 4022 
1487 5416 
412 6434 
886 9235 
8363 9123 
8720 9105 
7987 9785 
7231 9314 
5414 8612 
979 5861 
5902 6849 
3853 9762 
9043 9425 
829 3051 
7345 7719 
5232 6186 
509 3607 
7708 8405 
4216 8465 
7397 9706 
9667 9874 
6217 9888 
6873 7221 
4085 9802 
2262 2993 
9954 9972 
4819 7773 
5392 9413 
8142 8245 
8859 9724 
354 7434 
4589 9580 
2535 8316 
350 3666 
8562 9703 
3154 5767 
2969 5433 
792 9774 
8191 9687 
5165 7444 
8071 9676 
5319 6170 
337 8684 
8159 8998 
848 7583 
8557 9159 
9593 9880 
2928 6574 
8928 9386 
2285 3310 
7940 9639 
5614 7666 
5462 8489 
2026 5428 
8818 9337 
7592 8587 
1670 9412 
3503 9005 
8385 9811 
1058 9012 
1217 8837 
632 3052 
5064 8814 
6836 6970 
9900 9924 
6483 8309 
3016 7022 
7513 8390 
1691 2718 
4332 8205 
8346 9832 
508 3824 
752 5111 
8700 8744 
9355 9756 
2685 6265 
4139 8381 
8142 8576 
7915 9536 
2052 9364 
7236 9734 
8516 9870 
5764 6968 
9644 9669 
4859 6094 
1270 9314 
456 5762 
8123 8139 
9151 9780 
7289 8511 
3273 6066 
8690 9347 
4919 5690 
1580 2111 
3772 6570 
1901 9288 
5706 7816 
8655 9167 
3798 4291 
1855 2018 
516 3299 
1269 7538 
6708 9790 
8312 8502 
2271 7781 
2466 8388 
9915 9980 
4089 9051 
7138 9490 
9991 9993 
2461 4703 
2682 5714 
4817 9190 
7629 8547 
1504 3045 
6223 9809 
5109 5665 
8328 8476 
2346 7358 
9846 9879 
3745 5772 
4292 6540 
9109 9675 
6312 8656 
7951 9089 
2234 9352 
631 2603 
4651 7769 
8656 8703 
7940 9488 
5357 8345 
7478 9394 
8619 9906 
5770 8910 
3617 6642 
5590 7905 
6578 8857 
2289 7271 
4938 5619 
31 168 
5439 8432 
6997 8567 
6869 9210 
9650 9711 
8668 9379 
1829 9539 
557 8353 
6318 8267 
4856 9803 
4166 5539 
5048 7056 
3536 7910 
2422 3457 
1027 9348 
4700 5647 
7817 9725 
5976 8176 
5880 9086 
8319 9244 
5751 7535 
815 4588 
3502 5064 
394 1445 
3173 4624 
9783 9827 
4292 7952 
8440 8507 
8305 8805 
9425 9540 
3468 3555 
7838 8276 
9062 9913 
9326 9747 
2306 6987 
1952 8815 
8428 9180 
8316 8885 
3578 6992 
7281 9228 
1464 2082 
9425 9465 
3812 7033 
6930 7630 
3430 8069 
8747 8976 
7441 7912 
4139 7728 
8470 8636 
4656 6161 
5757 9521 
2538 4888 
4250 8188 
9266 9641 
6285 6528 
9112 9849 
3275 8368 
2884 6025 
1460 1863 
731 3334 
6870 7253 
7980 8199 
4792 8668 
5661 7916 
2576 2737 
7380 8057 
8110 8342 
6566 7409 
8912 9587 
794 2981 
6544 7845 
7828 8628 
6310 8284 
7193 9638 
9872 9916 
506 8200 
4768 7495 
9542 9892 
7019 8161 
6581 7998 
590 3298 
9389 9942 
3550 6144 
2339 4540 
7234 7448 
9868 9910 
564 6509 
1552 3064 
1367 2642 
6928 8630 
9612 9860 
7320 7815 
1006 4046 
6713 9356 
8218 9563 
7146 9346 
9673 9738 
2281 6080 
6181 6805 
2360 8354 
8978 8997 
219 2509 
4515 6990 
4424 5170 
6272 7253 
7703 9769 
3350 7381 
7572 9996 
702 4875 
6947 7540 
3850 5511 
8256 9242 
8796 9600 
6705 6987 
1204 7544 
451 9759 
7727 9434 
2100 4105 
4322 7772 
2403 4945 
138 7660 
3251 5499 
489 9283 
6390 8555 
4670 9833 
3135 5212 
559 7720 
3242 6392 
1470 3403 
4793 8658 
6865 7183 
3564 8784 
1374 5081 
5589 9828 
2733 4437 
4444 8280 
1335 1381 
4289 6339 
7004 7249 
5147 5173 
8655 9858 
2197 9176 
1593 8803 
3244 3608 
5491 8478 
7076 7832 
3386 8952 
3606 9366 
8512 9236 
3718 3969 
8858 9247 
8202 9685 
7425 7644 
2106 2153 
9479 9561 
293 2309 
5816 8407 
6365 9771 
4724 7988 
344 812 
8689 9133 
1191 3622 
1401 8706 
2235 4029 
5132 7382 
6700 9366 
7260 9608 
8140 9714 
4160 7503 
8475 9847 
7299 7760 
132 2308 
5084 8138 
2304 2725 
4137 9574 
2392 5258 
3650 7291 
2848 8262 
6797 9060 
7626 9489 
5833 7099 
4377 7884 
5707 9439 
2839 3846 
2983 9502 
7869 9585 
1636 2006 
4728 5333 
205 5546 
2386 2711 
238 9104 
8617 9483 
2279 2472 
5860 6604 
6239 6718 
1127 7337 
9596 9720 
2991 9592 
3649 8722 
2434 5262 
5697 8096 
4499 9999 
9077 9730 
8882 9868 
9659 9791 
4958 9153 
7560 7941 
2550 5164 
3086 5200 
1327 6392 
2909 3695 
6748 7195 
4742 9691 
6033 7000 
5284 5521 
1752 3010 
8503 8819 
1879 2513 
7811 8675 
6594 8237 
7545 8408 
8578 9419 
5453 9550 
345 4670 
3203 8568 
2579 5635 
4116 8287 
5137 6611 
3481 4626 
1355 8346 
8896 9028 
1726 7592 
7234 8847 
5061 9182 
2889 7251 
6497 8158 
8494 9992 
1358 6800 
5969 9055 
2958 3030 
2788 5270 
8718 9708 
4734 7861 
1004 1107 
8596 9092 
8397 8729 
3746 8528 
126 2577 
2602 4981 
2917 3177 
4142 6988 
6917 9284 
2485 3389 
194 9459 
147 8175 
296 9426 
9766 9779 
3506 3797 
126 2596 
5362 6711 
2271 9127 
7334 8480 
886 6901 
9285 9900 
1989 9577 
81 7438 
1757 6555 
9432 9742 
1666 9302 
5531 8780 
4160 6648 
2930 4895 
3129 3828 
6979 8221 
2021 5286 
9338 9789 
4305 9043 
4682 7089 
5498 9149 
3454 4799 
8801 8968 
5172 9936 
63 8057 
1338 3758 
1741 9942 
4926 8491 
5605 6181 
5390 6276 
7207 8504 
6922 9012 
3356 7635 
6218 6965 
4752 4976 
9719 9785 
7137 8311 
7766 9516 
8468 9438 
6178 7703 
1246 3392 
5688 8769 
6050 7509 
730 1561 
1996 3794 
2256 4331 
3268 4401 
5828 7165 
4394 7117 
9126 9902 
8614 9989 
7264 7266 
5279 7965 
6014 6597 
9150 9968 
7776 8814 
3931 6553 
1680 6181 
6305 8448 
5112 7842 
354 2931 
7278 9515 
7691 9336 
2117 9997 
5319 5714 
7320 9897 
1659 1727 
7519 9203 
7414 7903 
2108 4937 
1394 2655 
7861 9845 
8659 8906 
3231 4121 
3894 7300 
9865 9895 
8043 9849 
1631 8138 
6514 7998 
6011 7837 
5669 6946 
3844 6670 
5356 6266 
7167 8112 
7006 8682 
9223 9232 
4169 8790 
6899 7618 
8983 9380 
3561 8100 
850 7250 
4971 9361 
5611 9698 
8486 9552 
5203 8260 
5549 5782 
5919 9363 
772 7594 
4072 9476 
8332 9125 
4639 9301 
3712 5230 
1845 2912 
5246 7795 
1167 1191 
9216 9706 
8407 8781 
6521 7526 
9565 9936 
4478 6576 
8471 8856 
7128 9853 
5270 5457 
3969 9002 
6484 8021 
6395 9625 
4047 4602 
2630 7486 
9127 9403 
8540 8997 
1365 4156 
501 9244 
7238 8779 
7526 9143 
2182 9873 
2594 6319 
8607 9750 
3383 4605 
6909 7692 
1063 7103 
8708 9506 
5174 8447 
2234 2776 
2225 8119 
643 4811 
7598 8915 
8232 8239 
882 1829 
7813 8944 
3730 8299 
380 831 
4492 7932 
2855 8416 
1106 4382 
7887 7893 
4278 7463 
9154 9506 
6386 6546 
9469 9469 
8678 9546 
8728 9528 
1864 6598 
1644 4682 
6907 9830 
7927 9502 
1356 3865 
104 4022 
5049 9300 
3992 6328 
6534 8382 
3349 5969 
4161 5792 
1742 9849 
291 4501 
270 2133 
4347 8214 
2160 7841 
2818 9416 
6186 9734 
3361 8649 
8231 9987 
6683 9604 
3277 7490 
4403 8630 
9573 9803 
3722 3962 
1149 5844 
4043 7227 
2505 7103 
7651 8510 
8276 8292 
5796 8950 
1366 9255 
6773 8482 
692 6217 
7800 8542 
1634 8129 
3654 5936 
304 2933 
2486 4409 
2349 6045 
1033 1340 
8277 9958 
2353 3497 
6413 9155 
4596 4794 
9811 9959 
3346 6178 
326 7735 
2321 8708 
868 8945 
5169 7737 
7297 7307 
1411 6810 
9461 9808 
2560 7637 
6143 8893 
7322 8859 
6630 8195 
121 1993 
7652 9788 
9779 9871 
1960 7290 
6594 9511 
9125 9809 
9862 9915 
3678 5661 
5641 9161 
7781 9893 
3385 9841 
6409 6911 
2237 9193 
5935 6088 
9127 9270 
2669 4504 
5218 7310 
7823 9814 
8259 9166 
193 7448 
6141 8313 
8081 9527 
3848 8498 
72 1094 
3828 4779 
3919 8500 
2445 5998 
5736 7814 
6159 6163 
8187 8786 
3053 3711 
5706 6122 
6856 8137 
4298 4838 
9621 9741 
4224 4815 
7022 9732 
3377 3973 
2170 3991 
5775 8859 
8361 8994 
3290 9712 
477 4671 
9918 9926 
3381 3724 
930 3349 
1311 1493 
4328 4538 
1590 7096 
7194 7845 
3573 5509 
3418 7450 
5598 8379 
8584 9816 
2835 6351 
7864 7979 
9786 9808 
9152 9809 
2574 3787 
5184 8224 
3337 3568 
5748 9490 
5937 7464 
4180 4225 
3877 7735 
6880 8777 
1644 6819 
4232 9632 
2599 5029 
5084 8004 
5406 7989 
2500 3661 
5875 6959 
2281 2922 
5997 6665 
9500 9887 
9336 9371 
2465 8826 
371 9887 
73 4115 
9609 9976 
1396 7604 
6208 7318 
4255 8733 
4915 9586 
9907 9914 
2234 2547 
717 1899 
4032 4370 
3359 6955 
2291 6388 
1009 6585 
5196 6841 
2931 8139 
2334 6500 
2901 4665 
5052 6906 
129 3568 
967 9103 
1709 2435 
9689 9731 
9412 9931 
2948 6843 
3390 8470 
7048 7729 
6356 9094 
9962 9996 
2009 8727 
3820 7285 
1575 6658 
1929 5891 
2565 3858 
6648 8240 
1172 3281 
1643 8162 
4631 5743 
9285 9918 
7555 9705 
2428 9573 
7295 8999 
9755 9937 
9728 9892 
7452 8295 
2860 3009 
2449 4404 
1508 2824 
5572 9431 
3332 5936 
9987 9990 
1634 1780 
4609 5992 
2467 3399 
9310 9834 
606 5623 
5646 6588 
8647 8904 
6412 7044 
7961 9735 
7333 9495 
3645 8810 
1098 1205 
2171 6899 
8006 8598 
1384 7386 
3648 4286 
7609 9479 
3776 6366 
8041 9134 
3107 8659 
6625 8784 
6745 7355 
8956 9184 
7514 8450 
8337 9637 
7395 8426 
6616 9417 
7593 8804 
804 4146 
3760 7541 
9590 9901 
3271 8159 
2020 4285 
16 6054 
3624 9932 
5761 8606 
8692 9517 
1112 3166 
3248 5811 
1829 9480 
5293 8647 
2350 9136 
5034 5691 
3258 9241 
7483 8017 
1358 9822 
8040 8309 
9778 9809 
6358 7394 
3708 7297 
8836 9027 
5466 8990 
1805 9180 
9932 9973 
2422 9538 
2946 4525 
7502 9488 
1199 9369 
8667 9362 
7408 7645 
6006 6163 
1913 2059 
4345 8773 
1827 1863 
6922 7931 
9196 9429 
7198 8088 
9906 9969 
8778 8794 
9008 9903 
726 6594 
356 6437 
8424 8775 
5397 7736 
2782 8488 
3878 8622 
2833 4924 
7144 9755 
6510 8360 
2205 3204 
3947 4847 
6217 6653 
3189 4432 
497 3019 
617 6191 
756 1571 
7438 8409 
1744 6503 
7408 9867 
219 6005 
2628 8425 
3153 9071 
3564 6356 
9215 9772 
805 9511 
7555 9310 
3364 7234 
4605 9402 
3838 7601 
6733 9521 
7276 9670 
1785 9824 
6701 8609 
5978 8697 
5192 9812 
68 1384 
2023 8637 
2279 3987 
1294 6939 
7033 7690 
9265 9752 
2237 4415 
9710 9890 
2462 9511 
4476 7830 
5609 9952 
1363 2830 
4537 4763 
6655 7822 
7211 8723 
7273 8005 
5858 9296 
8030 8974 
4680 8372 
5609 6116 
2001 2950 
3891 8683 
3639 6029 
192 6588 
7865 8433 
167 436 
6 2551 
6909 9525 
3991 8343 
5591 6511 
6336 9314 
9742 9927 
9367 9381 
5278 6038 
1510 5278 
5469 7430 
8538 9886 
1404 2343 
9244 9911 
5514 7031 
6209 8825 
7309 9211 
9868 9892 
2672 3523 
1150 2013 
1937 4015 
3116 6491 
7323 8489 
2271 2438 
4382 8222 
2538 5318 
7666 9829 
5119 8123 
389 474 
4408 5689 
7166 9510 
3982 5414 
1452 3342 
2861 7289 
5978 7141 
5515 9565 
5552 9717 
2994 4408 
3127 3265 
9488 9640 
4527 9271 
5738 9640 
9475 9550 
4938 5584 
2656 8172 
3487 8603 
801 3395 
3428 9656 
6288 8935 
6421 6826 
4310 8528 
5976 6013 
1867 2861 
4145 4556 
5515 6188 
2013 6432 
9381 9463 
9352 9435 
2208 3140 
1359 2950 
3823 9753 
4417 5528 
5106 8208 
9382 9558 
3069 6709 
7583 8088 
5735 9429 
1615 3300 
7122 7450 
3366 7581 
4987 8856 
6291 9082 
7589 8819 
1857 2482 
7471 8013 
720 5719 
9078 9221 
5611 8291 
455 749 
9438 9942 
2391 3595 
1803 2882 
6410 8762 
2763 9737 
5107 6231 
175 6273 
6917 8686 
6114 7396 
8286 9042 
6445 8132 
7591 8079 
3447 7738 
6936 7610 
2664 4694 
378 5803 
1062 2687 
268 524 
2623 4591 
8606 9683 
1057 5119 
3476 5656 
4772 5094 
257 6461 
6833 8110 
1857 5997 
6682 9449 
1838 4221 
4481 4982 
9993 9993 
5373 7690 
6441 6724 
7 6061 
1376 2681 
1885 3346 
7335 7866 
3407 9484 
6033 9158 
8447 9419 
2256 4593 
9203 9508 
4496 7336 
4855 6230 
5615 8441 
2277 8908 
6060 8285 
4944 9211 
1282 8362 
4479 6073 
779 3937 
9071 9803 
1435 6269 
4428 7624 
9313 9742 
6917 7293 
3378 9501 
1791 5828 
3359 4030 
8292 9878 
5606 7663 
3670 8369 
4302 9592 
7690 8277 
967 3002 
7822 8087 
1325 5264 
6559 7348 
7181 8165 
2183 9519 
2037 4407 
6248 7327 
2742 7663 
5433 9635 
1286 5266 
7075 7124 
8554 8809 
5064 6282 
9711 9873 
3523 5187 
1597 2353 
7264 7471 
6833 9479 
5734 5977 
6830 8708 
7516 9824 
2769 7694 
6902 9795 
8476 8606 
2447 7345 
1100 3741 
5451 7032 
2089 8476 
174 9047 
9503 9756 
3374 3453 
2416 9837 
7131 7709 
5682 8361 
3117 5290 
2973 7015 
2149 8530 
9999 9999 
7746 8443 
88 2684 
8173 8976 
3033 7555 
8512 9457 
966 9273 
2200 5574 
8146 8584 
7344 8467 
2761 7585 
6337 9374 
5138 6054 
5346 6631 
2545 6260 
9765 9771 
1007 5272 
820 5800 
6134 8261 
5217 7628 
668 2914 
8795 9380 
4912 6007 
908 1321 
9377 9782 
9109 9185 
3359 9892 
2797 9136 
5867 8401 
7189 9161 
4160 7840 
9607 9880 
1263 4163 
7279 9406 
8937 9962 
3000 5034 
3051 4937 
9792 9815 
2339 8071 
4828 8653 
9908 9923 
4558 4881 
8425 9981 
8248 9151 
6329 9912 
2992 3274 
3614 6700 
6368 7362 
5600 9243 
2680 3408 
4538 7708 
8104 9014 
5534 6002 
7589 8694 
1965 5153 
2408 9511 
3683 8541 
4966 8647 
5016 9756 
8791 9558 
2709 9419 
7242 8775 
4135 5199 
6733 9713 
7181 7458 
1972 5930 
8022 9422 
5913 9876 
1798 7546 
5389 5788 
3345 7539 
7358 8660 
3396 6109 
2296 8891 
1255 4382 
7915 7965 
9193 9306 
1212 3192 
7980 9245 
3027 5323 
1158 5771 
4249 9824 
1964 3784 
2044 7426 
291 9203 
1204 1580 
929 8614 
7285 8149 
1455 3598 
5824 6285 
7429 8957 
8431 8776 
7565 9390 
4874 8601 
4998 9477 
2131 6067 
6841 9886 
2541 8306 
613 1745 
9510 9842 
7080 7228 
1959 3196 
6515 7122 
1652 9281 
4226 9594 
3181 4038 
7822 9324 
8601 8925 
3196 3253 
3954 7910 
5282 9421 
7720 9759 
1771 5891 
3610 4978 
9368 9420 
8832 9487 
4550 7948 
5934 8752 
5693 9067 
5104 8211 
4510 8833 
8006 9540 
5179 8137 
9670 9753 
3671 6377 
7603 7784 
8151 9722 
3448 6370 
5721 5941 
9556 9777 
864 7914 
7581 8620 
4486 9716 
6140 6387 
9610 9861 
5822 6616 
1336 1525 
8930 9045 
4426 9161 
6398 8917 
1891 9400 
477 3056 
7501 7621 
5906 6475 
8335 8497 
987 8352 
4018 5110 
604 5861 
9359 9639 
279 5835 
1343 10000 
7184 9076 
1346 7766 
3356 9561 
8682 9462 
6398 8069 
8888 9103 
6392 7244 
9949 9974 
7285 9502 
1466 5731 
7441 7694 
4283 9782 
8583 8994 
8797 9111 
4358 8044 
711 793 
5432 7709 
6102 6590 
2146 6096 
858 5229 
3701 9639 
5483 5597 
8353 8831 
5467 8796 
4027 6481 
3530 7570 
1410 7814 
4458 9562 
9561 9955 
1170 6901 
6846 7441 
5237 8424 
9091 9804 
4931 7300 
9225 9624 
3857 4415 
3342 8295 
7578 8475 
6192 9505 
2970 5293 
3412 6708 
8287 9348 
8508 9702 
5693 6181 
8057 8279 
1994 7485 
5720 8458 
242 736 
5615 8657 
7774 9414 
4357 5598 
2635 3604 
6398 9116 
224 8065 
6469 9172 
6469 8806 
3995 6630 
3096 6207 
4657 6903 
5651 8804 
9067 9459 
736 8468 
8924 9845 
1742 9441 
297 5180 
7395 9011 
7628 7771 
4665 5791 
582 905 
5857 9572 
254 1092 
5599 5800 
7169 9629 
8976 9892 
4171 6186 
7270 7645 
9816 9870 
6639 7479 
8803 9532 
3048 3575 
3416 9811 
7465 9566 
4871 6010 
4701 5929 
8367 9695 
4715 9254 
4520 6023 
3796 4202 
9453 9675 
4795 6837 
3508 9997 
2163 8284 
4409 5560 
1895 8307 
7717 9365 
9161 9606 
5385 9275 
8113 8319 
4421 8534 
5430 9696 
9076 10000 
6736 8099 
3619 8218 
1704 7687 
6492 8375 
1412 3649 
4029 4341 
1426 2257 
6819 8353 
9485 9832 
2367 9325 
3149 3617 
2953 9528 
8950 9543 
7081 9549 
7620 8285 
8123 8980 
3335 3482 
7852 8011 
3289 4500 
2824 8994 
2218 9676 
3730 7325 
2207 6932 
401 7477 
7967 8022 
3017 8276 
5249 8122 
5666 8084 
4363 8725 
6844 8897 
8268 8932 
7228 8119 
374 4778 
3880 8224 
5262 8434 
3353 9848 
3718 4464 
1558 3535 
9972 9990 
8094 9410 
5322 9250 
7191 8530 
5324 5955 
3697 7550 
2440 8433 
4391 7168 
5334 8748 
6488 9955 
5480 9934 
8994 9838 
7778 9810 
7705 9505 
1190 7822 
3758 6719 
7958 8012 
985 6747 
3356 5019 
4799 8104 
6483 8250 
9082 9396 
8522 8606 
1717 5966 
5275 9413 
304 6017 
7889 8098 
9471 9998 
8013 9397 
3316 5414 
2802 5122 
8180 9825 
6243 6658 
4046 9200 
8502 8687 
679 6313 
8269 9388 
6572 9842 
1347 9986 
5284 8480 
5550 6540 
9058 9830 
5831 6605 
6345 8111 
5582 8736 
1208 6091 
1445 8526 
577 8271 
1531 1599 
13 1706 
4212 5320 
5449 6057 
5296 9732 
4944 5768 
1622 9705 
1566 5481 
2209 9915 
3981 5756 
9629 9740 
6859 8377 
3695 9763 
3226 8097 
9340 9971 
4037 5019 
973 7737 
8344 8439 
9292 9878 
8640 9534 
2556 4171 
2074 4307 
4552 5906 
5045 5207 
6688 7009 
5801 9209 
7553 8875 
3860 7304 
2608 6056 
7309 9170 
1092 1324 
6616 8195 
1594 9250 
7388 8865 
8881 9220 
2778 9690 
9318 9829 
4791 7612 
1540 5539 
3065 6600 
1172 5907 
6841 7501 
5597 5743 
5603 8742 
3414 9485 
5534 9153 
1292 2855 
3182 4725 
2275 4070 
3503 7889 
6835 7545 
4316 4563 
6659 8911 
5731 6899 
1986 4807 
5915 6975 
1248 9834 
1988 2085 
507 2782 
2971 8935 
8806 9047 
121 1430 
2906 7787 
9833 9900 
142 5631 
8698 9308 
1642 1947 
898 4645 
7219 9190 
4115 6258 
3154 7317 
6627 8405 
383 8210 
5613 6758 
179 4829 
7807 8978 
4967 5712 
1434 7022 
459 9715 
6716 7738 
4371 8623 
3042 8285 
9656 9984 
9597 9650 
8335 8520 
4405 8524 
2581 5126 
2016 2727 
4148 9693 
928 4865 
6510 8743 
2278 6764 
9551 9754 
874 6189 
4026 4114 
8430 9586 
2093 3075 
163 7884 
9087 9915 
2068 4400 
9582 9892 
8352 9152 
5550 7305 
4506 5815 
3901 9315 
9056 9432 
806 2710 
3312 5303 
3077 9094 
9447 9927 
7849 9004 
6547 7693 
3538 9356 
3599 9549 
3253 6420 
5843 7078 
7431 9611 
2856 4924 
9206 9845 
7879 9606 
2733 3138 
5391 7468 
2749 9187 
4184 5296 
67 5276 
1791 4020 
4794 8845 
4430 8717 
3586 4532 
370 2155 
2870 8407 
9261 9527 
5922 8010 
8646 9952 
3533 8493 
5741 6360 
1178 6512 
4806 5668 
4018 4338 
6759 8171 
5053 7416 
4979 8187 
2866 9512 
5168 9187 
8112 9486 
1145 4029 
7489 7860 
525 5597 
1952 4693 
220 5655 
6894 9396 
9598 9611 
5152 6702 
7363 9197 
4383 7098 
8999 9145 
5640 9327 
3009 8854 
4437 7435 
9580 9754 
7483 9048 
8365 9146 
7817 9238 
6806 8348 
176 5284 
1001 8009 
7948 9556 
4508 9702 
5853 7597 
7906 8117 
1206 9735 
5795 9608 
1459 9178 
8585 9936 
8872 9206 
5014 6434 
1774 7587 
4614 7553 
9662 9682 
8117 8753 
1571 7878 
1791 2868 
8750 9990 
8392 9388 
2797 8947 
2770 5662 
4642 5148 
1538 8830 
8147 8325 
1492 5530 
4474 9278 
3926 6572 
1235 3787 
7368 9324 
9478 9888 
3252 8082 
3346 4706 
1229 7408 
3955 7359 
9594 9951 
1556 2115 
7205 9860 
8903 9949 
734 4880 
8169 8310 
1944 2654 
8679 9487 
6872 9686 
6474 8958 
6495 9835 
9020 9923 
933 7446 
1800 5244 
2083 4505 
8816 9607 
8597 9302 
4102 5406 
2346 8922 
5531 6759 
2965 3326 
4005 5432 
6538 9896 
4537 5688 
7704 8280 
6197 8662 
5203 6101 
6583 9231 
244 1504 
5074 9798 
5806 6001 
143 9549 
4108 5075 
3614 3681 
9279 9305 
8388 9886 
4205 5926 
7873 9466 
4369 6910 
5516 7504 
9837 9961 
9991 9995 
286 2015 
5288 8694 
2183 5039 
738 3543 
2012 8787 
195 4210 
8537 8759 
5851 8452 
3236 5433 
3688 4373 
289 1423 
6099 8416 
9895 9941 
5172 8184 
9399 9404 
27 4759 
1037 4834 
6850 9748 
5308 8195 
7477 9055 
9849 9929 
1734 3319 
6127 8192 
5334 9254 
1158 2843 
5498 5763 
7532 9424 
6932 8945 
6523 8674 
4080 7421 
7019 8650 
8972 9422 
1786 6971 
706 8342 
2728 6927 
6996 8833 
8854 8982 
9338 9678 
9767 9917 
2503 7010 
4751 9905 
426 9369 
4374 7891 
115 8117 
1416 1935 
765 1395 
9416 9439 
9824 9863 
9061 9676 
5305 9009 
7003 9358 
8492 9812 
6768 9807 
6939 8489 
1631 7990 
6808 7498 
6866 9119 
2359 2579 
2462 4622 
9929 9931 
2504 7915 
7481 8019 
4521 7038 
1421 5640 
6511 7639 
3021 5616 
8611 8899 
8976 9806 
5257 5830 
6304 9963 
8412 9021 
5306 6794 
1286 4991 
7940 9824 
2599 7907 
6672 7258 
904 5173 
6577 9073 
9822 9868 
7181 7760 
7394 8838 
6852 8202 
3557 9339 
3133 8645 
5398 8026 
9076 9333 
8775 9191 
1829 8095 
737 1838 
2341 3014 
7929 9134 
2209 6395 
9626 9701 
2409 5689 
8135 8976 
9725 9759 
3769 6764 
3809 7416 
7869 9786 
2465 4927 
6904 9739 
189 4908 
8348 9368 
4540 7028 
799 1936 
6561 7522 
9268 9625 
9582 9889 
8907 9206 
7037 8552 
3488 3763 
8137 9199 
210 8536 
9874 9990 
7722 8949 
8479 9775 
1138 7889 
8485 9292 
1583 9453 
6681 9549 
6835 9782 
4274 6364 
4942 7569 
8815 9596 
5643 7215 
4630 4818 
332 2179 
230 1936 
3285 4020 
6608 7068 
256 2931 
3656 3772 
7432 9406 
9499 9780 
2863 9622 
4870 5777 
4836 4962 
9932 9994 
6520 8756 
3718 7312 
4610 6311 
5124 7751 
8332 8551 
7940 8031 
3001 5676 
7749 7967 
3473 8934 
5872 9517 
433 8760 
8525 9334 
7146 8462 
1004 7264 
8970 9064 
8977 9462 
7769 7879 
5610 8909 
4460 6972 
3769 7817 
20 5882 
7663 8697 
9898 9900 
5663 9319 
7775 8468 
7035 8161 
135 971 
6989 9865 
6490 7378 
7589 8367 
4886 9963 
1268 1379 
6742 8394 
9280 9307 
8512 9480 
9538 9595 
7515 9069 
2629 8095 
4099 7597 
8592 8832 
1174 7982 
5293 5633 
5759 9119 
2472 9806 
603 5061 
6052 7224 
3088 5805 
5430 7480 
2767 6377 
3362 4781 
8740 9704 
4347 5051 
9820 9886 
9961 9976 
3043 9344 
1117 6315 
2393 9114 
1127 7970 
586 2664 
1575 6760 
6463 8410 
8378 8474 
704 9202 
8404 9747 
544 1163 
4702 8128 
2106 2524 
979 5055 
9438 9984 
8284 9816 
833 2095 
3895 5166 
3380 5488 
1994 8322 
4045 8764 
5767 7942 
6314 8134 
2515 8643 
9954 9968 
2064 2101 
6532 8520 
6790 7925 
6545 7505 
6933 8573 
2561 7115 
5452 5630 
6382 7510 
1739 3170 
2212 7410 
1613 2833 
2392 7341 
7253 8866 
7103 9634 
4544 8329 
7135 7164 
5042 6295 
5735 7873 
2350 3285 
9488 9577 
8436 9169 
8856 9021 
6113 9437 
3137 4511 
2955 7117 
4406 6208 
1270 4260 
7018 8535 
7553 9142 
7231 8833 
5524 8945 
334 9385 
7599 8739 
7959 9278 
899 5578 
1838 2011 
6763 7365 
1370 5162 
972 7374 
6248 9540 
5163 9258 
6107 7842 
2970 9723 
1275 5552 
2420 3221 
8934 9271 
1662 3359 
3063 4002 
109 9748 
3951 6710 
836 5649 
9491 9668 
6133 8058 
4402 7358 
2582 2681 
7069 8067 
6867 9852 
7901 9663 
613 4078 
2446 5414 
5928 9212 
7008 8455 
4785 5164 
765 2100 
9987 9991 
825 2843 
9104 9503 
877 1288 
423 8530 
8622 9960 
8273 9479 
7520 8749 
668 7491 
9645 9942 
4562 8081 
6892 7829 
6853 9619 
7492 8131 
6989 8129 
5044 6094 
277 4581 
8707 9852 
162 1912 
5274 9943 
1885 8814 
5701 7138 
3401 4528 
9863 9959 
7042 8396 
925 965 
3906 6539 
5896 7626 
2123 6098 
6507 7327 
8456 8747 
1005 3669 
63 1599 
6905 8465 
8280 8517 
3786 4883 
3913 5012 
7793 9068 
5561 9977 
6428 8196 
4830 7975 
2528 3122 
5989 7697 
6683 6777 
3465 5411 
3844 4996 
6753 7356 
6589 9878 
7073 9972 
5933 6750 
6966 8410 
6725 9977 
2347 9609 
5851 9567 
3555 8352 
6101 6583 
9164 9564 
4991 7056 
5866 5897 
4871 6956 
9510 9584 
6327 9633 
2736 8294 
777 7165 
6554 9658 
6654 9566 
5196 8293 
9052 9351 
4851 6441 
2077 2601 
6881 9089 
2693 6833 
3889 5885 
304 7888 
3965 7644 
1107 9540 
9491 9584 
7811 9490 
8665 9177 
3752 6162 
335 7165 
3366 9549 
979 5126 
9221 9943 
2423 8502 
2738 9725 
3590 3873 
839 5475 
3483 6517 
7200 9510 
923 7160 
4011 4367 
2035 5778 
7623 9721 
8600 8929 
3062 9331 
3538 8205 
5909 9104 
5340 6952 
9841 9934 
8395 8762 
1190 1279 
3049 4951 
8111 9318 
2376 7703 
9834 9845 
6801 8514 
9633 9918 
3733 4757 
8173 9566 
5323 9981 
9081 9859 
3603 9823 
3491 8759 
5620 5693 
8247 8871 
3170 8137 
4430 8121 
6151 6697 
5779 6932 
8937 8985 
3982 4600 
711 7558 
3435 9132 
4078 7613 
8784 8965 
8403 9183 
5340 8294 
7192 9145 
4960 6776 
2331 3016 
3015 6200 
3074 7161 
6984 9002 
3018 5439 
2957 9222 
1334 2497 
7626 9504 
3881 7990 
5775 6954 
5087 8790 
1287 7119 
5907 7951 
2293 5150 
6154 9838 
9534 9705 
8974 9883 
1928 9171 
4620 5238 
999 3803 
7619 7650 
4965 8340 
1830 5938 
8215 8437 
162 5298 
9100 9603 
5774 9680 
161 3098 
5606 7669 
9891 9973 
5962 7115 
1831 3377 
3337 4065 
1125 6471 
4735 9490 
8762 8774 
2587 5809 
6575 9217 
7415 8791 
508 7914 
4725 7092 
2509 9679 
7353 7383 
5287 5748 
7111 7254 
7095 8442 
5782 8729 
621 657 
7460 9383 
2795 7296 
7535 9970 
1534 8978 
5875 6028 
311 1705 
793 2166 
6051 8762 
6655 7484 
51 9818 
7875 9153 
1330 7897 
6064 7938 
5084 7068 
5414 7709 
3128 5758 
917 6115 
873 2283 
7056 9628 
825 6230 
8337 9157 
7718 9691 
3303 6142 
7070 8460 
579 8670 
3307 9619 
1429 8058 
2712 9835 
418 8788 
5505 6930 
904 2681 
7086 7172 
6635 8245 
4229 7597 
2445 5851 
5800 8617 
8012 9087 
802 9247 
1803 6671 
9504 9845 
7632 8345 
7359 9865 
2984 9935 
8 4600 
5762 9866 
7060 8059 
6924 9026 
2126 3437 
6867 9821 
4833 7728 
3165 9892 
6649 7973 
7418 8746 
8685 9909 
49 3447 
5457 6763 
1866 6003 
2744 4517 
816 1421 
8303 9692 
5985 6824 
3464 6099 
9694 9798 
3542 8378 
5359 9164 
1685 2259 
7362 7458 
7651 9898 
8364 8930 
5084 5720 
8916 9790 
2504 2992 
1638 3251 
6828 7176 
5019 5823 
5774 9153 
673 2888 
9021 9294 
2447 5758 
3872 6089 
2204 3002 
8549 8937 
5115 5777 
6063 8035 
5980 6866 
4163 9874 
4763 5309 
4365 6907 
1776 8699 
7931 8281 
3619 5603 
6809 7508 
3620 9511 
1782 6746 
3952 5258 
2777 4703 
4905 7899 
6382 6830 
5771 9659 
6342 7905 
6125 9047 
1826 4280 
1337 6021 
9148 9752 
2256 3329 
6374 6560 
3704 6615 
9753 9927 
1014 1602 
634 6786 
3983 6399 
9978 9992 
1062 8240 
5227 5760 
3434 7748 
5621 7909 
5733 6705 
6475 8970 
4751 6217 
8165 8876 
8917 9734 
7652 9708 
9024 9544 
4104 6493 
3079 3350 
5918 8846 
6299 7688 
2489 8629 
9072 9173 
4959 6588 
7994 8619 
3170 8406 
3808 9482 
1152 2563 
9652 9823 
5842 8618 
8209 9571 
7677 8529 
3956 5421 
6608 9625 
3493 6122 
1997 3886 
7915 8064 
3646 5103 
9933 9997 
6599 6602 
250 2511 
2598 6729 
5983 8901 
1971 2894 
1223 8412 
2549 8412 
6489 9612 
1195 7450 
2393 2851 
8748 8918 
217 792 
3411 6221 
4355 9162 
51 838 
6558 8225 
8133 9803 
7067 9605 
2556 6868 
560 6198 
5215 6565 
5991 8934 
8789 9401 
2829 4673 
1535 4956 
2526 6354 
3390 5029 
9521 9581 
5858 7190 
1723 2889 
6330 8300 
9417 9727 
6280 9924 
173 6046 
4929 9200 
6935 7851 
5396 7681 
3948 4631 
5916 9648 
8111 8436 
4578 9511 
3487 7498 
5977 8116 
8666 9427 
7824 9566 
4927 6502 
9275 9801 
6863 9347 
2857 7649 
8402 9260 
5450 7858 
1696 2913 
6349 6470 
1270 4116 
3324 5666 
5574 6810 
4593 6092 
896 958 
2675 3352 
8327 9507 
1994 7884 
3679 8019 
1781 9659 
7702 8417 
4523 9860 
9834 9873 
5687 7045 
3237 8142 
6433 8222 
3730 6851 
8168 8376 
3434 9181 
334 4407 
3618 6240 
8189 8480 
8286 8529 
6806 8543 
6877 8443 
3729 3873 
5463 6898 
2468 4567 
6632 7918 
2738 9977 
2413 7746 
8135 8753 
6943 8274 
1912 9115 
2066 7464 
6157 8766 
9073 9841 
8600 9583 
5108 5639 
3504 5590 
1872 9725 
6240 6355 
2200 6171 
5680 5723 
5703 9092 
7090 8090 
9621 9846 
7971 9349 
6182 9947 
9456 9584 
3524 7334 
8691 9332 
3234 4364 
6799 8121 
6436 6648 
1544 3392 
8135 9438 
2420 9463 
6445 6557 
9582 9839 
9590 9820 
5781 8073 
8737 9197 
3826 8397 
601 2462 
7039 7127 
3176 5519 
1587 9280 
8939 9299 
1353 7886 
7845 8288 
5603 9271 
9137 9157 
1081 9184 
5308 9041 
1355 8798 
7237 8743 
9878 9997 
5788 9287 
2854 3764 
2324 8706 
52 5436 
9 7636 
2627 3511 
9951 9964 
5058 5386 
9042 9426 
8351 9945 
4795 5862 
9322 9547 
9638 9861 
3166 8734 
8493 9799 
9408 9986 
5746 9459 
5548 6375 
1153 3996 
7799 9071 
2552 7032 
1207 5315 
6468 9344 
4420 8115 
7826 8991 
4418 9654 
5641 7796 
6312 7010 
7275 8128 
195 9095 
8763 9844 
1575 5285 
1176 5719 
9618 9675 
1962 6289 
1754 9676 
9184 9191 
9472 9560 
5938 9778 
6079 6692 
7 9573 
6319 7077 
4240 9170 
1761 7145 
4781 6285 
563 4756 
1784 4812 
9642 9737 
3559 5788 
5190 6061 
9142 9327 
8465 8537 
9657 9812 
8717 9047 
7602 9822 
4741 7765 
5728 8616 
2967 6585 
4826 8474 
8524 9202 
8484 9357 
441 2056 
1934 9983 
9270 9819 
7091 7435 
3664 4512 
9554 9898 
2911 5849 
505 6241 
8369 9587 
4806 8951 
6870 8244 
7365 8289 
3545 6377 
3026 3273 
9028 9125 
7136 9267 
4174 5214 
9016 9743 
9208 9911 
8718 9606 
2421 3895 
6156 7873 
9956 9996 
6393 6913 
3179 6958 
6152 9332 
8676 9079 
2203 6410 
7733 9473 
1544 6194 
1320 5139 
325 6439 
1141 8347 
2576 4005 
8204 8787 
7901 8375 
8334 9638 
2828 9581 
202 2643 
5693 7019 
7422 7783 
6773 8533 
8977 9543 
7748 9168 
579 6624 
5288 9375 
7791 8794 
8372 9756 
1160 2957 
6533 8113 
277 1966 
4135 6415 
6046 9829 
1577 4672 
1360 8206 
5683 6325 
9012 9518 
7157 7207 
6122 6472 
724 7563 
3972 7764 
302 3953 
9442 9826 
6146 6823 
7348 9333 
7171 7338 
3300 6377 
2798 9842 
9611 9775 
6292 7442 
1985 2462 
5637 8971 
4119 8672 
7620 8745 
8796 9557 
1499 2061 
66 4028 
5403 9736 
1566 9813 
4607 7797 
1091 7616 
7902 8685 
8072 8627 
3790 4907 
5272 9211 
9410 9885 
3453 6658 
8385 9860 
3741 9242 
1936 2587 
5157 7080 
5461 8475 
3041 7677 
7859 9616 
5087 6063 
3210 4117 
7554 8066 
3136 6181 
4396 6046 
5671 8245 
2591 6272 
5604 9159 
8606 9504 
1160 7886 
4161 7516 
2505 4962 
5828 6705 
7257 8026 
6651 8914 
8368 10000 
6539 9288 
5839 8678 
9052 9754 
2449 7310 
1621 6535 
6763 9728 
5630 6340 
4050 7818 
6999 7168 
6482 6604 
7780 8672 
7531 8351 
6682 7408 
9285 9649 
7784 9098 
8637 9156 
2478 8999 
1548 9914 
8210 8278 
3026 7150 
8545 9686 
6345 8494 
7252 7537 
198 7930 
896 9442 
6112 7205 
1790 1975 
1527 4044 
4786 9554 
799 7209 
7313 9509 
2217 6369 
9834 9943 
8480 9585 
7915 9638 
3228 8262 
3312 3809 
3755 4427 
2512 6560 
3218 9420 
440 1420 
7982 9551 
1428 2585 
7699 8251 
9918 9952 
8087 9750 
3855 6057 
4060 7994 
8355 9342 
3125 4360 
3293 6692 
873 7325 
3152 6362 
1360 1989 
7187 8152 
9888 9958 
7366 9799 
5395 8510 
9773 9804 
2287 8278 
4 9391 
6523 9088 
4374 9102 
4971 9484 
2100 4255 
2233 8997 
1282 2282 
2791 4145 
3152 6155 
9864 9994 
3353 7799 
1541 8577 
8101 9203 
2882 3817 
3458 7016 
7272 8601 
8575 9514 
8462 9417 
7097 9643 
125 3292 
5212 9695 
2282 2442 
890 9962 
3321 8726 
1108 1241 
1553 6241 
706 2508 
4742 9786 
1606 6236 
6185 6229 
2955 6598 
4562 4620 
4601 6148 
7149 7199 
9225 9829 
9544 9783 
4399 6180 
7119 7604 
2132 2893 
3784 6511 
7627 8456 
8574 8935 
6390 6498 
9144 9338 
6138 8609 
5414 7825 
698 5725 
2830 8404 
7723 7977 
8278 8674 
1266 6015 
6588 8713 
8979 9379 
7988 9839 
737 2461 
1936 7002 
7510 8494 
995 8355 
4515 7100 
5179 9246 
8399 8684 
9093 9933 
7767 9569 
3857 5159 
9497 9668 
5657 8920 
7332 8407 
6591 7291 
7509 8991 
4392 7030 
7818 8342 
9733 9870 
4558 5311 
4369 7385 
8701 9647 
7794 7831 
6832 9316 
1843 4989 
4605 5606 
1396 7980 
1414 8825 
3244 8568 
5440 6056 
4674 5711 
4072 9158 
994 2170 
2362 4799 
5694 8704 
6803 6858 
9215 9649 
1804 2532 
1874 9994 
3595 6006 
4769 9135 
499 6340 
9081 9796 
9260 9321 
8959 9109 
9302 9854 
7882 9224 
9895 9909 
378 8955 
7662 7911 
1646 3481 
3487 9636 
8423 9550 
2065 5150 
6083 7314 
9027 9383 
1255 9446 
6691 8120 
1679 9910 
5758 9699 
5249 7866 
7325 8553 
9267 9975 
7446 9567 
8522 8996 
6635 9642 
8606 9169 
6575 6792 
1548 4160 
9001 9999 
2309 9161 
2485 5248 
2581 6073 
2412 6548 
5303 5332 
1233 4541 
7171 9123 
7097 8145 
1558 2983 
7264 7694 
9288 9898 
4797 9393 
1060 6259 
733 6089 
5473 7633 
6439 8857 
7341 9725 
2362 7743 
3406 7109 
9671 9723 
8799 9048 
7587 8463 
1154 2551 
5451 6014 
7885 8006 
3436 6030 
8071 8722 
8805 9577 
3902 7744 
7667 7936 
1110 9094 
5447 8165 
7737 8728 
1772 7853 
3908 9677 
1647 4104 
9621 9906 
2323 9765 
3829 4050 
6922 9613 
107 7152 
569 2411 
7647 9482 
6503 7188 
4653 6248 
5513 9010 
2553 5585 
8969 9421 
5756 9443 
2030 4604 
843 6894 
501 2517 
5054 9774 
190 1106 
4606 9077 
1892 9576 
3474 9823 
7981 8910 
521 9167 
9034 9082 
4467 5031 
9077 10000 
6253 9581 
5529 8146 
7055 7415 
7008 7496 
7919 8845 
6302 9550 
3274 8432 
9995 9998 
7216 8490 
7404 9472 
5003 7968 
2291 4313 
4509 5593 
6925 7273 
4184 5527 
4631 6506 
1110 2990 
3201 9204 
5447 8741 
805 2389 
7634 9025 
7017 8261 
1319 2650 
4607 7841 
7958 8906 
530 7976 
6613 9912 
4702 7542 
4412 7443 
9155 9852 
4962 5542 
4944 5014 
1945 6645 
2316 8743 
1636 9231 
9312 9546 
6609 8816 
9146 9927 
1449 3427 
6733 8899 
6098 6874 
6898 7275 
7366 8290 
216 5711 
259 4337 
8775 8901 
5007 7597 
5764 9484 
1633 7744 
155 2802 
4910 9150 
7007 8663 
7231 7379 
4640 5483 
4029 8875 
2932 5448 
3662 9650 
2766 6474 
3077 6640 
8334 9291 
5346 8372 
7408 7485 
9036 9488 
1500 5415 
8161 9740 
5587 9279 
745 6108 
7645 9378 
1800 4482 
6909 9488 
8335 9474 
7694 8929 
302 6497 
1512 7089 
623 9102 
5696 5955 
3580 5830 
6852 8950 
3582 4257 
9409 9872 
4975 5124 
6350 9124 
2384 7105 
3262 5533 
315 9723 
8932 9454 
8296 8696 
3691 9624 
1308 9162 
8112 8651 
2957 9081 
3463 6585 
7814 9622 
5629 8408 
2765 7937 
2966 9244 
6828 8115 
1692 2684 
3349 7327 
7657 9258 
2981 9686 
1867 9400 
8394 9674 
646 8184 
6708 9647 
8380 9955 
7845 9291 
5446 5614 
113 3209 
5879 9423 
7143 7177 
4017 8760 
3879 9200 
8255 8587 
8986 9464 
416 644 
4644 6548 
9623 9967 
1510 5708 
1203 6460 
2719 3042 
6808 8021 
7285 7907 
8209 8797 
4634 6689 
9200 9798 
4256 5078 
500 2037 
7165 8614 
9388 9786 
1553 6019 
9121 9124 
6807 8494 
121 3480 
5187 8289 
7211 9451 
5978 8190 
353 6442 
7028 8145 
3260 9002 
1734 6907 
8851 9668 
8111 9931 
6205 9078 
1954 6279 
6626 9658 
3346 6436 
2301 5828 
771 5489 
7204 8964 
5600 7689 
558 4358 
2466 5587 
8383 9628 
7459 9910 
3360 4888 
5518 8192 
6606 9885 
9592 9913 
6570 7213 
1601 8775 
3815 6649 
5018 8829 
6672 6848 
1710 4551 
8671 8841 
7966 9291 
5795 6139 
2397 6877 
9192 9877 
5936 8641 
9963 9981 
1401 9127 
8188 9729 
4488 9101 
7077 7148 
5606 9683 
7407 9290 
3212 4044 
2886 7965 
8514 9324 
7408 9658 
5728 9036 
8996 9667 
328 4861 
2840 5334 
9830 9856 
3165 6444 
7694 9389 
3739 5055 
2512 5155 
3250 9216 
2564 3158 
7280 9954 
3943 5893 
6874 8836 
289 4289 
4944 6980 
3515 9329 
9807 9960 
1963 2337 
9512 9807 
1575 1858 
435 4440 
4802 5291 
126 2487 
9778 9924 
7731 7907 
7862 7909 
5948 9456 
1892 9902 
7000 8726 
195 8210 
8633 8644 
8193 8989 
2018 2540 
1492 1655 
7583 8655 
6633 8992 
1209 9034 
7584 7769 
4607 5355 
6623 9705 
7623 9118 
3932 9371 
305 942 
5055 6475 
9253 9950 
5769 6002 
5072 6814 
9688 9912 
3270 5679 
9090 9638 
780 4549 
842 3044 
4484 6408 
8156 8628 
4685 5095 
376 5904 
5822 6757 
9237 9701 
4831 5310 
9955 9970 
7416 8209 
3139 9838 
5836 7535 
7677 9315 
9381 9645 
7923 9647 
9353 9459 
1631 3463 
8111 9211 
8119 8172 
8442 8760 
9358 9717 
4543 5745 
2250 4209 
5538 7526 
1693 9148 
9237 9510 
5941 6279 
6909 8088 
8482 9461 
8399 8492 
7286 8030 
1186 2631 
6404 6988 
2811 6178 
6498 7152 
8500 8786 
6709 8897 
7558 9268 
8462 8907 
8179 9678 
6269 6693 
7279 8370 
53 9810 
8773 9979 
7109 8840 
8149 8873 
3996 9188 
1958 2330 
7893 8857 
2276 7934 
9420 9745 
4098 9872 
4776 6036 
4068 7074 
8268 9406 
4186 6962 
9063 9423 
6995 8333 
8526 8591 
1824 5296 
1152 4722 
4012 9997 
3457 8020 
7716 8397 
5243 8519 
9630 9889 
8964 9205 
8487 9586 
2756 5252 
4493 4777 
4424 5413 
3162 5369 
9449 9470 
1098 9623 
7205 8363 
880 4403 
8520 9628 
1832 4096 
3727 7540 
7785 9579 
9862 9964 
7102 9920 
3762 7248 
4330 6875 
7750 9209 
37 2319 
8410 9392 
2846 9079 
599 6070 
4815 5420 
5872 6229 
4261 9028 
9503 9599 
4180 7770 
9079 9701 
1392 1493 
841 7253 
1628 7077 
6020 9006 
2232 3835 
1960 8698 
4399 9964 
7636 9209 
6667 9663 
5731 6609 
8644 9117 
4653 8057 
3853 6802 
8510 9017 
6622 9864 
3522 7158 
6917 8042 
3959 7021 
6612 7268 
3267 4002 
1923 4068 
3232 4590 
4128 9688 
3309 3595 
5172 7952 
1575 8634 
2189 3775 
3941 9961 
592 4575 
9697 9864 
7568 9740 
8226 9368 
1026 2306 
8491 8661 
1267 6199 
1969 2414 
8341 9848 
8432 9985 
6807 8656 
3034 6316 
6573 6703 
1402 6529 
2813 8715 
2623 9134 
3089 9023 
3411 7307 
2447 3973 
6860 7240 
4081 9187 
8935 9192 
5209 6690 
8947 9965 
5638 8782 
8276 9158 
7445 8010 
2265 6864 
5434 9053 
714 6654 
3594 9393 
1853 5318 
358 3211 
2257 7536 
7264 9160 
6814 7285 
7705 9390 
5823 9625 
1245 6871 
4154 4835 
4366 7287 
8313 9900 
3888 8305 
9268 9592 
840 7186 
2620 6624 
322 716 
6594 9947 
2103 2288 
3855 7810 
1364 9974 
5855 6849 
3596 8613 
2035 8077 
3886 7940 
206 8250 
735 1546 
9721 9886 
9274 9536 
4500 4833 
5770 9710 
6704 9702 
8917 9144 
2060 5376 
1955 9139 
1095 9628 
6109 9425 
4646 4807 
9836 9941 
2334 7882 
1384 6638 
6645 9860 
2218 8613 
6938 7749 
7263 8386 
8471 9373 
6467 9646 
8908 9566 
7895 8647 
7471 8095 
9764 9976 
358 9349 
1894 7898 
210 7453 
3187 9163 
9291 9755 
3397 9771 
8202 8731 
8188 9108 
827 1755 
6974 8258 
5018 5772 
164 4949 
4963 7181 
5361 9290 
2343 6919 
5831 6750 
7954 8544 
3133 7668 
7329 9886 
7399 8051 
3915 9633 
2568 5526 
2809 3386 
1720 9549 
3195 5969 
2900 3818 
5629 7423 
5148 7179 
7280 7295 
1069 7596 
7166 9595 
4125 5295 
4904 7068 
2015 8857 
5068 8382 
8667 9981 
4081 8924 
6673 9011 
8034 9818 
2811 4480 
6999 8748 
8116 8327 
3945 5122 
2207 4164 
9956 9969 
7067 9671 
4751 5707 
1973 9188 
9781 9907 
7470 9248 
6361 7230 
7331 7972 
4641 5835 
9520 9862 
8303 9326 
3572 9526 
3218 4137 
1009 4868 
4350 7335 
2618 5783 
5844 7437 
7889 8659 
2051 9079 
7085 7429 
1428 8973 
1196 8759 
9478 9666 
1675 4234 
7534 9604 
9033 9143 
3152 6148 
1079 6303 
1827 4061 
4666 7975 
8587 9562 
8861 8940 
1943 3032 
9218 9428 
1761 6532 
7997 8715 
5707 6289 
2097 6165 
5696 9245 
5615 6384 
1154 7739 
9637 9801 
6746 9684 
8138 9141 
623 5527 
1582 2329 
970 5328 
3656 8913 
1583 8603 
4315 4887 
9603 9758 
1071 2847 
248 431 
6033 7518 
2292 8395 
8570 9221 
8632 9329 
6130 7248 
542 6298 
71 677 
4340 6512 
9103 9450 
2856 4887 
2610 5636 
9466 9532 
6889 7239 
8478 8768 
1367 5848 
9531 9959 
5413 8296 
798 6651 
6689 8224 
5838 6655 
4012 6983 
7506 9817 
5180 8406 
3887 8749 
8356 9818 
6057 9508 
4370 8851 
4238 8420 
7920 9703 
1625 6003 
3302 4509 
1968 9315 
4267 6129 
915 5089 
2962 8927 
4103 9729 
9172 9423 
5546 5941 
1740 9387 
7484 8656 
4459 6982 
3375 4453 
7778 8662 
5742 8106 
3361 4726 
9338 9712 
3980 9896 
1152 6065 
9119 9875 
8897 9028 
8575 9454 
8043 9587 
2917 6361 
1450 6996 
9668 9861 
454 4366 
4885 9005 
7965 8509 
446 8729 
9996 9996 
2436 6516 
1351 6674 
3991 4438 
7391 9812 
4101 7256 
5953 5960 
3291 5216 
9728 9910 
9973 9989 
3804 5119 
9560 9802 
3306 7545 
8670 9886 
6306 6810 
9910 9972 
7692 8343 
6401 7586 
2290 3098 
5963 9865 
9530 9689 
8318 8357 
2991 7972 
9976 10000 
4630 5144 
1890 9503 
8304 9581 
6674 6781 
8260 8847 
7202 7917 
4191 9211 
5159 9573 
9340 9644 
4120 6882 
1645 9424 
3395 8660 
4078 9825 
776 2996 
8188 9137 
4777 7491 
605 9869 
4899 6564 
8764 9223 
3171 3642 
4761 5985 
483 5746 
6217 7725 
6723 7746 
8056 8437 
3602 4594 
5708 9406 
8664 8818 
5470 6882 
3766 7620 
553 6130 
9873 9879 
1572 4759 
2745 7075 
2063 2681 
6110 8733 
7285 7427 
7314 8324 
2947 4916 
1356 2429 
8427 9376 
7598 8265 
9653 9743 
801 9163 
1616 5776 
3957 8913 
2294 6933 
6875 6894 
9342 9778 
8398 9788 
9227 9238 
647 3007 
3381 7855 
5741 9864 
461 7367 
8629 9942 
135 6684 
4487 7676 
2124 6490 
4014 8723 
4761 5830 
2283 8630 
3247 7602 
754 2864 
3770 5245 
8251 8298 
9441 9612 
9024 9520 
3948 6625 
4895 7715 
4665 9060 
9693 9863 
6751 9978 
8887 9513 
6184 8799 
5094 8305 
628 1249 
7570 7914 
8832 9443 
2339 5919 
2892 4367 
7901 8845 
5001 5406 
7041 7205 
4860 7542 
9701 9859 
1439 3968 
6355 6514 
6796 8284 
6984 8427 
261 5366 
4219 9413 
8212 9673 
6947 9425 
6014 8738 
6839 7770 
6821 8492 
5840 8396 
4966 9998 
7186 9998 
9551 9762 
9901 9958 
7878 7931 
3212 3413 
9247 9354 
745 2297 
4704 7421 
266 4045 
141 8848 
4265 8440 
6901 8752 
4213 4964 
7619 8074 
8557 9283 
6866 9379 
3029 3535 
2191 2897 
7819 9811 
4903 9298 
6807 7080 
2176 2317 
9942 9970 
5569 5765 
5645 9555 
8058 8437 
492 1113 
1097 8335 
5351 5960 
6959 8791 
4657 6177 
4019 9489 
2465 9681 
3554 5697 
8410 8648 
739 1474 
9755 9979 
4758 5504 
1332 5055 
6768 7924 
3645 4763 
9302 9755 
6055 9883 
6710 9660 
1028 5208 
9604 9710 
5921 8380 
984 9710 
4826 9657 
3976 8650 
1863 9355 
5317 8819 
1396 7692 
3000 9025 
2689 5034 
3978 6762 
7122 7440 
955 1502 
9186 9754 
8735 9195 
8649 8817 
8870 9012 
5618 8984 
5373 6667 
9927 9944 
6358 9953 
9210 9905 
9132 9744 
8196 9992 
4131 6871 
8931 9023 
867 9094 
9734 9767 
956 1701 
898 8247 
17 731 
1635 3151 
2020 8277 
5265 6667 
5771 6949 
1297 9306 
4713 7722 
1339 5260 
7014 9072 
9293 9966 
1436 5130 
4369 9711 
4066 8895 
9852 9968 
7294 7746 
8341 8910 
5938 6081 
9589 9873 
1609 1901 
8209 9899 
2674 5274 
9099 9230 
1688 6082 
5261 9485 
8210 9042 
8954 9316 
766 2918 
987 3336 
6942 7827 
5395 8666 
9340 9615 
2295 2500 
2905 5315 
3956 8356 
7169 7269 
7464 9909 
1426 8746 
9960 9985 
1502 8360 
1097 2043 
749 5381 
8679 9424 
3689 8734 
8913 9317 
3230 7428 
7072 9586 
740 8426 
1690 8586 
507 8165 
3783 8043 
4726 9129 
5221 5293 
1330 8030 
3485 5809 
6221 9407 
3101 4413 
9247 9607 
3214 9144 
9937 9948 
9659 9926 
3885 8469 
9548 9941 
3035 9944 
9239 9496 
6013 8736 
511 9863 
1455 9132 
7029 9315 
8392 9687 
5148 7537 
5779 7779 
6805 8523 
1339 9214 
828 1297 
8948 9089 
981 8976 
4445 5236 
515 8636 
2234 9583 
7055 7089 
3189 6480 
3483 6239 
5760 6948 
5332 5583 
5943 8638 
4306 8317 
7175 8154 
7624 9985 
7491 8433 
9939 9995 
8086 8613 
4828 7283 
8406 9229 
8291 9753 
6246 7524 
5070 6463 
7902 9245 
4111 9626 
8802 9823 
958 9597 
405 2923 
3857 4475 
4433 6522 
8061 9038 
7627 8599 
9478 9742 
599 9486 
7315 9014 
5569 6684 
1197 7396 
8994 9406 
1402 8786 
7655 9999 
253 331 
4623 6013 
3708 9201 
2502 7422 
8670 9105 
6201 9283 
8628 8781 
2158 8968 
4405 6647 
9373 9394 
5434 5577 
7926 9456 
3882 6639 
3976 8425 
2542 2983 
2615 7543 
9502 9829 
6282 6609 
6003 8230 
9840 9928 
6215 7134 
6628 9690 
9052 9176 
4531 6533 
3999 9049 
7373 9943 
4341 7705 
7487 9169 
2411 7665 
4115 9446 
375 4313 
8388 9915 
3263 4929 
9934 9987 
6666 8130 
1960 4333 
7403 8143 
8383 9689 
8760 8782 
3094 7186 
9506 9973 
8641 9744 
2646 3554 
1543 2895 
8856 9327 
956 7642 
5985 7946 
149 7359 
6075 6979 
2358 2514 
5574 5952 
5339 7689 
9822 9922 
225 1381 
7116 8419 
6035 7433 
7774 9092 
951 6267 
8612 9328 
6081 7509 
7230 8602 
2459 9125 
946 5901 
8606 8845 
7591 8899 
1563 8488 
574 1977 
791 5292 
5205 5594 
3377 8122 
1679 2091 
8273 8292 
8018 9086 
5445 8304 
2554 4793 
6102 8029 
9633 9790 
151 682 
2150 2568 
2438 5053 
9983 9983 
8042 8459 
4013 7632 
7039 7803 
1083 8986 
2722 4370 
457 550 
2696 8337 
7778 8304 
1410 2352 
4631 7898 
7144 9480 
1985 3795 
2365 7599 
1134 9743 
9113 9878 
2131 6183 
5544 6724 
2732 6144 
5282 9822 
5195 7072 
2473 3901 
9876 9920 
340 5495 
4965 8665 
810 1547 
8118 9257 
9381 9717 
4203 4430 
1550 7467 
9726 9873 
7811 8413 
9997 9998 
5390 9679 
7125 7623 
8959 9412 
7498 9496 
2397 6004 
1294 8877 
5379 8728 
5433 9978 
2052 3425 
532 2231 
2016 3771 
7279 9921 
2545 4895 
5691 7681 
2043 4518 
3208 9494 
6503 8028 
6261 9124 
7976 9472 
8065 9051 
6466 8586 
439 1945 
5387 6185 
5997 8360 
7092 9981 
3456 3554 
6035 7012 
6773 8824 
5534 7091 
615 8006 
4248 8151 
4039 5364 
3016 8898 
7964 8239 
326 3869 
717 7723 
5800 6666 
9661 9769 
3944 8445 
7230 8457 
7219 8968 
5508 7766 
4898 6234 
5010 7696 
6346 9534 
6593 7950 
6615 7046 
4263 6748 
6422 8709 
1342 8271 
4319 5463 
2870 5823 
3279 9441 
2531 8978 
3041 6828 
254 3481 
8211 8234 
3752 9663 
7003 8947 
1631 6557 
3657 9132 
3739 7696 
9052 9384 
6779 8065 
3469 5672 
2554 8956 
4947 7533 
962 3468 
386 3829 
6115 6811 
7960 9318 
7879 9090 
3214 6008 
8180 9471 
8677 9933 
9647 9949 
9028 9731 
4818 8859 
8353 9051 
2830 5687 
4615 4794 
1791 9518 
2740 9977 
5224 6797 
5785 9265 
2808 3828 
5687 9612 
4131 7473 
728 8361 
5344 6397 
5031 8840 
8756 9319 
6050 6540 
4581 7276 
4327 4981 
8357 8503 
6528 6545 
7588 9740 
9512 9764 
7806 7859 
3207 4068 
9277 9319 
2746 4545 
6543 7939 
287 8415 
7675 8475 
3748 4348 
2939 6604 
8311 8937 
984 2862 
1096 4810 
9281 9361 
250 3204 
3705 5958 
8519 8740 
2380 3380 
3863 9718 
4862 7692 
1544 3104 
7137 7436 
1058 4367 
4056 5223 
4196 9203 
5283 9385 
2262 4169 
7121 9493 
5696 9040 
2128 8020 
2776 6612 
9297 9697 
3145 7182 
6433 7031 
6370 9693 
2622 4875 
8049 8864 
3698 3939 
3384 7375 
9969 10000 
4063 4370 
4793 6715 
5430 6963 
3527 4609 
6931 8501 
7038 9140 
1523 1633 
8171 9139 
6500 8364 
2772 6397 
6838 7199 
1166 1852 
7750 7984 
4073 6247 
8462 9210 
6122 6745 
9637 9802 
4928 6728 
2715 7013 
7170 7460 
7403 9276 
8312 9130 
3373 4191 
3987 9626 
7236 9831 
739 8452 
6267 7394 
7985 8269 
5905 8093 
9934 9945 
6328 8642 
8528 9841 
4040 8323 
5806 8213 
8180 9099 
704 5792 
621 9738 
7760 9742 
8089 9332 
6058 8292 
9648 9754 
9419 9483 
5349 8576 
2315 3772 
2178 3270 
3906 5893 
3931 8325 
5406 5973 
6555 7408 
590 5685 
8223 9210 
5298 7900 
6615 9976 
2235 9905 
3558 9586 
695 5928 
552 4040 
9051 9730 
3766 5478 
5038 9012 
1699 9188 
8863 9261 
9482 9908 
3089 7951 
2830 3511 
7944 8187 
8032 9758 
4509 5129 
5709 8788 
2527 4736 
1555 2358 
80 3875 
6667 9401 
4150 6003 
8824 9507 
760 3771 
3118 9935 
6946 7230 
7060 8714 
987 7759 
9336 9623 
168 3877 
276 8427 
4195 4448 
3888 4710 
6873 9332 
145 6209 
4765 6297 
9051 9321 
3638 3969 
6099 7654 
5669 8078 
5199 7565 
6607 7446 
544 7190 
9333 9960 
2925 8843 
5577 8412 
1473 5825 
3516 9621 
2845 4190 
3753 7868 
2193 6184 
409 2519 
4931 9261 
4695 5077 
1783 2141 
9162 9520 
3507 8410 
7827 8252 
1075 3514 
2730 4811 
1592 3109 
2371 5676 
2724 4519 
2040 4028 
8956 9119 
8470 9532 
6099 9141 
5377 6034 
2656 9726 
5444 7371 
7644 9681 
4584 6640 
7953 9382 
945 4524 
5101 6868 
7402 9202 
2862 7251 
5712 8246 
3714 5480 
1900 4055 
7191 8923 
6242 9062 
417 1040 
8851 9619 
5112 7549 
3548 7728 
463 5051 
6499 8617 
1770 4907 
2529 4680 
9671 9851 
3394 9248 
319 9347 
6328 9247 
102 8371 
3770 8928 
9710 9928 
4035 5105 
1318 2396 
7080 9348 
974 3125 
3920 6886 
2305 8750 
3625 4815 
3905 5365 
8842 8991 
3282 4874 
1511 6298 
2956 9071 
1818 7248 
5371 7748 
8517 8648 
7594 7758 
1099 2811 
7550 7735 
5 5618 
6582 7839 
7611 8679 
1682 7217 
3884 3911 
2521 2686 
791 1856 
6488 9368 
8093 8271 
7666 8411 
1351 2060 
470 1001 
6711 9904 
8022 8424 
1681 7048 
162 1584 
8835 9586 
2520 8602 
8355 9290 
6581 9134 
3463 8264 
7321 8578 
5948 8361 
6684 7569 
5779 6343 
4860 9442 
2629 7880 
8330 8389 
1073 5150 
3842 7224 
9272 9716 
7855 9385 
3363 6464 
1565 4332 
2307 8243 
6386 9345 
8156 8768 
8144 9014 
8337 9259 
5893 6707 
5549 9686 
8796 9184 
8269 9094 
3034 6160 
1500 6373 
4796 4895 
1556 9760 
6681 8153 
4372 9859 
1120 9693 
3762 8756 
7957 8040 
5196 9610 
9297 9666 
1984 5546 
8917 9469 
2068 4278 
6572 8227 
4861 5733 
4022 7108 
6195 8509 
5502 8241 
2525 6901 
6983 7052 
2702 8064 
5409 7596 
2342 6854 
1669 5214 
6777 8438 
7515 7797 
5306 7555 
5143 9343 
803 5255 
6892 6971 
6740 6906 
6160 9597 
6671 9284 
4197 9038 
1070 9396 
2720 9410 
9707 9885 
1855 8537 
2680 3556 
4131 9911 
5505 9554 
9922 9922 
4145 4866 
4866 7555 
4492 8983 
7129 7533 
9075 9096 
2173 5418 
7220 7340 
9878 9972 
8678 9788 
9666 9849 
1080 7612 
6079 7140 
2185 6185 
9996 10000 
8116 8565 
669 2564 
9046 9682 
7925 8395 
4877 8689 
214 2777 
5529 8819 
5638 9008 
1761 9513 
4859 6645 
1846 5681 
2990 9159 
1 5758 
9273 9949 
4867 9299 
6801 9483 
4478 4952 
5923 6651 
9478 9783 
5181 5879 
8428 8818 
9666 9860 
1133 8664 
3933 8987 
1490 8222 
7474 9541 
6137 8719 
8981 9962 
8374 9273 
2304 5949 
5725 6691 
9030 9450 
4932 7712 
3482 3949 
8353 9471 
7171 7769 
123 3945 
664 944 
3389 5189 
5306 5586 
8637 9098 
4013 5971 
6153 9887 
6971 7057 
9810 9996 
5086 8762 
1494 7739 
9607 9914 
1767 5748 
903 8575 
5447 8235 
1989 4677 
8056 9505 
8854 9325 
7785 8793 
4224 9639 
8739 8928 
6607 7584 
3984 9701 
3065 8286 
7003 9363 
8678 9092 
5137 6111 
7538 8228 
831 7530 
5843 6334 
5972 9575 
4784 9869 
2584 4643 
6390 9432 
2127 2183 
4795 9222 
8390 9038 
2262 5402 
9346 9457 
833 3730 
3199 7563 
4304 9018 
4831 7939 
3619 8524 
3706 6692 
6728 8603 
9036 9275 
6474 9576 
2739 6298 
9572 9930 
2705 7821 
2489 6023 
6118 8754 
8960 9787 
2020 9962 
5332 8970 
5166 8908 
5036 9594 
4609 5681 
3383 9906 
4895 6232 
1377 7926 
8004 9823 
4999 5889 
3603 8443 
4799 7397 
6058 7571 
183 3745 
116 8941 
3311 8489 
2560 9574 
5318 5610 
193 5839 
9541 9580 
4240 5092 
8401 9982 
7736 8364 
8706 8913 
9413 9838 
6168 8658 
5744 7315 
4555 8394 
4836 8611 
9965 9990 
3140 6754 
3408 4040 
8553 8656 
5927 8656 
1260 7156 
5172 8000 
9689 9805 
9062 9828 
6515 7707 
4196 7316 
1089 4002 
4976 5121 
5052 7252 
9086 9300 
8956 9102 
3135 9567 
338 5778 
116 4440 
865 9563 
7108 8509 
9720 9886 
7173 8210 
1976 2364 
938 4027 
8890 9880 
9537 9676 
7801 9224 
4105 5218 
4553 7765 
7634 8723 
8097 8729 
7448 8100 
6691 9267 
1667 5945 
6723 9723 
6968 8672 
7799 8659 
362 3415 
3923 8197 
5989 7954 
1568 5424 
9506 9693 
8606 9685 
506 8688 
7464 9246 
6150 8286 
6091 9114 
9953 9993 
4417 5385 
5750 6803 
4733 7310 
6686 9283 
2759 7211 
1400 8131 
9935 9984 
5470 8564 
2551 5121 
8456 9849 
9755 9896 
1994 9832 
4787 5264 
5964 7202 
5897 9700 
2018 3736 
1723 7346 
7883 8419 
9366 9911 
7890 8245 
1708 2215 
7827 9809 
3920 7298 
9285 9601 
3218 7132 
1610 1821 
3651 6636 
8733 9838 
7198 8340 
8457 9201 
4036 7472 
2616 8918 
2825 6060 
3337 4406 
9781 9782 
8914 9464 
8312 9731 
61 6941 
1728 2000 
5866 7355 
240 4774 
9369 9903 
7744 8817 
483 6784 
1923 5495 
3256 5754 
6158 8545 
8445 9846 
9757 9797 
6727 8003 
1762 6230 
5615 6670 
1514 9686 
8130 8393 
8153 9943 
188 6560 
5815 7376 
1043 2963 
6549 8725 
3056 7115 
1006 4157 
7708 9986 
1700 8835 
7276 8206 
8358 9679 
7758 9445 
4601 8793 
4200 9838 
4425 8261 
1544 7001 
3470 3508 
7169 8338 
5995 6675 
2956 3703 
9724 9920 
8689 9421 
839 1353 
2275 8883 
9683 9781 
3670 5768 
1129 2570 
1431 4971 
7986 9001 
7680 8400 
1037 7020 
135 6970 
6210 7017 
3891 8610 
5107 8712 
5509 7426 
3831 8925 
1334 6881 
9942 9951 
5251 7971 
6138 7316 
1320 9449 
5832 9976 
7019 8374 
2485 5019 
1568 6218 
8422 8812 
5171 7552 
1092 3603 
6378 9163 
9541 9865 
7938 8838 
8435 8515 
3948 6277 
2200 4186 
3081 9514 
3800 8209 
4971 7591 
4406 9402 
6 8161 
5401 5877 
9833 9885 
9472 9916 
2035 2460 
7102 9050 
8586 9007 
7075 9191 
1125 2085 
2367 4836 
6921 8313 
2380 3825 
716 4584 
6994 8110 
312 6163 
8818 9950 
3698 8866 
9477 9990 
43 2384 
7713 9533 
8547 9861 
9027 9033 
9695 9715 
7912 8604 
6853 8236 
8232 8640 
2492 7190 
1150 6060 
8525 8971 
9251 9491 
2001 7672 
5169 7557 
6463 7595 
7339 9780 
4261 6666 
9144 9557 
1119 2306 
348 7405 
5626 9364 
4542 7108 
7961 8453 
5464 8582 
4841 9371 
2710 8920 
8295 8521 
8782 8941 
7010 8704 
7621 9600 
2045 3076 
8685 9848 
2906 3285 
8003 9180 
2129 9017 
1512 4401 
7885 9755 
4213 9296 
375 583 
8539 8695 
6132 8742 
6250 9562 
8777 9321 
5146 5875 
7242 9625 
3211 8712 
554 8202 
6083 6311 
3086 4740 
9401 9717 
6217 9734 
3728 5591 
5690 7656 
3606 9672 
4346 7518 
1388 1653 
4582 5289 
5375 6462 
3221 5403 
6925 9139 
4584 5961 
1504 3782 
7697 8443 
373 9727 
519 8856 
3123 7177 
7867 9544 
7054 9422 
8608 9279 
7379 8468 
7030 8354 
6804 8791 
5844 9346 
2619 7706 
5907 7662 
3075 5443 
2418 5130 
2462 6995 
7228 7572 
9964 9994 
1545 6246 
3978 3983 
2759 8423 
3598 7058 
8589 9426 
788 1883 
1434 3913 
8298 9162 
8843 9589 
4329 5878 
1259 7962 
2260 3870 
7382 7508 
9696 9696 
552 2369 
8521 9715 
2406 3618 
6908 7100 
368 3450 
4345 5705 
6992 9247 
5899 7919 
2885 9085 
6299 8289 
7106 7864 
6755 9232 
790 874 
5360 6781 
5004 6491 
9529 9948 
4874 8770 
1102 7643 
6536 7707 
2843 8842 
6042 6168 
9939 9979 
2416 3804 
9507 9865 
6241 8712 
9704 9818 
9771 9868 
7530 8712 
4731 6892 
5686 7206 
6133 9911 
7266 7803 
7411 8644 
8876 9041 
8977 9260 
7007 7719 
9163 9644 
5233 5546 
8535 9696 
1037 7259 
7369 7785 
4264 8056 
2447 4498 
1067 7111 
4426 6935 
2749 5815 
1841 2905 
3102 6856 
8133 9647 
7134 8414 
2276 9398 
4033 8416 
3892 4326 
7783 8907 
2671 3211 
6839 9915 
9169 9526 
3376 9552 
9255 9636 
1314 8485 
7731 8905 
7512 9669 
7692 8807 
8882 8952 
1151 2556 
2628 3196 
1693 6174 
4619 7804 
5027 6691 
715 7694 
9009 9550 
9104 9341 
5480 6285 
1847 6204 
3675 4446 
8032 9927 
2950 6262 
5967 8217 
985 7175 
7006 7929 
4266 7762 
736 8898 
1143 3928 
496 4088 
9659 9740 
232 3356 
8031 9197 
8129 9122 
1004 5950 
1727 9183 
541 8028 
5117 7309 
3273 6698 
488 3687 
3768 9301 
1684 2518 
2429 4585 
863 3106 
1920 6639 
8961 9209 
1872 4304 
4077 9339 
8550 9131 
3052 5320 
4386 6678 
8659 9213 
1308 1852 
546 1638 
6942 8494 
5452 5892 
4135 4967 
6674 7023 
2259 4810 
8543 9113 
2951 7457 
2555 7717 
8395 9972 
4595 8301 
8211 9307 
778 1562 
412 9790 
2686 9612 
9661 9829 
8524 9652 
1428 4760 
1303 8571 
3736 9708 
7250 9273 
1796 2601 
1052 9303 
748 5589 
4932 6455 
766 4449 
3197 8274 
1891 9954 
7444 8699 
6209 6999 
2155 5729 
7937 9559 
9272 9864 
1268 5771 
6917 8724 
7930 8692 
2426 5146 
115 4276 
1805 6739 
998 2965 
8789 9936 
7597 7936 
7425 7534 
9252 9746 
6373 7469 
5864 6917 
1514 6388 
7688 9030 
7304 9531 
6874 7518 
3483 9978 
8974 8993 
3110 9314 
5575 7300 
1983 8044 
3032 9462 
3641 6388 
6513 9663 
3103 6285 
9831 9924 
403 2582 
3342 9919 
3607 7057 
7938 8325 
9201 9721 
6004 6580 
1687 3256 
7427 9529 
4438 8647 
3833 6245 
8573 9056 
5813 6506 
2731 8088 
3644 6860 
3326 6859 
8719 8991 
8827 9258 
2918 8206 
9481 9589 
8484 8734 
6699 6914 
505 8883 
4686 6356 
3169 6196 
8897 9596 
8354 9452 
2986 5230 
4056 8636 
5268 9973 
4100 6783 
5873 6313 
5769 8853 
5097 8031 
7041 9626 
1051 1676 
3002 9823 
9947 9988 
3630 8289 
6418 6525 
6810 6877 
1405 5748 
1698 2830 
223 6352 
8163 8751 
2421 7778 
865 2604 
6109 7750 
8312 9312 
7904 8760 
305 4457 
6615 9925 
5290 9664 
9293 9779 
8627 9321 
8754 9858 
404 819 
4956 7412 
9742 9833 
8565 9443 
5544 9144 
7754 8938 
4142 7902 
6194 9717 
4500 6621 
1021 4627 
7574 8073 
1398 1482 
6448 9689 
7854 9785 
6018 9910 
3783 8724 
8359 8378 
5076 8478 
2014 6023 
804 7382 
919 9928 
2668 3691 
5451 8203 
574 6754 
172 1514 
767 4573 
2376 3376 
1984 3533 
7229 8688 
8677 9115 
49 3546 
667 3314 
6463 8913 
6165 6382 
224 2534 
6312 7855 
1370 7753 
6027 6471 
1494 5322 
1685 1905 
5605 9254 
2776 7797 
2613 5204 
2717 3101 
7104 8026 
1672 7578 
6801 8286 
398 2582 
9668 9809 
7406 7982 
6767 7935 
792 6366 
9948 9961 
2074 5651 
7324 8123 
2764 7463 
1954 7399 
9151 9766 
167 6673 
520 586 
8933 9732 
6213 8242 
5075 5227 
6514 9653 
8856 9642 
6965 7213 
4764 8802 
7455 9996 
8812 9135 
3724 4938 
6591 7380 
5149 6039 
919 9048 
4718 9174 
8918 9338 
9669 9962 
3935 7515 
8459 9858 
7754 8615 
7847 9704 
4427 9833 
9610 9899 
4397 5643 
5990 7663 
8443 8801 
1465 1683 
9172 9533 
7417 7781 
4081 6396 
138 3996 
6876 9462 
3813 6847 
6029 6880 
3488 6210 
842 2032 
528 4232 
6358 9333 
9150 9219 
7069 9933 
7130 9716 
7385 9166 
5237 7991 
1889 4684 
2671 4869 
5473 9455 
7324 9857 
4242 7538 
1838 2321 
4684 9467 
1705 2457 
593 2172 
8611 9655 
2009 4682 
2908 9757 
8864 9206 
4125 5912 
5534 8397 
665 8744 
5791 7223 
20 9656 
3852 4345 
9012 9346 
3322 5752 
3611 5254 
4332 9805 
9428 9955 
7019 8588 
5824 9643 
7441 8570 
4278 6477 
4650 6375 
7008 7051 
6143 8539 
4944 6539 
8311 8703 
8827 9032 
2489 4111 
9269 9442 
5191 7101 
7450 8395 
7216 8794 
5037 7265 
4110 6714 
6049 8201 
6115 9121 
6914 7074 
8732 8944 
6288 6616 
5122 7035 
9838 9903 
4120 7049 
5066 9556 
8864 9474 
9246 9941 
8522 9915 
8194 8448 
8431 9446 
9464 9590 
8231 8885 
7101 8383 
264 8599 
1065 3863 
1555 5996 
6466 8815 
3819 5070 
1220 4349 
8173 9887 
445 2314 
1199 4174 
9560 9983 
9203 9945 
9100 9529 
1335 4692 
9280 9560 
6793 8742 
2147 9494 
951 9499 
2620 5709 
5521 8054 
8339 9406 
2167 4852 
7045 9260 
6705 7554 
2459 4005 
6374 9502 
6209 9117 
5242 7214 
4924 8880 
7162 9335 
5532 8534 
4870 9386 
3946 7552 
4157 9273 
5055 6777 
8220 8438 
1615 9193 
6520 8594 
8873 9966 
5906 9905 
762 9177 
4447 9779 
2639 4934 
8907 9944 
2685 8408 
3500 4141 
9947 9960 
3695 6746 
9027 9053 
8649 8714 
5853 9670 
133 761 
3382 9317 
9989 9994 
3145 7910 
7070 9908 
8405 8507 
7390 9058 
349 6568 
255 6172 
443 9485 
6147 6194 
9977 9991 
3779 5063 
9224 9924 
7147 9251 
719 8943 
7890 9559 
1246 7456 
6906 9089 
8787 8900 
4338 4796 
7795 9887 
2084 5278 
1868 1994 
4604 9624 
7411 8559 
2865 4052 
1223 3933 
2236 2583 
8429 8577 
1675 7425 
6625 9614 
1230 6783 
7376 9285 
2296 6651 
1684 6916 
1932 5762 
3005 9061 
1415 4839 
790 3914 
424 6104 
4359 4436 
8896 9626 
9934 9947 
4446 4692 
8280 9763 
8702 8735 
236 6831 
7824 9003 
4901 6442 
4799 5371 
4307 4868 
1735 9729 
4172 5204 
3562 3948 
5127 5730 
4758 4846 
2421 7818 
3788 7403 
4963 5266 
8029 9154 
6451 9146 
2181 6078 
8785 9900 
5665 7297 
1974 2049 
7323 7757 
1891 2294 
6936 9768 
4969 9516 
8448 9260 
1173 3685 
6735 8922 
1011 4142 
7147 9285 
4400 5021 
2351 8130 
3881 5385 
6113 8449 
590 973 
6667 9672 
139 2431 
2813 9778 
4228 8937 
4825 5707 
12 9354 
4761 5260 
160 1374 
5726 9410 
7530 9842 
6546 7898 
8073 8679 
6179 9983 
5583 9110 
1064 2083 
7315 8545 
8433 9790 
9523 9655 
3928 9957 
2553 4939 
3805 4630 
3023 3702 
3883 6818 
1758 8943 
5296 5641 
8106 8278 
5507 6003 
2121 9522 
3375 8805 
6585 8046 
7428 8226 
4000 5488 
8341 9624 
285 5586 
2022 8162 
7822 9025 
6189 9646 
1364 1660 
4026 9782 
333 9874 
5151 7879 
2592 6545 
1381 4144 
7220 8787 
5046 5543 
5123 5651 
841 8044 
4341 8205 
1012 3912 
1180 2238 
8438 8723 
1454 3902 
8565 9820 
335 9242 
7233 8815 
927 5886 
3375 5678 
9573 9966 
7607 8250 
8415 8733 
954 9471 
496 9852 
7969 8745 
4445 9559 
3252 9722 
8199 9162 
6080 6606 
3794 6775 
5307 7161 
5945 8856 
2572 3921 
1607 5941 
436 532 
7920 9512 
4206 9107 
649 3452 
4415 6479 
9779 9986 
5043 9224 
8253 9460 
3452 4435 
4968 9161 
6194 7503 
3540 5375 
191 9595 
5553 9200 
9703 9913 
4723 8012 
9255 9540 
5122 7309 
7693 9331 
4745 9373 
2413 8999 
7214 8672 
7367 9002 
5833 9355 
1351 3098 
5989 6868 
2842 4100 
4898 7913 
4224 7411 
4032 4112 
7554 8483 
3726 7492 
4311 8131 
8125 9349 
881 5790 
1384 6053 
7744 9688 
8923 9649 
3177 6443 
3290 7882 
4753 8853 
3913 9587 
1901 7128 
5695 7944 
9154 9642 
1582 1846 
7321 9813 
3060 3712 
7647 8968 
1441 8283 
7946 8235 
277 438 
9252 9372 
8672 9406 
4251 6356 
6635 6661 
9807 9947 
233 9663 
3045 7845 
4569 4964 
8314 8789 
2428 6064 
2821 3109 
1320 8723 
4404 7922 
4575 7727 
950 3040 
1142 7396 
2432 4898 
8203 9776 
2508 8061 
8959 9293 
990 9073 
7224 9985 
9811 9836 
1643 9135 
99 4883 
8354 8389 
3594 6309 
6925 8172 
4209 9753 
7308 9237 
3530 9267 
9391 9694 
9250 9575 
6883 7235 
7547 7950 
5000 6202 
9491 9925 
9625 9708 
8082 9955 
3024 4367 
7355 9256 
3613 7706 
4314 6009 
9300 9943 
8870 9585 
9160 9806 
5038 6582 
8635 9682 
2134 3065 
8163 9229 
5468 6772 
48 8549 
7791 8832 
6158 7412 
793 6667 
3252 4534 
3205 3546 
759 3728 
9278 9479 
9590 9750 
5498 5599 
185 8220 
8357 9461 
1324 5936 
676 6564 
5671 8226 
740 4084 
416 7025 
5621 7574 
1790 9969 
8367 9186 
8065 9188 
3165 9202 
9958 9985 
6261 8434 
5156 5618 
6160 6941 
206 4666 
3199 4901 
1015 4673 
3624 5779 
2992 6218 
831 2956 
3527 3635 
3932 7728 
3673 6234 
5456 5905 
430 1779 
7920 9799 
623 1506 
4984 9148 
3287 6610 
354 4480 
4344 5161 
8870 9890 
8111 9327 
3339 8511 
4259 9431 
8443 8552 
3789 7381 
6966 9835 
7828 9943 
78 6429 
3734 7130 
903 8433 
2636 7425 
2318 4934 
5521 8740 
9464 9645 
4230 7632 
9781 9885 
777 4415 
8832 8959 
9542 9964 
6551 7315 
7041 7806 
3040 9475 
6875 8214 
7904 9976 
9994 9996 
6991 7208 
1247 4607 
5121 9870 
43 1678 
7135 9352 
4007 8006 
1861 8938 
8767 9287 
2840 4617 
3684 6864 
1280 6016 
2106 4877 
9409 9610 
1236 4555 
4847 6593 
655 4672 
8157 9018 
9570 9910 
2586 2927 
92 2031 
3248 6450 
1038 7526 
9543 9552 
7056 8635 
4368 9464 
3777 4006 
3410 9739 
2417 3437 
6492 8804 
4167 5503 
9728 9731 
1026 1171 
4366 8092 
9629 9630 
2791 8280 
1893 7852 
8659 9454 
9861 9942 
9447 9635 
9403 9610 
8454 9597 
5729 5781 
7509 9429 
6167 9348 
4005 6210 
3791 4905 
6398 9135 
7386 8525 
5554 6381 
1079 6955 
7395 9074 
4065 7512 
2503 9624 
3249 8243 
4558 4768 
6473 9469 
6098 7953 
977 7775 
1454 7626 
949 8587 
2603 3557 
7699 8943 
3526 7448 
2543 3186 
3800 9040 
6228 7043 
4512 7446 
3964 9311 
196 3511 
4840 8475 
1889 6769 
1642 1980 
2780 8691 
4133 4214 
6257 9514 
8759 9269 
4899 6878 
9249 9908 
1526 6455 
9487 9846 
5074 9386 
1244 8555 
1903 7789 
9140 9467 
468 9188 
740 7858 
4021 5256 
4432 8042 
8866 8877 
9344 9855 
2121 9762 
9005 9352 
9726 9922 
5051 7021 
4782 7748 
2202 6195 
3053 4440 
7881 8149 
9947 9947 
1353 8409 
5878 7902 
4324 5268 
3325 7845 
619 2567 
5829 9864 
1184 5518 
8341 8805 
1203 2796 
5253 5563 
1935 9766 
4224 5941 
5378 6823 
1252 4937 
1114 2229 
8052 9914 
6291 7558 
8872 9302 
2434 9320 
5013 9133 
1326 4853 
4593 6769 
4786 7564 
256 6308 
1692 2714 
6757 8474 
5824 7468 
9891 9942 
8968 9846 
4873 7584 
1699 7022 
7927 9324 
6207 6935 
6764 9212 
4690 5642 
2274 6650 
6876 8609 
6228 8883 
3370 5908 
5479 5712 
148 4189 
2644 7630 
125 7142 
7362 9152 
1968 5909 
1928 6155 
8944 9059 
2216 9455 
3006 9338 
9157 9305 
7538 9411 
1792 7834 
7589 8127 
1790 4511 
2302 4669 
9393 9727 
2084 5533 
6773 8774 
9381 9720 
3222 3819 
4870 6819 
6740 9739 
2979 8180 
9096 9563 
7565 9007 
4289 9316 
2297 3932 
7895 8197 
4485 6098 
403 1846 
9710 9823 
5273 7550 
8503 8741 
6271 9703 
8774 9520 
6723 7574 
7195 9550 
9831 9833 
3510 8794 
4487 4946 
9735 9841 
5882 6215 
5679 6301 
1350 4332 
8949 9263 
8079 8825 
7305 9707 
7878 8092 
3556 6318 
2279 9845 
8430 9624 
5519 5882 
5723 9662 
7326 9316 
8023 9755 
7571 8219 
173 2207 
6259 8508 
6850 8111 
6378 8785 
4499 9241 
9507 9577 
6908 9813 
7133 7896 
6418 8540 
7554 8901 
5148 8024 
3685 9610 
7385 8707 
9954 9962 
968 6990 
6192 9625 
9468 9783 
9120 9891 
2876 6626 
7056 7897 
1319 3887 
2712 8576 
6105 8079 
1811 2409 
9952 9961 
9218 9588 
963 7002 
9609 9781 
6089 8208 
8156 8383 
7957 9899 
6672 8526 
486 2310 
900 5649 
6234 7346 
7116 9617 
2723 6322 
2235 9133 
5940 6223 
1383 6526 
6573 9821 
901 1872 
1012 6133 
8545 9780 
5199 8935 
6136 9252 
6472 8279 
2514 2845 
2427 5393 
116 8853 
1079 4064 
8360 9373 
4200 9296 
6200 7545 
8824 9453 
9257 9844 
423 637 
8622 9342 
7222 9456 
3241 9486 
6114 9330 
4829 5016 
9360 9993 
8919 9632 
1094 3212 
6563 8531 
259 7128 
2255 6577 
4404 9806 
4004 7106 
6346 9855 
6522 9744 
2838 6486 
4168 6144 
6934 7047 
3461 9478 
5676 8128 
978 7578 
7029 9177 
7538 7617 
9257 9624 
2750 8206 
3271 9131 
7545 7815 
7923 9207 
9667 9748 
5687 5812 
7631 9799 
3583 7283 
9074 9317 
8551 8562 
9341 9806 
826 3763 
4965 6233 
8509 9329 
2157 4457 
5083 5909 
574 4388 
7187 9459 
5101 8394 
6275 7679 
3024 7237 
390 9276 
3701 8805 
3822 7823 
6291 8122 
2566 8697 
9620 9781 
4207 7537 
9314 9668 
1509 9247 
3833 4117 
7822 9610 
9234 9310 
6468 9111 
1481 7798 
601 1686 
3906 6654 
6754 9778 
6040 6891 
7222 8908 
56 8147 
1513 7164 
6730 7011 
6354 9623 
7402 8609 
6278 7030 
5542 8105 
6290 8271 
8527 9311 
1642 4589 
4250 5821 
2002 6283 
693 4064 
9231 9867 
9470 9502 
2300 8266 
9730 9785 
1734 3148 
3423 8979 
2582 6441 
6145 7778 
1903 2490 
6370 9491 
1657 7212 
723 1712 
6292 7770 
5598 8327 
1263 3558 
8709 9067 
2977 5771 
9012 9959 
6771 7434 
8992 9386 
5144 8087 
2490 7131 
7326 9957 
7159 7997 
9597 9948 
551 9329 
6811 7815 
7829 9198 
8768 8947 
612 9896 
8453 8867 
667 8976 
1844 5429 
8112 9999 
5796 6172 
8650 9740 
4315 6134 
4263 8143 
4557 5475 
3227 6587 
7705 8571 
8393 9796 
8151 8261 
9261 9266 
2470 5536 
3868 5699 
6403 8368 
1991 8558 
5504 7452 
9205 9786 
3454 5212 
7539 8277 
5425 6224 
2127 5763 
5905 8883 
2662 4614 
633 5978 
8005 8624 
952 4052 
9519 9939 
3261 4752 
6100 6699 
8905 9041 
3677 3717 
4298 5167 
8941 9096 
317 6771 
1867 9317 
2579 7952 
1502 3757 
4843 9304 
5087 7623 
3175 5973 
8096 8785 
128 7455 
51 7718 
8581 9844 
7804 8598 
9224 9771 
1691 7721 
7953 9900 
4212 9318 
6118 8798 
6644 8766 
6695 9474 
2080 2699 
2357 7878 
690 699 
1225 5173 
5807 7705 
4119 7350 
7745 7850 
3471 5894 
343 7816 
4581 5868 
4065 8898 
4670 6461 
3846 4203 
7609 8275 
4588 8103 
1091 8271 
5470 6164 
8599 8840 
1989 5606 
9645 9812 
1100 5614 
3368 6399 
1852 5149 
8506 9346 
271 7989 
7857 8803 
440 1735 
7114 8302 
778 7301 
1540 6104 
7811 8273 
4089 7682 
8821 9940 
7982 9650 
9873 9980 
5062 9366 
2482 6154 
1612 1684 
2963 3988 
332 4142 
7850 9603 
1501 9365 
3581 6782 
3610 5075 
8421 8538 
8220 9975 
2471 2575 
9306 9363 
1235 8582 
3219 9670 
7485 8735 
3890 4668 
6421 8326 
1194 4048 
7930 9584 
9110 9438 
3513 8340 
5171 7517 
6146 7111 
9724 9867 
4941 7529 
9313 9908 
9248 9612 
7265 9918 
9420 9786 
3963 9715 
4642 4737 
7213 7239 
1567 3761 
2711 6008 
5184 7420 
4035 7444 
3400 5434 
600 2985 
986 5571 
3877 6269 
7620 7728 
4550 7831 
8880 9941 
1587 3619 
3070 5994 
2344 6476 
1361 2006 
7773 9422 
6500 9893 
4523 7258 
8955 9075 
1507 7805 
692 5421 
652 9397 
8788 9830 
1554 8650 
2834 2864 
6242 7251 
7180 9372 
8280 9476 
6136 9952 
1484 7575 
662 4589 
186 3387 
9457 9501 
2933 8353 
6800 8824 
9018 9941 
8141 9560 
9104 9198 
9165 9407 
2671 6791 
5275 7123 
3061 5653 
7354 8915 
5385 8351 
5468 6840 
194 9056 
1022 1883 
223 8790 
326 6712 
813 2749 
5520 8533 
3118 6911 
2967 3644 
3339 3963 
2408 5591 
8864 9124 
6609 9812 
5831 9805 
533 3013 
3597 6823 
9758 9835 
5626 6380 
4515 8786 
8827 8883 
9768 9980 
7869 9683 
6711 7187 
7890 9903 
4215 9484 
8210 8453 
2967 9724 
7389 7488 
9627 9790 
9470 9877 
213 5518 
8626 9588 
6589 9283 
121 4447 
9477 9535 
4256 4351 
6355 7365 
1600 7016 
1494 4606 
108 7565 
3495 8472 
50 4766 
4752 7354 
8043 8930 
8694 9956 
163 1038 
1158 4319 
7546 9695 
4091 5720 
4941 8091 
5484 8720 
5325 6692 
4993 5423 
4716 5624 
7214 8631 
469 9661 
4060 6081 
1633 9303 
2000 4490 
6947 9381 
6405 6641 
7428 9663 
50 4591 
7129 9941 
1360 2568 
7298 9165 
7640 7942 
4743 7539 
2278 8808 
7673 8173 
6706 7398 
6156 8857 
3642 5967 
3452 3588 
222 422 
4308 8806 
8600 9041 
6175 7228 
8081 9343 
4765 9090 
6548 9712 
3036 4976 
5526 8248 
1210 7388 
6424 8619 
9771 9879 
2882 7757 
1083 6301 
5635 9983 
4005 7875 
11 8145 
5647 6390 
3639 7167 
1338 2446 
3866 8757 
3459 6198 
5974 8113 
8016 8451 
6008 8727 
2795 4156 
9781 9947 
6595 8923 
7937 8632 
390 9143 
1232 4497 
8063 9242 
2599 6442 
6156 9530 
5096 9520 
6232 7410 
7861 7916 
3715 5869 
4930 6437 
4663 5232 
3631 9179 
707 3616 
7258 8387 
8948 9217 
5947 6399 
9710 9801 
4695 8137 
6121 9627 
8892 9996 
5117 8104 
724 913 
1457 9808 
9636 9670 
5495 6885 
1085 1452 
1475 2390 
9322 9674 
7468 9429 
3802 6041 
1953 8052 
6738 7267 
1173 5138 
6442 8337 
4716 6781 
8830 9456 
1407 6133 
3646 8673 
5980 8153 
9450 9919 
3083 6130 
6662 6753 
4756 5385 
3631 7727 
4920 8645 
9766 9917 
7992 9347 
5212 8854 
1886 3145 
8174 9650 
3104 4712 
7094 8858 
492 1659 
7578 7974 
1730 6642 
5485 7189 
9312 9366 
3255 8302 
1066 1350 
8241 9444 
3135 3411 
3747 4866 
356 8476 
8176 9184 
4287 4707 
4593 9368 
2162 9125 
1894 4879 
5888 7566 
8861 9753 
5911 9982 
7164 8160 
8078 10000 
8956 9116 
4149 9868 
7386 9568 
5913 7681 
7024 8722 
3031 9556 
3764 6959 
3239 7099 
8002 8905 
6743 7319 
8690 9379 
786 7374 
2224 4151 
86 6159 
6088 7588 
1660 6600 
8394 8426 
3376 4989 
1130 2123 
2654 9041 
958 7318 
8772 9436 
1107 3301 
7073 9842 
1721 9773 
2902 5625 
3170 3196 
4250 5236 
1128 8880 
3296 9521 
333 8683 
2163 9866 
6818 9328 
5928 7325 
3158 8469 
3753 7486 
1684 7890 
8006 8117 
2319 6484 
7237 8397 
5363 8266 
9122 9210 
7237 7434 
4699 8295 
3493 4691 
8918 9394 
8707 8928 
1700 5301 
9543 9683 
4891 5038 
2606 7227 
5209 9916 
4320 7979 
9403 9859 
5157 8241 
9920 9981 
8182 9310 
1085 3644 
5963 7532 
3104 8581 
2077 9848 
294 2446 
8972 9694 
2667 7113 
7805 9844 
6498 8957 
8342 9168 
7229 7803 
382 7010 
4895 8035 
5635 5730 
1828 6484 
4892 9130 
2301 4569 
183 6341 
1030 8352 
3035 8682 
1665 4365 
2574 8052 
593 1589 
3939 9171 
8851 9543 
3957 9018 
1780 3933 
5901 9398 
1297 2377 
9380 9535 
2133 7860 
7937 7991 
3071 8701 
4445 5282 
3897 7210 
703 2939 
7781 9206 
6164 6272 
4814 9633 
2902 6261 
2077 6054 
3098 5255 
4275 6547 
395 7665 
1133 7785 
6061 9313 
8424 9873 
3645 6486 
6099 6644 
8549 8647 
4931 9135 
5146 9126 
2858 7349 
3632 5919 
9967 9977 
6730 7120 
2925 9960 
702 8450 
5901 9247 
6788 8657 
433 9378 
2384 6795 
8822 9277 
5293 8175 
5061 6011 
4389 6635 
8882 9497 
3868 5521 
701 3733 
3104 3120 
4600 9794 
3533 8767 
5938 8230 
1992 5423 
2371 2704 
7762 9403 
3552 7246 
427 9640 
7603 9072 
8395 8417 
1127 6573 
6464 9938 
3745 4838 
7224 7767 
2130 9238 
159 8712 
7648 9297 
2737 6833 
3416 7671 
7575 8566 
6272 8082 
1790 2837 
8342 8596 
677 6627 
5189 9808 
935 3075 
1295 4822 
5556 8882 
5532 9462 
4700 4743 
393 1800 
1398 5843 
5162 9810 
210 8047 
4412 6938 
5877 8449 
3054 5018 
861 7400 
8773 9199 
7301 8813 
9558 9655 
8612 9395 
1568 4149 
7279 7674 
8066 8259 
2125 2943 
5717 7003 
8598 9468 
7902 9403 
1704 3474 
5822 8892 
8864 9439 
8673 8877 
3977 7279 
7859 9497 
3738 6896 
929 6809 
9823 9932 
9908 9927 
5810 9114 
3171 7988 
9712 9892 
3919 9374 
7031 8653 
373 3057 
4605 5586 
1342 8883 
6862 8214 
7894 8657 
2407 3604 
819 7901 
8498 9391 
3544 9811 
4474 6852 
3998 7427 
453 8725 
674 6591 
4730 8070 
2616 4677 
913 3828 
3738 8651 
5376 6635 
2112 2972 
9292 9662 
4935 9395 
3069 7210 
7971 9944 
1220 9613 
648 9214 
4076 6789 
6380 7578 
9513 9822 
4479 5672 
4465 4737 
4059 9019 
6879 9168 
203 6012 
8528 8747 
3655 4048 
7394 8800 
258 9376 
6521 7984 
7477 8217 
8747 9167 
7271 8395 
352 6319 
2189 3528 
9937 9975 
677 1741 
4648 8723 
603 2735 
6686 9110 
668 1365 
2648 5291 
7584 8886 
677 8787 
2663 9087 
4761 7916 
6494 9651 
3045 9611 
7512 8284 
1611 7586 
1474 7478 
1029 9216 
2989 8830 
1327 5105 
4449 7961 
2062 7563 
2653 5083 
4017 5291 
760 854 
3613 6436 
9767 9997 
8170 8893 
1669 1725 
2493 8309 
8155 8671 
608 3719 
8577 9640 
7722 9756 
9534 9567 
18 4603 
7321 9596 
4902 8671 
2937 5312 
9099 9626 
2442 7207 
5868 7629 
8292 9754 
8209 9443 
5249 9339 
7389 9388 
4533 7963 
7044 7162 
3636 5648 
7258 8103 
2120 6430 
7485 8414 
314 4618 
4346 7860 
8587 8966 
6628 6945 
7645 9200 
1025 6001 
1949 7898 
7765 9091 
2393 4514 
8974 9145 
6846 8494 
5787 8850 
1649 1669 
6136 8594 
9195 9543 
9988 9988 
696 2027 
7922 8833 
1524 3804 
2288 6483 
9022 10000 
2460 4378 
4579 8248 
1499 8475 
7429 7823 
9717 9806 
8269 9078 
7802 8594 
9280 9776 
6295 6546 
9359 9466 
6079 9823 
1209 8405 
4334 4897 
9684 9742 
7168 8511 
9146 9226 
1701 2251 
7356 7630 
6147 9474 
5619 9876 
5698 8257 
7944 9831 
4119 9770 
4343 6988 
6828 8956 
4159 9375 
9518 9599 
3611 4969 
819 2087 
9844 9990 
2852 7789 
2805 8484 
93 1566 
2602 8929 
7819 9051 
2405 6528 
541 4387 
8139 9269 
2161 6376 
2757 3104 
4097 7018 
2987 9121 
640 1357 
3564 5912 
6994 9077 
7870 8574 
3400 8607 
6109 8004 
4327 5062 
4380 7617 
7530 7867 
9548 9744 
311 1529 
3547 8933 
9941 9976 
7899 8243 
3814 6167 
6070 7756 
711 7422 
2859 6346 
6589 9709 
3065 7275 
3794 9665 
7278 7512 
4156 8552 
505 2570 
3070 8760 
3631 4543 
5545 6572 
5367 8286 
2917 5827 
4532 5483 
3939 8675 
1166 1817 
7626 8610 
232 5786 
8100 8172 
7842 8321 
8044 9263 
241 8286 
460 7765 
8447 9169 
7132 9195 
6435 8584 
9363 9767 
7266 8543 
3024 7632 
4881 6146 
250 6298 
5239 7479 
718 8779 
6883 7555 
8271 9443 
2664 6355 
8649 9194 
8812 9732 
7372 8126 
9481 9973 
3388 8470 
5438 9057 
9657 9774 
3390 9982 
4821 5638 
6548 9642 
8480 9301 
8848 9672 
2362 2807 
1414 5476 
3688 3916 
5595 9926 
6110 9086 
496 7401 
6272 9843 
9130 9591 
3910 8876 
4263 5764 
7749 9864 
9184 9580 
8238 9072 
3336 7909 
7185 9039 
8304 8649 
231 6353 
9272 9289 
3259 8540 
1677 2017 
8727 9636 
5423 7813 
3704 7793 
8737 9957 
7308 9737 
6229 6679 
3526 3624 
9948 9959 
1499 8905 
7088 8088 
5307 6029 
3857 9071 
350 7568 
6981 9603 
6329 8376 
5062 9435 
2839 3038 
9581 9795 
4275 4350 
9940 9960 
8292 8507 
7699 8472 
9357 9933 
4665 8951 
4369 6473 
5877 7847 
9532 9735 
2664 8836 
1572 5271 
483 4526 
6081 9163 
7749 8344 
6367 7816 
839 8899 
8708 9374 
9850 9966 
4931 8117 
6931 7053 
707 7082 
5403 9498 
8045 8253 
8487 8891 
8072 8374 
2939 7538 
6179 7260 
3048 4421 
4417 5374 
6906 9840 
1324 4042 
7754 8861 
259 976 
9207 9624 
1412 7794 
2198 3313 
2903 9660 
5607 9808 
64 3141 
4844 8296 
3642 6194 
6616 9069 
6884 8657 
5481 8146 
1736 3780 
9975 9984 
4544 7625 
6013 7678 
2510 8562 
6865 8120 
824 1009 
3075 9319 
3407 6218 
8667 9704 
2441 4815 
449 2411 
9042 9794 
6404 8554 
8153 9258 
4232 7271 
9548 9727 
4328 5647 
265 1528 
1061 8620 
261 7377 
2807 7930 
2325 7635 
8776 8861 
2530 7714 
9547 9618 
6794 9966 
6278 8089 
5974 8619 
6621 6768 
4150 6534 
1130 6179 
9859 9973 
5843 7385 
5901 6300 
7197 9152 
1917 2022 
740 5834 
4997 7412 
2484 6211 
9322 9763 
564 8880 
1360 6151 
7332 9098 
3879 4596 
7919 9229 
2023 3221 
5617 7526 
268 1151 
1218 9933 
7091 9276 
5320 9528 
9177 9283 
7050 9719 
855 8234 
8478 9817 
4083 5966 
5800 6963 
3835 4463 
8072 8542 
5173 6968 
8164 8411 
4141 8647 
7188 9455 
4239 6999 
9889 9953 
9059 9534 
4001 7240 
6781 7513 
961 8548 
8977 9683 
5110 6411 
1166 3090 
7201 7482 
2520 9216 
4069 7974 
8191 9201 
798 861 
7707 9273 
6836 6888 
2604 8344 
5886 9561 
7602 8702 
8434 9472 
1713 2331 
1254 7318 
9914 9955 
6815 8957 
1094 3043 
2888 3300 
6997 8986 
7346 9221 
3529 4958 
7027 9983 
6367 7773 
2858 4646 
9321 9966 
4064 5642 
1754 4580 
9741 9900 
7912 8920 
6175 6331 
2603 9484 
8565 9222 
5628 5984 
185 8976 
3413 9838 
6605 8235 
1878 6129 
9836 9984 
9124 9839 
9522 9570 
1837 6502 
2193 8356 
9021 9760 
4258 6252 
5742 7113 
6985 9828 
4402 5648 
5500 8558 
5563 8322 
7455 7915 
1855 2514 
566 3898 
1043 4906 
7330 9691 
6826 8885 
1994 4170 
318 1763 
2507 5618 
3158 7518 
4693 8897 
9312 9695 
9880 9942 
6410 8012 
2525 7322 
4385 5645 
1927 3094 
6385 8445 
6158 9026 
3896 9822 
9494 9785 
1543 1900 
8161 8536 
4950 6597 
5809 6252 
2524 8022 
2299 9074 
2732 7268 
4934 9661 
2447 7998 
5626 9614 
7095 9912 
5132 6763 
4776 7727 
1652 9122 
3695 8141 
4001 8234 
404 1550 
397 9749 
1401 6414 
3307 8522 
4447 9759 
9605 9955 
5387 7455 
7830 9380 
5229 5715 
5502 9286 
2627 3619 
1653 5502 
6945 9751 
5657 5867 
9350 9810 
5855 8727 
7829 8400 
6779 8230 
3512 8125 
5890 9452 
99 8951 
5739 5780 
2852 4164 
4403 4937 
4600 5357 
1522 2529 
3895 6334 
1043 3914 
1429 6233 
4577 6061 
4165 4653 
9268 9430 
4096 6682 
2474 6790 
277 7426 
2488 2869 
5204 6109 
3929 5806 
2007 4379 
8291 9162 
6581 6587 
2100 5284 
823 4011 
8222 8707 
9462 9665 
6279 9740 
1077 6760 
4741 5123 
4021 4409 
6523 8525 
9487 9811 
2293 3356 
6539 7234 
8216 9736 
6880 8845 
4042 6813 
6242 9341 
923 1050 
3201 5205 
3139 9041 
7692 8498 
265 8825 
351 7560 
3736 7655 
4562 8990 
586 8065 
186 7441 
153 8519 
8418 8711 
1590 6735 
6217 9849 
9005 9178 
4594 8962 
6391 9848 
536 1087 
4295 7625 
9963 9968 
8593 9541 
9157 9517 
313 570 
162 2337 
5718 8048 
9090 9433 
3340 7114 
7490 9466 
4268 5066 
6482 7091 
3167 8280 
1794 2569 
7948 9994 
2401 9275 
8334 9009 
5518 9681 
8533 9691 
4571 5061 
423 8638 
9821 9845 
8063 9711 
1754 5500 
1350 4359 
1271 7714 
7589 8194 
5304 7737 
752 6920 
9386 9445 
6136 8398 
7114 9785 
9120 9920 
3813 7927 
7106 8878 
5150 5884 
9044 9864 
3537 5238 
3792 4591 
2150 4202 
7549 9829 
8510 9103 
4269 7006 
5262 9646 
1164 2967 
5339 8743 
2016 8853 
9183 9482 
1284 4855 
5195 9973 
2537 8619 
8159 8993 
7291 8253 
4047 5532 
1405 9569 
8045 9751 
808 1687 
2249 2336 
7129 8701 
8543 8941 
3516 9364 
9125 9396 
3646 9778 
7623 9655 
3871 7999 
7113 8628 
636 1830 
3708 5190 
6740 8455 
6639 7723 
6200 9046 
2510 9357 
7742 9310 
3252 8125 
3159 5723 
2381 4129 
717 9273 
6251 7327 
3926 9212 
3723 5105 
5665 8730 
1322 1658 
1040 6364 
7318 9657 
4763 8447 
9721 9980 
9327 9403 
1697 8139 
5138 6940 
1613 7008 
4608 9281 
6758 8740 
2511 9850 
5701 9237 
7869 8589 
5645 5797 
4170 4793 
8249 8386 
2846 8017 
8524 9573 
6939 7981 
4490 8797 
7030 8903 
8800 9612 
9209 9785 
3092 7376 
1415 1755 
1436 3999 
3699 6592 
7188 9991 
5788 6486 
2063 2216 
6102 9576 
909 4716 
6740 8922 
4925 5718 
3589 5467 
4272 7568 
4932 6926 
8777 9637 
5006 6456 
3989 6768 
3529 6015 
5507 8207 
115 7318 
3799 9982 
7089 9581 
4090 5890 
8770 9735 
2644 3102 
6192 8292 
9387 9813 
9649 9690 
3170 5310 
7133 7968 
5695 7714 
6821 6847 
5926 6141 
2912 7342 
2164 7068 
804 6078 
8170 8707 
981 6773 
3435 4459 
7864 8998 
9628 9728 
3478 8293 
2274 7271 
401 6142 
1239 3105 
1117 2355 
2819 4926 
40 6032 
241 6735 
2264 2523 
8241 8765 
9075 9557 
7720 9896 
7390 9256 
707 3575 
7975 8155 
5391 9755 
9057 9588 
6539 9308 
3297 8731 
3967 7220 
9548 9885 
6272 7506 
977 1309 
2343 8032 
8874 9209 
1088 8897 
8557 8574 
1939 8123 
172 5766 
6041 6335 
5210 8798 
6155 9748 
8701 9315 
653 7450 
6390 8225 
9071 9984 
9686 9979 
2884 9415 
7740 9524 
9090 9388 
9085 9337 
6268 8971 
9332 9803 
7136 8335 
3336 8057 
7992 9428 
158 3551 
7429 8407 
7798 9525 
4128 4435 
6341 7966 
7362 8850 
1603 9965 
8928 9467 
5943 9205 
985 9232 
5484 7913 
3178 3564 
3542 9787 
4416 8729 
1122 5889 
1917 3119 
8101 8408 
6637 7718 
8201 9331 
8146 8909 
3350 9557 
1247 5024 
3752 5207 
9416 9623 
4163 4875 
5475 7712 
7293 8771 
3613 3891 
3306 3523 
3242 3608 
5828 9856 
7447 9339 
5880 6594 
2426 4501 
9500 9504 
8691 8879 
7983 9532 
6834 9280 
7863 9403 
8529 9383 
9699 9831 
9224 9934 
860 2932 
3938 8561 
803 5503 
349 1755 
9760 9903 
2871 7465 
1627 8133 
730 8239 
5537 8475 
3263 7583 
1366 5069 
1894 7759 
1724 5534 
9844 9921 
5295 6351 
804 6453 
6999 7446 
7406 8236 
5916 9811 
1839 2237 
8707 9609 
1932 3497 
3795 9303 
5508 9238 
153 708 
1125 7433 
40 2750 
385 2526 
9476 9898 
2252 9520 
1010 5938 
8693 9334 
3481 9901 
9389 9628 
9010 9735 
3871 8336 
7118 8206 
4741 9789 
4730 5914 
7915 8091 
7254 8057 
6028 8474 
1694 9247 
9099 9832 
9655 9941 
2012 5979 
6266 9053 
8468 9455 
4403 6212 
799 2303 
8443 9398 
7085 7952 
2264 2552 
5199 5269 
9514 9617 
6438 9392 
2417 7743 
158 1757 
91 8266 
5523 7921 
6772 8569 
8224 9706 
7561 7861 
6230 9360 
7674 7678 
1000 8615 
5256 7704 
1181 3292 
4457 7412 
3268 4741 
4865 6633 
2463 8653 
9040 9079 
4193 5299 
6801 6955 
3306 3739 
7504 9198 
8103 9125 
1041 3588 
5528 7417 
1611 8467 
4893 9547 
9401 9743 
3212 9608 
2480 8040 
3837 4168 
105 9446 
7997 9415 
7036 8606 
425 8094 
6952 6973 
8647 8722 
3877 6644 
732 7920 
7007 9356 
4543 7306 
4689 9067 
5427 6511 
3026 4977 
8654 8887 
7811 9446 
192 7560 
6984 8562 
6221 9210 
6523 8214 
4663 7340 
202 6950 
3502 7725 
739 6104 
9614 9635 
1448 5002 
5260 9122 
5195 8091 
4352 5209 
4478 9038 
9343 9558 
2702 3671 
5057 5565 
1727 3211 
5680 7574 
9322 9748 
554 4333 
7125 9178 
1257 8490 
4021 9802 
538 7748 
7950 8289 
7229 9024 
2485 3164 
2747 6424 
8794 9673 
4956 5103 
8546 8648 
9867 9988 
9012 9330 
9742 9937 
3331 4473 
2574 2909 
3670 6500 
9344 9469 
4790 9392 
5651 7717 
1556 1589 
2398 2968 
9382 9795 
3422 3472 
7345 9392 
2697 7096 
9683 9986 
6667 9574 
5155 8039 
2431 9305 
8817 9601 
121 2671 
7014 9993 
5028 5175 
1588 2881 
7354 8749 
3257 4008 
8002 8469 
8391 9624 
4693 5292 
6941 7726 
5317 8967 
7311 9884 
5906 6924 
4340 6407 
4733 9852 
2302 7581 
2363 6030 
2078 4818 
4112 5878 
2471 2520 
4769 7383 
9220 9476 
9626 9741 
876 2965 
2975 7439 
7367 9631 
4295 8750 
8232 9161 
1608 2261 
1841 2752 
7582 9312 
489 6792 
7792 9996 
4535 5626 
321 9563 
4042 4703 
4223 5464 
6498 8321 
3013 6505 
9068 9568 
1453 6008 
1990 6663 
9186 9463 
8451 9790 
2366 9255 
2717 6068 
5587 6123 
8771 8977 
4575 9511 
1420 3391 
8653 8786 
6299 9290 
8098 8161 
5977 9678 
2512 9433 
104 1962 
5892 7505 
3699 7126 
8143 8691 
9805 9851 
5487 8503 
2578 5238 
4596 6175 
7929 9209 
805 8654 
9075 9706 
3870 6937 
2944 5560 
2433 4765 
4561 8441 
4477 7265 
2560 5180 
9089 9404 
6398 8392 
448 4200 
3897 9834 
5515 7944 
1710 2061 
8128 8484 
4520 6876 
7609 8917 
7939 8353 
1565 8138 
2384 5718 
390 8253 
8219 8691 
8341 8411 
4631 7689 
6285 9933 
2545 3587 
9774 9941 
8888 9194 
2475 3416 
6248 9808 
7619 9169 
6057 8929 
1965 4220 
8362 9115 
7798 9331 
4793 8951 
5725 5762 
448 2502 
9083 9204 
5221 6816 
3762 6848 
5238 6995 
6378 8755 
4817 6286 
9217 9551 
1837 3782 
3265 7672 
3938 4245 
7560 9240 
1539 8210 
8159 9399 
202 4067 
7243 8993 
991 4835 
6251 7222 
190 8590 
9249 9496 
7126 8152 
7741 8303 
2765 9092 
1945 6903 
8260 9214 
1216 6077 
8585 8868 
9966 9969 
4800 7245 
8760 9961 
6754 9345 
405 5207 
4075 7096 
9321 9623 
1939 9591 
3265 9217 
8411 8806 
4571 7239 
7578 8227 
1979 6221 
3902 5291 
9526 9768 
1386 4046 
617 2107 
2118 2674 
9707 9799 
8997 9086 
8441 9375 
1690 4756 
3435 7137 
9029 9674 
5282 7622 
2901 9444 
1407 9962 
2399 8815 
274 2238 
8154 9500 
2632 8590 
5958 8053 
11 4003 
5280 9912 
241 5494 
575 2109 
1480 2560 
4169 8356 
9020 9559 
2648 7474 
9795 9860 
6549 6759 
6787 8661 
1813 4065 
9335 9643 
7138 9273 
886 8528 
4587 6140 
3157 9284 
3737 6131 
5745 8397 
9790 9823 
6898 9458 
8719 9014 
9461 9652 
149 1255 
3699 5078 
9705 9751 
912 4143 
8388 8582 
2577 4819 
2467 4776 
8691 9172 
4629 4999 
2664 8773 
373 848 
3555 4950 
9927 9937 
3293 3360 
2952 7044 
8331 9742 
1245 3347 
3804 3892 
4826 6500 
315 4218 
4934 6699 
3787 4228 
2524 8091 
8971 9549 
4757 8778 
1602 9750 
5429 6515 
948 5941 
916 991 
6469 7365 
6809 9695 
9009 9017 
6760 6811 
4813 7291 
4124 6964 
9670 9714 
6688 7999 
7000 9870 
5646 6615 
1033 8864 
3566 9864 
7889 8581 
3814 9386 
4896 8459 
3029 5603 
3792 8613 
3594 6485 
3973 6200 
1607 2908 
9292 9441 
4238 9586 
3311 7741 
9847 9961 
8818 9360 
1358 9658 
1788 5530 
7521 8684 
107 4158 
4554 6352 
3810 9528 
2332 3759 
7736 7926 
4492 7314 
602 5531 
4463 5339 
9815 9984 
2038 6650 
7705 8154 
1154 8585 
6282 8853 
7034 7871 
1188 6651 
2064 7228 
6646 9153 
4860 7132 
1893 7141 
1725 8194 
948 3595 
2585 8884 
3602 8822 
9694 9887 
3168 8415 
3055 6611 
1981 8780 
331 3161 
3877 7979 
7497 8822 
5199 7115 
3212 6430 
1052 4288 
2839 9630 
4694 9484 
3477 7357 
4273 8036 
4373 9470 
6776 8931 
5763 8229 
9291 9471 
8878 9318 
9808 9869 
6289 7328 
3949 5807 
9143 9461 
9704 9809 
6966 7468 
1844 8501 
3722 5686 
1321 8039 
2913 2976 
199 7978 
7621 9445 
9194 9671 
9588 9876 
7183 8139 
7816 8333 
9913 9940 
9393 9962 
3752 5852 
2818 9233 
3228 9027 
465 469 
361 5791 
6781 9625 
5992 6456 
5754 7315 
8015 9050 
101 5947 
9938 9960 
930 3241 
2866 7537 
359 7177 
6125 9333 
120 1633 
4145 7998 
7028 7180 
3014 9721 
3808 7136 
4871 6692 
916 1234 
1568 5509 
5334 7924 
1423 2698 
1675 4949 
8953 9350 
3981 6228 
9052 9985 
2667 8882 
4155 8520 
3797 5877 
6014 8070 
7671 9545 
3957 4539 
6448 6792 
5803 6081 
4807 8953 
9741 9745 
6685 9375 
9535 9667 
1176 2299 
6483 7080 
9747 9830 
6137 9027 
3687 8624 
5865 9320 
3327 4259 
741 8834 
5867 9108 
6827 7072 
8755 9401 
6637 8369 
6702 9926 
8885 9193 
6285 7523 
7637 8099 
5391 7516 
2121 4318 
2358 2749 
4493 9675 
9865 9995 
954 9462 
1160 7285 
515 8990 
1094 1661 
4022 6787 
340 3394 
678 2135 
594 9764 
5184 5824 
2757 6266 
8988 9100 
5926 6716 
5332 6962 
1245 7193 
3936 5908 
3946 8264 
4802 8159 
3225 9243 
249 8621 
7909 8702 
3515 5393 
395 2116 
4668 5377 
4073 6440 
4360 9674 
8540 9536 
76 459 
8518 9240 
7727 9421 
6145 6823 
618 7147 
3131 9872 
4649 7730 
6577 8046 
5943 7996 
5696 6263 
2232 7205 
6676 9036 
4286 8728 
9243 9876 
3811 4759 
4894 8640 
5602 5629 
9185 9200 
9790 9942 
4770 8227 
6808 9725 
8220 8253 
898 4999 
2606 4802 
4674 6021 
7314 7375 
9141 9562 
3739 3993 
4603 8209 
4056 4422 
4975 5373 
8987 9177 
5180 6256 
1526 9356 
6294 7229 
805 9449 
7542 7638 
6304 7268 
1359 6689 
8557 8610 
9323 9545 
7134 8172 
183 3919 
5732 7410 
9939 9984 
7459 9925 
5846 8529 
9250 9264 
732 7959 
1921 9791 
4383 5169 
8490 9978 
4056 5032 
1912 4061 
9521 9975 
8526 8859 
4632 9534 
8201 9686 
1423 7229 
8436 9050 
5874 7659 
9364 9551 
5505 6963 
8793 9110 
3328 6673 
5686 8083 
909 8348 
3344 6209 
8184 9325 
4516 8964 
2684 4601 
2320 8614 
7625 9119 
8097 9167 
7428 7446 
590 9229 
7804 9616 
9912 9915 
7338 9726 
2599 9567 
4167 6079 
8050 8974 
4996 6568 
571 7342 
1638 8886 
5998 8758 
6718 9401 
2032 4114 
8827 9407 
7669 8093 
6917 8421 
7564 7703 
4533 8458 
964 4921 
3273 7499 
2344 4507 
8206 8919 
6051 6749 
5396 7374 
3150 7997 
3425 3885 
9063 9263 
8990 9524 
4165 6443 
8436 8487 
1182 7556 
3687 3994 
2522 5914 
9201 9580 
488 3541 
7914 9501 
6333 8592 
1495 6013 
7510 8735 
2949 5992 
3123 3654 
4792 8760 
8702 9435 
7739 9637 
8766 9163 
5039 8117 
8491 9649 
9389 9739 
7621 9086 
6190 9321 
9439 9456 
2306 6727 
345 2312 
1080 7482 
7384 7711 
1293 3773 
1669 2780 
993 2954 
6788 6976 
2045 4046 
5011 8266 
2237 4114 
8266 9472 
3807 6966 
6133 7112 
1094 6522 
4712 4954 
5320 6531 
6623 7790 
7023 7817 
4659 7328 
3882 8869 
3408 4972 
1785 2199 
3220 7631 
9648 9999 
5727 7835 
4252 7157 
5303 8565 
6170 6394 
5688 8080 
5707 6207 
3346 3693 
6558 8651 
4773 4888 
8473 8607 
6529 8187 
8036 9274 
7149 9835 
7599 9141 
1566 3654 
8488 9599 
9838 9952 
5146 9913 
3497 4862 
2203 8184 
7851 8305 
8986 9408 
8733 9109 
9275 9725 
4326 4398 
7760 9313 
3150 9426 
6288 9983 
3997 6710 
3191 5363 
9851 9973 
8011 9644 
5509 7221 
7925 9157 
344 7785 
765 4117 
492 7613 
2707 6000 
3101 6566 
2706 6438 
2316 5466 
5961 6882 
6268 9383 
9565 9935 
3353 5416 
4407 6003 
2713 8819 
1918 8679 
4731 9758 
6432 6486 
2103 4703 
1748 5368 
7617 9645 
339 6998 
4364 9492 
283 9836 
2464 9508 
9429 9910 
12 3705 
6239 6821 
1923 1933 
5240 7898 
6731 7620 
4137 8662 
8505 9220 
6006 9182 
9330 9773 
4848 7458 
5342 5597 
7518 8141 
2447 7548 
4481 8310 
65 5686 
2696 3523 
1749 2022 
9292 9601 
8985 9132 
7908 8638 
159 1169 
8505 8865 
3442 6421 
2702 4758 
3698 6204 
7902 8372 
3138 4412 
1553 4940 
8016 8632 
1975 6067 
1885 6519 
6466 7345 
8912 9000 
2107 5787 
4421 9984 
7559 9383 
3128 3617 
1153 8931 
1943 7186 
5586 8331 
5828 7835 
8752 9988 
716 1417 
293 4351 
229 9922 
3865 5425 
1840 2590 
6265 7361 
8180 8803 
2039 2572 
6533 8588 
3928 8558 
2714 4468 
2458 5512 
2049 2708 
2003 4698 
1317 7091 
5946 8245 
940 9091 
2176 9079 
7518 9609 
2896 2927 
3151 5952 
3301 4566 
6076 8232 
4274 6530 
3834 4053 
2965 9374 
5167 7406 
1166 7058 
2427 7546 
8909 9973 
9928 9958 
3243 3558 
8090 9496 
1767 6862 
4223 5081 
914 3080 
1682 5150 
7772 9260 
8691 8842 
1738 2455 
1509 8703 
6438 8675 
3816 6867 
9580 9682 
3774 9542 
8766 8974 
2091 2499 
9690 9961 
2057 3457 
7533 9526 
4873 7824 
8769 8773 
1414 1423 
1852 7226 
796 6426 
4110 7821 
3187 9926 
8910 9340 
295 2627 
2633 7327 
5864 6495 
2190 5658 
1451 9630 
8676 9633 
3126 9660 
4755 4762 
2210 8431 
7803 9210 
7377 9710 
2559 9720 
2818 6002 
7991 9975 
9407 9974 
390 6621 
625 7385 
5274 6318 
1037 1226 
83 5297 
2838 6026 
1919 6367 
2121 9140 
9228 9643 
9482 9618 
7767 8011 
9267 9858 
492 6523 
8559 8991 
9979 9998 
6762 9476 
8384 8776 
4174 5720 
860 967 
8177 8628 
2286 3309 
6365 7443 
172 5330 
8122 8534 
510 3619 
2935 5002 
571 7291 
8982 9889 
2 6218 
8840 9907 
1173 4123 
338 3372 
2175 9227 
3690 4443 
2012 4509 
5104 7817 
1195 6649 
5633 8277 
8906 9851 
2493 5581 
8676 9399 
1834 5683 
5304 8193 
2283 4324 
7947 8846 
6580 9263 
3596 5059 
5451 7369 
3888 9824 
5196 8875 
635 1240 
4274 5026 
5509 6604 
1894 8106 
583 7302 
3168 7098 
4340 5347 
8710 8891 
7178 7489 
602 5032 
1101 1326 
645 3481 
4435 8189 
6992 8483 
8172 9210 
9208 9614 
2531 8350 
4602 9439 
3467 8112 
2872 8540 
3230 8562 
3110 4838 
84 3387 
523 9130 
6472 7286 
6108 9120 
863 1681 
1521 2448 
2689 8278 
8383 9037 
808 8372 
5896 6069 
7403 8716 
201 3686 
9977 9985 
242 4427 
9777 9914 
8718 8748 
8630 9349 
3441 6312 
9931 9966 
6806 8122 
8488 8518 
5293 7848 
2720 9668 
627 5458 
9325 9941 
1793 5210 
6078 6894 
6165 8365 
8943 9104 
1191 2610 
6976 8940 
4792 6623 
8558 9736 
996 1032 
6750 7197 
432 5833 
5686 9578 
8676 8687 
2741 5702 
5704 5721 
1748 8161 
6200 7318 
2961 5990 
251 8818 
5830 8313 
6221 9904 
7587 8316 
6644 9911 
3429 7490 
6936 8309 
8409 8513 
7439 7900 
8347 9036 
9755 9867 
2896 4740 
6528 8327 
7546 9173 
5639 8997 
9821 9965 
5754 9804 
8433 8598 
1463 4603 
912 6608 
8320 8920 
195 1728 
6481 7176 
5821 6359 
7571 7838 
3533 8070 
1852 7735 
1827 5362 
7245 8424 
2961 4066 
7252 7792 
8618 9708 
3721 6133 
1789 7231 
6085 8885 
7196 8517 
1315 3097 
9931 9938 
4102 5973 
9168 9727 
7631 9448 
6496 9245 
8551 9064 
5800 6511 
112 4078 
5569 8141 
2083 5416 
8621 9933 
3085 8913 
5201 9137 
7808 8673 
4371 5993 
9786 9975 
6456 9116 
8141 9766 
8496 9277 
3102 7871 
2219 9134 
2368 7625 
1664 2248 
1785 4771 
9695 9894 
495 6260 
2728 8774 
8429 9176 
2412 9432 
6212 6752 
6331 8179 
6115 9686 
4720 6603 
2441 4296 
4052 7011 
6783 8394 
7191 9555 
9241 9665 
6383 7860 
9612 9922 
9861 9870 
7457 9919 
7307 9897 
2376 8288 
9744 9991 
7206 8256 
4066 9759 
4534 9766 
6764 8241 
6679 7712 
5663 6150 
6088 7719 
140 2548 
3908 8693 
2321 7058 
1392 2479 
2834 4075 
9245 9773 
9035 9507 
8933 9967 
3449 9211 
9806 9849 
1133 8550 
2680 7600 
9645 9803 
8710 8723 
1910 4244 
8493 9560 
7009 7419 
7149 9207 
9471 9680 
6562 8285 
5894 9717 
2064 9346 
4073 7865 
7649 8818 
7568 9716 
4859 7569 
2555 5043 
4905 6337 
4459 8845 
1139 8370 
1228 7810 
1010 9720 
354 5516 
2978 6177 
7206 9305 
7601 9900 
6696 8852 
8591 8713 
1376 7021 
7604 9847 
6392 8522 
9333 9489 
6159 6818 
6608 9303 
6687 7058 
5002 6186 
74 1186 
2208 4699 
1381 2397 
5339 8451 
6139 8451 
256 7656 
3408 8518 
2054 8943 
1941 4491 
6029 7860 
47 823 
9505 9862 
5461 5464 
755 7877 
3688 7740 
1672 6986 
8672 9605 
8990 8991 
5836 8206 
9281 9496 
3332 4567 
5426 8960 
4085 7067 
957 3711 
3265 9179 
1601 2714 
346 7043 
6493 8429 
2765 4069 
3819 4081 
8346 8952 
6585 9251 
2761 7347 
2632 8023 
5191 7012 
1545 6015 
1620 8647 
4486 6729 
9098 9895 
1442 6474 
9554 9559 
5435 6095 
8332 9466 
8401 8745 
551 5559 
2367 6881 
5029 9474 
1100 7619 
423 8509 
7218 8032 
3336 7772 
8501 9218 
1576 3112 
3765 7157 
8234 8440 
5017 9141 
6062 7564 
4175 6781 
4532 7133 
1967 3347 
2683 2900 
4007 5431 
4879 8496 
5601 9699 
9557 9620 
4375 6288 
6446 9902 
5653 9503 
6587 8566 
616 5411 
7687 8398 
2822 5579 
3474 5104 
7657 7832 
6092 9783 
7467 7901 
3970 4619 
3893 6325 
2453 8855 
4521 8635 
7889 8943 
2519 5228 
9683 9937 
179 9274 
7044 7758 
9545 9820 
2292 7222 
9325 9585 
1321 8356 
7660 8446 
832 6516 
8110 9609 
229 6132 
7049 7301 
7525 8187 
4079 5146 
7745 8658 
1497 6999 
6344 7804 
2190 3727 
5335 7340 
9174 9572 
5477 8541 
6279 6795 
9228 9934 
2790 5844 
6863 7845 
878 3748 
5818 7862 
3170 6423 
6910 9593 
495 5267 
8939 9228 
6826 9194 
3009 4643 
8320 8405 
4291 5766 
216 8892 
104 709 
5536 8936 
6835 9103 
5694 6327 
88 9510 
4409 4809 
5808 8565 
8972 8993 
1280 7268 
4855 5517 
6847 7002 
6301 9191 
2362 8184 
1039 8066 
5004 5807 
3601 5905 
7383 9238 
7352 7699 
2774 9381 
1995 2486 
1836 7214 
2334 7630 
8231 8410 
8153 8824 
2530 4613 
7281 7536 
409 4973 
3563 8681 
4222 7011 
5032 5419 
1921 9275 
7764 8289 
9809 9817 
8612 8794 
6866 8025 
7129 8917 
7252 9448 
2001 6435 
2960 6140 
4520 5976 
7228 9808 
5716 9935 
1362 9657 
4298 9531 
5524 6937 
286 4500 
538 2403 
402 8456 
2892 8413 
82 880 
6533 7879 
3371 8041 
9560 9747 
8732 9369 
4620 8552 
1552 4249 
7761 9951 
5154 5172 
9731 9869 
8551 9325 
3632 9165 
1139 1919 
4047 9020 
7442 8017 
8054 8669 
8220 9990 
2178 9442 
3256 7626 
7357 9478 
4065 8744 
4151 7314 
6513 6932 
171 2235 
4308 8405 
1349 9488 
7496 7705 
2719 7273 
6082 8331 
748 5777 
1916 4237 
5219 5443 
8814 8964 
986 7486 
2651 3166 
9226 9286 
1186 3341 
2441 9131 
8897 9560 
505 8952 
483 8719 
2279 3338 
8474 9669 
2501 6013 
2574 5850 
797 7356 
8311 9505 
5626 5782 
7567 9098 
4928 6930 
6273 8665 
4447 6627 
7207 8108 
5124 7392 
1786 3842 
148 7727 
6384 8621 
3535 6521 
1781 8140 
7290 9289 
1103 9674 
2493 7901 
3017 6534 
4519 8386 
4050 5819 
659 2307 
5362 9509 
6304 7899 
3992 4100 
6350 8043 
1388 7900 
6583 6740 
7291 8136 
6324 8430 
7198 7248 
4049 4739 
2802 4245 
7935 8707 
5010 8530 
3246 7648 
8955 9251 
9588 9948 
8820 9839 
6217 8466 
8988 9648 
22 5466 
6165 9709 
924 3541 
5153 7893 
1939 9932 
2861 8167 
6513 6769 
4974 8999 
6013 8713 
4222 9623 
3910 3979 
4213 6223 
3548 7395 
3793 8297 
7763 9412 
8563 9761 
6370 9568 
2902 6315 
746 6405 
8842 9230 
6610 6990 
6596 9744 
7362 7729 
9028 9985 
6256 7849 
7653 9110 
7054 8035 
7652 8654 
7600 8247 
5556 9294 
7330 8881 
9270 9320 
5978 9499 
5879 9877 
4204 5569 
4477 7126 
213 1407 
8175 8407 
4594 5524 
6407 7569 
9205 9406 
3187 7153 
9001 9433 
3517 8078 
2154 5928 
1628 9098 
10000 10000 
1382 2433 
6156 8304 
8117 8217 
2123 7103 
8796 9447 
5107 5697 
9664 9952 
291 2400 
2535 3089 
113 6634 
6387 8237 
6568 8177 
1090 6981 
948 3112 
113 1061 
8328 9461 
5638 8507 
251 7808 
6422 6499 
3649 7581 
2496 4814 
3726 9930 
1918 9162 
1619 8094 
6158 6953 
5318 7672 
4370 7103 
4984 7337 
7957 9276 
3538 6535 
6706 7233 
8151 8341 
7994 9431 
7978 8869 
5711 7120 
5843 6538 
3478 9289 
9764 9810 
8589 8937 
4319 9675 
6829 8291 
900 8912 
5473 9304 
2014 6751 
6595 9101 
4101 6745 
4531 9817 
1630 7688 
1687 2273 
9974 9979 
344 8627 
8303 9637 
9424 9999 
2680 3080 
9521 9638 
5333 7645 
3847 6171 
114 1661 
6979 8425 
7182 7587 
9083 9710 
7580 8629 
7049 9512 
9777 9780 
7308 9194 
5260 6606 
5861 8736 
7969 9729 
8315 8520 
8801 9932 
7549 8710 
3665 8244 
1683 9121 
8108 9325 
2467 5092 
9654 9943 
8142 8575 
2639 4481 
7644 9911 
3744 4291 
3781 3813 
4587 9537 
4002 4339 
4491 8903 
869 4538 
5218 6561 
6356 7983 
7485 9788 
2811 8400 
4842 9029 
7920 9722 
6118 8942 
7741 8243 
1994 8280 
1957 6081 
2051 9257 
2386 4341 
5626 9923 
4241 6462 
3459 4971 
351 8358 
8724 8773 
3666 8748 
1370 7570 
6158 9825 
2425 5589 
610 5925 
4681 8100 
4311 8108 
4828 4891 
8491 8570 
9589 9894 
8317 8873 
2172 7092 
4493 7121 
3653 5734 
5080 9454 
8862 9138 
8500 9239 
3672 6305 
1088 1974 
9562 9665 
611 8802 
1691 4453 
6338 6362 
1535 8992 
2753 3521 
244 7018 
2769 8748 
1640 2237 
452 1086 
4716 8663 
8335 8939 
7661 9185 
8961 9340 
2326 6370 
8489 9803 
2480 3773 
5106 9231 
4824 6997 
2844 4226 
1826 8861 
5993 9913 
556 8725 
4395 4464 
9772 9799 
2967 9590 
6550 7747 
7150 9853 
3173 8369 
4594 6306 
9328 9548 
4652 7024 
7040 8714 
2438 6194 
8929 9476 
6490 8159 
5621 8851 
4742 8162 
5921 7526 
4723 9613 
7548 9633 
49 6633 
9698 9954 
7316 8516 
9011 9717 
8222 9977 
5503 7559 
1984 2927 
4949 7442 
7546 7696 
3710 4654 
1222 4824 
498 5724 
8483 9972 
9274 9742 
3031 8892 
3512 9330 
3677 5031 
140 4095 
1678 6006 
8972 9853 
3441 6512 
5167 5495 
1321 7980 
3347 9713 
9982 9992 
7309 9518 
2653 7257 
6350 7226 
3575 5344 
7507 8321 
2306 9595 
820 8078 
453 1010 
9595 9876 
9660 9777 
8268 8428 
5309 8046 
5172 5187 
1570 2932 
5332 7770 
6325 9028 
5216 8525 
3658 6903 
3057 5096 
7296 8663 
578 7596 
9288 9640 
7152 9117 
147 8029 
1624 6099 
1485 1678 
3361 7253 
3538 7331 
1247 5490 
8922 9184 
7790 8251 
5086 8511 
9785 9802 
8206 9269 
531 9491 
4649 4725 
2901 6654 
9207 9484 
434 8919 
4187 9501 
7447 9864 
6178 6695 
2762 7384 
1746 3114 
8618 9852 
5847 8205 
6755 8540 
2209 9561 
8008 9285 
9140 9664 
5469 9867 
7341 7915 
7092 8554 
6216 8919 
8603 9691 
5613 7774 
4356 9222 
3613 9602 
4802 9681 
7295 9521 
3010 7355 
7347 8945 
8097 9201 
6368 9182 
3334 5032 
6093 7216 
9173 9872 
2899 8632 
9170 9441 
2458 9787 
3127 3310 
1324 5896 
4163 6157 
1797 3390 
9170 9946 
9343 9733 
7913 8541 
118 1910 
5899 8256 
382 3778 
3452 9283 
469 3176 
4512 4688 
1703 5422 
6800 7881 
9129 9699 
8924 9137 
3669 4057 
8439 9893 
3751 6928 
4268 6247 
4733 6289 
3844 9634 
6727 7156 
2699 2765 
615 9731 
7545 8096 
3619 9097 
7035 8318 
1640 5901 
2437 7882 
9174 9340 
2718 8208 
187 5998 
567 9765 
8841 9806 
151 8381 
4097 7134 
239 3998 
7280 7816 
10000 10000 
6654 7593 
2688 10000 
8513 9239 
5936 8787 
9308 9625 
2320 7156 
629 1040 
3183 5955 
5759 6403 
2946 7204 
6641 8051 
5482 5995 
3870 4123 
8082 8816 
7111 8654 
801 5020 
3931 6671 
5520 6240 
3011 8145 
5813 7992 
9055 9927 
1876 9767 
105 9934 
1945 5088 
4844 9941 
435 1517 
9731 9751 
9067 9253 
768 6199 
889 1926 
9458 9472 
2175 9883 
6234 7612 
9494 9915 
1256 3121 
3854 8756 
7597 7638 
3156 5337 
6162 9281 
7079 8230 
3644 8830 
9125 9273 
6352 8417 
9366 9530 
782 797 
4692 7471 
6636 9096 
965 9471 
3747 8522 
7481 7939 
3201 9363 
8247 8848 
1059 9162 
7742 9954 
2707 8274 
2228 8186 
8878 9535 
121 6680 
3486 9501 
4233 9418 
2110 3780 
3322 9594 
8019 9290 
3614 9397 
2809 7222 
4271 6671 
2799 9821 
5283 6467 
8905 9566 
7104 8755 
8100 8910 
993 7753 
7848 9777 
3902 4617 
8441 9912 
6501 8523 
3069 3298 
9667 9971 
8206 9702 
7094 8105 
9308 9682 
1633 3318 
4222 4726 
3311 8929 
3934 7285 
664 4211 
804 7100 
3900 8525 
4335 4399 
480 4544 
8332 8516 
6138 8082 
7060 7422 
7260 7331 
6296 6906 
5848 7393 
629 1571 
4211 8776 
5568 7756 
3987 7886 
8099 8523 
9607 9871 
1585 1763 
3536 9920 
3229 8599 
4406 6101 
8967 9223 
4205 4441 
7258 9856 
2501 6822 
9513 9832 
6518 8998 
3017 5021 
6551 6783 
4417 6677 
4558 6524 
2760 7122 
6401 8543 
4023 9306 
9637 9795 
1773 3710 
2762 2890 
2372 8713 
1476 3543 
9808 9854 
1756 6745 
8639 9575 
2283 9694 
1517 4852 
3913 9489 
8897 9967 
9717 9858 
2333 8916 
267 8192 
6680 9738 
3046 5295 
8338 8797 
6436 8780 
6139 8033 
8021 8121 
2940 8944 
6931 9823 
1220 6311 
8229 9615 
1878 6957 
9764 9926 
3160 8515 
2714 3007 
5089 8166 
9981 9986 
3616 8907 
7529 9756 
6851 8980 
5284 9139 
3503 9791 
7911 9715 
3760 3760 
3073 8584 
7271 9622 
972 3982 
5742 6510 
4157 8300 
341 1559 
4729 6414 
3239 6871 
1093 8549 
6527 7002 
214 2090 
9770 9813 
7000 8181 
6083 8759 
4378 7280 
1866 3687 
565 1162 
3150 5449 
3639 8120 
9445 9748 
214 5683 
3062 4256 
66 9061 
3954 9551 
5547 7883 
6928 7530 
8866 9878 
8032 8843 
7655 8737 
6126 8084 
4707 7225 
1497 7525 
1960 3667 
4007 5187 
502 3117 
4255 4559 
2856 9182 
892 9989 
701 3728 
2086 5931 
6613 7510 
9986 9997 
9461 9944 
4033 4996 
5532 6308 
5420 8770 
4164 9864 
8882 9569 
6636 7120 
8348 9074 
796 924 
6251 7124 
9117 9550 
9379 9984 
6765 7345 
5135 9545 
157 7195 
988 8788 
3523 9651 
4903 9123 
2806 9470 
7554 8275 
9147 9321 
5856 8997 
7187 9852 
2499 4324 
4784 6344 
7852 8524 
4317 8311 
7389 7616 
6324 8468 
8642 9535 
690 1865 
5914 8187 
4969 9466 
2495 5154 
3614 4182 
6472 6721 
3836 4128 
3498 4736 
8901 9744 
950 2753 
9828 9965 
3367 9751 
2605 3312 
9597 9841 
1686 4782 
4596 9706 
5880 6656 
332 2944 
1762 3360 
9683 9756 
4668 8756 
6370 9576 
4863 8551 
4611 5712 
1396 2348 
9980 9989 
3609 9852 
699 2332 
4115 8952 
9564 9748 
9085 9156 
4017 8331 
5127 5219 
5342 6060 
3980 5197 
6393 9818 
7572 7983 
3678 8287 
1506 8899 
8235 9972 
9587 9799 
2498 5983 
1657 4378 
3153 9777 
1354 6469 
1232 6280 
6981 9504 
7177 8330 
3786 4639 
5628 9496 
5829 9123 
329 7364 
9648 9950 
3541 7925 
302 4776 
5938 7645 
4050 9868 
3384 6358 
298 3233 
4754 5071 
2985 5514 
4824 6244 
4368 9967 
4341 8469 
3911 9741 
6175 9830 
2244 5825 
6412 9102 
2705 8336 
4144 5223 
9742 9836 
6684 8580 
1353 9780 
8088 8672 
6028 6523 
5201 5577 
3795 7817 
5390 6911 
7040 8918 
4736 7497 
9733 9902 
1310 5587 
5990 9909 
2143 7500 
7803 9787 
2553 2566 
2429 2433 
760 9737 
4375 8703 
3294 6134 
3251 8388 
2446 6390 
8970 9678 
3736 3927 
7305 8062 
7229 8146 
6506 7011 
5822 7601 
9048 9268 
2759 5619 
9336 9995 
5977 7228 
5349 8277 
1789 3005 
5174 5875 
6720 8970 
6885 9845 
4128 5352 
1956 2472 
7060 7700 
7567 7879 
8967 9881 
4966 7594 
782 4095 
3940 8720 
9144 9756 
1752 8764 
1988 9706 
3090 9547 
1071 6230 
8425 9862 
4190 8263 
7255 7843 
1761 1829 
2933 9815 
7844 8051 
4756 9344 
6117 8163 
2958 9377 
8296 9124 
3534 8942 
521 2459 
8039 8738 
1811 7290 
5072 8520 
7627 9572 
2264 7537 
7810 7814 
5633 8973 
1390 7210 
1668 8406 
7411 8953 
6551 6619 
7156 7915 
6070 7244 
9363 9895 
8192 8321 
768 3379 
1245 5506 
4355 6670 
5459 8438 
6069 9913 
8430 9180 
659 4621 
3340 7070 
5596 7555 
3866 6717 
9705 9790 
1528 9626 
731 2867 
9384 9650 
7936 9762 
1056 8770 
361 9004 
1760 9405 
3426 5415 
5574 7300 
4036 5438 
4684 7351 
8005 8162 
2857 7457 
8945 9995 
7002 9848 
746 4201 
5436 6665 
1074 5107 
322 6101 
4516 4905 
8852 9376 
9422 9450 
6523 9376 
7038 7595 
4786 5133 
5115 5128 
8649 9303 
9083 9588 
3993 4622 
7660 8024 
9095 9098 
4020 8726 
1867 2504 
304 5560 
1189 8673 
7328 7581 
4672 5040 
394 582 
2198 6900 
9638 9760 
9918 9947 
4456 5759 
2197 3511 
1358 3548 
4377 5863 
3012 6425 
3531 8044 
6512 7221 
3861 7423 
