50000 50000 
8066 11892 
16613 42206 
13056 13099 
12384 40779 
35842 46421 
4730 16609 
29164 34692 
31587 42407 
49682 49788 
41183 44320 
19184 23463 
35412 35551 
38197 47229 
34170 49201 
8197 39847 
28152 47318 
40353 44886 
33032 39995 
932 35021 
30319 47239 
10045 42879 
12035 41495 
31170 44867 
20663 23434 
5690 39490 
9070 24145 
6371 49041 
9528 19730 
19470 35788 
6984 47691 
5010 11926 
45652 48041 
22068 37583 
12418 26916 
46354 48397 
17785 32225 
27318 41810 
44193 44880 
21957 37057 
19981 24570 
43663 47249 
46017 49538 
25494 26532 
7460 33550 
7980 19842 
29059 41432 
23315 40121 
45650 48695 
41628 47848 
32071 37543 
22366 25719 
14002 35966 
14668 42713 
22997 34775 
44327 44867 
27453 30003 
31151 36119 
44682 47443 
35486 39601 
11983 40483 
12785 47568 
21602 24422 
42579 46420 
37651 38016 
48837 48935 
17816 33992 
20587 23123 
48207 49331 
48458 48849 
10233 43246 
22352 41215 
18518 34556 
9196 30595 
651 14493 
10261 14383 
24772 38076 
32949 36366 
10767 18713 
22482 46384 
14230 42295 
39136 40724 
29920 47066 
37130 45643 
25560 40538 
1935 10028 
23248 25241 
1504 6462 
16524 17440 
7103 17764 
22141 41813 
48615 48652 
15373 37083 
38179 49346 
8560 41970 
13924 32177 
10231 34009 
23762 40686 
24578 26699 
37689 45524 
23353 27979 
18523 19622 
12480 17129 
43393 46783 
26655 49431 
13942 23032 
42351 44881 
43617 45402 
46759 46916 
8400 25942 
15929 27307 
20234 20770 
49753 49915 
30727 38082 
34482 47305 
12008 33627 
11752 42496 
9047 37273 
48133 48441 
13202 41834 
28994 34724 
16730 34986 
24130 42196 
21450 29873 
28953 31261 
46138 48776 
39524 40440 
13873 25464 
45403 49809 
47159 48169 
34259 48057 
19699 24617 
36222 41687 
36659 45816 
33512 38202 
14529 42283 
11356 33747 
44341 44842 
34745 49022 
19413 21911 
13183 33978 
39379 44449 
8833 22149 
22838 44659 
46769 47261 
7383 30371 
30902 38588 
14746 29682 
49061 49890 
25634 26927 
7981 17403 
605 21304 
19391 44705 
17848 38245 
40306 48816 
4372 20443 
20991 48948 
45749 47931 
20719 33590 
44527 46631 
42150 47173 
17451 42387 
31577 37242 
12859 32659 
29033 41068 
2279 26784 
22433 40754 
4932 21269 
35597 43915 
18479 40489 
3880 39982 
8559 23052 
20202 45353 
22578 33483 
36425 39164 
659 4257 
13719 35501 
19098 30435 
12972 19912 
27787 33871 
14146 45992 
5415 7803 
39317 46532 
44026 47494 
48152 48573 
42577 43528 
31682 35282 
21161 36462 
16642 19767 
26960 29211 
39737 49552 
12257 36355 
35292 39904 
12380 26060 
44046 48246 
21058 27053 
46495 49793 
33988 38762 
9194 48887 
16172 20723 
18074 43507 
25212 44288 
43433 44068 
24782 27145 
4105 43623 
22226 42731 
36368 38392 
28936 30104 
19919 47327 
41486 42043 
24988 27817 
26980 43799 
22080 22320 
12342 46972 
199 11338 
44208 46164 
49599 49708 
19753 23079 
22739 27741 
41430 47219 
1187 4203 
45071 48519 
36990 46095 
36912 44911 
17969 42217 
19525 30595 
19279 41318 
36225 44644 
20492 24174 
33474 39065 
22319 47739 
40827 44743 
3172 46822 
9913 35171 
48445 49654 
36262 49043 
31483 46315 
21118 41403 
26582 36669 
138 43454 
43868 49873 
47280 47620 
22250 22995 
14118 26469 
2593 9058 
46594 46595 
35610 48947 
8716 49408 
12864 41028 
21540 22779 
13066 33794 
11609 40673 
32339 38402 
47618 48656 
44620 46216 
16769 38257 
39907 45537 
24 18650 
36261 39851 
40177 46573 
35658 43436 
8433 23887 
2524 8375 
8045 42047 
32512 47811 
33379 33757 
19061 37814 
29424 44624 
34728 49628 
20640 21362 
19368 39124 
26599 37577 
6014 32427 
13566 22309 
45261 48974 
5543 39641 
32819 42974 
21800 40666 
33784 39931 
47313 48470 
29063 47051 
10032 49376 
23807 27201 
43231 43553 
4565 15121 
44955 47827 
34698 49421 
39845 39948 
17721 33532 
3425 30446 
22529 27428 
5587 12559 
3154 49912 
32983 39223 
41996 45107 
24916 45644 
27903 48192 
42738 45133 
25945 46593 
38960 41423 
3621 14727 
43903 49318 
14742 32040 
43431 46981 
10766 39887 
36970 38367 
30192 41993 
35414 38974 
21832 37659 
33984 40870 
44003 46244 
23272 48356 
9670 30754 
30065 30886 
30710 49341 
12493 43143 
22422 34299 
44166 44195 
40872 40872 
12375 35987 
17421 35308 
36674 38911 
35329 36113 
34870 40803 
22923 45692 
16607 39529 
23474 29481 
8693 26446 
27677 42998 
11437 44382 
11920 17026 
5697 47380 
42126 43389 
46947 48462 
15796 40717 
7270 32622 
24784 46900 
17736 22278 
14198 43460 
6445 26003 
30855 31076 
19475 44426 
14006 31620 
37335 47174 
15112 21027 
3964 42015 
40627 47042 
45036 47979 
3356 31100 
21767 23942 
39503 47216 
47363 48684 
35612 39643 
22232 31494 
23411 45203 
40604 41636 
34528 37204 
32593 45096 
22354 42016 
11839 40360 
14698 27450 
45574 49400 
44268 46116 
48512 49449 
1000 4488 
34586 46963 
49647 49834 
35478 48732 
49792 49947 
45722 48169 
34046 45023 
13692 48221 
37885 38173 
24208 45813 
23164 49955 
6874 28569 
23837 40473 
31672 49305 
42329 46433 
10783 27433 
11417 21738 
43839 45888 
14217 42830 
22104 47380 
981 23832 
22582 47907 
35877 37611 
27376 32669 
35569 45821 
25239 45502 
8281 28881 
15708 23889 
30358 46176 
10793 23321 
36495 41961 
20379 25277 
29882 35458 
27462 35651 
15381 23230 
28024 28224 
27093 45075 
34009 45561 
36484 42812 
16019 24972 
18349 45651 
41266 42821 
45787 48065 
42612 44997 
18720 42140 
29155 31678 
48675 49464 
4119 48248 
15220 46397 
16971 25152 
41149 48886 
15018 35023 
34202 48445 
7630 27639 
24955 32213 
7069 22824 
16132 46162 
26438 45251 
1906 29811 
10734 45619 
25113 34974 
22296 23040 
8663 12745 
37919 46863 
22203 31190 
46273 48116 
32222 35785 
33659 43273 
9022 20562 
35856 40478 
18667 34364 
22703 41141 
8740 45197 
46211 48831 
2008 10397 
12208 15011 
33097 34981 
44068 46205 
23514 24189 
35267 41638 
35601 39628 
41641 45858 
9687 20015 
33354 34006 
15304 40607 
5783 33584 
1027 35888 
37846 43596 
24775 36819 
21516 23988 
41385 43892 
23647 24995 
15579 37614 
11356 28747 
41966 42078 
18384 43160 
45497 47491 
41065 45828 
20247 25506 
31678 36073 
10538 39629 
28750 45603 
14762 32011 
21779 29705 
24103 24501 
7002 36873 
21165 35537 
15531 17198 
35874 48704 
14494 16032 
2255 30309 
49716 49745 
10258 49097 
48363 49546 
24436 25078 
6009 37551 
15226 32056 
20797 46759 
11861 26400 
45849 46827 
40199 41774 
11183 23554 
31544 44941 
17299 40440 
25813 48784 
25723 37404 
13991 44481 
45325 45611 
35894 43323 
41407 48533 
28334 39048 
18703 34020 
5009 43133 
8576 42894 
19413 20698 
15807 28480 
49306 49652 
48278 48686 
32547 42912 
37958 42229 
47727 49989 
19187 39102 
49063 49639 
42893 49861 
44329 49491 
23538 36706 
24961 29102 
38962 43605 
39176 48759 
13132 19077 
1415 38717 
25387 36806 
24375 32641 
21940 49109 
13055 28824 
20411 28535 
22427 44019 
43198 48596 
6477 12586 
6885 47072 
18879 39847 
41063 43999 
49567 49961 
23877 49248 
45770 46252 
20466 39292 
40666 48434 
26347 28946 
15407 23218 
28153 28440 
24057 35467 
17777 30637 
17198 25017 
35144 41684 
40043 47662 
14749 46751 
47972 49591 
28677 32256 
34755 42934 
37178 48271 
5869 23750 
46030 48842 
30838 34897 
20917 23263 
23589 31182 
39203 48854 
21040 46399 
20496 32059 
44949 45977 
26775 40411 
20532 30204 
252 6808 
25947 42674 
29022 31467 
3634 38610 
18645 34167 
21610 30969 
47910 48237 
4201 12523 
31114 46372 
39754 39778 
4065 19652 
33056 37866 
43184 48005 
27885 33678 
29175 42125 
24440 28503 
20450 40254 
31000 37051 
46252 49447 
12792 39815 
41758 43476 
19168 23530 
33759 39894 
31054 37816 
32067 36672 
6100 22628 
278 26171 
23264 38244 
30851 44534 
32777 46505 
2888 36263 
49235 49736 
49109 49441 
33373 46995 
41789 47030 
23481 39023 
28022 31950 
36747 38106 
14694 42229 
28770 34274 
15793 43527 
4994 26843 
2814 46965 
45783 49412 
19173 35019 
33474 40508 
46771 47778 
22535 26428 
41801 49065 
29177 32310 
43640 45776 
9608 35967 
15307 33069 
42979 49369 
48077 49576 
25754 35370 
25456 30946 
35452 45895 
22694 49696 
11068 31380 
25421 40750 
44159 46642 
44915 46980 
31836 32952 
49279 49769 
36118 45141 
33924 47153 
43824 46823 
39194 41176 
4527 40935 
44157 48292 
27863 30417 
16629 37668 
28348 34579 
15284 48456 
45830 49763 
1693 47459 
10124 29849 
33582 39547 
10289 11161 
13773 20195 
35210 38779 
5907 15705 
2586 37345 
17027 34316 
21186 23249 
23716 46314 
11247 18318 
34295 48100 
30486 30601 
19569 23056 
3213 8965 
13672 36011 
29398 33992 
44172 46328 
320 21764 
48206 48714 
14299 15764 
33841 49298 
36279 48509 
43219 46236 
31104 37327 
46905 49164 
45090 48922 
5782 41586 
45172 45851 
31467 34432 
18307 26875 
21261 37335 
4702 35321 
22316 32355 
19278 30406 
28953 39283 
8512 41344 
4296 11905 
45238 49950 
10934 33991 
44647 46318 
41364 47008 
20381 22491 
42958 43595 
15487 35695 
34309 37425 
35200 46754 
48249 48449 
11927 29779 
32182 41141 
20020 40283 
9788 28342 
759 37526 
10519 39165 
49638 49699 
1446 45052 
35466 39927 
24524 26794 
7234 29239 
25983 32087 
27169 36787 
14337 15005 
44927 49576 
42744 47985 
4991 9997 
12518 14274 
35182 46249 
31751 48850 
14671 18660 
13214 33156 
25950 34808 
8782 27309 
29081 31624 
26343 33042 
28337 35209 
30833 38801 
27009 47527 
4891 6173 
35933 38683 
32302 33263 
15785 41505 
45432 45468 
29900 46865 
20005 39665 
35057 36312 
41813 47349 
9309 36221 
39977 41367 
26153 31570 
2863 16838 
19496 47100 
31771 47473 
37285 42009 
11447 16903 
46871 48560 
5478 7984 
40049 48522 
36301 42290 
34939 48017 
38320 38681 
24514 38933 
9181 45735 
15841 31529 
25435 32530 
36652 38970 
19877 23714 
8903 48343 
20138 45442 
43242 46744 
11341 18176 
47069 49011 
13260 21285 
48487 49271 
32279 42661 
23154 24627 
26590 44317 
16273 43313 
25902 31735 
33648 49187 
2619 12208 
17117 21334 
42245 45985 
21354 29738 
48782 49949 
2699 34970 
8050 17190 
23486 25969 
22773 29598 
1279 42542 
31546 36986 
5873 13018 
33163 45370 
45757 47963 
47176 48033 
371 1343 
15509 19664 
28212 37571 
23670 39938 
22431 31150 
9009 45946 
18160 39253 
24556 32352 
15010 15668 
47901 48179 
41836 46777 
17547 23804 
26796 45784 
43252 46483 
24878 45104 
27248 29687 
26800 31265 
599 17687 
4379 4727 
840 48276 
15864 39856 
39242 47458 
33403 40923 
26617 48209 
43195 43437 
17883 33783 
22845 31310 
20969 38176 
39619 39876 
36426 42323 
12122 22048 
26324 31411 
28931 40487 
41602 42260 
19388 20149 
16381 29580 
2125 23379 
13060 22745 
45728 49982 
49823 49997 
47636 47762 
2622 45784 
6251 41402 
16847 47756 
22338 36464 
12061 35340 
9600 43398 
36257 38183 
32591 47020 
17673 31415 
24498 34057 
47218 49284 
32465 47228 
41793 48828 
32004 32827 
21382 40209 
37821 47864 
49160 49928 
1777 21795 
16791 32741 
17228 38212 
23927 31123 
814 3199 
15116 38085 
23030 30175 
32837 46649 
30640 41612 
20205 47154 
36852 41974 
24848 27907 
30032 43791 
16350 49411 
46700 49338 
8749 20677 
31709 48247 
27975 44076 
48697 49200 
19819 45160 
9665 36344 
43586 46997 
27605 47396 
3775 14228 
2786 4106 
503 4104 
36514 46920 
7084 34331 
42000 49193 
17277 21091 
34254 46328 
31353 47226 
27456 49074 
18310 22697 
25293 29319 
18800 27307 
14342 18019 
29017 41078 
6192 31953 
44924 49723 
10563 40071 
1206 4368 
10027 16119 
37452 43824 
17680 19110 
47008 49689 
31209 47241 
34630 37543 
41024 48249 
41096 47119 
38151 43377 
13470 41070 
45383 49606 
19346 22798 
43963 44498 
10210 19157 
17841 47664 
42484 43175 
47411 47652 
6501 31421 
40176 47555 
38264 39604 
40407 49433 
41345 49921 
40297 45316 
5988 49894 
23998 47595 
23364 34579 
32404 33708 
11320 38861 
20464 46091 
15896 26003 
34468 35930 
39608 47802 
32189 46535 
12067 29285 
32428 44078 
36562 42187 
2092 38880 
16680 23950 
40086 46397 
20458 22750 
1875 36416 
18851 33356 
30542 36637 
34471 49047 
25725 28193 
48540 48857 
31228 45196 
1039 13160 
36715 46682 
13482 21385 
10384 38273 
46015 47998 
31394 46885 
21159 38883 
1403 43877 
33286 37016 
29220 43780 
24276 34683 
35314 45815 
26881 36283 
31168 34863 
32735 35392 
10734 31293 
8305 22312 
20015 20315 
1525 20809 
10535 34807 
48416 49872 
7777 30876 
11156 28679 
40497 45774 
8328 36327 
1183 1202 
49094 49721 
6360 36077 
33650 39639 
9737 35914 
4041 4791 
33133 40228 
38810 45172 
8574 12320 
6553 37929 
9014 45512 
2213 34520 
45774 47034 
34957 36298 
34493 35749 
35622 47900 
14170 23507 
43050 43769 
39292 40077 
24053 43942 
34752 41710 
42992 43966 
5440 47161 
4540 36962 
32148 32186 
39588 49699 
8608 49486 
14068 36290 
42139 42504 
40641 48805 
49259 49563 
4715 18594 
25353 49754 
33229 39965 
45985 48203 
28652 34242 
20675 26343 
37106 38670 
23651 45669 
40902 41345 
11281 40813 
16864 48556 
14751 36820 
17347 33533 
38280 49152 
37135 40813 
30112 45199 
869 11708 
36410 44463 
3872 44091 
14568 27256 
7814 24527 
23730 33232 
29326 29348 
6455 48049 
13721 16647 
4076 25535 
28157 28768 
27015 46170 
33323 36438 
21371 31842 
12341 49297 
19660 40619 
45539 45949 
22049 27754 
32494 47124 
1603 41459 
7166 13335 
22917 49956 
9835 41128 
44059 48403 
25073 27135 
5313 6039 
5879 10949 
38691 39791 
17038 40044 
7087 22443 
39059 43893 
13007 18936 
35875 44030 
42254 48842 
47053 47411 
27192 29845 
44078 45731 
9270 40273 
8299 16816 
5619 37455 
33553 34992 
44109 45044 
42258 48925 
18242 43006 
6690 40085 
27127 38493 
38077 44363 
39836 42570 
45478 45909 
36137 44863 
32581 38385 
17963 42964 
24818 43010 
2286 17531 
20781 40378 
18040 22838 
1953 26409 
35630 43410 
20879 45936 
27940 33703 
35141 48291 
38065 39748 
47787 49402 
46964 47923 
846 18139 
37055 43121 
13338 16862 
1521 38745 
19521 42400 
1535 19622 
38802 45897 
49488 49743 
436 35364 
19862 39822 
35653 38988 
691 20402 
28780 47975 
6159 43532 
4213 30123 
34647 47747 
39671 44260 
12023 25950 
2389 25674 
42982 45159 
10135 42859 
330 9539 
45477 45613 
23593 26301 
30153 31971 
26922 39100 
45841 46411 
1311 40215 
35650 48506 
46704 49835 
36519 41693 
28436 44535 
38107 45702 
6975 7276 
29593 36540 
38413 48423 
29515 42749 
42846 48268 
28861 43760 
40511 40791 
45317 45584 
47326 48980 
23957 45254 
12599 39926 
1030 30260 
30762 49267 
21250 36376 
25909 37920 
27793 28982 
25372 40014 
24149 29207 
8133 29252 
41390 46296 
9159 13683 
26452 40159 
36269 36487 
33540 46663 
34391 39086 
4822 36786 
20178 20217 
10814 39013 
37170 38178 
48636 49656 
22402 31833 
11713 41374 
46752 48893 
25079 34106 
12594 28034 
32295 33403 
44809 49083 
40366 40823 
36102 36433 
35196 40730 
12625 27755 
42298 49075 
5748 23983 
13361 17293 
1846 18101 
32652 46979 
11858 37065 
534 26127 
20650 22850 
11338 45941 
33034 33496 
7945 38424 
33924 42531 
40881 45040 
30850 41369 
28483 41148 
3110 20186 
40230 47917 
5150 27700 
18369 24842 
37272 37329 
23683 47859 
12648 19638 
8176 27780 
6453 23718 
29042 40362 
38826 43415 
25775 32831 
48682 49512 
35410 39263 
19439 39534 
4933 28227 
8254 9954 
21038 40042 
172 26602 
9036 17366 
27606 34852 
5487 40615 
6118 45775 
31383 41017 
9823 46889 
40817 46050 
43733 47419 
9725 15879 
7267 35583 
14734 15246 
24843 42488 
13334 17915 
22784 36449 
36060 45390 
25697 36094 
36247 40356 
13019 45338 
18775 37648 
6895 48186 
10803 22112 
18163 49504 
32330 39081 
25481 43755 
19891 49640 
26325 49235 
40846 46929 
8844 19154 
46122 49230 
6094 43940 
40800 45168 
34516 43314 
36546 40726 
2956 17908 
45190 47023 
42248 43054 
33244 46063 
17114 31808 
18218 23373 
733 10999 
19430 31307 
1109 33994 
5725 9542 
32418 38141 
8506 46324 
28693 29860 
19297 38766 
30193 30738 
30542 32057 
12800 48807 
21012 23908 
18981 35145 
42995 49707 
18998 28012 
41614 45671 
1893 13418 
17747 34638 
37247 38079 
27615 46928 
37573 44280 
16244 33401 
8377 28005 
4302 26982 
27268 42469 
31828 45036 
35275 43658 
33470 49582 
27158 38351 
27016 48190 
38300 47757 
34240 36700 
2616 31865 
49663 49669 
39982 40911 
30034 43840 
18363 45911 
26549 27587 
1448 21601 
26762 27574 
12182 47296 
44608 49239 
5450 31355 
22833 34984 
19050 26764 
47406 48489 
6288 13255 
25066 35564 
14103 20504 
19358 32703 
42123 49234 
4128 15694 
14214 37159 
8103 18930 
20893 49253 
1167 12517 
13500 40031 
30668 40146 
16376 30857 
49148 49170 
38803 41037 
9833 32071 
23137 29889 
36558 46625 
40448 49546 
22666 32156 
14932 41460 
5284 45281 
49792 49966 
24683 38993 
988 21614 
29459 32554 
5156 13583 
2043 7521 
14358 41251 
28397 29619 
13514 16761 
17809 24795 
21310 46348 
16186 33430 
43139 44485 
14679 27901 
18611 23286 
37315 49896 
33280 44473 
37828 48144 
36713 43066 
14574 44344 
28730 39618 
36658 48843 
7496 45610 
19513 49258 
17943 31401 
42711 46779 
18249 46242 
39939 49889 
23284 47851 
3990 40662 
13919 31358 
11100 26685 
44984 49192 
34328 36951 
3556 35785 
48623 49236 
15683 37910 
22960 31236 
18124 25823 
37663 43932 
38358 44693 
6857 37416 
44467 47578 
26362 34147 
16925 22691 
22122 28697 
13650 27956 
23258 48852 
289 14148 
39831 42571 
27870 29722 
35946 46384 
19682 34131 
39432 40259 
33259 40849 
37096 44250 
19737 39765 
49320 49878 
22545 47150 
15840 42280 
16228 17068 
44353 45281 
40819 41752 
19209 47155 
36916 41692 
7874 26051 
49326 49968 
45809 46451 
27221 49204 
23141 34986 
42573 46968 
12190 21535 
7987 43005 
3956 14719 
46777 49537 
4700 7598 
14904 41019 
38983 40019 
37691 49939 
31442 44936 
122 18160 
3779 23520 
3369 18889 
17013 41799 
21633 47092 
33299 41169 
38971 46965 
46699 47726 
23544 43231 
35973 47966 
17732 26655 
25032 41732 
25027 27036 
41037 44160 
48729 49935 
5540 27441 
12200 24127 
22373 35781 
21012 28269 
2182 3322 
45852 46039 
20240 47869 
7066 11740 
41556 43335 
20409 33152 
30459 35997 
35934 44473 
39976 43687 
9092 15394 
20374 43434 
42128 47259 
38287 39349 
19469 38563 
11278 12912 
37027 40301 
7556 42058 
49875 49928 
15873 30278 
26519 28383 
10536 38461 
5574 10647 
34663 47708 
37559 47724 
44460 47171 
824 44866 
2801 17644 
32620 47776 
36553 39248 
28812 41810 
1783 43625 
26573 30940 
29237 38908 
14019 18515 
11364 26811 
5999 48675 
609 24886 
11227 42008 
40103 49889 
17645 42205 
48590 48667 
34714 44510 
32572 40097 
1611 15290 
17491 37995 
36226 49315 
43795 48437 
45307 45866 
42763 46377 
43085 44502 
44372 49108 
46997 47475 
47856 49212 
21261 39464 
38509 49661 
18718 26672 
28601 46699 
1725 41771 
41347 43827 
26812 49205 
38144 41863 
31155 44670 
38538 47323 
40371 48833 
31224 44667 
1539 30834 
13688 31069 
42080 45625 
47605 47653 
30585 40061 
14535 22603 
7049 12466 
10205 45544 
39870 47858 
46619 49861 
18038 25150 
47284 48778 
14935 39286 
7593 12525 
28568 34401 
38432 48535 
33926 33991 
31028 48759 
41099 43050 
28716 41831 
3588 29451 
18202 46270 
14430 23868 
27367 36833 
37287 44098 
9771 21241 
21805 24833 
42929 46331 
43634 43835 
36355 44419 
958 24792 
2512 3431 
3025 10317 
33962 47717 
33767 40173 
15482 48906 
15724 49449 
47233 47420 
24680 35808 
40076 41963 
22560 24295 
47955 49160 
36612 38333 
42372 48460 
3902 11338 
23180 31086 
15033 22818 
48775 49413 
33107 46226 
33797 44503 
42277 42294 
20590 38617 
2554 15607 
43858 48572 
47083 47145 
30057 46804 
5210 46731 
16874 24077 
36016 46527 
45789 47877 
41172 45097 
15104 34775 
49574 49741 
39844 49294 
10917 31679 
29210 32047 
14409 19264 
20802 44334 
25078 34966 
27063 37706 
15465 30706 
19525 24825 
20731 49565 
12921 29319 
36568 38084 
45816 48477 
17155 24183 
9312 15041 
40727 42366 
3763 24193 
1623 47967 
43831 49814 
25356 41639 
9827 21194 
29644 30989 
29414 43701 
7366 13714 
14549 28670 
7167 15586 
18366 43140 
29804 41588 
24510 43543 
8748 42253 
16060 24440 
14705 49568 
36759 49481 
37636 39278 
40952 42505 
49766 49793 
48148 48684 
48089 49622 
6975 23991 
18654 21656 
8792 22789 
23564 40865 
19635 25348 
25495 31456 
44042 49595 
30746 47446 
44511 48688 
32659 40457 
1228 46646 
27006 46983 
37159 41767 
30047 32340 
75 44080 
28117 43012 
8009 43101 
5600 18954 
39710 47312 
30696 48476 
41585 45685 
20411 36700 
19929 27017 
4126 32002 
18059 37937 
14102 48250 
7901 44022 
12760 34377 
20095 26540 
19300 24352 
45765 48833 
2721 33899 
40628 46444 
33922 37620 
46689 49437 
26450 31291 
47296 49247 
40441 44193 
8788 34820 
11393 36715 
14753 30945 
761 24874 
42673 46296 
34081 45843 
14769 20081 
47020 47081 
39594 49869 
28487 49172 
10055 24281 
26715 47872 
2937 42752 
40955 46392 
35179 44248 
11064 39288 
48529 49378 
47008 48730 
13106 49520 
30309 40771 
39504 42048 
41156 49873 
22647 44955 
22604 25561 
595 5033 
13645 14719 
46421 49283 
2788 40579 
35909 36782 
49530 49725 
28 13199 
33139 35146 
35554 41499 
44031 45661 
21298 34010 
35585 42045 
31983 41212 
37611 47192 
38252 43933 
47791 48831 
41270 48290 
1505 18273 
32789 38829 
49215 49758 
14558 26312 
2140 48413 
20307 47803 
8816 42164 
32627 36540 
44313 44562 
8596 30828 
1567 12874 
38188 48284 
25891 28787 
17886 20769 
38440 48620 
40459 44900 
47702 48750 
22430 30387 
2676 14630 
44177 47649 
44089 44377 
27401 42982 
34995 40900 
37914 38782 
31653 48811 
3372 28980 
29243 41295 
4712 25487 
47162 47855 
46591 46630 
31772 37768 
735 43569 
37536 40431 
45146 47251 
43654 45006 
2181 45529 
6441 21233 
21436 43577 
42216 43397 
11043 24664 
11825 31563 
42628 45966 
12065 42717 
3179 10477 
21921 48209 
24080 35911 
47261 48201 
7437 23578 
14215 46599 
14886 35301 
1177 46770 
26567 35436 
36570 43953 
24366 27165 
31279 44471 
39837 44253 
37408 42654 
27758 40677 
28262 44567 
37638 47222 
8425 46847 
36291 37125 
27852 30878 
199 48148 
43830 44565 
38838 48252 
31817 48725 
5034 6605 
35718 37086 
41558 43958 
13352 13817 
4087 44889 
36248 49193 
38988 48869 
21668 34290 
27058 43673 
34051 45209 
8545 41069 
46391 47565 
2826 30313 
35467 47328 
43975 44130 
23331 29959 
16437 22530 
11417 46279 
36802 43181 
22714 39588 
49759 49872 
37334 49124 
4122 12386 
25386 32606 
38775 47729 
47968 49834 
28597 48545 
48307 48402 
8634 34839 
17726 41044 
22215 44878 
29798 33127 
2122 30268 
36933 44599 
46655 49303 
46615 48070 
16665 20238 
13898 47853 
28758 33254 
45418 46743 
8946 40755 
6324 46129 
6338 42621 
15039 36622 
35987 43180 
37405 37444 
40498 44077 
22562 35197 
39773 48973 
550 2926 
17390 17749 
4099 4303 
1372 10782 
47338 47934 
40227 43786 
41167 41566 
33280 42390 
31785 35520 
24787 46251 
2576 33097 
20259 24852 
44377 45190 
12114 38921 
39400 44183 
36410 46659 
6591 8464 
45907 48568 
9714 44829 
48111 48655 
19614 42051 
49553 49889 
16743 18079 
1293 21600 
39938 43687 
8784 49250 
29324 41100 
19278 20020 
11067 31596 
23168 42727 
1634 1876 
31574 44521 
25173 38478 
17591 19725 
42420 43983 
17120 41084 
8429 17705 
44613 48743 
34484 39175 
37474 45800 
38395 44040 
37018 41487 
341 21111 
8463 26787 
45049 47150 
17126 21862 
35063 47234 
45646 47324 
49612 49751 
1307 15394 
41499 46357 
7465 28404 
18140 31172 
35937 46617 
14159 32790 
29420 45810 
37070 44488 
25481 28897 
47723 49621 
36448 45652 
37843 41938 
28097 34934 
35744 42587 
9387 18345 
11078 32416 
49359 49828 
49017 49425 
45510 49861 
6983 23820 
34302 42477 
22023 33871 
3950 10362 
42850 48050 
31602 42915 
32350 36797 
38916 41669 
32534 40841 
40747 40763 
11876 17436 
1039 38925 
15440 28242 
32137 44698 
19733 25552 
39797 43664 
37749 40158 
42443 48213 
18255 26869 
32070 35390 
5131 40349 
40866 47591 
29634 49452 
46818 49082 
41390 49419 
43539 45814 
23767 39178 
20612 24864 
6650 45059 
12886 18948 
40029 47341 
5752 37746 
35608 36494 
1673 14315 
2590 44304 
5784 20282 
27922 42886 
24400 25157 
36264 46654 
21093 34028 
1273 5907 
8376 9802 
46453 49257 
6102 24003 
15387 44798 
31034 43301 
30882 33616 
2693 22465 
4649 17578 
23918 25114 
9594 11711 
10655 27764 
15877 39299 
33730 36087 
8703 29696 
48491 48558 
34348 45416 
6913 35870 
16830 25216 
6456 8010 
43802 45856 
12827 43721 
4561 29200 
49702 49835 
43643 45827 
10255 41490 
9198 15838 
26892 31604 
9566 15745 
26097 43776 
15181 15606 
17774 47747 
43851 47734 
42679 47488 
2659 28653 
34305 36093 
49829 49976 
27376 43616 
49247 49724 
44305 48898 
29180 33091 
23004 31368 
14477 45695 
27329 43910 
41118 43429 
17825 38211 
30090 45973 
19636 28359 
41297 46053 
45028 45491 
7398 21426 
46091 47846 
28257 32919 
45178 47675 
35655 43874 
11141 15530 
44803 47058 
30103 30313 
33729 49972 
5077 9843 
17219 43216 
13084 37300 
49578 49600 
15346 23313 
19491 49190 
15849 43687 
26451 29196 
36660 38933 
31220 31664 
46625 47551 
27023 35056 
31643 46145 
16651 43744 
707 8527 
44978 45512 
16209 37026 
21454 25878 
40892 42192 
38126 47099 
26472 48346 
20669 26522 
19864 29001 
38644 42151 
29683 42963 
44157 49579 
7437 20572 
5381 34036 
25631 34139 
38972 44039 
23954 31946 
30015 30546 
29156 31665 
11601 43168 
30830 33444 
12125 19323 
44764 47473 
48223 49518 
11891 44168 
29030 37771 
22645 30120 
42989 48572 
43239 45911 
30518 45099 
3074 28539 
22035 27938 
11159 45728 
36167 41955 
29761 48714 
10324 15037 
36883 41436 
30545 32232 
42556 45328 
41984 44818 
19653 24584 
24103 46107 
43341 43807 
24658 29739 
3882 23722 
2172 3427 
25354 33995 
531 30006 
49729 49772 
44206 44558 
7922 23925 
2109 9413 
32683 40908 
32672 33122 
32251 49792 
35272 46782 
5606 9718 
38903 49650 
670 11187 
45953 47543 
27824 31780 
26679 49003 
42425 45927 
29678 31253 
29142 47041 
7203 43296 
43264 46244 
48679 48967 
11628 14992 
47939 48589 
10833 38137 
22343 45012 
17586 35946 
45469 46088 
36629 42749 
13911 48561 
7042 28852 
47298 47822 
1057 45538 
4255 34526 
32301 35656 
23429 37909 
43179 47861 
22963 43366 
4836 45363 
16371 48651 
3040 19706 
48479 49651 
598 34661 
22602 37488 
42564 45801 
24218 39659 
2103 39664 
2208 46042 
45108 45905 
28713 39783 
800 19979 
11332 47281 
45457 48558 
18683 24649 
42498 49514 
29889 42121 
23832 34620 
35244 39236 
2090 10941 
36917 42914 
5088 18905 
32581 43906 
13271 47086 
42359 48762 
44897 47720 
23931 35038 
45373 49296 
3378 24026 
41485 46275 
12411 32520 
17962 38198 
2266 4080 
950 7562 
23576 42500 
32958 44284 
3538 25960 
45058 45064 
35348 41739 
15089 44607 
21038 35118 
25013 27960 
32652 34754 
29464 34433 
407 14645 
25405 35220 
29010 42660 
30385 49795 
47169 48138 
27465 34285 
10175 46268 
36924 46623 
27369 40225 
15849 47163 
30280 39314 
8802 10570 
1573 6277 
48636 48737 
40219 48653 
4629 30606 
3540 33065 
39271 48812 
46020 47867 
30395 38057 
656 16364 
39606 49970 
23877 39453 
18612 26943 
29345 46828 
47937 49418 
46328 48362 
7214 29581 
29616 36068 
35757 47749 
18145 33591 
24196 27084 
33370 41843 
18583 28954 
43296 48041 
1200 38447 
43207 45949 
8134 10953 
7265 34881 
33851 42622 
49104 49913 
33960 37652 
6340 36772 
49741 49798 
49729 49906 
31113 48941 
9212 35483 
35479 47632 
13033 32450 
38245 40860 
35611 36591 
47576 49103 
33254 35915 
32433 38805 
35622 41501 
29047 49372 
5557 39029 
37349 38122 
40927 44232 
34726 47566 
6729 49027 
39124 48048 
11518 35432 
48657 49247 
19288 30626 
34436 34755 
10087 42994 
16308 40440 
16905 38036 
17625 21639 
40923 49967 
25733 31164 
1576 4822 
17632 28387 
47579 47736 
44911 47489 
23802 30905 
46633 47341 
44852 49020 
49320 49975 
45304 49832 
30106 35346 
43204 47576 
38921 48999 
23254 49002 
19101 48498 
19673 35307 
26147 37447 
24673 46424 
10874 37883 
13132 27915 
28554 29079 
27656 47701 
26869 46609 
8940 25683 
35874 48379 
34194 48837 
25791 43616 
44780 45501 
3164 34087 
48200 49635 
1380 24851 
35888 40662 
48490 49960 
24113 30155 
29463 30014 
30434 35014 
31630 32822 
2349 14250 
32465 35621 
17528 49283 
44393 46290 
12619 33191 
47137 47670 
5809 14142 
10617 19490 
10765 33583 
20522 38719 
10366 37368 
2411 41510 
21699 30340 
13109 36347 
9821 18962 
49686 49860 
33918 41116 
24900 27943 
31250 40004 
20711 49665 
37891 46917 
3804 6798 
36269 38756 
33852 44508 
3233 37754 
37496 46126 
30432 46423 
36540 37271 
34212 36522 
18484 46011 
47823 49840 
13352 49319 
17168 26052 
7174 38889 
46751 47369 
12972 24903 
34629 43134 
8926 30119 
46992 49337 
11530 31393 
25760 34350 
36427 47563 
18151 31222 
7869 28207 
48497 49312 
16799 20808 
43922 47840 
35852 45063 
18251 29942 
33408 45847 
6393 48953 
42510 46559 
12131 43309 
48267 48361 
14328 30612 
30682 38551 
8469 25372 
9140 42370 
25011 42516 
8112 21675 
7248 31285 
14073 47213 
34702 37749 
30404 38719 
1867 9973 
9730 34999 
41990 49273 
29356 49960 
43814 45902 
16753 45722 
38724 43082 
41105 47919 
11617 46784 
36839 39678 
49400 49642 
39264 45141 
14290 45493 
35698 44417 
3818 15873 
15644 35301 
49451 49736 
41579 49630 
22567 33315 
33514 37149 
30513 48469 
24294 41188 
5457 39505 
44343 45190 
37822 45735 
6647 32714 
6738 28801 
27523 39716 
21128 35066 
19997 41657 
30771 40205 
33354 49028 
31036 36932 
30284 40032 
27559 38724 
41010 41170 
17735 19059 
24202 30417 
13210 49429 
11503 47654 
297 10271 
27227 40416 
33105 49731 
33276 48751 
43963 49878 
4842 38326 
22643 41523 
20869 26041 
37752 46568 
12752 45863 
3012 49698 
16518 41518 
46011 46751 
25895 31277 
16792 45671 
43568 43798 
3722 38653 
23071 32485 
31257 47816 
33132 40958 
46284 46407 
23232 35537 
48824 49941 
7326 9241 
2349 30953 
130 46439 
11574 22034 
39228 45932 
16788 43688 
351 39739 
10255 38546 
1770 12058 
30756 44692 
10358 39927 
15236 24210 
14270 46889 
12870 31278 
8509 18453 
32750 44127 
34 42138 
43691 48159 
26696 35837 
25313 28495 
12195 12502 
7638 35140 
20069 39931 
7429 48458 
14447 26682 
17040 44312 
21349 42688 
20125 23668 
7723 23135 
48015 48573 
8757 22031 
25352 42372 
32001 35076 
21560 24884 
2513 14979 
49302 49978 
43459 44980 
21567 35768 
12322 22927 
3703 14431 
14446 17552 
28120 34822 
37210 48626 
24168 29236 
16664 25050 
11332 37481 
27932 35383 
13031 38264 
20432 31960 
30694 45522 
36099 41095 
17677 34870 
9848 46050 
26062 45786 
44603 49813 
21119 24159 
23830 46375 
22985 24506 
1121 24572 
9115 39145 
41331 46922 
41715 45230 
24768 38354 
38462 41470 
39121 44016 
18865 35585 
15982 34815 
3692 24471 
39625 46643 
45217 47058 
14958 26630 
9257 32272 
39761 47542 
34436 49527 
3171 34870 
39826 44831 
15400 46621 
18033 22844 
47952 49599 
9230 33722 
1461 38594 
36277 44984 
33892 46506 
3585 47978 
47616 49954 
47221 48799 
27824 46691 
18506 29212 
7544 34722 
10838 21727 
29775 39330 
37040 48941 
49664 49878 
2475 35835 
30730 46944 
43090 49481 
810 47058 
39959 45953 
19124 28022 
2797 8552 
2779 9870 
11324 42037 
36060 43557 
44487 45814 
2949 30398 
36708 44456 
48969 49580 
11166 30557 
45655 48209 
23306 49589 
41991 48454 
8878 46323 
28650 46720 
44749 46453 
45542 48586 
33978 36833 
12127 21874 
17678 43070 
45982 46158 
33587 39296 
23713 44842 
43362 45154 
43232 49593 
24230 38728 
21594 29320 
49898 49934 
48375 48948 
1594 15474 
13202 24675 
30422 47397 
34317 42537 
18095 37062 
22617 24239 
42424 47627 
26421 43822 
5412 38579 
22172 34347 
26143 43500 
3202 40183 
21671 23033 
49649 49682 
26143 34825 
3260 40736 
20798 43602 
22955 32451 
1629 26036 
5482 33845 
41639 48391 
40583 47619 
45155 47060 
26452 43419 
31194 40194 
1370 5062 
17011 43696 
40189 41920 
3074 45839 
45794 49825 
5798 26042 
8920 38298 
44247 49925 
47934 48708 
48149 48423 
48833 49555 
48694 49581 
27243 42509 
12923 36536 
10545 48168 
1486 29086 
44742 46365 
44395 49920 
14587 19594 
48638 49248 
35365 44708 
5070 48229 
34774 46726 
22109 34448 
12044 18130 
16733 23548 
16705 30586 
48482 49661 
7731 27315 
30415 48546 
12400 45566 
14239 45993 
23187 46955 
13457 33785 
29604 37455 
10584 24292 
26243 33439 
21659 36708 
30707 41435 
39071 41458 
23291 33290 
8486 23090 
33309 36098 
3633 22900 
9479 27741 
37856 43329 
49713 49969 
10235 37151 
5999 45666 
19056 27968 
38493 46823 
24952 30036 
3657 16071 
40637 48427 
10198 40531 
1887 44873 
47431 49932 
29207 43287 
27226 44889 
7319 40461 
16947 44807 
37198 39413 
18771 32811 
1285 48335 
6364 32625 
16761 18327 
46102 48639 
27544 30715 
33196 41246 
24572 34546 
16946 36359 
49719 49859 
2520 24960 
39959 41441 
25608 34426 
12503 25195 
9358 47659 
473 4055 
20854 46349 
47853 49133 
42612 45163 
2606 13647 
32240 34121 
33307 45871 
37709 45062 
30492 32943 
49825 49921 
31380 49439 
13606 24072 
8560 31631 
13364 19340 
33338 37649 
8332 16975 
41428 43899 
25994 26143 
9090 21030 
9522 26811 
28086 33978 
38022 41070 
5439 31142 
41927 41978 
24448 32571 
43171 43242 
26844 41394 
10082 29094 
42321 44500 
31541 40918 
18249 30593 
28142 49469 
23186 49659 
39305 49264 
6204 34307 
16827 17351 
36950 46101 
37790 40130 
38159 44975 
3538 29170 
48936 49349 
22154 46742 
44056 48748 
4754 34473 
29292 33434 
7948 18515 
45781 47954 
31877 41142 
14728 29139 
29206 36160 
27417 38114 
45609 49466 
45062 45878 
49038 49992 
1176 11734 
7752 39608 
22302 34854 
18232 49064 
5114 31234 
21924 41953 
19835 36901 
20816 22659 
31169 37674 
18575 29078 
24975 42874 
8619 12820 
18100 48022 
17965 33695 
49509 49573 
1872 37632 
6444 28967 
25100 29473 
582 35223 
19601 35446 
26047 36716 
3654 7738 
40042 40147 
27350 45888 
36987 47070 
34039 49168 
2645 48398 
37416 47322 
17308 49170 
3864 30524 
37169 49482 
12805 16813 
35115 37610 
38813 49910 
28103 29606 
34694 36241 
22360 29945 
48221 48820 
49675 49995 
26682 33025 
17103 25228 
19641 33163 
31290 36957 
48909 49479 
28929 36172 
48852 49396 
20012 23331 
26534 32048 
48293 49159 
32815 43009 
22567 49712 
45643 46713 
8510 27570 
47746 49277 
2963 29865 
4524 22090 
27369 44482 
28037 46438 
16652 45597 
26341 47420 
39803 44366 
41433 45940 
15691 34761 
49506 49648 
7071 38372 
42829 43093 
29534 42561 
35193 47322 
46130 49351 
18417 19334 
39679 46428 
15331 16327 
2840 15206 
13650 42200 
8087 44734 
7168 14484 
30157 49380 
30817 35969 
36243 39871 
38958 43708 
46874 49548 
26085 30509 
25492 36103 
561 49798 
26646 34852 
12407 30506 
5515 18875 
29375 30817 
43607 49334 
45306 49385 
48943 48998 
15848 19776 
4954 18235 
23732 27238 
36167 49245 
31882 41176 
1900 5779 
19397 44029 
27845 28125 
19683 21663 
29008 37903 
22270 35468 
32962 48742 
2724 37596 
36472 45916 
13219 31183 
17946 46291 
36774 37236 
25290 28667 
36383 38212 
33408 40141 
19761 37554 
31485 40597 
30142 31783 
22024 26856 
23001 28214 
21718 36526 
9937 33015 
22780 45682 
874 20980 
44842 48221 
9372 28704 
49085 49713 
39390 46153 
7562 10454 
6513 21004 
34600 42506 
42597 47872 
35878 41505 
39833 42590 
10536 35141 
32343 42889 
18048 36216 
42672 43456 
22835 36923 
40041 44475 
15520 32485 
20950 38391 
7733 47708 
13444 46236 
5454 8539 
47284 48713 
16760 26846 
25162 37052 
39837 46649 
46813 48929 
24214 28147 
34594 39820 
49851 49879 
8885 12607 
19632 22910 
7210 9170 
10799 14471 
3078 43305 
172 22381 
23239 44625 
10972 35810 
6593 33867 
16580 23694 
22010 30827 
40438 42297 
29186 42011 
43276 43870 
9650 41616 
40116 48124 
2671 30420 
30655 47483 
37075 48472 
404 10960 
41800 44979 
943 47294 
18741 32291 
1870 6865 
6731 13673 
7389 46319 
28567 38183 
11733 45083 
7140 48561 
802 47593 
9876 35388 
45178 46270 
14141 25029 
15920 42279 
11695 27217 
9593 38102 
12980 39822 
45351 47052 
43479 44996 
26167 34508 
36349 40749 
1258 33574 
3463 7656 
2082 42641 
14266 38688 
24854 32369 
18989 24568 
35625 40450 
4448 27043 
36457 48020 
29494 40234 
32902 49288 
42729 47776 
19178 22425 
4621 11933 
35358 43557 
553 48907 
31880 47723 
27469 36334 
14579 25537 
45865 47745 
21626 33532 
48084 49929 
6502 42602 
5589 11831 
16407 40290 
16505 24759 
13965 29714 
7886 28762 
7782 22892 
7165 46603 
4560 18371 
34655 37756 
22966 23062 
12894 24531 
31429 37210 
13815 43615 
155 28073 
3706 47266 
39381 45161 
11117 32242 
13591 35504 
6480 21644 
48535 49196 
23343 31354 
14271 33502 
20307 27821 
40554 46485 
27885 34630 
42738 43012 
35626 42265 
1758 8955 
35412 45048 
4162 7797 
25931 33567 
14547 25195 
6411 23947 
3503 37031 
44987 49194 
24207 32333 
24051 45414 
19146 45002 
29237 41598 
45817 46240 
44636 45823 
166 21832 
38450 44440 
39286 48617 
44977 45570 
20360 32552 
38468 46051 
49245 49856 
3847 12817 
26719 40376 
6549 18092 
6986 43942 
48019 49020 
44706 48261 
28568 28870 
38283 48286 
4053 33832 
11259 15527 
44592 48894 
14332 30881 
5346 10682 
20668 38240 
8654 20573 
21772 24504 
41165 44354 
5343 9234 
12759 21125 
21043 22117 
19061 33149 
21323 32158 
44156 48978 
45206 48679 
10289 43264 
19143 42874 
19761 26073 
37966 40437 
47742 49991 
14786 43987 
18562 33365 
16324 37374 
1475 29086 
35578 49993 
27151 40097 
49644 49778 
47780 49799 
13029 33646 
41851 43838 
4356 8814 
14957 37422 
38971 47900 
39248 45327 
44547 48921 
16053 49171 
42356 48453 
11406 40408 
13605 47420 
38417 42932 
12520 14810 
22352 26642 
47400 49769 
36748 41697 
33814 36659 
11057 24128 
18071 32195 
32356 33634 
32552 44146 
32444 36393 
17820 41112 
9234 18624 
9798 29529 
6045 20414 
8022 13739 
14955 18287 
1292 19350 
24626 28058 
35856 40712 
458 8239 
1346 10267 
32962 38190 
11052 48988 
1026 10157 
15200 24225 
31509 45109 
40046 47927 
49536 49872 
35835 37051 
24177 41600 
37751 49035 
33093 48730 
10602 49917 
39444 46934 
6716 11165 
42988 49099 
14175 36810 
38064 47364 
12439 34402 
47784 48612 
17784 29278 
9722 45320 
32302 39401 
31221 42574 
8275 39613 
30383 40573 
40488 40796 
37767 48149 
41698 48731 
11394 49941 
49113 49627 
45182 49706 
26776 28816 
27628 47598 
33651 45201 
6998 48089 
43956 44665 
26991 44415 
20882 44702 
45602 48355 
43153 49607 
46061 49064 
6912 40244 
45072 48473 
10997 21682 
22002 34018 
23398 45614 
26475 49334 
24874 30285 
14283 27154 
37410 42651 
36429 47389 
49983 49990 
25568 35815 
31390 45720 
29280 33019 
22045 25989 
22718 35509 
26637 40633 
27195 48249 
24190 28363 
18359 46200 
14847 28995 
43944 45933 
27547 40202 
46857 47951 
9509 35867 
38240 49033 
36165 38178 
38199 47065 
34179 39702 
49780 49817 
7353 40962 
17274 45965 
29604 30549 
48831 49300 
41995 47778 
28902 40701 
6915 19310 
21853 41833 
17278 40505 
31286 48331 
26769 36962 
47247 47615 
36371 40308 
43809 45865 
31896 42452 
13221 30197 
49616 49649 
11479 20676 
34573 47740 
42215 46175 
5140 31294 
44562 49634 
31836 41424 
4051 10398 
36536 37131 
15316 47749 
34584 46868 
45719 46304 
23296 24011 
30901 36293 
44298 45381 
29200 38064 
11158 34514 
16790 23816 
11465 29417 
34717 47825 
38103 40655 
44133 44472 
33224 43096 
32454 36551 
36489 38809 
38606 39401 
27771 49704 
27196 36952 
4790 15297 
22644 49434 
6211 14527 
36851 44830 
35423 44280 
16433 19890 
27618 44291 
42685 47824 
36192 44339 
44851 46569 
47312 49606 
17976 26329 
10445 29471 
29981 34638 
2686 43143 
13083 45677 
20496 23076 
4888 47623 
7701 43076 
4654 38461 
37981 42329 
42406 42715 
5693 49764 
33847 48573 
28448 29067 
132 48361 
32 22800 
16196 18166 
16035 35418 
10415 33042 
40908 47357 
45071 47271 
37503 48943 
41618 48679 
35971 39426 
920 7603 
11689 17302 
34890 38069 
40126 40386 
4188 27561 
34487 42670 
5829 44653 
33169 37431 
5058 41541 
10418 22398 
36720 39243 
22018 42167 
39799 39977 
37101 40924 
16855 49349 
24974 32733 
28566 32158 
10920 48684 
41037 43428 
3531 28773 
11189 14348 
27059 46459 
7066 26024 
26681 35158 
20795 37674 
26973 49319 
18052 25533 
31290 33971 
38244 48606 
45641 47902 
49570 49711 
28799 42755 
36667 45941 
8528 32025 
24606 31380 
38468 48158 
7506 25784 
28521 41525 
19324 40505 
7133 40194 
4230 30865 
49802 49986 
31695 45524 
37411 46290 
46597 49142 
39483 39955 
39999 45351 
27832 31340 
21776 33708 
14891 16760 
39556 49515 
45982 47739 
23415 39398 
12039 25468 
34426 43127 
32359 41271 
20731 48346 
18308 48494 
21240 21543 
33436 34464 
21127 24889 
16357 22736 
36582 45224 
35508 38500 
10805 31532 
9149 20803 
5314 36248 
47774 49162 
25507 28615 
40977 44438 
32812 41070 
32784 41402 
37929 43034 
29313 35645 
20897 27950 
16028 43554 
26164 40728 
26694 27196 
12135 28627 
11961 37502 
46446 46691 
17243 40008 
39455 48158 
21458 29772 
48162 49543 
5676 16866 
1654 23577 
11727 48778 
334 20580 
502 27747 
44780 46596 
36842 48334 
46534 49673 
7566 10210 
3680 13898 
37948 48274 
28746 46463 
37082 49017 
36620 45325 
24134 36439 
11064 32178 
5124 20207 
49878 49896 
34711 43263 
47654 47769 
37279 46577 
13505 22332 
3716 41506 
7338 10594 
20856 25278 
15080 17130 
32473 47886 
7900 48307 
49808 49876 
13504 44944 
19367 49243 
1058 28353 
17942 29442 
2250 17356 
27890 48168 
43495 48494 
49551 49732 
47096 49079 
40948 45148 
26523 32482 
30253 40159 
23950 39888 
38395 44222 
28480 47962 
23843 43795 
11503 29461 
29063 40807 
18674 25652 
982 2564 
31966 39129 
13603 25377 
11733 12061 
2728 14417 
39682 47199 
20503 21944 
5728 6168 
14150 47241 
3782 40271 
1143 39879 
11331 17317 
48403 49267 
16252 29952 
27532 36313 
4243 29552 
38873 49985 
19947 29682 
44048 47218 
4722 12278 
32103 45381 
31502 41536 
10276 41481 
40504 45576 
20102 25727 
30074 34998 
24637 38964 
11369 46846 
28916 36876 
31944 44882 
43322 44001 
27628 29015 
40989 47902 
48004 49654 
36695 44838 
10777 36413 
9277 45655 
19953 20469 
23952 30329 
12611 41544 
15581 49942 
46069 47611 
22841 37567 
45711 46791 
10163 38084 
44602 45925 
48994 49583 
48202 49581 
30146 37943 
20179 40386 
10176 15357 
34484 42602 
11941 26121 
46311 49258 
26533 46447 
22615 43495 
2639 36470 
45264 49757 
9610 38791 
26672 30320 
23851 37143 
17566 28854 
41305 44052 
32788 48122 
17614 40796 
13276 35670 
31694 38321 
32472 38348 
19672 35148 
46318 49022 
22019 35714 
23321 32275 
23490 27343 
15151 35498 
14634 47894 
46384 48427 
335 28395 
11325 17549 
10791 36194 
18411 49895 
338 6566 
15358 45934 
21170 27799 
4798 46958 
11313 13998 
11286 30725 
49272 49836 
3506 40888 
24033 44313 
26006 39277 
47572 49889 
28588 39211 
16285 19703 
10812 31233 
9151 30659 
21568 46626 
9903 10602 
20099 36169 
44405 46704 
2117 4983 
17717 43001 
48724 49656 
12010 13404 
760 33002 
9578 40216 
29301 49912 
42917 47207 
12671 29096 
41796 49820 
6252 13226 
49343 49983 
44097 47240 
29365 49506 
32966 39233 
827 31392 
8219 48379 
20029 26407 
31034 36599 
10302 28557 
27635 32757 
12370 19474 
12654 26256 
45031 46927 
19287 38295 
10142 23920 
42913 47014 
36941 47222 
6412 15647 
4450 21183 
20173 35305 
16805 45937 
49896 49997 
32497 42016 
7461 22052 
14132 43957 
40103 46874 
22931 36448 
49610 49886 
29756 35516 
47630 49769 
4206 8043 
14 18394 
5969 9738 
49238 49830 
24217 43839 
38929 47866 
15965 16491 
44973 45781 
6512 11695 
16394 25942 
11621 44690 
984 12655 
26835 47794 
39064 48039 
5708 17095 
12984 15949 
7003 40367 
25712 45025 
49090 49929 
46254 47520 
39293 43651 
43114 43223 
29221 43085 
37025 44293 
26183 32289 
24264 32754 
5897 22271 
49055 49158 
15008 29783 
12916 43420 
32295 42401 
24242 31425 
6004 21412 
24662 30614 
32917 43400 
429 24886 
36660 37383 
25596 38019 
7648 25947 
15638 45849 
11236 41253 
17692 46125 
40157 40486 
49712 49721 
17568 32258 
48396 48458 
13186 33104 
14020 32909 
31900 46163 
32646 32759 
40613 46729 
11009 11883 
47815 48768 
23012 37769 
11362 25886 
15370 29589 
15154 42980 
37915 49386 
8016 42778 
28060 41528 
34006 43365 
3677 21861 
10780 28937 
1890 29554 
32454 49041 
44238 44767 
43752 45560 
46428 47643 
9342 32670 
23146 37490 
28019 47013 
33998 45927 
47694 49347 
21486 44965 
38063 46252 
10377 13620 
34199 37845 
9010 34956 
45208 48371 
23110 39607 
31509 43226 
8520 32234 
22762 28840 
49784 49957 
35652 48980 
26069 31105 
29124 31101 
24174 43775 
3924 24410 
40472 47058 
35240 49741 
5752 30087 
9403 18121 
31641 39894 
12521 27355 
41441 43399 
44784 45607 
4423 7458 
13769 43522 
23477 48973 
19856 45307 
42289 48948 
40156 49959 
30588 44091 
16153 30188 
4175 5135 
11446 17823 
23407 41117 
36237 49677 
36067 40449 
32046 35561 
20757 46325 
11865 35177 
12957 49384 
6284 38418 
34826 43509 
35719 45415 
12371 13338 
41421 48546 
33353 46909 
23390 27689 
16332 33634 
31541 45685 
47186 48620 
36528 38121 
13347 49365 
1120 23715 
39579 49135 
49973 49982 
2935 10801 
36825 37230 
3590 19825 
19470 28786 
40775 43435 
12737 27391 
40198 47838 
16270 37736 
28253 34014 
41829 41974 
27834 30260 
15126 17878 
47592 47774 
6491 23774 
44360 47001 
8104 10164 
17064 26963 
42964 49656 
38286 43208 
46739 47029 
36277 42169 
5846 44975 
19317 42076 
42219 42750 
43578 45017 
40333 43595 
20636 25140 
27733 42687 
12191 35863 
37875 44647 
19199 23984 
47299 49487 
32038 38536 
37884 46894 
31921 40238 
37513 43488 
49180 49855 
23342 34021 
37905 42450 
4307 22003 
40590 43550 
27491 43806 
29161 37715 
44718 46142 
43726 49054 
31987 49291 
14895 44072 
40030 40370 
7576 32519 
43189 46103 
33892 39915 
5535 38435 
31268 49551 
37970 43434 
29256 32214 
26776 37672 
31420 45801 
8541 41153 
13821 43277 
34328 45298 
4413 19310 
35687 48034 
208 28369 
15819 32158 
8301 32586 
41452 46677 
13668 37632 
9959 46960 
31147 47550 
4218 14086 
20114 40688 
15056 38289 
32435 33471 
14367 46493 
1657 33931 
46352 47398 
36318 39804 
9594 29441 
41840 41884 
48179 49184 
2874 18288 
6598 30445 
43582 46816 
45398 46266 
31864 34502 
10074 33651 
2621 37945 
40200 49762 
25324 34195 
25759 38947 
44786 45443 
17382 31933 
11 39320 
7287 45700 
41190 46583 
1454 10751 
42619 49268 
30458 36484 
47809 48514 
35424 36068 
467 26819 
12108 46176 
13151 15404 
12444 41655 
41736 42144 
42559 46095 
2848 49053 
4915 11103 
40978 48828 
29715 42708 
24713 35514 
41882 42208 
40720 43706 
13669 49678 
39204 49873 
17295 19170 
3543 20787 
18586 29192 
48877 49061 
13549 27764 
7658 37765 
28278 44229 
11278 35283 
43864 45269 
369 20951 
7960 31358 
36106 46332 
39802 41787 
17370 36282 
31802 44207 
10350 30193 
17764 18990 
16113 38950 
36696 45879 
31539 35733 
39565 49870 
5323 14536 
47160 47897 
9850 25396 
21172 25665 
44857 45201 
19851 31047 
7305 15980 
47633 47730 
22576 39364 
25214 47472 
4067 16724 
37008 37848 
36825 38058 
25945 36661 
47608 48728 
38531 41010 
23748 43541 
38541 48676 
18185 49383 
30674 49074 
10754 27426 
32041 40213 
12466 40974 
16114 45635 
46699 48193 
569 30238 
39057 41208 
17066 45322 
39332 40593 
39404 42764 
29918 43719 
31294 37184 
32716 37415 
6486 37404 
8994 24773 
14447 17073 
5997 20417 
36907 46247 
18167 26160 
3926 40058 
19931 31828 
33285 34388 
7214 19269 
18952 31760 
39837 40398 
45671 48205 
35111 45130 
1453 44279 
16632 25049 
13632 40976 
22052 34760 
49572 49594 
49177 49300 
31999 43035 
16074 42265 
17960 41849 
31967 33343 
16652 23086 
27029 30900 
44205 45604 
8836 37058 
9900 32023 
30876 38136 
19542 49251 
5111 11703 
5610 29810 
19406 24163 
45020 46772 
4220 47209 
35797 37013 
862 47646 
47239 49390 
45346 46572 
26012 31221 
10271 35850 
49425 49500 
19716 36508 
17174 48297 
41195 47924 
11893 45145 
1070 38966 
17533 19878 
1170 26449 
13871 32940 
29407 33939 
9270 25394 
48154 49228 
44961 47525 
27018 35612 
19247 33173 
33380 49598 
19035 34443 
31559 39294 
20254 21736 
18291 21372 
14426 27855 
38689 39559 
4826 45095 
225 36406 
44879 48261 
44940 49508 
18572 39110 
12581 18181 
36317 38035 
43880 49002 
17954 33735 
19322 43221 
47000 49333 
13752 30603 
37552 43342 
20517 28669 
12543 48405 
17781 31310 
17333 20308 
33436 46084 
24059 46761 
28337 36767 
39159 40064 
19476 40506 
12701 41411 
29180 30500 
3826 17934 
31153 46764 
33979 39442 
33141 47346 
701 40653 
3450 20882 
42866 44406 
28529 46898 
40831 49733 
3321 26704 
1507 42035 
35601 43423 
8589 39437 
37989 47204 
28057 38094 
14126 15005 
40021 46380 
22780 47971 
20705 27759 
37771 47992 
16523 32118 
39445 41378 
16618 37494 
5011 9615 
4802 25945 
33653 45951 
41994 46147 
48870 49643 
43838 44353 
4846 34395 
47026 47894 
24609 27390 
27846 42331 
43989 47122 
8958 31660 
16222 27469 
32866 46428 
27078 39942 
9735 20384 
39745 48121 
48236 49163 
43706 49859 
9148 25013 
33311 34835 
10882 49753 
45859 48737 
31614 41151 
47159 47688 
20986 48487 
11417 17720 
33287 46772 
32504 37763 
36529 47198 
17724 40677 
10710 48615 
1569 14276 
41915 43182 
45847 48374 
14310 33547 
23640 26973 
44974 45430 
4451 42563 
23495 38605 
17673 29003 
4157 10089 
27101 37582 
25229 26813 
20743 28400 
38773 47608 
43190 44985 
39138 43518 
15345 35846 
2777 26671 
11686 41934 
30598 49375 
3647 45853 
638 16353 
47081 48008 
20876 22181 
30161 45749 
30939 40578 
11023 39863 
7219 27293 
3688 35737 
33952 40765 
2083 19494 
4181 45044 
1133 33923 
10924 42099 
44640 45115 
5379 13595 
31763 44671 
12066 13272 
5544 44684 
42856 49219 
47973 49862 
10232 48291 
29 48304 
11286 40033 
44982 45301 
23805 30983 
36754 41430 
1612 38918 
7103 9591 
28189 44235 
16002 42059 
32193 33838 
15630 36880 
20397 28798 
20768 31233 
19364 46310 
29186 34279 
37357 45418 
13829 37994 
14642 49091 
903 35459 
24888 33765 
39939 47508 
28327 36031 
12931 42546 
42775 49691 
13662 48104 
23862 32641 
20032 20480 
26131 43480 
25607 43239 
32496 41227 
13099 36694 
2010 3003 
29912 46248 
25427 36037 
44624 45132 
29130 31154 
36411 43817 
38321 44565 
17790 49913 
5970 24764 
40449 49702 
34693 39893 
45176 47331 
42324 45031 
437 22587 
15838 19518 
28536 44141 
26584 47031 
27991 32907 
36002 47774 
31303 36688 
16177 30796 
34705 40678 
10564 43385 
3250 19808 
41764 43896 
40593 46865 
24902 42858 
38630 48536 
6341 13938 
14688 47267 
21592 48869 
47147 49680 
32304 48412 
36992 40900 
35795 36591 
633 45195 
13448 32433 
35587 44606 
1633 34843 
11491 30275 
47625 48853 
12592 16838 
25698 43842 
15373 27354 
44029 47128 
11803 13194 
21674 33234 
23821 45485 
25308 44838 
1351 43813 
24039 41383 
27952 32873 
19743 26966 
44373 47684 
20724 25152 
10764 47254 
31106 34964 
3163 6095 
8395 13316 
19117 36624 
19645 39226 
40098 47073 
25260 49672 
2387 9971 
10463 35553 
11772 46763 
32352 46486 
6904 42065 
42798 48581 
8721 42340 
9004 49833 
22394 24238 
49177 49252 
20310 42356 
5213 31500 
18914 28130 
33923 41814 
26753 29955 
24116 30084 
16103 37201 
29400 39935 
29130 43191 
39833 48481 
3499 43997 
2739 45016 
31886 39714 
1774 22446 
32978 41687 
12705 38981 
8654 21752 
23546 42407 
9981 16406 
9037 46083 
16682 36954 
6531 33700 
32342 41428 
17697 22141 
46282 49966 
7049 24327 
45208 47701 
37641 46542 
7856 31196 
2391 39234 
6335 43872 
29565 43911 
1420 6305 
39587 46577 
29148 40119 
22028 46973 
25120 48220 
28148 47944 
5359 32730 
23767 29920 
16066 44237 
19557 34421 
43304 46758 
25873 44748 
1555 48884 
7560 35019 
13809 25613 
23178 33028 
36555 47116 
4442 10717 
24546 28008 
14705 31725 
41636 43315 
46060 49238 
10110 26254 
10541 16639 
39298 49358 
29208 37519 
36124 46142 
39406 47237 
8819 20399 
43444 47801 
45949 49775 
17727 45178 
15703 39180 
6243 43085 
3241 46545 
36603 41390 
9856 40521 
42352 45443 
36137 44172 
5145 16092 
25322 49167 
4670 6422 
22215 28443 
5035 11857 
38927 39522 
25259 35017 
48106 48670 
3982 49257 
6597 35031 
49569 49773 
37413 47127 
48206 49259 
31400 34836 
41862 45733 
4415 42250 
43637 49794 
1927 15546 
2770 32965 
22873 37736 
42405 42908 
48215 48938 
14714 37894 
47325 47857 
45666 49849 
36653 47494 
5110 47432 
30209 49765 
304 8854 
42932 46908 
19698 26175 
28674 47028 
40063 42543 
29238 30928 
37709 38892 
2457 3610 
9664 12798 
4861 46951 
33025 44339 
17220 18546 
6959 9264 
262 42017 
6045 10203 
25949 34484 
7238 15908 
23440 40389 
14039 45182 
247 33518 
47243 49413 
12020 34482 
35437 41101 
28863 42011 
37033 49952 
30939 41393 
36365 47059 
29784 47152 
3652 40831 
2057 25829 
14351 49537 
49940 49986 
8540 15053 
48682 49616 
29168 35828 
10805 30334 
32943 41225 
25038 25575 
38661 41794 
6187 18995 
6268 35006 
21887 28696 
30736 40994 
40108 45082 
8449 13620 
5473 27190 
30513 44081 
10004 35472 
31474 44763 
8906 31334 
15441 25739 
2373 38687 
36321 49147 
43166 49599 
18018 42157 
6956 28634 
34085 34926 
31503 33969 
36677 44513 
12405 36213 
10677 16730 
28425 30489 
12973 17015 
3533 40886 
36500 45154 
4978 13468 
42636 48231 
18691 47749 
38096 49102 
40149 49079 
10660 40695 
28317 36624 
11832 16519 
42894 43162 
18108 25822 
27461 29293 
42184 49546 
40116 40561 
31292 37944 
26873 39370 
6501 8163 
49355 49985 
18290 31138 
43352 44812 
15835 31752 
24397 43519 
42835 48959 
32631 44496 
3900 37950 
11960 21904 
11150 38107 
1596 34214 
14477 24022 
46510 49930 
28237 30412 
39420 44829 
26230 27259 
8350 27498 
13423 26246 
49877 49956 
30866 39745 
14202 28310 
34110 37280 
16471 34364 
42581 43885 
36260 37316 
29289 43769 
49854 49856 
17881 37740 
41750 45249 
16815 48165 
34506 44552 
12029 13164 
4370 40533 
23318 45263 
3 16724 
11077 43758 
45749 48242 
20798 25298 
2861 28821 
20277 44414 
14289 43134 
1123 7626 
45363 49885 
20322 41540 
39389 43213 
31193 31915 
44020 49534 
16144 43340 
24467 24765 
46605 47198 
10215 47418 
48687 49261 
25973 33061 
39829 48875 
7492 42331 
46085 48247 
14544 30076 
41197 47403 
11132 48736 
10825 49198 
41697 46889 
32680 32723 
26273 40662 
38552 48425 
6612 18617 
16752 35153 
16108 33586 
44413 46254 
22444 47317 
9412 46108 
42015 49683 
18862 38704 
44400 46681 
3067 22758 
9457 26977 
45067 49503 
42936 43393 
9327 41916 
7599 13568 
11342 38795 
48391 49399 
25418 35847 
21544 36132 
17315 39186 
45755 48676 
38625 44987 
27515 49445 
25052 27400 
40158 44617 
49926 49960 
40876 47204 
45642 49324 
8217 37762 
20690 33266 
25367 32048 
25908 26679 
5751 36348 
42727 43430 
16236 23869 
8556 46848 
29367 31869 
16002 29993 
14927 22962 
17890 28658 
20897 33780 
25093 47104 
20410 41436 
27592 30068 
949 35220 
25262 42499 
32657 34290 
13618 14679 
12535 23741 
13322 26725 
20822 25629 
37397 48543 
49065 49081 
5722 44689 
45139 49490 
32042 45647 
35837 48371 
22071 26666 
49465 49988 
23962 34904 
29286 42567 
4408 13608 
49654 49754 
47939 49641 
32994 38502 
34264 40665 
35946 46677 
45646 48313 
7238 34509 
22784 26706 
4669 14900 
22531 33367 
14686 20702 
38990 49599 
33012 40825 
23254 34753 
937 23932 
25377 39677 
42471 44035 
29797 46010 
14337 33657 
11468 34499 
31864 43549 
13295 16469 
23974 25088 
39597 43955 
6443 26802 
37246 48067 
45906 49722 
14485 23380 
47268 47947 
843 10063 
3491 41464 
32832 40516 
49865 49952 
34374 38059 
19031 19184 
8610 24817 
37983 45033 
7875 28542 
45706 46814 
41416 42186 
21446 31115 
16069 44710 
17520 20085 
44209 46415 
14474 46319 
46208 49332 
982 11168 
7567 9599 
24957 29654 
27843 33031 
9636 33008 
40102 45853 
41306 43783 
17058 43499 
13883 46165 
4438 44760 
43404 44696 
13011 17186 
17599 36476 
23578 38214 
19039 34025 
45205 48213 
15049 48847 
45212 48715 
35747 36741 
13603 27514 
47842 47964 
36954 45994 
18469 36594 
47470 48676 
22907 30667 
1923 28207 
4689 38309 
12958 35030 
39223 40809 
7592 45819 
3919 37446 
13541 26022 
1035 30511 
48981 49240 
35775 36359 
2878 25097 
17617 44049 
1886 19045 
4856 34588 
37231 49668 
45405 48391 
20754 34628 
40543 46496 
1299 31145 
39562 43023 
49543 49683 
24239 46232 
35407 38300 
4785 26090 
39384 47003 
206 40327 
30007 41600 
9911 15042 
16089 33750 
18383 46536 
21725 41787 
22571 22666 
18466 37339 
30776 42809 
39468 47278 
22983 30570 
42005 42018 
2852 39980 
23262 31905 
41674 48373 
8566 37490 
33860 49882 
38130 49136 
43336 45715 
14251 40773 
34912 48364 
30869 38795 
27990 40516 
27498 44148 
39968 49290 
37226 40185 
33404 46049 
34975 48535 
21538 38630 
43573 45290 
44978 45000 
19644 25268 
22188 39476 
28123 49597 
13580 39153 
46343 49594 
13258 20608 
21583 46795 
13086 33869 
23285 38960 
7462 27780 
44453 49550 
41808 45811 
38504 40775 
37962 47206 
6437 32521 
27397 41302 
35830 49755 
17004 33725 
33460 39424 
21032 48413 
6413 43984 
23148 37878 
15822 44673 
44796 49268 
36562 37475 
37742 44628 
46950 47900 
9686 16411 
48649 49179 
45225 45551 
141 21847 
2167 10336 
16877 48111 
25421 47396 
35271 35827 
41910 44245 
34027 42410 
48887 49734 
12602 21620 
32449 46833 
27981 41336 
42271 46590 
25774 41569 
46514 46703 
18087 34272 
167 8902 
27476 32441 
42574 45761 
18095 39176 
42794 42834 
13229 36341 
39052 42579 
19931 49993 
37544 40547 
26709 33279 
5724 45573 
19477 43763 
36699 43027 
21520 46491 
21382 42800 
38335 49814 
12661 40815 
14981 48143 
2186 48120 
34096 39284 
47849 47872 
24537 33002 
41681 47654 
21233 48845 
5127 48009 
10292 28363 
47170 47829 
26289 44285 
16143 40565 
28482 45059 
2266 39829 
7693 29936 
46725 47210 
17642 32185 
30096 49814 
38968 46554 
23300 35326 
33620 33990 
33219 34102 
1119 20443 
3397 10444 
45305 45425 
37144 39203 
41847 47267 
14900 41026 
43767 46220 
47404 49320 
8167 49324 
45187 49526 
22043 46046 
38209 44772 
11661 47523 
18941 29115 
31721 32713 
24468 33104 
2850 31637 
12118 43665 
13788 23348 
10365 37955 
22207 40785 
22427 26021 
12963 38450 
38610 47418 
13109 18874 
4223 4864 
29085 37144 
6549 25517 
34528 49100 
35905 36806 
10628 44921 
37954 46698 
39307 40815 
4839 37290 
16355 23801 
18519 42265 
36852 46451 
35514 48418 
28007 48386 
4834 11594 
29102 29407 
29994 41777 
26067 27622 
694 2601 
28715 48210 
40757 42722 
49701 49780 
22042 42005 
10406 24644 
37856 38381 
48208 49432 
41127 47290 
29717 47654 
48439 49440 
15877 25345 
18232 46485 
42484 43302 
9051 44884 
30655 39701 
6208 29378 
6516 15530 
37760 45741 
1085 15409 
37343 37624 
6362 16649 
15363 29507 
37051 43737 
37477 43143 
44258 49252 
27504 28592 
42223 43801 
7046 33172 
10894 27036 
8671 36329 
15742 22948 
29893 37807 
45612 48500 
8640 19982 
38912 41760 
31497 49038 
32246 41308 
10981 38765 
9394 12828 
38221 38953 
44181 47207 
21779 34005 
1364 30925 
35369 37532 
19045 45446 
30773 39474 
9659 46850 
485 39642 
22084 48823 
6431 10686 
27241 32298 
1949 24594 
13593 38213 
16923 25208 
16039 33367 
4468 33358 
17089 19726 
7524 42187 
46861 49009 
34143 46373 
43142 43458 
38589 47524 
99 3615 
34981 43730 
35076 45294 
41357 43390 
6611 30661 
14634 49464 
967 34636 
37331 47598 
6332 21704 
40982 44349 
43583 47759 
44215 46319 
47363 49683 
12558 26697 
23050 46566 
13624 41672 
3953 10045 
19550 40685 
23021 47179 
45977 49631 
32791 38596 
45918 49508 
40673 49192 
46795 48629 
166 39748 
28850 31741 
22071 42714 
4549 20115 
49011 49662 
19916 37704 
23022 34338 
32688 38710 
25293 28754 
21102 30787 
31106 33322 
35587 44428 
28882 36906 
33285 46153 
49450 49479 
27527 46116 
45744 45931 
36185 38783 
5245 24278 
7816 45222 
49734 49955 
10232 18369 
30950 40039 
326 4450 
41953 48102 
7921 8663 
38008 39160 
46886 48659 
5986 27236 
2919 3965 
30761 43645 
44368 48067 
44715 48769 
27951 42619 
3759 5911 
28782 34469 
32363 44536 
19204 44183 
1067 37783 
7870 22641 
8394 25249 
25352 27802 
25397 35765 
19637 28192 
36149 42243 
22829 47298 
23322 45548 
13342 49773 
44667 45330 
19003 46499 
21977 47811 
4394 39849 
40606 48797 
36839 41816 
39164 41905 
35900 40124 
28115 48733 
20283 40586 
19629 46479 
13224 40934 
44707 48659 
19751 45811 
16955 36652 
8182 25219 
8414 43528 
31356 37273 
23985 48931 
37362 39001 
13071 17651 
30109 48235 
14363 14857 
41641 47743 
34869 47870 
31459 47471 
37021 45248 
19666 37360 
27746 43894 
40521 46307 
42426 49149 
37481 47022 
33373 46062 
33174 39350 
24998 45903 
28305 46854 
37246 43503 
13961 32314 
9897 14129 
43546 46921 
27021 49164 
45117 48964 
31222 34417 
44151 49041 
5655 48754 
26213 26256 
3950 5704 
40006 46817 
12238 31104 
35899 49258 
32925 46133 
42664 48469 
10132 26547 
10563 33588 
21565 26625 
44725 46256 
10296 25941 
25835 47768 
20729 26679 
29432 46733 
33322 36076 
17266 23192 
41443 46975 
38139 45364 
12379 14323 
6988 49614 
29264 30414 
16940 22681 
47437 47520 
20808 38834 
13706 29417 
29839 44813 
9217 15377 
9342 37620 
451 42659 
41191 49941 
24562 33315 
9708 30089 
19575 48582 
1397 41185 
22799 24869 
18785 19913 
987 40179 
12445 41997 
35678 39749 
11645 44430 
37596 42375 
18812 48432 
24743 42245 
20821 21866 
48544 48829 
4372 16126 
13621 39732 
29014 37405 
31741 34514 
49585 49849 
7487 41606 
45493 48934 
16974 37291 
30076 44925 
30367 42334 
9545 29698 
21652 25392 
27200 29500 
48648 48940 
4265 24995 
7109 26660 
10186 14300 
8120 47617 
40298 41560 
38992 42794 
33707 39343 
9604 29026 
7258 8842 
21356 22605 
23501 27053 
42622 42656 
9934 28898 
14514 17422 
34142 40990 
39702 44800 
46213 46376 
5338 25350 
23053 31341 
20626 25450 
36459 43304 
13220 29098 
18970 30328 
19277 43423 
15342 46079 
3950 37128 
25241 40672 
3881 28169 
15827 39232 
31210 33309 
40707 44129 
6321 15644 
22100 35299 
23133 26489 
9350 18264 
36193 37943 
179 43438 
46688 46781 
32333 39733 
47218 47491 
13898 39597 
7295 39884 
45524 49561 
39912 44346 
39529 40526 
43097 45584 
16130 24946 
30532 42707 
11011 35852 
23217 46680 
49849 49911 
18653 38379 
14214 34903 
17802 48911 
11120 15777 
36840 40157 
45620 49148 
9798 29606 
29389 42829 
18265 25699 
46717 48454 
8168 23931 
41432 44883 
30905 33997 
49610 49992 
24981 46082 
30581 44547 
14376 40799 
11187 41126 
9823 30037 
18227 38620 
35559 45551 
35665 37986 
15717 30711 
18514 37121 
30 24516 
37759 40474 
36962 47047 
6867 17722 
16132 18165 
14519 49240 
46922 49028 
19731 47216 
13352 15376 
364 7617 
46738 49452 
909 42166 
12925 25283 
47170 47786 
40490 45433 
46155 46940 
39231 48100 
18576 30315 
14535 21985 
23900 41370 
20085 23378 
20351 40522 
48975 49486 
38282 48724 
44821 49234 
8176 46129 
31386 39019 
16533 20421 
17795 23883 
8805 26071 
39749 45163 
32932 47468 
20097 32515 
17678 19350 
6878 30331 
14072 33254 
37495 43835 
21075 29713 
43394 43690 
3510 29795 
38475 43495 
3691 18119 
39432 48469 
20404 38701 
30290 38349 
17149 49297 
43523 43757 
10753 15097 
17262 48817 
49866 49955 
45489 48382 
48732 48803 
33828 40031 
16767 24141 
20804 49225 
37826 49781 
30202 48882 
4045 36432 
14554 23004 
32173 42314 
12064 19199 
48323 48609 
2879 22793 
29340 31403 
44423 48060 
9701 27877 
24688 42108 
45470 45591 
32495 44250 
49669 49915 
10540 40338 
39198 39558 
33130 49608 
48403 49239 
35586 42313 
29795 41018 
35050 46651 
9830 17371 
38036 39009 
19717 45122 
8364 11734 
28188 29331 
29405 48958 
28130 40530 
852 35038 
42568 44196 
42255 42312 
765 22775 
36916 47851 
25236 34720 
22161 43613 
28899 42961 
13963 24420 
34068 40823 
21383 28942 
25511 40009 
39766 47846 
4886 8536 
27698 43469 
47733 48126 
48631 49012 
24366 38334 
44668 45730 
33833 49655 
23275 25864 
11829 23337 
35217 42822 
18507 45523 
3760 17956 
21070 27412 
6809 43386 
25260 45546 
8508 41183 
2966 48954 
28085 34508 
3962 8248 
26298 31957 
20092 40001 
16429 36896 
17564 42546 
13695 46776 
21413 45337 
26564 49291 
19861 46356 
27119 46683 
40011 44228 
33287 38691 
4943 10350 
10592 29876 
37751 47993 
38551 41263 
37083 49160 
7420 12237 
129 7103 
40719 44606 
40367 42327 
49093 49225 
33405 46564 
9734 35121 
26036 49625 
17003 44374 
36117 49420 
23177 46636 
12356 20208 
47918 49400 
14195 40810 
37640 47354 
26313 26483 
36341 46425 
10352 37699 
45818 46980 
17164 41114 
42712 43693 
15611 31671 
28952 35240 
7467 47436 
39373 44368 
12373 36803 
40551 45445 
29901 33459 
27426 48341 
29462 43452 
44575 49277 
34799 47333 
589 49302 
33185 33594 
29880 33247 
41503 45670 
49290 49871 
18235 23713 
19547 38088 
40199 49415 
45022 46995 
45398 45571 
6574 34055 
9008 17674 
18967 38630 
41368 45559 
37078 49791 
1359 34484 
41804 48002 
4396 36306 
11437 15892 
49992 49992 
47037 48331 
45864 46925 
41970 48338 
7796 18445 
5381 38869 
26321 35657 
12579 25169 
3277 12691 
13687 42353 
35815 37400 
2268 2608 
23402 43315 
37920 42908 
16424 37689 
47881 49409 
14892 21059 
45828 48011 
33282 40431 
10365 36200 
40214 41496 
1447 15331 
46707 49669 
12139 47854 
29089 41973 
6231 7351 
38897 39868 
24046 49497 
41631 48736 
27596 46223 
1625 47547 
39 30763 
34629 49342 
25493 31472 
6485 40246 
37864 45712 
13127 25881 
26723 45850 
33203 49291 
11873 45894 
35798 38377 
9985 34789 
48838 49974 
8730 18207 
39155 48051 
21224 35732 
26323 41664 
4642 40726 
4884 27910 
44621 45378 
20587 47063 
14064 19813 
28098 30862 
15832 30588 
27914 46966 
34753 49383 
18598 31719 
8155 24422 
13239 35046 
13735 49777 
16081 20353 
21980 30132 
8733 15078 
31595 44409 
12103 44828 
25712 27320 
16286 48133 
26327 32373 
8039 44143 
36406 46787 
45155 49542 
10316 44750 
35976 45755 
16288 33714 
16704 48302 
916 28114 
38953 40641 
9757 22345 
46785 49660 
3798 13171 
41086 47636 
15918 41416 
6476 20084 
29401 33863 
40397 45563 
41405 46117 
25369 46664 
25634 40626 
5813 42453 
7120 28245 
21199 35567 
23339 44296 
23740 24697 
26384 26687 
20102 43225 
37682 42919 
9477 29568 
2884 47815 
5267 13524 
17755 17829 
43875 49510 
27783 37891 
46853 48235 
18973 29285 
38814 48692 
12763 28623 
13838 24683 
21961 29440 
25861 42666 
33841 36730 
38448 45935 
13831 41637 
25571 35462 
9957 20562 
26366 30909 
416 15914 
47125 48731 
11101 14437 
47456 49013 
27420 45475 
16881 20884 
6856 12286 
47164 47378 
10324 33599 
2848 36607 
28232 38257 
43327 43760 
45384 48772 
7059 30446 
31734 37593 
48478 49587 
35740 44396 
31124 31443 
25915 44343 
23860 37298 
40538 42683 
45984 47801 
42235 45192 
24450 33698 
9878 42923 
24567 44384 
5588 19066 
5794 6916 
6498 36484 
27692 28793 
47574 47980 
844 45855 
39239 49617 
19266 36672 
41064 45048 
23719 41374 
46783 48595 
28799 29767 
2711 11018 
8598 26752 
6685 7279 
46872 49962 
2055 20569 
15095 24286 
15855 29831 
34945 47865 
14916 36439 
40919 47180 
33529 45781 
39965 46593 
1523 29358 
21707 26316 
7886 13838 
6437 39604 
9255 21509 
37641 42981 
38382 38705 
4526 38865 
38918 47174 
46799 49060 
46376 48753 
27037 47826 
42084 49659 
23056 48567 
7421 21029 
15755 43029 
1217 42616 
21878 31340 
32527 34128 
7157 32506 
36039 45167 
7314 9782 
34830 41429 
22565 24283 
31411 47175 
6152 30095 
5116 20361 
11832 27697 
23478 49458 
32265 40112 
19291 26648 
39392 41700 
34635 35297 
3731 7725 
28741 47756 
9770 37509 
14520 26395 
7504 23820 
34758 39659 
33046 44508 
14058 21519 
38510 41737 
21334 25246 
30711 49315 
41070 46945 
15814 18255 
47654 48193 
41526 47957 
44669 49036 
24086 37948 
31685 49149 
12882 19602 
11130 26134 
7765 21198 
29451 34917 
30920 39092 
47840 48774 
19092 23947 
28009 29484 
42314 42656 
15306 17772 
40485 46446 
12641 20792 
27726 30225 
29600 33378 
24835 32235 
44346 48918 
6350 9740 
643 34386 
29210 30250 
21181 38380 
40591 42290 
25726 46907 
42053 49129 
2630 7017 
23708 40622 
7205 28722 
16618 27684 
47156 47657 
33374 48228 
2629 7155 
43820 47594 
26566 46096 
42209 46050 
14276 31898 
389 16293 
24724 43524 
26225 37362 
5484 24230 
15402 20305 
27218 30846 
8178 12858 
36451 43546 
7930 28806 
20744 34748 
9136 14377 
27900 32032 
11589 37193 
22447 30666 
41818 42290 
47043 49318 
6389 24710 
42528 44319 
37105 46309 
40055 45446 
34633 39427 
10353 12611 
17391 49053 
47239 48322 
40906 46259 
22766 31947 
7225 30996 
7453 43701 
44893 46701 
21424 47961 
9668 41199 
25813 36596 
40732 47423 
9871 32126 
34919 38357 
40492 46887 
27424 42297 
32435 43501 
36438 38351 
37330 39652 
15997 40338 
30543 45644 
2162 15311 
35210 38515 
45389 46409 
33300 45686 
28777 35243 
19942 33694 
9416 31481 
32204 40991 
45308 49699 
20782 46688 
12993 44374 
7794 45353 
2305 39224 
26511 49210 
1269 43796 
15522 18201 
33477 37258 
33870 38242 
42890 48966 
24966 48988 
23652 38966 
1251 27014 
22985 41647 
15733 42463 
37531 38114 
6259 22420 
5953 20427 
38552 49936 
2874 9386 
40378 42352 
47556 48240 
38888 43355 
27454 30912 
14769 35653 
44059 46439 
15552 35506 
8484 48705 
7116 26308 
2795 16405 
42716 48566 
23442 26886 
4710 12620 
34916 36866 
40733 44362 
21751 33187 
38890 40485 
43114 48645 
13335 47915 
7607 32219 
21629 48716 
19845 42992 
21425 22925 
47153 47733 
22554 35216 
24230 43014 
47588 49311 
45884 48598 
34398 44580 
44936 45273 
18841 47366 
37086 38465 
12423 31435 
41843 45817 
26059 39768 
21167 26380 
15070 38580 
34740 39737 
4078 24245 
13338 26758 
37564 48487 
39298 39835 
48010 48515 
2678 39519 
16002 35098 
27674 46127 
40543 46030 
54 31020 
15297 48465 
28748 31869 
15199 42690 
44120 45480 
9567 27564 
835 38509 
22288 26087 
4072 14082 
39059 47531 
11816 38717 
28415 45363 
30244 39656 
42166 49981 
16810 26686 
20159 43041 
340 30366 
40895 43947 
15033 39315 
20101 32784 
15953 47764 
10670 22111 
28594 30774 
35892 46998 
18433 22605 
42097 42609 
41239 44850 
8811 31262 
39766 48603 
20656 33407 
17424 22448 
20654 25557 
11951 29976 
18460 42237 
10373 38406 
7886 46122 
41226 48586 
12964 29312 
26928 36559 
49126 49249 
36372 48367 
19352 47361 
1543 23209 
17118 17538 
39322 47828 
45286 47840 
42759 42816 
20274 32180 
21002 26674 
31126 33259 
27349 48993 
20111 24714 
45788 49248 
24013 29654 
25058 37301 
15675 45082 
17084 22687 
148 33877 
18179 34020 
18018 49408 
15485 46421 
24681 45499 
44486 46422 
38240 46173 
39176 41767 
47010 47551 
34895 44080 
40744 48157 
44498 49798 
47781 49577 
32110 36664 
18076 21504 
44869 49312 
31207 45143 
43726 48782 
15530 38119 
7563 29528 
31561 41967 
12764 47192 
13237 44830 
46521 49356 
46551 47992 
7780 17997 
14346 42919 
47178 48823 
21048 29724 
23222 27329 
24786 27293 
47711 49931 
10096 25694 
24386 47886 
36590 44239 
3864 8238 
24470 29064 
3222 38155 
5218 38289 
8783 19487 
37315 41810 
21470 40246 
29931 35081 
9847 45675 
15014 34512 
12462 20919 
3477 32458 
2381 7205 
45626 46427 
9385 23336 
36232 36380 
40241 42362 
5359 8842 
22082 46880 
29984 37031 
28120 49616 
3697 22397 
38692 46083 
23734 29353 
21217 46856 
29680 33629 
38518 47458 
10681 32899 
4953 40101 
24667 32029 
42006 49486 
11918 23634 
38097 47445 
27503 33011 
45861 48293 
14555 33532 
49546 49625 
29204 34746 
20380 42388 
24972 36571 
23883 41999 
23846 25932 
42995 44214 
5855 30570 
30131 37301 
43049 46376 
12922 20819 
32968 33442 
33761 36922 
8520 25169 
25225 35624 
18952 33155 
42811 43154 
1338 4827 
18552 30818 
27418 38650 
23635 33311 
47237 48674 
44462 45675 
23661 49224 
3703 47421 
38305 47159 
33339 48863 
19217 23424 
5605 44345 
25913 49396 
29176 42960 
49161 49388 
46926 49253 
41791 46130 
866 43057 
25288 25312 
14920 19656 
11286 31416 
25934 46051 
10710 29150 
3904 36328 
42403 49957 
8175 43136 
36733 39757 
33625 38277 
30346 30816 
35948 48934 
6487 44166 
41056 43836 
18463 31884 
38777 39722 
48897 49253 
25457 30499 
4709 15031 
28457 37530 
47617 49093 
35889 38519 
3048 19356 
35418 49405 
37315 49422 
8165 37713 
12873 14122 
25399 48478 
20049 43897 
21726 35263 
16009 48025 
33947 48768 
7949 38477 
47459 47888 
1476 47447 
14245 43245 
42731 44772 
10673 30163 
47869 49967 
13022 37354 
47481 48824 
27049 47392 
37627 42849 
29181 30210 
35859 43609 
4320 28198 
20079 27392 
48925 49305 
32272 43683 
44324 48694 
20081 36375 
23408 41046 
29591 35239 
4487 32591 
43692 45909 
43562 49873 
3585 37510 
32019 45923 
14467 27979 
28029 28156 
34739 36202 
25655 26971 
4182 35296 
41143 47765 
2724 47850 
39255 47845 
19250 31092 
6623 42814 
21284 27400 
36402 43153 
29969 39121 
38951 40087 
42823 47335 
31442 40955 
44974 48631 
617 15168 
556 48215 
25291 31298 
6845 40996 
8195 38889 
7878 18857 
31404 38176 
34278 48521 
17690 41774 
37006 44419 
27907 29739 
1354 39972 
30115 44221 
35991 46643 
6372 35614 
25883 49083 
6 35790 
24978 37702 
5469 42567 
28093 30712 
23696 28405 
25015 45258 
38056 47125 
25429 29483 
9361 49922 
30777 38836 
33457 47012 
13753 18962 
41341 47505 
46742 49251 
6628 14075 
4962 46193 
33213 49596 
48741 49218 
22279 32265 
12531 23299 
41432 47986 
9266 10090 
39825 42133 
24838 43777 
29617 44529 
40104 43182 
48465 49269 
46636 49313 
5951 33508 
26871 43317 
27375 48822 
34479 49760 
33394 44956 
21468 36869 
27950 35365 
29349 42254 
12249 19429 
12684 43345 
30144 39190 
34705 37412 
19444 20817 
619 10947 
31362 36630 
48216 48543 
8631 30012 
34187 43678 
36378 39306 
46689 48789 
17779 45616 
15948 18014 
38573 38898 
48799 49259 
26508 40459 
24498 31406 
35519 36854 
16647 41970 
44834 45158 
15572 26530 
22118 46491 
40812 44380 
17732 42808 
39359 49682 
17900 24544 
5342 39667 
5220 25820 
15050 38585 
2056 16006 
23215 45271 
21609 28937 
5531 23290 
7338 17840 
45109 45201 
48937 49701 
20783 31026 
26355 30527 
26390 33168 
40290 47391 
15804 31593 
26457 29569 
32415 44893 
6677 20215 
47877 48590 
38269 48397 
22901 29132 
31821 48227 
27815 33976 
383 8859 
40556 44195 
30697 36930 
25919 41320 
48191 49251 
16006 21605 
46423 49883 
40417 47077 
22523 46061 
23095 46173 
49481 49774 
40215 42702 
15437 34862 
17149 43162 
49147 49344 
11439 33562 
13595 15481 
7712 33770 
14289 33125 
47655 49899 
29260 39244 
45214 46938 
18165 42614 
35102 42125 
49157 49359 
25396 37233 
9806 33019 
43841 44329 
11540 27739 
7217 30084 
27168 37469 
49789 49955 
28282 45010 
31476 45404 
49343 49951 
14069 32544 
6242 24752 
5276 49237 
30235 49335 
4766 42311 
25622 29211 
24760 25538 
16367 47480 
29880 39291 
2993 49858 
37420 40520 
31489 35308 
35225 47761 
11552 30415 
31592 34121 
47736 49488 
81 36772 
6354 13553 
8987 36596 
5658 46567 
45696 48297 
18798 23502 
36483 45835 
16815 33515 
24490 30441 
44 31538 
20540 37576 
40561 49607 
48397 49552 
37766 49843 
580 43225 
30481 30715 
37469 43540 
30243 34220 
31340 41307 
6365 31443 
22673 37243 
4037 24270 
811 17728 
49542 49958 
4533 38156 
29015 44344 
24515 31961 
44765 49109 
28593 35588 
28139 36178 
34657 37829 
29685 37948 
5627 17429 
27005 45227 
25883 36766 
20033 33836 
17903 49411 
9791 25367 
46170 49524 
20580 35167 
6546 42322 
45546 49283 
22295 23990 
339 41377 
15764 25831 
26538 26926 
2299 21351 
18078 37934 
37048 42623 
20362 36772 
2820 38338 
5508 43969 
26321 47468 
10734 26354 
18621 44233 
25384 41081 
41571 43490 
45420 48378 
16615 22325 
12474 38027 
45058 49352 
47506 47634 
47876 49026 
34706 44241 
37309 48266 
32709 33366 
31247 48537 
21445 33967 
42360 49984 
9662 18777 
18330 37816 
19331 40299 
35879 48035 
44558 49991 
16854 35730 
22220 40110 
17825 32826 
24835 24970 
9048 22342 
23251 25511 
29009 31224 
21977 32858 
41938 43024 
8336 21307 
4238 45758 
8594 26927 
16552 39323 
15107 46054 
16560 47646 
18419 23996 
8853 45267 
5317 38517 
25637 32335 
8865 32659 
3854 21081 
28723 49658 
1288 40976 
1970 46035 
49015 49162 
41656 48001 
13924 15407 
20395 33084 
18122 23588 
3713 13319 
10374 30509 
22416 23042 
33059 46532 
32341 41113 
41659 48296 
40370 48222 
29186 46253 
46410 49128 
26324 49899 
44941 46002 
26470 42054 
34944 48908 
22562 22988 
44262 45874 
967 25326 
18662 48313 
47840 48221 
47255 47944 
37842 40142 
40154 43933 
8156 13977 
28585 42260 
16707 31161 
12045 47658 
14715 27997 
10771 22433 
35987 40935 
8068 49119 
12590 15680 
19602 42111 
29631 34223 
47527 49704 
42896 48673 
46324 48516 
27883 45000 
21956 25716 
31691 47409 
2466 10866 
36779 38151 
32972 43442 
26325 34011 
24106 49655 
13026 42323 
43834 44129 
28556 41551 
38308 41059 
1941 44058 
14201 23342 
25348 41861 
19 18302 
5886 11998 
28111 33510 
5734 14919 
4993 26803 
10915 27978 
1225 41380 
8056 20456 
15740 40562 
42621 49065 
4408 41106 
38824 47559 
28640 29994 
88 33063 
390 39594 
40511 43535 
7262 25345 
46616 49205 
41316 44701 
13850 28369 
39233 47633 
39781 45255 
48525 49448 
18951 44468 
16808 26967 
28943 34110 
45076 45507 
48782 49337 
20778 34052 
3510 5458 
14045 24159 
48446 49020 
5332 38009 
24709 29181 
38537 46943 
9366 30860 
3739 47182 
37257 44743 
16022 16093 
24262 47709 
9580 47213 
2428 28850 
49281 49757 
44060 49175 
27741 44193 
5861 26090 
36580 41221 
15717 42615 
3524 44369 
38337 43531 
34621 37471 
49452 49454 
34110 40292 
15048 48990 
31155 33240 
47303 49982 
46535 49362 
25468 41794 
30943 40585 
46740 49364 
42577 43747 
28318 29349 
38765 40578 
4975 9284 
21434 24754 
13277 19988 
14288 45035 
34233 38424 
45775 49435 
30236 44877 
43560 47902 
48998 49561 
38415 44584 
17769 47909 
10829 18455 
42453 42986 
43706 47138 
24041 33913 
2618 49146 
36248 46304 
10069 16032 
14299 27457 
8150 9712 
44566 47327 
340 12329 
28875 46978 
39591 40769 
30577 46151 
34334 40005 
42320 48248 
29921 34489 
41958 44405 
37575 48087 
41586 44503 
36181 43581 
13975 20622 
16399 26707 
32868 38893 
14849 38437 
28835 41938 
47534 47821 
14419 46063 
1033 12400 
42716 43968 
45271 48549 
47605 48972 
8218 19559 
18440 19605 
743 49307 
31375 37065 
23215 33308 
3914 32540 
20100 28778 
29816 31429 
5997 17712 
1200 45579 
22510 45516 
49912 49925 
47087 48340 
30087 45481 
9990 10063 
4748 49226 
1284 21426 
29168 40158 
48640 49458 
45449 47932 
49236 49501 
47081 48414 
20728 38830 
24586 33060 
43854 46023 
6233 30685 
32693 43358 
25792 30942 
43256 43269 
40648 43261 
8163 36143 
12637 13305 
32176 41836 
48670 49107 
21455 48200 
47778 49031 
30910 48310 
33278 38083 
6524 17726 
22049 47925 
1647 24811 
25986 39983 
13887 32831 
22989 42927 
22098 28063 
20777 45644 
22190 23712 
26440 42977 
33702 40355 
15512 37297 
36559 48231 
25630 46243 
2701 30230 
28807 44027 
33659 42490 
15671 48480 
12030 25500 
33069 46126 
8514 23024 
16152 34972 
2304 21809 
4672 39130 
43005 45127 
29169 45670 
33109 48982 
40629 41297 
21882 42581 
9682 25983 
34600 49320 
6544 21646 
16420 40165 
17247 42371 
15285 40214 
7574 39107 
16543 24467 
28983 44502 
43971 46462 
7995 41174 
10507 47018 
10331 28232 
14233 23354 
44768 45384 
47905 49326 
49060 49524 
25198 34168 
49424 49427 
37059 40004 
42981 45032 
1213 38269 
14461 37288 
37937 49739 
22280 45456 
24116 46120 
31401 37755 
20096 35972 
36475 44243 
16884 43844 
46940 47528 
40233 48713 
993 40930 
25181 43903 
24875 49133 
42971 44751 
42896 48974 
7451 40831 
5703 20511 
30429 49397 
14813 23294 
30874 38508 
3149 43493 
44344 44829 
28733 40281 
16071 16251 
48054 48885 
15026 33646 
1724 27831 
29727 43730 
22127 26896 
40889 49763 
31291 32910 
46370 47931 
25564 44010 
42166 42881 
14280 16887 
6632 37272 
49599 49934 
43425 46040 
42156 42975 
24665 42985 
35012 49039 
39302 44441 
5673 37326 
6596 12088 
10941 44633 
23974 37229 
40532 49423 
999 36025 
38067 47248 
23811 33492 
29910 44313 
24930 44468 
37179 37543 
18662 19637 
34301 41715 
12074 33894 
44155 46281 
37649 46962 
41510 48646 
27725 30455 
31706 34390 
3222 16609 
41899 43788 
21889 44283 
16466 17801 
11630 37167 
2788 23860 
20101 31038 
47521 48109 
11414 46485 
28792 40803 
8566 49734 
44665 48486 
18092 22178 
29584 37423 
43615 49520 
48231 49419 
16667 48141 
34330 45063 
42009 45176 
26908 49003 
33036 47734 
21447 30624 
42418 46273 
7378 25373 
10092 12175 
48776 49607 
43452 44880 
13704 31227 
4586 22349 
4835 44339 
10749 49489 
13567 22856 
48187 49405 
14905 20076 
4105 34797 
20345 32609 
4739 41124 
44301 46323 
6826 7725 
17622 35015 
17461 31914 
26304 41667 
43892 46599 
10194 26608 
24691 27263 
30644 38509 
35759 42696 
10109 23607 
32990 49679 
45145 48356 
8561 38766 
29576 29723 
17136 40209 
32451 46709 
41445 44785 
3452 7950 
3709 48380 
16749 24818 
40664 49659 
41921 48127 
16682 32368 
31315 39118 
21972 43550 
11479 20368 
463 20063 
23620 29864 
16116 46448 
43208 44819 
27970 36019 
23424 43771 
24317 40561 
49080 49719 
36220 38886 
4543 42815 
23391 24334 
18928 37352 
20941 39856 
20518 23377 
26819 49296 
27492 30410 
7507 19230 
11332 42774 
40378 42237 
42817 47224 
33359 40698 
8527 47999 
5107 25376 
38262 49916 
20315 48574 
7790 40661 
38605 47614 
19362 22849 
48427 49865 
47344 47972 
14341 27382 
28900 40914 
32315 44321 
4249 32180 
29222 36642 
13265 44884 
6681 33233 
42585 44966 
30612 48099 
21416 21771 
22025 43667 
3906 19214 
6204 30749 
5542 48317 
19985 27440 
3075 10325 
9877 42938 
19659 32948 
18416 21880 
48118 48263 
17181 28203 
37959 38132 
13218 35117 
28765 40802 
9758 40496 
36244 37556 
23344 32303 
42041 43253 
5231 10928 
12397 36759 
15478 37294 
45920 46123 
18199 27155 
15107 25093 
5654 46235 
24669 39951 
27115 27123 
36158 36627 
41087 48638 
6419 13884 
18173 30746 
28054 29696 
15246 43282 
16561 32221 
17504 22364 
14977 40535 
23332 39780 
11974 24356 
22214 48821 
40182 45699 
28741 30639 
12429 45140 
21081 21659 
5885 33550 
24943 31032 
46216 49339 
4160 36395 
17543 48127 
39387 42181 
22921 39726 
29401 45663 
24410 29018 
7704 19461 
40923 45087 
12534 30637 
15026 49672 
1261 22885 
43351 46407 
19532 30340 
38360 45952 
32703 44454 
2109 15819 
4473 48663 
8477 20379 
43431 46651 
38614 41187 
2234 45903 
44148 44663 
5349 8564 
45112 49362 
29219 42205 
43477 47438 
14484 39057 
33622 39248 
13458 31163 
40142 48063 
17524 49864 
27083 35619 
29138 32005 
39266 48144 
37884 49681 
22517 28614 
44596 48706 
9878 24648 
21462 35264 
44043 47701 
18822 36489 
3961 46931 
45019 48576 
18640 22268 
41896 43508 
20829 43445 
33388 35462 
30398 34187 
27255 32330 
40424 46049 
25818 36501 
33096 35749 
23155 25571 
11366 45843 
33969 49803 
28665 44335 
29307 41062 
20277 41697 
27246 46191 
3603 25880 
6610 45628 
19106 37219 
45395 46098 
45128 48144 
2630 20213 
17145 43678 
11244 40269 
45762 47224 
3943 10115 
27997 49037 
15224 42623 
29272 41724 
25120 39164 
19935 25833 
12053 43856 
43604 47466 
46121 48068 
21575 46342 
36289 36550 
29470 46414 
2267 25117 
35283 37747 
6329 8211 
34007 48351 
35289 39910 
8630 16117 
12020 23049 
39011 40817 
40251 41805 
3454 17010 
32070 48516 
28795 43902 
37106 49547 
29452 31687 
28323 48144 
27849 29690 
13236 25706 
18127 27931 
44311 45707 
35504 43520 
31698 44209 
39247 45004 
10981 39462 
11907 17421 
13201 20096 
300 46584 
2012 3478 
3086 45963 
42096 49231 
21545 26732 
15424 20858 
38905 43298 
21604 26700 
4169 32849 
28090 37758 
39172 41630 
4971 45098 
29404 32054 
35964 43870 
12714 24697 
34052 49420 
25795 40540 
33109 47788 
27929 32691 
6266 39450 
34726 44083 
26896 49962 
20317 23214 
35589 35947 
19432 40002 
7843 17491 
4281 19352 
3459 29831 
20976 42922 
26495 34334 
37777 38636 
22530 35187 
3940 17146 
16362 48302 
10340 39474 
17945 24083 
3059 4775 
23047 42956 
40240 47038 
23136 31082 
19999 26341 
2054 2102 
2240 31972 
5238 30275 
24670 38546 
36455 43382 
30091 47886 
13174 21010 
11394 30269 
32523 37978 
29006 35384 
6080 12933 
43490 46023 
36660 49152 
16760 31720 
34137 34927 
45618 49300 
4589 46635 
10589 17982 
36084 47178 
18101 23723 
31440 33165 
5906 29763 
11002 31857 
32529 35434 
16731 37705 
13718 33681 
37248 41234 
8314 44719 
12364 23446 
10437 20757 
8402 43416 
9759 31684 
40485 44660 
23304 47343 
32117 37575 
8728 41102 
9905 41196 
41324 48556 
2409 16339 
39264 47682 
8132 33379 
35521 41205 
14420 39190 
45766 49184 
1014 40955 
11448 42436 
29532 36128 
36716 38082 
40028 43031 
18221 45567 
43260 43454 
47560 49636 
47212 49710 
24743 42258 
48720 48771 
27426 31017 
16363 47716 
37758 44960 
13909 39378 
38723 47095 
47441 48178 
33241 44514 
40190 45880 
37014 44869 
11772 25863 
12848 13582 
16860 30783 
32906 41025 
11406 30046 
41216 42328 
29285 31240 
22828 49584 
36118 39353 
33546 38619 
1645 2655 
48289 48968 
36901 46155 
35818 37375 
33387 39832 
14346 33999 
11990 23942 
44572 49541 
11355 24222 
37078 41344 
3401 12530 
41297 41503 
9436 27841 
35120 37686 
22026 45101 
42089 48660 
21861 49449 
11111 30491 
3322 24477 
478 2882 
48389 48545 
5455 38222 
10211 39086 
38939 46042 
37185 38144 
17727 33345 
35362 42682 
32198 36583 
14682 35161 
49480 49589 
23825 44736 
35497 42779 
40909 47551 
36533 39994 
6141 8485 
45057 48471 
25693 39950 
42054 46009 
45561 49226 
2691 22242 
25696 48014 
1796 38244 
39552 46547 
32019 32967 
8144 23806 
12481 28175 
37526 39450 
45769 49649 
18440 38017 
36125 38777 
10967 44670 
18918 34564 
45551 47611 
16019 33295 
45051 47222 
14334 27436 
31172 35202 
16965 39673 
42933 48913 
30246 45611 
4622 43037 
13273 30388 
29637 44941 
46835 47981 
33412 48566 
25517 28200 
11790 49865 
40394 49200 
33280 35875 
31650 39229 
28036 47229 
49689 49706 
13941 22432 
5310 7176 
15814 16335 
47335 47649 
6860 34376 
30532 48769 
29259 33895 
12883 38045 
3960 30941 
34296 35332 
46639 47188 
14176 38153 
35871 45908 
38190 46676 
27436 29572 
32789 37970 
39447 46917 
27319 31317 
28436 31771 
26664 36143 
17081 30035 
5699 49722 
39457 42032 
26953 48774 
6246 7298 
15919 41933 
5793 30489 
7270 12361 
12055 27077 
46504 48590 
44162 44815 
47119 48815 
6464 24437 
7742 43258 
4004 21851 
43329 46094 
26590 48708 
23887 44531 
27744 29527 
10132 11681 
46367 47668 
7717 35803 
16301 19604 
46689 47138 
42312 44287 
9511 39062 
43715 44585 
36231 47597 
11844 20449 
34337 49516 
41009 46600 
12052 48895 
48389 49661 
1555 42340 
38805 48098 
17717 33380 
48594 49658 
47048 48624 
8336 10807 
49491 49624 
22715 39579 
25046 42434 
22618 49950 
40293 40901 
46903 49573 
15083 23448 
43071 45692 
33826 37163 
20350 33606 
2003 42720 
25726 40367 
20698 29116 
14095 29671 
981 32076 
37665 47939 
10728 36812 
2599 43841 
8765 17715 
40695 44083 
12787 39246 
44160 48990 
40281 41104 
7174 41109 
44098 46830 
24301 32525 
39643 42648 
5755 48579 
37205 39527 
8304 20752 
17048 34923 
14744 28064 
47287 48647 
3545 24996 
28819 36759 
40839 41612 
1686 45161 
13228 26666 
44486 46835 
41079 45193 
25842 44108 
48385 49732 
4692 21479 
10895 18093 
41275 47659 
3574 9492 
33455 45153 
2332 6637 
26778 40282 
38135 41118 
48189 48376 
4290 22231 
29439 35565 
812 24850 
45444 47580 
19319 47179 
38486 47918 
44660 47688 
35845 38134 
2037 4363 
28905 46219 
32255 37717 
9139 38114 
46530 49736 
17421 26159 
3358 45517 
26308 28390 
561 35732 
9079 42732 
38199 45825 
46799 47695 
14466 34193 
37928 44914 
26032 36060 
12195 21238 
21477 36010 
638 32719 
37861 43863 
4924 43748 
4412 38532 
28576 36628 
10537 16854 
46986 48831 
10415 15128 
41466 49011 
47520 48244 
24323 45249 
37129 37719 
2075 6043 
20253 31489 
23798 45137 
44335 48321 
18849 33349 
20561 40919 
39098 45806 
6048 25513 
16617 19716 
24672 40030 
13079 41872 
42160 43070 
2620 37444 
21488 33215 
49005 49239 
9785 16659 
8039 34237 
16885 46370 
42559 43566 
30979 35379 
19450 48355 
15005 35829 
46759 49934 
5797 26378 
21561 37380 
45524 46797 
10519 22422 
2411 48773 
13627 47154 
15059 39030 
34366 49493 
6978 21745 
7000 41948 
26534 37722 
5097 6419 
5065 43022 
28900 33173 
35247 40932 
28244 47747 
27502 46890 
38838 44231 
22290 26362 
34690 44086 
44442 49273 
5494 9042 
16506 27091 
34746 45737 
47229 48704 
6658 41504 
17943 46631 
26171 38445 
40141 46204 
46198 47175 
33401 46703 
14446 20733 
40119 45796 
28933 36462 
12891 41059 
42901 48959 
26651 29031 
663 32433 
41527 43824 
35660 43561 
17553 40940 
23080 35233 
24271 28913 
42236 44246 
8850 18509 
7949 26416 
1789 25290 
33394 41665 
23567 37274 
45719 46819 
17379 47650 
30146 37116 
15403 22161 
43346 44659 
43280 45895 
17476 39753 
40804 45881 
4072 35484 
684 1426 
18878 25338 
10740 45058 
44934 46964 
122 171 
3322 30607 
43247 49465 
48869 49464 
49138 49444 
10568 23358 
49553 49866 
10405 17687 
30477 47494 
11718 32158 
43138 44908 
23239 49684 
758 5230 
32848 38873 
3525 11285 
27625 35994 
32012 40526 
22624 43027 
24509 42410 
42702 44926 
14237 32681 
25837 37709 
14939 19023 
45252 46081 
47268 48215 
29454 39621 
8397 44057 
42676 43511 
49641 49859 
33959 45787 
30453 39757 
2996 38554 
35139 49672 
26565 43219 
41660 49488 
22218 45785 
36538 41881 
34763 37760 
38426 46124 
14308 49900 
37437 45834 
31555 34756 
6080 27325 
28498 30057 
37190 40167 
12711 23068 
10133 39097 
9214 20293 
965 15423 
27297 47464 
23343 33395 
30968 42535 
23269 44157 
1788 2628 
15775 18885 
24311 39200 
964 25296 
43699 45734 
14473 41366 
22617 37330 
24040 44721 
6647 42325 
26444 27751 
9752 31357 
12515 32840 
26775 37664 
43781 45279 
7464 8078 
17667 45867 
22789 23296 
20454 39870 
39636 47625 
10559 48067 
13058 20219 
44475 45629 
30528 35917 
37174 42002 
9714 48866 
13879 25704 
8771 41710 
45615 49977 
25866 32899 
26564 32393 
12989 22241 
4064 12007 
12661 29215 
9777 35851 
44960 49378 
11871 48041 
34196 39199 
47944 48631 
9686 42244 
17560 46869 
9736 30300 
15540 19534 
7699 42594 
49814 49973 
45773 47185 
7547 44698 
41500 48011 
24396 40311 
30691 39566 
6068 14296 
11187 27754 
39070 43352 
32894 39963 
14920 47335 
16111 26700 
16338 17167 
38422 49260 
45499 47254 
8531 21385 
6128 48470 
4122 39567 
25284 45263 
23961 28308 
33113 48811 
28849 47851 
8780 16983 
3034 19753 
20120 25332 
16279 27171 
38073 49298 
8894 25675 
43406 46071 
24325 39435 
8345 22502 
23980 25773 
47289 48832 
32977 43524 
22944 43679 
35810 35873 
22751 24243 
30425 43112 
28961 30379 
9287 48877 
20509 31073 
5487 9619 
44416 46335 
27350 37623 
4597 45680 
23738 34058 
3282 36995 
11751 30140 
6983 40853 
33663 49930 
36095 47522 
261 23000 
1427 42072 
199 25023 
38514 44462 
10367 24241 
27863 29818 
8778 47106 
6917 21563 
35992 47358 
33954 48307 
30123 46275 
14190 21125 
15354 38940 
1259 39906 
16581 35075 
37540 45392 
17919 25214 
42193 43246 
22137 42017 
43884 45828 
49704 49831 
85 20773 
20051 42504 
33152 49307 
15777 34606 
3844 27122 
23467 46697 
15591 23740 
28439 48386 
40793 42097 
39634 46282 
4230 19042 
14429 34861 
45899 47070 
23833 31410 
48562 49338 
40940 47604 
17208 33403 
22561 42490 
10852 11678 
21511 30181 
7341 32252 
35194 38344 
46654 47704 
40961 45536 
40158 40972 
3593 24739 
24085 43752 
44146 45294 
29454 36574 
5191 45562 
40261 41047 
22304 41403 
13855 46448 
15044 41102 
26042 47503 
1311 22765 
6651 42429 
44508 44820 
47655 49778 
25254 40227 
21134 36291 
2344 44830 
32972 45054 
16156 40275 
43037 48630 
9520 45068 
23274 46234 
28857 42738 
7148 49898 
23203 27727 
434 24868 
21822 33012 
28461 29655 
22123 29160 
26475 47871 
47484 49540 
14953 42180 
13409 30387 
45044 48362 
36078 48726 
1652 48236 
41919 49519 
5747 41722 
34220 36325 
36354 38646 
44640 46961 
2563 25563 
24309 30104 
13323 45457 
25950 48096 
30476 41629 
19433 36834 
9982 14523 
18715 23310 
16307 45426 
15846 23830 
47998 48421 
7825 12706 
30879 36159 
15573 23378 
13767 34575 
24801 44566 
11666 44909 
32386 46525 
3126 26102 
15936 45300 
18821 25412 
48743 49942 
30719 38949 
271 23833 
26234 44275 
17141 41557 
10461 15020 
7261 40373 
38895 48061 
29684 40248 
34392 37696 
4068 25442 
35389 41584 
13743 21650 
16885 32324 
8209 39051 
48517 49807 
49910 49910 
47436 48601 
22283 32836 
10050 26047 
47333 48234 
29049 47494 
18820 28641 
8303 42683 
48570 49776 
13761 28718 
40672 48379 
2492 19554 
4258 32345 
9999 10577 
9135 15612 
48811 49520 
3950 21778 
20963 44434 
1307 33747 
41065 47734 
10912 11655 
43269 44940 
48886 49548 
45845 48740 
16305 40694 
34746 47155 
5885 11652 
5287 48278 
42046 49306 
25504 49048 
33919 45728 
48390 48652 
36492 47884 
14525 24279 
40070 44381 
7841 32306 
30122 43672 
18247 23553 
22259 42704 
43727 49451 
27831 35950 
32651 45677 
29711 49198 
45315 45768 
20629 46132 
28439 39089 
37113 38501 
37 20804 
19763 21848 
9444 39885 
40515 48197 
8252 19545 
6492 16292 
43369 45601 
46441 48727 
36507 44538 
34790 49674 
34766 45393 
21358 48786 
13171 32812 
24190 31524 
17011 34429 
22538 45756 
23458 39376 
19349 26005 
5437 6425 
20661 30905 
12273 44260 
34103 37567 
26170 36605 
24293 33403 
46248 47715 
13830 24954 
816 12731 
45588 49550 
21719 36132 
19839 20363 
15777 45320 
26938 48598 
6416 24161 
6734 10586 
47078 48970 
11588 41396 
32245 43799 
43445 45109 
26365 37001 
19247 40868 
6213 6525 
48072 49584 
39519 43767 
43822 44927 
22437 40090 
4458 13290 
25811 46478 
28364 39112 
39694 44646 
7303 11190 
26354 28222 
36190 36676 
13630 17805 
36493 42427 
33270 38722 
20747 38383 
19110 45673 
17217 20004 
38207 42060 
31747 44603 
49171 49771 
11804 19178 
10483 46491 
42707 48807 
16773 29322 
23964 43300 
48946 49538 
1953 16974 
41647 44094 
5526 47148 
36583 41995 
5323 48444 
42549 44133 
1559 43441 
4062 38506 
8549 19991 
38091 46722 
48870 48946 
16465 41804 
7718 44897 
19916 34802 
37796 43556 
380 44101 
7874 44000 
28021 43418 
33845 49598 
27933 46039 
14785 38634 
2535 19490 
47780 47950 
17939 36927 
40785 47016 
3498 11029 
11360 43588 
27418 33517 
11902 21076 
18748 45962 
10120 34810 
5653 35656 
12930 39773 
39019 40749 
24435 34774 
16937 48408 
18304 41163 
35918 36012 
8028 26829 
46432 48549 
15349 30064 
47031 48241 
12774 20687 
1642 14721 
30961 48309 
24709 25852 
23042 38794 
44085 45847 
32521 44936 
35235 46804 
32963 46576 
7954 46506 
33104 39160 
27472 47213 
17104 36959 
10934 29750 
41437 48975 
19885 48916 
16394 22723 
17067 40570 
37628 39550 
36287 41157 
32320 34301 
19224 47488 
20458 43660 
48964 49625 
26821 40523 
26061 28882 
31625 32720 
29791 43589 
18807 42816 
32102 36529 
2599 22018 
49950 49975 
25819 30959 
14453 30950 
43512 48770 
32830 35824 
25026 43504 
28630 40385 
5882 47907 
18980 47575 
25870 40258 
27225 48358 
19651 38638 
8980 40608 
7913 18515 
9440 15062 
7202 14527 
49474 49882 
11859 40368 
15931 17457 
20317 38133 
24419 42660 
17479 35294 
40645 44611 
3229 22005 
43202 44796 
47731 48173 
32270 46351 
38597 43600 
39764 44375 
873 18674 
7356 11987 
37638 39210 
33265 39700 
8525 26677 
254 23276 
5878 9179 
14629 19794 
11139 30617 
17851 35619 
11691 32775 
30035 39241 
39811 46636 
32272 39658 
28805 46835 
44053 45792 
28145 33403 
34193 47180 
17814 40522 
45576 47040 
12617 29869 
31270 35343 
34296 41886 
15652 21950 
18812 27030 
32236 32265 
44226 45271 
11636 12108 
35631 46240 
28899 43799 
49776 49976 
30209 46518 
36489 42551 
18328 21824 
20845 25468 
35429 43166 
45682 47003 
10324 43029 
28154 47524 
32123 47130 
35326 38557 
37740 46186 
7205 38538 
35997 48716 
2967 34955 
1556 7487 
2548 47310 
34011 37404 
41166 43440 
1647 19476 
22093 39272 
29515 41386 
17681 19668 
41204 48470 
18242 29602 
25351 45608 
30434 47020 
49050 49727 
47855 49754 
29865 34577 
17725 19373 
40751 47935 
35759 49378 
2121 3249 
18256 26259 
12177 39529 
44309 44956 
23557 39030 
5602 6453 
4666 11711 
29434 32946 
7366 30662 
27850 30861 
14154 14999 
4550 4817 
7502 31758 
18820 43817 
10196 22089 
38575 41658 
40127 48841 
25091 31451 
6760 35938 
28045 34068 
30903 45212 
22796 49320 
4329 7514 
48647 48807 
25850 26386 
6364 7576 
16019 31994 
29173 49406 
28510 44117 
16918 19685 
29500 42124 
17097 33202 
1923 42932 
1585 4870 
39322 43927 
46688 46843 
17104 46804 
9834 40905 
13341 42322 
36657 37824 
45178 48603 
11606 31203 
33609 41342 
30420 43972 
15906 38262 
14942 29926 
33952 48401 
3423 45394 
34223 35402 
36537 37896 
34356 46813 
24167 24990 
25686 45642 
30477 49875 
26845 30794 
10458 44012 
48397 48847 
46313 49460 
11336 40294 
30855 49885 
18398 47329 
27286 27656 
6405 22513 
2433 2523 
18782 46381 
37830 41683 
33859 48843 
32458 43721 
10384 39616 
20330 28870 
24318 46894 
1618 46263 
18564 32575 
18431 49490 
26130 42124 
19400 28182 
37456 48863 
49732 49944 
8366 23520 
26350 35535 
27198 32776 
10355 33831 
14844 49703 
49078 49365 
22948 30306 
18200 47223 
8948 28753 
40531 49710 
29091 44565 
6153 23229 
15015 21538 
2314 21445 
30408 45793 
5269 7707 
5271 22979 
46849 47595 
46380 46404 
15379 38638 
14267 40322 
17627 37040 
40991 46750 
25477 37486 
27966 37581 
14364 20821 
29431 39560 
37098 38333 
2370 16570 
10718 37194 
27020 32583 
22227 45711 
331 48853 
41497 43015 
32285 44265 
16944 19999 
1486 23081 
18049 40619 
44538 48703 
49377 49438 
29195 36497 
42972 46729 
45035 49305 
29985 33455 
40484 45474 
36315 47709 
46900 49113 
44176 47240 
28787 48605 
36041 46218 
23629 30967 
46701 49700 
2926 26426 
21612 26450 
38117 47315 
5296 43189 
33893 48735 
47955 48632 
16914 43000 
17103 26470 
24197 25985 
16465 34195 
38580 41631 
35452 47158 
43490 49730 
24792 47540 
35847 46141 
29138 29593 
35942 38571 
49935 49978 
28584 31031 
4567 38119 
7430 23117 
39134 40521 
3117 4063 
31708 32229 
3142 33472 
23785 28837 
13146 29039 
43827 46086 
37727 49897 
7837 18616 
45413 46034 
43025 44138 
48798 49526 
20728 44703 
5218 45343 
6385 15654 
33960 42793 
33780 37927 
10506 14264 
31260 33392 
38726 44670 
6346 47891 
48178 49763 
14066 19794 
37555 41551 
38901 39440 
17904 33609 
30149 45819 
4532 34546 
36984 37588 
18190 47779 
15527 19408 
46812 49358 
6669 47393 
43560 48688 
18051 44987 
13107 36612 
34698 42028 
9389 37732 
13100 45336 
27507 34360 
10694 37662 
10592 47336 
31228 49362 
1628 9359 
34971 43177 
34820 36752 
4963 23837 
49046 49827 
37531 44296 
31031 31426 
9161 39281 
9526 21132 
35728 40897 
7556 16400 
46333 49144 
26805 38325 
13443 35002 
41433 41839 
21184 23684 
29932 39380 
44617 46485 
17914 30501 
1703 45166 
36302 48853 
11731 30347 
34922 48848 
49415 49677 
2776 14436 
8853 14217 
83 272 
35700 42844 
37972 42454 
42824 43512 
20551 27688 
35102 43261 
45056 45925 
19220 45148 
2806 10253 
38462 49724 
45658 47414 
24213 49146 
33163 40531 
38890 41889 
28786 44037 
21125 21220 
29555 30455 
28082 41060 
45000 45952 
45815 46876 
18456 32460 
45016 49688 
37641 42714 
29129 38175 
31007 45009 
46568 47971 
34270 38428 
25183 42213 
6539 47875 
10211 37398 
46309 47536 
15474 31673 
23507 30947 
46194 48655 
39485 41685 
23004 41853 
13847 47123 
21943 29535 
6615 16763 
36395 41782 
6443 14109 
25948 36862 
21851 23716 
46940 49202 
25265 35980 
5223 17376 
45911 48283 
11916 20001 
8259 46365 
18189 36831 
49867 49956 
40920 44381 
30977 46228 
46828 47168 
43723 47894 
25414 48447 
42785 43660 
38161 44872 
1718 27746 
38491 45831 
46138 48536 
5559 13662 
26297 27231 
25374 32104 
35505 40071 
10172 25247 
43052 43613 
20293 32963 
28075 40004 
24413 45284 
14985 18732 
38534 44505 
5154 43222 
10660 40330 
5876 39245 
18671 20150 
43950 44866 
42494 45977 
38704 39356 
1210 36080 
28802 31854 
9394 42484 
16056 34029 
43220 44867 
34820 44413 
47316 49344 
1892 41318 
9582 42112 
12792 43698 
40688 42083 
42876 43910 
44889 48934 
1598 4547 
42609 49313 
48009 48782 
18384 38379 
28706 43592 
28362 32599 
4773 15979 
6119 30814 
8718 19442 
11183 28579 
28004 40273 
12075 17928 
5773 31783 
42329 44879 
49172 49496 
1769 29865 
34755 35441 
18908 26341 
1318 5708 
19271 48168 
44574 48219 
12072 33700 
48286 49213 
6254 13052 
21341 32812 
10477 33742 
18110 33337 
26222 40067 
7558 41435 
2090 18786 
43137 43461 
30087 39376 
34041 41562 
29937 41528 
16935 33741 
1989 13757 
37215 37737 
28010 40299 
4109 48092 
48163 48524 
25807 44696 
25617 34545 
515 27548 
37244 39579 
45886 49248 
29526 37096 
7887 49197 
22762 27011 
30425 30501 
9610 19619 
36060 42374 
25637 31563 
33279 49559 
5382 41273 
5825 45210 
846 26305 
14785 41833 
26908 39514 
21854 23796 
46921 48266 
4828 7334 
14263 25193 
7219 9656 
41135 46927 
13217 15795 
14101 47949 
5663 16969 
32147 46205 
34965 49236 
29289 46575 
19696 35939 
20096 42177 
26087 38184 
32974 37284 
986 27660 
15778 43981 
45944 47559 
18318 23239 
34458 47425 
37998 39765 
20983 39318 
28200 44159 
22057 28290 
34491 39158 
34306 38692 
33079 39323 
40052 41411 
12972 17462 
44404 47873 
22701 45625 
11986 21824 
1261 44535 
11760 21004 
40792 40883 
28768 36170 
7571 14994 
42617 43781 
21810 43359 
9207 15578 
42667 48103 
30279 34947 
9188 29141 
26107 34463 
24489 34700 
46611 47310 
7069 14773 
3735 43642 
728 25400 
9085 26718 
8037 22735 
42141 43986 
7338 45185 
21049 24303 
6294 23535 
39266 49368 
12893 49589 
36932 41629 
10847 35954 
29780 42815 
37843 46186 
34714 48301 
33907 49630 
24163 45316 
13093 32662 
831 28635 
22492 47802 
8323 18938 
13209 45350 
17521 48029 
41499 47556 
8061 25653 
43014 43374 
41387 45174 
4599 34427 
41561 46418 
5658 20432 
48576 49412 
2855 43722 
4972 30285 
32642 39566 
261 39358 
525 4681 
6511 13409 
43548 44500 
33386 44533 
19984 21396 
20182 37208 
20175 31749 
15863 35133 
12617 16684 
7958 29706 
8339 35442 
16173 35774 
14156 32080 
7662 8443 
16988 26196 
11583 43192 
37979 43924 
42732 45136 
49001 49929 
49110 49296 
33348 36350 
15621 39044 
9945 47286 
46143 48101 
1241 12498 
48069 48684 
17800 31958 
13282 28613 
25249 42828 
150 18026 
30761 31430 
25302 28913 
49744 49945 
37204 37250 
16296 45248 
30729 49938 
10912 19323 
1186 23083 
5977 34741 
10195 19158 
11647 30133 
40237 41260 
32306 44606 
5284 38340 
33140 39078 
39857 47036 
45398 46676 
5406 10293 
28556 42041 
49450 49835 
22170 25302 
13573 29913 
30527 35778 
22857 36219 
9922 43294 
39288 49925 
3099 47258 
47630 48947 
24464 34973 
33910 40843 
41165 46597 
4030 39555 
22994 27289 
14726 35847 
4297 26328 
3268 37040 
594 13144 
15037 17717 
26132 40278 
15694 40569 
28161 44961 
27739 46462 
16308 36495 
18204 24801 
25859 29846 
17881 18039 
19543 46167 
38087 38804 
38977 48109 
28700 37638 
11849 29338 
8416 17421 
3373 25236 
30021 35976 
42196 47528 
20662 43798 
28331 41219 
42843 48105 
11338 45602 
6582 46016 
33740 44099 
18304 18960 
27134 37617 
21338 25694 
35706 41915 
808 3939 
36958 47801 
38937 43497 
17173 24890 
39206 48578 
3309 5394 
32947 34816 
27478 35054 
45163 45398 
5978 27939 
36213 43516 
5564 44016 
15149 48250 
35286 36523 
9212 14037 
30756 44260 
32532 39714 
46180 47051 
18160 41366 
37999 41539 
40866 45197 
47700 49284 
21048 31834 
17306 23982 
29288 37854 
42824 44496 
49537 49996 
18128 47357 
44402 48683 
22093 22386 
42945 43487 
24926 28970 
4254 24836 
325 48899 
2045 30236 
19117 42473 
48952 49124 
40274 43433 
13651 34400 
13172 23334 
35991 49003 
43495 49729 
12213 22767 
28636 34477 
17027 39988 
42465 44889 
45549 45964 
33645 41928 
18249 46062 
15563 46550 
19376 37137 
23931 39189 
34210 46869 
30625 42952 
48617 48749 
19752 23869 
38500 43453 
10307 42529 
27997 35650 
32637 36710 
49763 49841 
33631 47770 
27943 47464 
42502 45598 
35474 44546 
35560 38073 
32212 33477 
17984 39952 
29323 45265 
16837 21388 
44340 46163 
3723 36427 
46854 47022 
35855 37094 
1160 9827 
26217 35452 
25465 30272 
6441 9719 
6752 43734 
35850 38721 
2712 20755 
33759 40113 
29355 38807 
45818 46924 
43082 48606 
12302 49583 
10791 34105 
6 735 
23368 42017 
44547 44593 
49591 49978 
46218 49870 
30677 31119 
23209 47060 
32212 41073 
41046 44369 
27849 48638 
28878 42792 
23964 39912 
45929 46081 
36170 44255 
26660 34976 
48628 49894 
19275 37917 
32405 34363 
41888 42669 
44793 48802 
40871 43934 
1954 44988 
10980 34741 
10763 26684 
41802 45111 
13636 19021 
40591 47675 
13351 33716 
7951 11414 
13385 20947 
35011 47684 
9802 13205 
27458 30164 
9385 31150 
38685 48175 
20147 24301 
8262 32901 
10485 45184 
25052 31388 
33701 47864 
35356 39081 
32278 36415 
18271 47147 
20225 27428 
49631 49959 
10679 25145 
10740 31672 
11544 13599 
9756 24798 
34778 43260 
12214 48330 
39233 42659 
33165 46321 
13746 34100 
30025 30764 
31324 37330 
4742 42170 
25076 35358 
41775 43845 
34344 45286 
4727 42192 
16152 27990 
18790 46862 
39324 45426 
37511 40711 
31329 48671 
20086 37379 
4448 4723 
37730 39927 
10182 49004 
4196 17520 
10180 44092 
48937 49386 
3277 21452 
39447 45096 
13885 23680 
37118 43855 
40890 41900 
45109 47601 
23752 33110 
40635 48390 
25329 45977 
41591 41937 
34358 36838 
21042 30179 
36995 47153 
30839 43202 
18966 19819 
7231 38887 
9076 26424 
2477 40875 
10261 20899 
25596 29944 
49223 49414 
31823 43507 
26030 42776 
11732 49087 
28364 43427 
251 38683 
42753 47338 
12855 21203 
10768 37432 
46607 48072 
12190 24632 
15789 22735 
24239 49710 
42990 46454 
2231 8848 
22895 37526 
5224 16062 
46182 47697 
9118 45400 
19084 35619 
44953 48631 
23713 30171 
4269 41424 
45430 49624 
25594 43173 
1119 43164 
42701 48006 
44249 45493 
30571 31281 
45409 48453 
49241 49398 
10801 11427 
13496 16285 
10700 21726 
24019 32869 
13527 29782 
13613 43313 
23034 29359 
31265 40220 
44501 44693 
39704 48733 
21395 44230 
32768 46123 
34084 49881 
35917 47163 
1688 46918 
3153 20643 
49230 49483 
24671 25413 
8000 47245 
25842 33274 
36940 46758 
1301 46617 
1165 38862 
27062 37219 
13539 23823 
14967 39028 
25560 31589 
29385 46557 
22530 25127 
33239 37578 
49146 49635 
23443 28813 
47195 47923 
18186 45234 
29550 44117 
42483 48714 
33647 40457 
4928 30255 
44657 46231 
27218 42732 
15104 30405 
11954 20065 
4963 9697 
44103 49625 
39135 44488 
6097 26130 
25989 45920 
43418 44787 
18368 26295 
44572 49187 
13001 20462 
21651 48917 
11603 38532 
13884 48127 
33693 48789 
15981 22431 
37560 42272 
13417 20471 
25202 42280 
20195 47313 
35007 47334 
7849 27225 
10859 31975 
28168 36535 
2388 42395 
6792 32810 
43606 46656 
5558 6739 
24773 43614 
2109 18800 
17622 37581 
4891 9656 
2874 45816 
39702 46376 
1724 3555 
30597 46083 
40336 47419 
3601 26649 
48045 49359 
18481 32458 
31580 49881 
25805 30403 
11597 26597 
21274 30608 
35331 36629 
5062 42033 
22517 38278 
41835 45092 
37881 38743 
25759 43143 
35244 42472 
9346 46042 
39383 48743 
1424 47029 
31581 35846 
29313 36684 
16816 23728 
48912 48982 
44790 46249 
31024 36181 
41285 44422 
34568 42417 
34816 42792 
29972 46534 
13386 43060 
6361 9061 
13390 32669 
31733 39667 
45777 47042 
18910 33700 
10219 11492 
45210 49743 
40508 41923 
44898 49009 
20429 34186 
37208 46217 
30673 47659 
9838 30049 
35556 39046 
16959 26325 
36978 42876 
21668 39802 
23196 30299 
20287 45129 
44988 45346 
6876 31467 
20048 46862 
1407 32454 
45099 45681 
9750 13387 
30038 35872 
46376 46983 
48493 49405 
42523 46193 
14839 29253 
18675 33613 
37648 39748 
16174 26807 
10481 32652 
30757 43980 
17442 37679 
26681 41412 
17243 19973 
47951 49112 
16786 22537 
15680 31626 
3028 46720 
14169 21729 
23564 36495 
24545 31880 
30738 40964 
47118 47972 
15780 32726 
15475 45578 
21366 35959 
20147 41840 
10017 34837 
47453 48699 
40549 48045 
49173 49828 
13812 34649 
8139 49720 
12011 18914 
33596 49020 
46334 48402 
42370 47423 
28120 35217 
6973 12670 
22362 23575 
35242 45678 
45043 48877 
1550 26878 
40887 43974 
14143 45850 
25867 29799 
46260 46618 
43642 46029 
48906 49184 
32688 32965 
8065 21271 
5490 28091 
19586 22715 
15103 27834 
15801 37681 
24104 36890 
40670 45141 
4095 38015 
3896 19457 
14292 23753 
49176 49887 
40578 49507 
13851 37519 
44321 47037 
28584 28903 
8078 18248 
23636 45226 
9161 29032 
24266 42298 
44448 46048 
26840 41177 
11905 38498 
18356 35314 
8009 27018 
19878 30780 
39325 44557 
25740 45416 
21495 24725 
35379 42510 
37940 43703 
37635 46813 
24343 35999 
22725 33490 
19328 20307 
28067 41586 
44717 48716 
10074 38657 
16259 21017 
15131 36073 
11916 42413 
6639 12860 
23605 46344 
7527 45857 
43215 49783 
5441 11569 
233 12904 
506 13074 
7327 39326 
39218 40973 
20417 36111 
4729 41734 
2622 18157 
25411 31223 
31437 46099 
15261 17443 
37456 49584 
33914 36023 
32310 39349 
30028 32449 
10687 11522 
41617 42447 
12159 25133 
18055 35041 
26786 36867 
35815 37095 
43227 48937 
35507 44685 
33408 45594 
16871 21532 
26715 48037 
31767 40034 
10489 37566 
24196 37562 
657 27451 
19220 23551 
5945 42653 
4149 42527 
35803 47054 
27278 39467 
32538 40348 
41166 47939 
34340 38268 
44765 49236 
33028 42258 
8154 19381 
41490 47121 
40259 45235 
8283 46378 
25477 47883 
18356 49922 
40025 47682 
16665 49185 
33282 37536 
23590 47235 
33221 34658 
43423 47119 
35595 41981 
12806 15988 
13133 36289 
9972 14057 
19017 31189 
22500 39642 
30634 46051 
8133 47451 
24958 36751 
28269 43961 
47673 47934 
27156 48111 
366 40961 
2624 8310 
39947 46432 
13436 24380 
39009 42479 
41817 48932 
18490 18847 
1212 29189 
24876 48235 
12928 18170 
39926 42207 
7798 32917 
34340 49547 
15690 24714 
25452 28992 
17924 43327 
37001 45643 
39176 48428 
42227 46453 
17930 19759 
25827 47133 
14002 21795 
35079 49959 
45575 49643 
44281 46349 
24275 48445 
36520 40631 
5654 44633 
20660 48382 
1907 25911 
10251 31730 
44137 47388 
14858 49766 
37031 45785 
2048 8210 
4730 6549 
4456 12593 
514 36236 
28815 31596 
4454 14397 
45704 49631 
25102 27339 
49506 49825 
9538 10251 
34266 35459 
39290 42305 
34073 47674 
5086 43661 
42835 49419 
41900 42292 
22981 39329 
25467 41342 
45078 49516 
30875 43969 
19461 27746 
38376 47128 
45554 46231 
35204 41429 
28209 43740 
36771 38561 
1501 5218 
25169 44389 
34390 49215 
11160 34442 
23910 30207 
38572 46427 
39808 44115 
8192 15715 
1968 49963 
11723 44551 
6204 20643 
24604 36474 
1 29102 
4216 22342 
39519 49433 
40902 49661 
3833 4130 
19339 26974 
24860 41370 
44898 48970 
1640 8859 
14135 48867 
25525 33329 
8974 11694 
48606 49746 
32364 47487 
8212 10306 
19116 28194 
47010 49997 
6534 23016 
18205 42331 
18472 42730 
47407 49530 
32728 39986 
9911 22055 
36195 41823 
36536 38855 
24143 36835 
21070 29932 
12266 44719 
49207 49722 
19766 28026 
31072 45430 
11512 33326 
9247 41879 
48615 49476 
21141 23297 
46455 49388 
40411 41786 
47623 47778 
31120 45558 
2949 20437 
22844 24437 
3416 43684 
2847 43868 
38721 45777 
551 20803 
27871 42959 
39373 43223 
17989 24438 
37774 46539 
2037 14132 
24219 44664 
4877 8201 
26277 26482 
30917 49244 
20709 33000 
12447 22553 
16840 43293 
40531 42405 
5618 17610 
2547 31152 
4873 45736 
1564 9138 
143 27659 
44110 49697 
10653 38408 
26646 29873 
20335 46497 
12476 25326 
47719 48544 
14847 31495 
36821 45212 
31446 32385 
46743 47403 
35705 42513 
30557 30660 
10790 46248 
45295 48041 
49727 49777 
47068 47204 
19840 40130 
45024 47268 
13828 31357 
23616 39671 
43212 48969 
39746 45204 
29638 36707 
46614 48023 
37438 41416 
40216 43077 
38834 47702 
43856 45836 
30158 32233 
15700 30279 
7622 25324 
35221 46697 
11605 33880 
15446 28546 
37448 47207 
19948 39467 
20198 30133 
37298 39848 
34834 35384 
46642 49398 
24955 26973 
28118 42556 
11981 15787 
6620 8227 
37925 40237 
5633 44553 
40343 44633 
16656 27203 
11910 39118 
43779 46371 
49872 49897 
46884 48362 
17790 46874 
18320 31045 
30761 39034 
37741 48479 
26112 31041 
47056 49961 
31230 43224 
15128 31536 
36340 37775 
34043 45689 
43776 46206 
44895 45569 
4726 29656 
41767 46552 
4370 8156 
34011 47098 
18759 22026 
23628 26596 
18862 26878 
698 18937 
35048 40206 
46919 47306 
22855 45173 
7612 42526 
28697 45898 
16061 25962 
39889 40383 
11761 35301 
32379 38083 
17198 31484 
31867 39043 
36005 46814 
49146 49176 
34541 43003 
43361 48740 
49542 49767 
41344 45614 
18804 24801 
20534 21183 
32329 41302 
11741 35961 
6486 23906 
12846 28969 
8274 26875 
21610 47743 
30062 39034 
7726 39485 
713 7821 
3066 17323 
48433 49307 
18404 26344 
39951 43561 
11633 17781 
44943 45506 
44923 45333 
39403 47810 
14628 23204 
5786 26708 
44378 49722 
31624 32379 
22625 37134 
17322 19226 
18370 27275 
30904 41264 
49537 49685 
13159 38234 
2473 49978 
40131 44829 
30277 36527 
8366 32696 
39666 40726 
12330 22554 
22042 30038 
39930 40761 
42627 46296 
44091 46902 
31187 45503 
49009 49287 
24854 38949 
33944 48990 
34271 44294 
18146 41861 
30132 35168 
46263 47134 
15626 35972 
18230 25874 
39484 49287 
21943 32476 
19533 34597 
43472 49752 
36009 46158 
44469 48861 
36417 40656 
28223 30911 
4632 33517 
13150 29631 
23749 38438 
28653 39273 
15717 35754 
1046 46507 
46528 47921 
36197 44755 
31272 43939 
19735 45641 
9491 42052 
8614 15269 
17764 43043 
40544 43448 
28631 44633 
8058 39899 
45616 46879 
44701 49119 
40397 43402 
15135 27566 
12183 29742 
42989 46829 
33888 44073 
1636 12656 
43717 44697 
6763 14564 
27735 36312 
22885 31996 
36639 37073 
28731 34687 
42060 44029 
34654 44681 
28241 31117 
4848 17452 
25785 47169 
43887 46323 
36425 45205 
48215 49389 
15361 33371 
43232 46748 
17296 49250 
31860 36335 
29868 46534 
19593 44349 
16166 31535 
3426 16471 
9398 23761 
45133 49858 
45641 46642 
49872 49976 
11363 27107 
5598 48946 
6893 31758 
32650 33760 
41523 44413 
25419 37289 
16073 29504 
48921 49875 
44504 45013 
11063 28208 
36296 38528 
41711 46483 
27801 42066 
24258 26895 
49177 49783 
29947 36767 
5404 13128 
48137 49007 
31152 31330 
33004 39603 
30671 42350 
34238 46217 
31789 34386 
10503 35371 
20159 36916 
13120 26378 
45335 49431 
32262 39515 
31731 33343 
46099 49363 
29557 32757 
41974 42078 
49630 49692 
29609 37145 
39617 45727 
41122 48875 
39328 47478 
23757 43237 
178 34019 
18033 37041 
38971 43865 
13879 44227 
19604 43631 
33459 36372 
22381 41967 
1287 25129 
22882 31713 
15662 16123 
7608 46736 
10102 11777 
11139 43877 
38945 49444 
6510 41756 
42067 43896 
42408 43369 
20083 20355 
18346 32021 
14123 24602 
23871 46553 
29680 47157 
34653 47375 
45223 49350 
41660 45612 
7061 35844 
7113 21678 
35597 49280 
42431 46118 
4515 33631 
7069 20517 
16307 34167 
14904 35900 
26013 34226 
21746 28792 
35513 47551 
10697 42953 
22051 30795 
15119 44785 
16875 49192 
27485 38630 
36520 46631 
21546 49262 
39858 41532 
43192 48130 
14965 24274 
27072 37402 
30450 32849 
1132 4330 
46807 47807 
8662 18189 
10286 23792 
26911 35261 
6589 46836 
26893 46170 
17679 33123 
14970 28602 
6618 48306 
45814 48939 
49859 49913 
43047 47892 
37181 37802 
31109 41282 
44101 49747 
46642 46950 
37209 38002 
37533 42437 
22113 32079 
29476 44687 
49184 49786 
28889 48729 
47979 48328 
10293 37883 
45443 45948 
30508 41588 
44458 49153 
21913 48062 
44767 48965 
18414 42317 
27979 34472 
21011 48754 
41548 46128 
11051 36348 
5356 48177 
25569 46148 
3277 44673 
19921 26753 
7057 41642 
26905 43737 
33300 37012 
3480 11336 
27885 42628 
40697 46636 
29680 43274 
11639 34974 
41217 44826 
28885 33320 
5254 37931 
31220 45602 
28755 46233 
45395 45496 
22900 32083 
20328 34921 
11366 31788 
40196 49154 
27856 40813 
4082 48477 
39449 48672 
17966 29146 
26005 28305 
1106 22458 
22731 35494 
45321 48406 
5048 13630 
32176 33992 
33410 41107 
29873 48476 
12809 28245 
8679 35864 
44429 48379 
3042 31958 
884 4869 
36167 48670 
48455 49005 
32586 32846 
8452 37915 
39034 43819 
46177 48656 
41803 46839 
4685 10400 
26858 33871 
14923 44546 
6144 45015 
34111 47015 
10969 36570 
25800 38681 
35545 37457 
36280 38431 
23404 29117 
35398 38546 
25485 42030 
25074 27135 
8424 33379 
19715 26832 
10391 45706 
17807 46263 
11356 17735 
39031 49375 
31274 31718 
1677 37706 
40701 47786 
16344 31004 
14109 48366 
26176 40543 
1200 31266 
39443 43538 
49504 49910 
27094 27260 
31881 43225 
26536 39241 
41324 48813 
18219 29221 
41826 43807 
28027 37094 
47954 49388 
810 49302 
26266 41691 
37631 39047 
7891 21550 
27688 46372 
23823 49490 
14207 26551 
39678 45960 
31341 44777 
40415 46214 
48640 49761 
32113 34893 
27738 32018 
5939 7159 
29188 41143 
24244 39619 
45065 47522 
1693 13857 
11325 39329 
8198 32080 
15609 28465 
7100 40527 
10647 29899 
26363 33877 
25160 28810 
38620 38878 
21069 42177 
10261 33285 
22858 35314 
495 27445 
42413 49271 
8602 43098 
49911 49920 
12738 24511 
21404 40229 
15957 17099 
5483 5545 
11375 17319 
26835 41533 
5629 29383 
22349 35389 
24437 33195 
12281 35082 
38332 38524 
46281 47323 
31955 34971 
30787 44188 
6828 22875 
30946 31707 
18853 31985 
48260 49737 
8186 35305 
33416 35329 
17037 34104 
14503 29654 
27030 46335 
15530 20972 
10726 35585 
33280 47953 
41393 48572 
21800 24325 
35696 47196 
48922 49480 
26279 34534 
15961 18591 
32475 33885 
48340 48414 
33022 34876 
3572 34461 
45361 48474 
30170 32717 
8963 12583 
30646 49675 
8263 42693 
34087 37499 
97 42719 
3602 9160 
42366 45384 
37201 41104 
36495 45426 
11843 43230 
22882 32832 
19328 41026 
44787 45203 
16815 28431 
44887 49706 
3152 38556 
2001 14243 
7854 46034 
6980 48813 
31071 45156 
29594 40734 
7047 14291 
43733 44485 
15967 32060 
5871 33407 
41752 46617 
5270 31170 
5133 15770 
18338 19790 
42811 45599 
29024 30932 
43031 45306 
26039 43071 
7049 17983 
28427 32754 
41279 42956 
25618 33257 
17790 43955 
33195 49808 
36604 41332 
19554 37877 
14281 27173 
32894 45197 
23423 30173 
21953 32056 
32016 43049 
42917 47449 
43233 44895 
4544 39013 
12707 27961 
30106 36710 
18958 24159 
19812 25136 
39229 40745 
48857 49097 
46168 46347 
39205 42344 
12971 30441 
10644 40055 
40435 46717 
34933 44136 
44119 45887 
34627 45811 
40576 47462 
16007 47911 
27551 44253 
24515 40913 
6693 49283 
4762 23662 
45553 45730 
1859 6958 
28612 49041 
17545 29111 
18354 46190 
21825 23542 
9096 30849 
16865 29851 
16499 46877 
41795 43774 
37761 38508 
33347 45252 
30254 37882 
37530 41300 
12786 49217 
1085 42273 
26387 37016 
17008 17769 
47467 49487 
42053 43365 
48434 49957 
28305 33500 
11005 37221 
27886 40482 
44103 47203 
6146 7105 
18997 22977 
29438 43705 
47724 48384 
2820 11784 
29724 40707 
22074 48452 
12093 40214 
24931 36420 
13792 22578 
5262 33466 
45297 47676 
34239 38640 
18798 45447 
8237 45227 
30391 43231 
43288 48285 
38696 40655 
30788 38012 
45238 47781 
35683 41756 
46935 47934 
16573 16622 
22493 46421 
10723 44814 
12682 16650 
1438 12217 
9290 40971 
34773 35269 
20017 42803 
45942 47997 
41967 49485 
7333 12733 
16124 34845 
27645 32657 
7132 17498 
5804 20926 
32174 46515 
33909 39713 
34809 41595 
38162 48848 
9281 44433 
21178 41623 
30923 41800 
32705 43615 
12125 31479 
8432 25671 
26921 43154 
23573 41655 
12406 29741 
10088 47098 
48051 48831 
40188 49746 
43965 49747 
1547 10859 
12994 48096 
14129 46903 
21544 26529 
34294 39970 
19383 47668 
34973 46833 
15384 41230 
34122 34757 
30196 36301 
47096 48521 
19933 49433 
36718 37088 
26764 45959 
19702 30758 
47263 47390 
27367 31582 
231 40030 
45253 46959 
27889 49253 
38429 47463 
41253 47058 
35709 39672 
12995 31714 
48300 49770 
22762 27740 
12473 23285 
37062 45613 
10612 37442 
36541 41295 
10574 44430 
3016 37776 
14861 41427 
32611 44511 
32070 34223 
48255 49027 
6684 41774 
19614 30078 
9376 32604 
44857 49113 
30081 49159 
17562 36474 
12698 43866 
39929 43588 
48363 49235 
4369 7540 
20185 34770 
5488 22922 
32299 44786 
22739 40277 
715 45878 
23042 49776 
34417 43470 
18440 20001 
45532 47112 
44463 49288 
47136 49929 
6305 33410 
33041 36672 
39259 48042 
25340 41666 
48760 49502 
25076 31818 
22539 34516 
36096 49745 
44950 47956 
26391 40404 
2792 24623 
48893 49446 
7673 25963 
10418 28358 
30485 37915 
22634 45784 
20980 45025 
20980 37194 
28236 44723 
13260 48818 
13533 23176 
26587 39845 
49431 49817 
34332 35235 
22635 37234 
4267 5871 
31885 37676 
26973 49513 
48849 49690 
40802 45482 
42469 46442 
9746 39872 
39582 44517 
44741 46911 
10066 39870 
25077 28882 
2998 29154 
42512 47835 
5921 32945 
35737 47262 
49397 49554 
42176 49010 
2841 21437 
14492 24243 
24441 29376 
21976 22588 
16940 46250 
19398 48279 
14174 34561 
17579 47716 
28725 47877 
8982 32573 
19959 21000 
4797 7532 
27042 49429 
48858 49719 
27932 38082 
10409 25718 
1866 46835 
42264 49022 
44195 47522 
32180 41722 
6470 33500 
39650 41565 
43227 44820 
30788 34392 
13553 29323 
17620 41662 
35809 45192 
11582 36544 
38838 47511 
7976 43773 
39895 49018 
2649 33859 
42857 49855 
33517 47675 
20661 41074 
22197 30286 
21600 35480 
30969 42774 
2401 33868 
40975 46612 
29473 32432 
13031 47446 
10518 15996 
10405 12503 
27439 48643 
35371 45687 
1800 11649 
4951 41334 
48240 49217 
23037 36600 
39898 48182 
38303 38697 
11878 22556 
47993 48710 
35897 40769 
19043 19688 
39466 46309 
7220 40220 
14920 30541 
26502 38906 
4588 13456 
48014 49195 
48647 49718 
19948 24591 
33494 41866 
12069 27997 
21411 41510 
21833 41956 
49671 49691 
31739 32531 
14581 38413 
34529 35851 
20886 45537 
9178 46509 
44196 49399 
45841 48012 
40809 44817 
7327 23640 
5410 8955 
36547 45306 
32937 45476 
38035 49237 
36043 48398 
11732 42789 
10217 25684 
44732 48277 
45997 46297 
8574 17777 
38778 40875 
45180 47860 
28488 39644 
3616 41077 
5836 8063 
29586 36998 
28267 34987 
41007 44417 
24412 29275 
42074 48383 
4273 43441 
39946 47254 
20938 34836 
15272 16437 
9974 32200 
11708 19595 
4671 22644 
16961 25355 
7851 10049 
6011 37022 
18616 33446 
24385 30546 
49089 49239 
39231 42112 
25932 38992 
1548 25720 
17844 21742 
43950 44297 
13539 26584 
818 7702 
36313 45695 
6361 46722 
48543 49492 
48090 49875 
16123 24120 
1305 1320 
29173 33935 
8912 14778 
16570 31626 
38131 45866 
12778 27893 
34015 42654 
25275 43596 
44435 49179 
42605 45238 
42855 44706 
41779 48298 
30445 47608 
19867 42198 
32842 37657 
41715 48782 
17331 31222 
16521 25023 
48869 49563 
373 25385 
33570 41491 
37573 49341 
30873 40909 
47151 49036 
22412 24559 
729 21813 
6111 18285 
4002 12481 
29375 48376 
23558 39658 
33355 47691 
30305 44824 
18958 34920 
49527 49581 
28874 42173 
34139 41527 
24098 28020 
42905 43788 
33848 45459 
26959 39802 
15229 33540 
2853 10920 
11829 14716 
15796 43378 
10883 32355 
29979 42755 
40751 41146 
31439 42412 
32669 37070 
38126 40127 
22802 27821 
5469 25939 
46247 46538 
32217 33597 
20003 21188 
46812 48358 
6273 25444 
9658 15634 
46532 48890 
1462 23415 
25471 35039 
6551 18461 
42650 48600 
33435 45377 
9076 38911 
30728 37615 
46433 48197 
18826 19113 
31666 43602 
47951 49381 
22566 30807 
394 39345 
49497 49827 
45673 48083 
22870 32550 
48439 49540 
30263 31931 
34541 46793 
15740 36778 
35468 44885 
22082 35575 
17311 21099 
6647 26808 
27845 44648 
23255 30351 
10290 25395 
3566 26413 
32356 36326 
28981 39152 
21146 46524 
38011 45610 
40813 49302 
30422 35621 
128 12718 
32529 37360 
39917 49581 
31140 32428 
23915 26351 
29206 48536 
35925 42080 
32133 46444 
10146 28841 
16815 22088 
3769 23478 
6579 15535 
23212 42431 
10785 37108 
21249 49217 
47564 48028 
31531 45689 
30882 36390 
49285 49503 
19471 30393 
31935 41180 
41255 46724 
26189 35450 
8743 41164 
21269 35634 
42857 44951 
12718 14291 
39084 41366 
39428 48731 
27047 36083 
19101 40989 
44862 48809 
30535 45664 
12457 16163 
2692 44903 
25190 43180 
48628 49865 
35208 49973 
23982 40039 
22854 34688 
29632 35445 
16064 40308 
20122 36473 
41530 46249 
38202 46004 
1670 6475 
11098 30338 
19723 40202 
38616 44567 
40564 48954 
39508 40016 
48288 48646 
27117 35434 
12721 29340 
13469 37819 
35608 38391 
3733 38902 
41244 44736 
17767 25132 
37375 39377 
27346 45352 
41019 49986 
14425 35227 
3164 40722 
17101 39662 
19201 47882 
42147 47393 
21221 33351 
14531 44644 
26381 37905 
6649 32726 
39409 47346 
16819 45747 
45318 47957 
35863 43091 
26883 49036 
21847 22727 
36617 42721 
12544 31611 
4446 44711 
39858 49170 
45516 49829 
39551 48418 
40516 42688 
26875 27125 
25868 46379 
25320 43913 
22955 44265 
1376 2544 
48321 49659 
14935 48517 
29399 47604 
31822 33899 
924 26545 
8077 41368 
48429 49308 
45121 49633 
29884 33059 
23497 34524 
31749 31906 
36912 48772 
15262 38302 
268 30527 
40132 48700 
46846 49530 
19355 23838 
37287 37831 
45061 46469 
26652 35966 
41699 48669 
6205 46471 
14646 34795 
34248 38561 
24336 26061 
21459 46728 
48365 49952 
4682 27374 
20036 33609 
13390 41286 
27556 29420 
38670 41266 
12845 24287 
13987 43841 
35845 37425 
5845 46000 
31122 40724 
28839 41678 
28650 43027 
43689 49724 
13021 18318 
26239 31927 
42952 45502 
44756 49623 
6587 30155 
26973 48892 
40389 48441 
13941 28553 
37789 49439 
25019 36090 
8307 31690 
10473 40925 
32268 49089 
1981 42515 
49817 49818 
17122 33330 
34787 47593 
13019 17517 
18118 30041 
44369 47630 
18868 28435 
5220 39700 
16177 37983 
10842 12649 
26570 48742 
45747 45783 
29931 43238 
49217 49974 
25180 43086 
30842 45695 
2006 4169 
48222 49672 
24171 48276 
47024 49334 
25984 38776 
37289 42220 
2681 30110 
19131 37559 
10333 13973 
19725 40689 
35840 44467 
5986 26134 
40927 43936 
20371 39002 
2759 40741 
1708 10591 
15172 18749 
33134 48861 
43758 43799 
43051 43970 
31250 33033 
47237 47469 
47992 48510 
30324 38471 
17833 38813 
33106 42785 
2922 15553 
27630 47684 
8452 11732 
33151 38245 
33621 47287 
35152 38374 
38326 39562 
1038 5659 
22192 42439 
39043 46077 
48912 49617 
15018 23001 
34160 39344 
47049 49785 
44998 49888 
12439 20084 
14021 41977 
38309 46849 
48571 49043 
3735 9396 
32388 48028 
39476 40301 
36063 42322 
13344 45664 
48545 48685 
30539 32124 
27684 36215 
43990 47247 
23968 25618 
22981 39160 
39748 44055 
42923 48374 
48653 49861 
46429 47238 
29235 34963 
6697 8453 
42267 49692 
18347 29159 
17169 37779 
34711 45654 
28243 41011 
17666 48681 
36169 37031 
20795 36948 
22919 23494 
26481 45905 
27953 47426 
31294 38199 
41761 44960 
18438 33306 
30945 46509 
28250 45503 
19958 20083 
27318 47494 
40409 44768 
25274 48588 
32583 48206 
20185 44098 
15124 15865 
46963 47938 
28694 36785 
21031 27339 
46960 49122 
47573 48483 
25010 49612 
408 14401 
37653 44245 
18353 41342 
5858 45194 
973 47851 
32583 43407 
46026 47687 
8085 32426 
3489 43945 
18925 30423 
17641 43548 
29974 48734 
42558 47440 
49088 49970 
11427 19073 
16346 47088 
24149 41907 
39417 40211 
44050 47580 
914 12462 
46477 49969 
12872 46587 
48198 48708 
20305 33947 
35450 41068 
1922 20665 
298 40345 
49377 49942 
48548 48884 
14482 17905 
24218 48722 
27586 38877 
44242 46708 
13095 27270 
34387 45949 
5295 44138 
45280 47415 
40343 47029 
1302 7977 
18163 38377 
48358 49809 
45799 48014 
24814 45464 
8123 26413 
32344 46076 
40763 42842 
23184 35916 
41400 44602 
27073 45841 
33765 33893 
12248 24187 
23733 24413 
35567 44138 
41544 46041 
35878 37009 
42120 44210 
27316 46182 
2703 14985 
47464 49087 
34158 40993 
13802 33724 
33182 38120 
43606 46617 
2757 4937 
24139 29201 
41327 45669 
25911 45087 
9544 45945 
21246 36394 
30218 46209 
6213 24680 
14827 37495 
31577 46276 
10897 16531 
35595 44445 
3652 33128 
45975 47624 
14446 26954 
17038 48422 
27432 36941 
38959 42102 
22929 37266 
14577 30796 
48948 49933 
44674 47048 
47764 47809 
46422 49937 
8503 12113 
48258 49977 
35079 35560 
10172 13818 
41962 43696 
17563 33921 
31207 40905 
23131 34345 
31963 45111 
10383 22037 
28765 30833 
41800 42734 
16769 40557 
33641 40377 
40109 48620 
5083 11539 
21864 23210 
48944 49803 
1576 34263 
27223 39265 
1510 46073 
6060 45034 
28978 42508 
48994 49499 
8757 18707 
49693 49774 
38040 39992 
49160 49170 
9690 30650 
10967 22754 
44512 45996 
15998 27256 
46354 47944 
21633 30918 
49242 49633 
8516 10129 
3157 19271 
18604 20261 
31882 33219 
37601 38381 
23869 46972 
22137 23515 
28833 48144 
41789 48135 
38815 49713 
23319 30606 
37587 43231 
10592 19156 
44686 47874 
5410 16352 
44281 47421 
5251 33713 
4434 44911 
31502 40301 
48865 48881 
37851 40269 
16275 23527 
19912 29130 
49547 49571 
19094 48075 
7080 41664 
12100 15840 
32560 46385 
19579 28984 
3826 30812 
43323 43928 
14097 21801 
4404 25550 
15560 47225 
20161 37081 
4547 48185 
2207 31446 
4440 10226 
14180 37559 
25164 37591 
19925 21104 
10902 15508 
5976 7721 
21386 47848 
39077 44028 
7456 45510 
6939 10589 
19605 21183 
9642 19203 
45997 49244 
559 6972 
25355 48702 
649 13450 
9330 40928 
7190 38562 
2424 12051 
10912 47138 
33360 37740 
28163 37899 
34420 43934 
31358 35305 
37161 46095 
39483 46885 
37724 49390 
29766 45833 
18514 28115 
19365 33284 
33821 36868 
49643 49960 
17202 21227 
29811 38860 
40922 44428 
14956 35096 
18847 47967 
25606 32154 
46407 48321 
33184 46717 
17802 27423 
12975 34916 
45393 49450 
44937 44998 
32387 36647 
23256 28949 
35212 41330 
47583 48167 
32432 48217 
46946 48357 
30387 38925 
13815 19622 
2750 15972 
25317 45519 
46146 46996 
48615 49259 
40358 48030 
3081 15781 
44287 47651 
17661 36134 
24257 44636 
37304 43480 
44817 44920 
27103 31490 
47860 48539 
17305 45469 
19727 32104 
48914 49406 
43083 49660 
45815 49145 
21772 48258 
29356 43884 
17883 31274 
17764 48234 
45845 48268 
12086 33326 
42189 48525 
9766 44964 
28516 42883 
41056 41546 
6034 20282 
9925 26049 
32132 46397 
7965 11408 
4914 46087 
10767 16894 
13485 15323 
24318 41695 
40669 41404 
33656 45384 
30713 46343 
49507 49688 
17957 35087 
28671 34249 
7512 29474 
11828 31373 
38830 46324 
13526 14896 
27544 29980 
34920 48287 
32692 49254 
23752 43623 
31104 31442 
3670 15391 
20591 41549 
13156 29800 
46508 46913 
39122 48085 
46643 47255 
5694 16681 
16819 23675 
21166 35977 
34243 46348 
22044 36136 
30914 45196 
25887 32762 
26951 41825 
12658 43725 
14130 36466 
554 15865 
20274 31034 
4552 42191 
10253 48077 
26560 33580 
14881 27434 
26533 48333 
31317 39189 
37655 40063 
34345 45538 
16231 19171 
23014 49829 
13892 49975 
30144 33646 
6187 11006 
35796 37880 
38730 42371 
45343 47219 
42329 43619 
32918 33599 
37144 39454 
20643 38581 
13124 26660 
10349 38668 
651 32728 
32672 47937 
35725 42105 
48483 49589 
36376 43015 
26992 43841 
1554 32807 
1889 23345 
34550 39164 
35047 39305 
47098 48366 
30647 32063 
13581 14438 
18940 38230 
39623 44510 
22957 45596 
19614 44320 
9034 21659 
18440 24172 
48492 49925 
39206 42613 
27924 39984 
36457 43449 
1836 28137 
37155 49060 
8984 15531 
28808 40971 
32162 49107 
19500 45200 
18591 36571 
7850 10671 
24362 38799 
3870 31324 
10059 22563 
33491 35550 
18915 22435 
29308 36854 
47170 49717 
32965 45227 
47382 48213 
20064 27177 
3704 17920 
8017 10328 
48205 49708 
13983 45893 
30526 37820 
12355 23056 
6249 20849 
16291 31209 
28561 29854 
48779 49372 
12891 22369 
14811 28434 
41141 49917 
11652 49243 
41907 49036 
39756 47153 
6019 9910 
40988 41626 
45943 48706 
15168 22021 
18988 49457 
13094 46728 
9346 24229 
22728 25654 
302 14506 
20264 31656 
48909 49721 
34348 42569 
44567 44951 
29705 31148 
26823 36489 
36485 40187 
38578 47089 
7193 12536 
13606 16243 
465 35048 
17088 17578 
20499 40906 
42233 42916 
31452 47776 
44754 49493 
10248 12113 
34063 40480 
44776 47671 
43907 48350 
40091 42368 
39753 46543 
255 15097 
25484 40944 
1545 19714 
42789 45759 
48484 48947 
3715 9936 
2394 20331 
12679 16686 
7709 19669 
17095 32131 
45495 47389 
10965 34526 
34897 40005 
19922 37949 
28930 29710 
17511 19362 
39096 48400 
48581 48940 
41048 42066 
36079 37775 
41395 42847 
13814 25971 
42074 43044 
26861 37665 
38559 45032 
34451 35848 
4915 15606 
48856 49701 
38741 43383 
40417 43983 
22690 26151 
1299 16617 
14618 22981 
18819 30487 
24842 25163 
49554 49715 
30741 49545 
38579 44644 
37211 40155 
27059 28422 
44777 44986 
25373 41189 
2150 33726 
47589 48287 
33905 44683 
4024 22366 
27464 31121 
47719 48494 
33932 47230 
46080 48511 
14334 16357 
46839 49270 
24606 29235 
964 19551 
3642 42502 
24159 44873 
28349 47971 
9732 37424 
41659 49521 
5821 20391 
43954 45875 
25729 37607 
33500 41938 
30504 41493 
23898 36577 
35281 38330 
40129 41144 
18968 27797 
47581 48451 
21587 48135 
48073 48836 
44419 47608 
36955 46582 
1595 4036 
17976 25838 
46940 47101 
46077 46512 
49917 49945 
14508 20516 
23903 43315 
41549 45508 
3504 13886 
45387 46445 
30451 49540 
14613 16895 
30917 49717 
25274 48793 
39569 40573 
43855 46379 
31379 40852 
23184 40432 
10076 20004 
2422 35919 
48929 49155 
20946 47367 
27284 28829 
48863 49668 
2367 24246 
24562 38690 
31684 38718 
45222 47253 
3884 33228 
46907 48051 
26862 49632 
49658 49776 
46321 48996 
13638 35117 
39392 46579 
20902 27758 
37133 39955 
31707 47372 
43037 44289 
2850 2942 
16908 40475 
3831 34946 
23166 23497 
21188 48696 
38210 39701 
33222 39983 
42783 46542 
46004 48420 
6053 31495 
3141 32404 
41265 43916 
4125 25507 
25493 34476 
49753 49914 
20638 44188 
27275 42376 
20463 39274 
45300 45402 
49236 49338 
45465 47642 
41707 49236 
8101 21644 
28298 44874 
37496 38596 
29322 41560 
17987 26843 
31129 36272 
28678 45519 
6534 44054 
15973 25292 
12933 37063 
24092 24492 
20379 32389 
47364 47855 
11095 23497 
35523 46696 
49440 49839 
10538 25071 
37839 38644 
20576 45201 
27694 28787 
19260 36089 
28161 31033 
25550 47876 
44040 46129 
46722 47868 
36474 42831 
36551 38190 
43457 45430 
35185 41543 
25952 32552 
47005 49807 
16284 41946 
15648 18884 
18668 46527 
44916 47394 
35301 48986 
46028 46846 
4229 12672 
42051 45775 
41210 48481 
21714 28405 
49222 49836 
40658 48800 
45563 47134 
3135 49873 
35372 39506 
39347 49550 
31295 32691 
5077 20100 
19227 23536 
18104 46321 
43983 46217 
18179 46304 
10635 11529 
33112 45460 
32867 33142 
14507 45707 
46775 48804 
43844 45047 
45198 48902 
8129 43666 
21993 22116 
45924 49570 
7560 9092 
49915 49930 
12614 16673 
2526 42775 
48239 48763 
41832 46280 
31928 48333 
45035 48829 
27210 36257 
31824 33087 
31120 35210 
43916 45008 
46671 47930 
8210 47230 
16552 44498 
16634 39465 
2131 44555 
14761 31183 
45255 46619 
39815 44233 
25909 32120 
30776 33475 
47016 47339 
9566 44353 
45814 49290 
40208 47065 
19410 24524 
20136 25146 
30246 48629 
36306 45987 
22923 27024 
16863 35653 
19098 23578 
1768 42143 
42542 46667 
36960 45740 
14670 45851 
30584 44390 
47381 47631 
31958 43727 
686 6439 
8374 42654 
735 23789 
13575 32005 
44848 46286 
34035 46575 
11892 17982 
2693 44399 
34203 35006 
11706 38029 
36465 40243 
21562 41853 
49331 49996 
22175 25201 
45014 48313 
36433 39753 
12079 46832 
7893 12807 
13903 37544 
32862 34898 
24082 26334 
37621 38658 
8430 41626 
43834 49840 
8533 17475 
42937 49415 
18429 32232 
15539 20323 
47344 47923 
21206 35547 
4850 39441 
1051 20574 
11923 12963 
12829 22766 
14719 36823 
39570 47627 
35732 44467 
41860 44216 
47250 49904 
46155 48899 
20519 33612 
25246 28879 
18971 39526 
14660 35291 
28788 39105 
16286 25157 
8404 15943 
46828 48403 
22579 44066 
31372 44482 
40308 45791 
7451 15229 
40518 48464 
11285 14910 
41539 46325 
37532 38206 
3470 31433 
19444 27947 
9571 38334 
33252 48232 
18128 42367 
39709 43466 
6864 18708 
33703 39111 
44821 46187 
38347 47179 
8602 32473 
22639 34267 
1685 15596 
5133 7347 
40486 47588 
20349 25589 
23478 34147 
35008 41516 
46842 49725 
49402 49636 
37778 48919 
31795 41433 
3309 15675 
9628 16972 
30114 46627 
26179 37531 
11901 37396 
19687 44273 
32644 49415 
38254 38520 
27422 48834 
39905 46364 
42255 43134 
19396 34850 
18511 29338 
13559 31172 
28217 37777 
27899 36009 
17842 27013 
41334 42797 
48030 49287 
37182 46235 
16149 46307 
38422 38862 
24930 27188 
44810 47043 
46638 47302 
16401 32393 
32876 36966 
28720 31477 
5449 39301 
45104 47040 
19623 40845 
41727 45025 
7651 43978 
3151 44984 
11448 41216 
2170 3853 
45094 48772 
23199 25347 
234 37471 
15298 36059 
637 18786 
11031 18388 
48726 48865 
14996 23349 
46868 49477 
29006 37561 
41457 45703 
39890 45537 
9558 46346 
26357 35454 
46421 47090 
46991 48236 
17971 34893 
37743 41591 
44621 48983 
26128 41727 
16853 23747 
13229 35389 
12918 30859 
17348 42072 
21406 35859 
15925 19687 
48166 49183 
39023 40723 
37617 43015 
6642 20352 
6672 45171 
41937 45803 
3319 32824 
45763 46696 
18422 49245 
18077 19302 
16492 42776 
12786 22804 
48198 48779 
26316 36103 
11371 20359 
38525 47488 
32743 39452 
41102 48451 
38709 49227 
3765 18021 
6007 34241 
34999 47880 
27741 40299 
32974 38697 
32822 43488 
38055 40408 
1752 12285 
15579 22228 
16887 36662 
30031 44110 
191 24023 
22155 45146 
40619 40998 
24679 46386 
30333 44720 
22949 27033 
36458 42563 
30342 37069 
5762 10698 
41027 47934 
3327 35940 
17926 24743 
10417 26354 
29686 37719 
17981 47517 
26138 47412 
45149 46794 
11242 42956 
9851 11994 
44041 44919 
4956 20731 
324 12404 
27128 28119 
28006 47861 
21693 30348 
36226 46807 
12530 15675 
44214 44943 
26315 27447 
16147 28990 
34236 36440 
16798 31612 
13601 43360 
4152 46737 
2229 18568 
48782 48814 
19862 23348 
41160 45998 
25531 32577 
46205 46853 
12360 39212 
18710 24345 
9229 23398 
44367 49241 
49361 49772 
8975 32370 
8183 15925 
31573 49026 
18648 43099 
7210 49757 
32127 32164 
7072 32329 
25020 25635 
46397 49680 
4354 37719 
46802 47738 
3448 17482 
1169 41432 
37962 38477 
19633 31804 
33117 42466 
26765 43741 
42338 46576 
8726 48795 
38566 41908 
11158 12713 
29702 41061 
27722 49318 
18435 44429 
49390 49662 
25083 28702 
9752 41468 
919 36565 
44831 47277 
46767 48240 
4930 20327 
4063 35437 
1042 8616 
30594 42012 
42560 43877 
3271 6540 
14060 34689 
22498 33324 
16271 24708 
16639 42357 
41817 41835 
45109 48186 
6951 7060 
1026 23813 
43884 47672 
3729 17623 
10500 22318 
4736 13403 
16268 28671 
29800 48723 
47516 49060 
1942 6483 
19423 22816 
33065 49841 
22770 32302 
42803 43593 
38380 49728 
29453 32803 
38321 47264 
1608 30318 
25824 45297 
13355 13927 
11022 26425 
8875 37131 
32907 45348 
10239 48763 
41005 49631 
11910 47813 
47770 48690 
40181 49906 
35539 49713 
14301 16199 
48096 49615 
8187 8749 
4350 27117 
3108 38152 
30739 46791 
17935 36801 
27600 37657 
13110 18500 
39059 47161 
31313 36981 
27828 45906 
46169 49382 
24503 29545 
36465 36818 
36811 40988 
45881 47589 
21247 39684 
34279 44498 
26078 40131 
1873 31554 
49757 49800 
33536 45124 
36847 37120 
44416 44572 
3857 42811 
17690 27631 
19611 38730 
6144 30351 
37712 46274 
9945 41458 
12462 22029 
34578 45363 
2205 29424 
36216 43251 
28342 48265 
34687 45773 
1220 44488 
39512 46203 
38708 38900 
42531 49451 
35790 48386 
22 47279 
1897 34667 
20259 44842 
27382 34951 
34076 47646 
4061 19737 
51 13612 
34119 47203 
27924 43027 
44230 46228 
47277 48583 
13321 34016 
45979 49923 
30043 43669 
26483 46976 
1843 50000 
1051 47957 
512 19986 
25550 29118 
7127 32786 
39225 43564 
2585 34179 
42090 49669 
33418 42044 
34433 44419 
26778 31060 
24712 42580 
16900 21386 
7316 20642 
23403 35756 
7809 21533 
46042 49468 
4003 48238 
1997 42163 
48206 49532 
28061 46604 
39369 39632 
33272 38180 
7333 38123 
17349 30627 
8798 33943 
42277 43354 
32227 42581 
45575 46169 
39291 44769 
42467 46194 
1215 10171 
35773 36951 
38858 43930 
33441 40896 
21084 39689 
13384 33657 
38222 45734 
3754 23025 
25352 28791 
39793 43537 
44319 46074 
9740 49175 
4917 22614 
25090 34608 
43466 45226 
37147 41081 
9933 10421 
10236 29442 
33556 38963 
41301 46518 
18660 30285 
21230 31175 
46189 48556 
31144 48748 
37710 43276 
21146 43032 
41718 44220 
14 49515 
42485 44888 
39901 47892 
47781 49898 
47520 48345 
12568 39508 
12391 20655 
30806 41855 
23839 43945 
25069 31333 
2940 49383 
17390 21351 
45693 48860 
27892 46856 
8323 31137 
7623 12339 
24582 40357 
12341 18021 
19535 48208 
31190 39769 
36046 47359 
38653 39251 
38167 48644 
34317 48537 
15679 48902 
25400 42147 
48327 49498 
10350 44198 
27121 48203 
3445 44263 
44761 46431 
39561 39606 
48854 49953 
29638 34101 
20072 28905 
4000 45605 
16647 36229 
24335 41317 
35407 41182 
1877 19419 
23206 26449 
42242 47082 
12891 19361 
8904 16018 
43031 47954 
10661 39397 
1534 21212 
33740 34480 
495 22653 
44165 49919 
6436 17185 
30653 36609 
14815 15581 
38450 45961 
40406 43800 
20869 42472 
15376 17298 
4049 47359 
19474 34835 
9465 25385 
1920 41119 
38769 45077 
15562 28220 
26906 49639 
19953 25960 
836 18438 
28899 33323 
25175 42021 
37620 38733 
12422 46998 
30137 44398 
10806 37996 
47937 48780 
34423 49722 
41452 48958 
6613 32040 
4650 24710 
20166 30517 
4098 6051 
24082 32672 
22393 26075 
5077 39703 
38573 46662 
12674 32332 
22868 49871 
29505 39147 
37437 37723 
35114 48227 
2057 28009 
15639 27757 
457 22779 
30489 43568 
7015 34832 
49736 49901 
4617 45898 
15 20436 
11029 13635 
13829 32361 
33460 45145 
46260 47109 
34982 41206 
38059 40673 
32255 47655 
22731 25028 
8641 8881 
23081 24430 
44810 47606 
36502 41519 
4149 48535 
26058 27057 
48887 49593 
1714 32697 
33042 45444 
38852 44956 
1635 15398 
22063 34681 
20535 48785 
27402 33143 
32504 41560 
49347 49826 
2395 42995 
20173 25403 
19260 26737 
19792 32744 
23357 43484 
48786 48947 
47949 48234 
7290 38895 
22243 45658 
35528 49592 
20519 42848 
5618 19218 
37689 46097 
26740 47738 
10174 30045 
42349 48467 
7366 30402 
24236 30179 
11029 15965 
33390 43944 
30953 49615 
17183 34680 
11582 37965 
40533 42884 
5057 28294 
1066 11815 
26479 47406 
25451 49560 
40505 49407 
18452 48452 
12955 31189 
134 31858 
49435 49819 
47087 47414 
35563 40658 
5181 45523 
7657 17223 
24538 41118 
34805 37122 
49339 49836 
2531 39104 
36720 39608 
36257 48739 
12876 22364 
31964 34304 
10940 39176 
20381 28001 
46913 47267 
48111 49371 
2588 10007 
29826 34458 
47317 48223 
34737 49510 
17535 24648 
41643 46359 
26573 29158 
21048 31355 
23944 27341 
26895 43503 
7015 40202 
29227 37776 
41994 46884 
8781 30837 
13391 37207 
46525 47373 
9637 36154 
36010 41755 
10212 32098 
18085 24934 
43742 46448 
47775 48483 
35143 36041 
42370 43743 
27139 35359 
45312 49786 
15257 28231 
27876 41087 
32429 35524 
38540 45107 
14012 26577 
30425 46098 
29400 46287 
36729 44010 
7416 39840 
7161 25918 
4283 42949 
34874 49277 
42867 43189 
14129 15880 
37802 38128 
22621 40908 
5485 20352 
37431 45281 
41996 44673 
47909 49718 
44605 45962 
10618 14534 
4155 13909 
29998 44152 
245 3157 
4756 29801 
19166 40645 
9328 19340 
3415 12789 
32502 32619 
20965 27163 
14442 46674 
37181 41814 
8272 43373 
43955 45773 
13656 48243 
10770 38210 
4580 42957 
12861 40770 
49683 49973 
31282 47227 
42418 43247 
29626 42924 
38838 41027 
3566 36673 
43982 49107 
22361 34715 
23149 40536 
10934 17678 
38330 41466 
11624 29873 
43028 46978 
37898 41521 
15857 29247 
26281 30881 
35386 45180 
19498 35030 
21552 29872 
18842 32291 
33148 33921 
27755 46810 
32650 39372 
9386 32388 
7636 17374 
47785 49183 
4977 34904 
21353 25034 
6486 42267 
29346 39487 
49658 49804 
10179 19327 
16176 46524 
1937 35843 
44944 47334 
28080 38312 
46914 47364 
10806 26747 
291 34352 
26979 36491 
45570 47071 
1030 24917 
17221 26255 
23571 33466 
13260 17573 
13930 36841 
36790 37692 
40777 41615 
7772 46964 
23219 44579 
5305 47023 
4835 35785 
1650 13834 
2742 13315 
48656 48920 
43441 47261 
31172 38999 
40754 46401 
34871 35751 
16520 49969 
43094 43868 
15270 44233 
25791 31315 
29801 29846 
29407 35185 
4340 36467 
35139 48142 
23819 36577 
953 14514 
28483 46625 
17685 43383 
18930 21533 
17040 45985 
48061 49995 
42693 44334 
837 49602 
19453 43001 
46952 49198 
37142 44510 
6599 49405 
49240 49595 
35711 45809 
4554 43920 
20532 32965 
23449 23747 
20146 33320 
48675 48828 
16087 38492 
1999 40435 
24517 26290 
3125 3836 
33645 45850 
15222 17850 
5368 44834 
16877 42835 
9151 11310 
40156 47497 
7137 7922 
10501 43513 
22419 28837 
48200 49001 
30858 44729 
39074 39261 
6820 32497 
639 30060 
29706 42972 
28598 48027 
33763 38303 
16723 40500 
17118 24107 
8545 48769 
49827 49940 
4452 28801 
637 37321 
46505 47840 
44851 46677 
10625 44357 
8100 18556 
24108 46494 
33734 39571 
40511 44241 
19075 47918 
43560 43865 
22142 28512 
17952 40084 
48613 48622 
17584 46404 
15678 49175 
48561 48816 
47374 48648 
11069 34692 
37937 46331 
38028 39266 
43655 48180 
31665 47670 
17030 32843 
38444 46555 
43999 49227 
19746 27153 
30235 35089 
10867 29813 
43434 48483 
26925 46947 
9979 41189 
38162 42374 
49150 49486 
30328 46895 
42925 47849 
14161 30293 
13069 45414 
40748 45669 
35112 36238 
25291 46967 
31550 42883 
26262 32630 
10240 11992 
13629 26641 
45106 49514 
38423 41022 
48226 49014 
35214 41183 
21784 25287 
22095 42469 
40704 42653 
16162 34747 
17145 29931 
35955 42146 
35090 40486 
5134 44822 
41187 47017 
40151 44103 
32452 49502 
11254 16442 
1191 37346 
20899 46482 
15452 40089 
49856 49986 
27378 44908 
25524 42336 
16932 30863 
6305 46571 
19760 35024 
36603 43363 
41605 45425 
13906 38987 
16302 16854 
27554 45450 
7028 7768 
40671 43555 
23696 49523 
6367 11806 
44067 48364 
24039 43684 
2499 37089 
34107 39126 
5368 22432 
5281 24866 
12207 39655 
34232 41148 
18943 31482 
957 32256 
10140 27183 
28569 34075 
37484 44922 
29931 43522 
36022 46889 
14833 32137 
42745 49458 
11958 12262 
28890 35603 
32424 43967 
48853 49287 
44996 48893 
19063 39148 
46122 48243 
28795 37644 
11739 14454 
35201 39865 
33598 40321 
38955 46813 
41865 48146 
29151 30405 
47838 49436 
17707 25184 
19824 22667 
20030 38121 
13612 27256 
42543 46585 
27306 47385 
8683 16040 
25095 33725 
28115 49975 
30016 35987 
46258 46906 
46547 48291 
2738 27037 
21189 44983 
29078 29671 
44051 48530 
35619 38765 
22972 24488 
5061 17744 
32215 49682 
3360 11841 
21900 27415 
13129 26964 
14783 43729 
41348 49367 
897 39270 
36406 43331 
19599 31538 
27707 37018 
8998 10343 
34113 46837 
23233 48645 
46439 47619 
10538 26481 
14701 39919 
5017 11731 
31788 43565 
47967 48285 
30178 34992 
10222 49806 
22230 36502 
20908 44977 
12336 48287 
21368 32929 
18540 23341 
27528 49170 
18104 18820 
17733 31462 
26617 38763 
6000 38721 
38419 48035 
36225 38598 
6799 10189 
3604 17421 
45151 48228 
4534 44797 
13782 47815 
2112 3141 
28082 29687 
34246 38197 
35217 40761 
13638 27667 
27522 46467 
28846 33155 
38497 40256 
47454 48773 
14904 20073 
24037 48012 
33394 49375 
13915 26334 
42021 43439 
44420 46297 
34531 39464 
47088 49742 
34369 48921 
3857 8469 
19950 40219 
31397 36045 
10823 45390 
3079 17015 
18535 30604 
18678 49401 
43430 44386 
11471 28891 
10358 36260 
43914 46790 
46969 47526 
45181 46149 
42369 44650 
28018 37414 
20171 43843 
27080 36490 
10432 13719 
12624 13815 
48814 49873 
773 1654 
3717 21911 
32797 40116 
47190 49703 
6816 16724 
16802 49638 
25887 46008 
26210 39718 
33706 34638 
35921 43856 
25009 36617 
8129 34750 
28286 30838 
11538 30432 
35613 44560 
16193 43163 
26905 39495 
680 33380 
16716 39104 
45402 49936 
15564 32833 
32965 35773 
35283 44317 
18585 46508 
24998 45926 
20119 29536 
43126 46440 
19789 36976 
47316 49428 
42058 48767 
25808 30733 
48509 49728 
20936 47712 
2342 27986 
32841 42440 
4899 39790 
36237 41218 
26188 32158 
33408 35676 
47645 49345 
19058 28756 
18517 26889 
22403 42336 
32041 36147 
19985 42539 
33525 38610 
36921 40131 
14575 27841 
46408 47284 
32615 38263 
26860 49273 
42411 43562 
47699 47797 
23410 43011 
19103 40694 
1518 46481 
44874 49557 
9930 38528 
2632 15166 
43218 49764 
7401 49510 
36037 47096 
37019 47022 
49624 49829 
20094 27180 
36635 37737 
3236 32034 
25121 34047 
13896 23369 
24263 25377 
48574 49002 
1865 39805 
36655 38832 
23926 45464 
36967 47683 
21577 30325 
26435 28897 
21149 44166 
13308 49237 
9538 14658 
16129 36977 
28759 28789 
1588 19003 
13759 31609 
29600 46834 
24776 33538 
34308 41017 
36943 41443 
16698 22316 
28665 35756 
25731 30178 
37457 41448 
45547 48705 
46820 48478 
18285 44930 
35829 37281 
44247 44929 
3436 30693 
2491 17661 
2802 18027 
35997 39364 
24059 25331 
30868 38887 
15342 24928 
27683 43093 
27030 45563 
17403 41806 
12317 34799 
41211 48375 
20147 25384 
19925 47242 
18742 31437 
20450 25710 
574 2152 
41138 43263 
3700 16832 
27386 45716 
34690 46565 
49143 49576 
37338 39852 
40356 44090 
12899 21811 
4830 31223 
31349 42670 
22240 43497 
16992 28868 
9415 28263 
11256 27419 
12003 47598 
27684 46415 
10782 27603 
40222 42509 
23219 39001 
5666 45514 
28762 31246 
38613 48553 
32437 38753 
46630 47508 
13683 22627 
28234 37719 
26332 30343 
48086 48717 
38051 40180 
161 35699 
31322 36896 
34233 38206 
30701 34819 
40151 41640 
19448 44478 
18074 19064 
15145 15470 
6905 20260 
43567 44947 
31533 48534 
24154 43706 
13417 32230 
4252 48239 
37125 45145 
7984 26700 
15024 47309 
5028 31357 
10841 42509 
15655 47954 
11764 22235 
7317 44335 
41443 44855 
42619 43085 
12835 35816 
19141 42546 
10275 27237 
2813 44207 
40197 48321 
36237 36506 
30710 48594 
31901 40302 
42110 47911 
38423 45705 
36855 48390 
39551 42889 
11984 39140 
4789 7578 
47447 47985 
20113 38712 
13589 49164 
44059 48784 
40741 45093 
36927 41998 
331 44028 
14905 26577 
16390 28402 
13045 36741 
11393 15170 
46791 47118 
3985 48614 
11001 12513 
32398 41905 
32305 44154 
1175 46980 
49107 49112 
48910 49506 
46229 48433 
8253 46166 
32307 47737 
18992 37507 
4788 27135 
42019 48347 
10772 14414 
38487 41270 
12430 37897 
33141 43550 
7365 44727 
32220 38431 
32041 45379 
36561 43140 
19586 49123 
30073 47999 
31393 32468 
32701 34032 
15985 18570 
41283 47549 
13922 43889 
501 31548 
44213 49619 
4828 33782 
16022 21518 
47622 47918 
43417 49671 
43195 48873 
15652 36808 
39744 48007 
43132 43372 
22280 31233 
17786 31528 
9255 43625 
21346 43177 
40965 46840 
3435 4274 
46476 47176 
5057 47763 
34218 39375 
29302 40112 
15372 21913 
45443 48975 
47585 48822 
48717 49110 
45659 48664 
19012 23580 
30102 45755 
21927 28720 
34548 38343 
45332 48351 
27486 41752 
31573 33862 
46279 46753 
15335 41259 
22756 43650 
46778 46885 
8809 48511 
38859 47074 
25991 32191 
5913 22074 
28450 40608 
20741 20799 
37318 42816 
44805 46297 
36289 48168 
5141 48454 
14970 33669 
27578 37582 
2613 40981 
13253 27274 
18417 43112 
45628 48595 
23225 28144 
22174 29665 
36373 43020 
18450 48190 
40042 48459 
6336 44997 
18849 48812 
34287 37659 
6618 13946 
37763 39451 
18830 48106 
48600 49313 
25398 43941 
1729 39641 
5892 35029 
8413 10215 
28461 48400 
17431 44041 
30228 31786 
17536 26052 
37006 41048 
33238 39416 
32248 42338 
27771 33998 
543 32083 
9350 48054 
22521 35341 
29450 39745 
8309 12445 
20927 43922 
47402 48835 
26499 44993 
25988 27954 
38235 43741 
75 16120 
39545 39984 
17569 23551 
36205 37569 
27365 29019 
23356 47381 
21617 37533 
49603 49898 
31583 38972 
11689 12661 
7419 12537 
29488 31780 
24484 39799 
11406 43186 
23976 32762 
46838 48935 
23158 45343 
31697 39076 
8107 15646 
16636 44505 
41265 46272 
540 21572 
19906 24100 
22208 22821 
31327 35920 
20854 49226 
25144 46967 
19754 45815 
9914 36372 
28825 43860 
36195 49718 
47269 48844 
27558 45206 
17427 45864 
24165 46842 
8023 29273 
46408 48134 
19824 39477 
29107 35931 
24184 45473 
30554 30940 
41119 43477 
2785 35653 
7927 32049 
24714 49462 
25548 35667 
16005 18622 
20682 34617 
17360 27301 
6229 42676 
39244 41340 
31221 46688 
20333 35151 
19163 22669 
1788 39486 
44045 46714 
42260 42438 
26015 32719 
36190 39236 
46587 47230 
21635 44041 
28131 46460 
38790 45885 
14014 48196 
6126 32392 
39268 45681 
27629 33911 
11314 47641 
43748 45469 
26869 46979 
26640 36818 
33774 36933 
2870 15009 
17436 21736 
38320 40618 
31657 43556 
13515 26497 
45841 46154 
26675 47201 
40339 41244 
47728 48655 
47227 49287 
3414 19726 
5720 38253 
26700 30081 
29736 33692 
39210 43807 
21527 36969 
47173 48462 
20644 40778 
27104 33051 
25353 33878 
29458 40760 
21888 39189 
46577 49015 
24534 45727 
17093 34487 
39149 42520 
7484 34237 
10877 21022 
25143 40743 
7816 8205 
17792 27491 
5985 13854 
4886 13092 
18050 25429 
37300 49238 
45234 46795 
29302 40236 
15362 47053 
37685 49035 
39607 40083 
10646 49972 
23656 45669 
27511 31866 
36379 38116 
49251 49406 
3555 7814 
23171 45693 
731 15765 
24365 27522 
3116 7493 
31703 45390 
29594 45865 
23831 42336 
6996 24912 
7969 26839 
6873 28613 
10485 23239 
37988 38613 
27693 34747 
5171 44043 
16297 47335 
23251 42497 
46947 49871 
3037 25796 
48123 48349 
45088 45204 
41767 48200 
8815 43965 
30757 47754 
29254 38897 
26566 36679 
16000 47147 
14622 32337 
14356 27020 
1916 20385 
23010 29638 
34639 46729 
39890 48273 
38694 41850 
15917 40544 
21340 35819 
29939 37253 
14702 48587 
15904 36908 
16644 24249 
37612 37831 
19021 24640 
33521 38880 
38183 40663 
45424 45972 
9714 27188 
48128 48887 
31582 34538 
10028 22844 
2523 9058 
32440 45178 
26056 32454 
19932 31203 
16094 48789 
19856 37920 
4181 32236 
43908 48152 
49230 49815 
1834 3308 
30491 46664 
15337 49812 
37261 39539 
11771 25887 
19592 32550 
28948 38570 
2951 9735 
15677 25100 
40267 43708 
37791 41746 
42170 44672 
25142 45212 
14682 17311 
40695 47282 
7842 14352 
19345 41036 
7005 39928 
43093 44294 
6298 13603 
47402 48706 
34027 41360 
29702 45709 
33438 37766 
17661 20623 
22846 30533 
22630 38597 
41988 47978 
20754 46976 
10074 38053 
4228 44211 
2417 3924 
34961 46651 
3106 7556 
16064 37930 
20948 42708 
45212 49474 
47053 48486 
12478 18303 
9593 22769 
25474 43557 
29364 43531 
49899 49909 
433 32791 
39604 47334 
34863 47058 
14549 15919 
31233 37209 
17037 28431 
36036 42140 
36626 44009 
9556 32894 
17221 26815 
31540 33394 
32019 34557 
38086 42696 
8667 14031 
9501 44160 
33105 47072 
41818 42417 
35560 43968 
12564 33407 
9346 41332 
17692 44317 
26797 33489 
24932 42886 
7741 37103 
2931 29713 
2434 40304 
13750 46428 
20264 45953 
6284 42547 
33148 39436 
11318 42554 
39045 42701 
23256 42563 
29041 39645 
41725 49921 
381 49667 
10416 28077 
28125 48238 
30333 31172 
31820 35533 
12280 16455 
17484 49641 
12562 35739 
9319 30491 
16066 42497 
23905 47556 
44851 45200 
15089 17855 
12264 15204 
10267 37982 
21279 35583 
17694 18212 
24381 38781 
31122 40516 
24526 37914 
39191 48539 
41447 41780 
3606 6192 
24016 32360 
21571 41797 
7593 15935 
38960 44353 
34908 37044 
22978 23348 
39951 47858 
516 42710 
4160 31427 
40381 41746 
25128 46572 
6849 14433 
44779 46645 
8217 29171 
9218 9425 
47285 47593 
32760 45067 
9195 10107 
30106 37413 
15154 16809 
11753 39862 
41889 49110 
10835 42053 
8555 14495 
14428 34161 
13535 20156 
24362 28176 
44763 48815 
7531 21365 
19065 47918 
21495 21845 
32421 46890 
15748 36468 
24604 44132 
32762 45614 
43793 43816 
3593 21722 
22992 24251 
13276 13514 
46444 47229 
18160 38427 
2433 35691 
16721 21187 
42157 48765 
33092 35840 
33131 43588 
17428 42754 
17019 32302 
43285 49906 
39983 47254 
22769 30905 
42394 49790 
3453 37702 
38046 43828 
49521 49544 
11238 26802 
35744 49551 
39636 43568 
5704 43619 
35442 49899 
10098 10373 
6924 28975 
43152 48590 
16842 28284 
38495 48784 
27329 40126 
4659 48058 
25176 28883 
4118 39950 
27782 30183 
13012 43486 
23566 46141 
46906 48573 
38355 48019 
23015 36710 
20918 34614 
40412 45280 
17709 23260 
49632 49709 
3900 24764 
35479 43245 
1992 46333 
28923 45658 
3244 9044 
3942 45550 
34564 38076 
21062 27758 
3371 21702 
12735 36914 
32673 44549 
16474 16587 
16387 38943 
43409 47228 
765 30818 
17894 42174 
2667 9076 
46439 48958 
23305 38176 
43766 48265 
10618 22063 
15187 46687 
876 46572 
38652 46500 
30194 35473 
41405 42280 
29231 45243 
11368 35249 
8921 45483 
29073 45206 
20406 33326 
12323 36755 
46939 47984 
20327 23747 
32190 34742 
37589 38699 
10358 34645 
38358 47816 
21233 23806 
18109 43352 
28319 28393 
17096 28514 
7128 48766 
23108 49182 
26268 30197 
45138 48356 
46656 47136 
27369 38263 
40874 43864 
427 3460 
14421 31810 
40055 46494 
5813 25285 
34357 39557 
10703 14680 
9911 31946 
20076 40618 
38774 42320 
20686 21761 
46417 47587 
3570 13409 
7728 42457 
39434 47254 
44644 46913 
37334 47072 
21150 35605 
13755 40442 
25578 43040 
10718 21496 
41674 42631 
10959 23322 
7776 17659 
45802 46116 
30355 49194 
28782 34334 
10323 17126 
45743 47465 
33954 37486 
49855 49994 
40167 45810 
18001 44373 
10137 37813 
1062 24454 
4286 22210 
26928 38238 
35211 36886 
18415 48123 
17125 19603 
20974 45904 
19763 20746 
49324 49940 
18780 40191 
13404 40023 
9859 30218 
48495 49022 
37566 47532 
21014 37153 
5511 13137 
21631 26726 
7645 11800 
30925 49735 
16569 36757 
11295 14415 
26538 48611 
3991 10971 
3011 18164 
49351 49925 
29800 48711 
32101 47447 
12374 39208 
26800 34830 
36174 38948 
18844 36404 
3834 16483 
35260 39850 
27096 36206 
43285 44707 
39723 44479 
32122 41027 
29148 39521 
46473 48348 
49683 49904 
14439 36431 
19966 31199 
38940 44734 
3720 45507 
38623 42558 
32707 36899 
25678 48908 
28431 36556 
26491 26860 
36304 41756 
48526 49676 
18218 38640 
22006 33496 
34561 46157 
18721 38242 
3986 19704 
48925 49389 
40184 45746 
16211 44411 
48625 49759 
33041 44575 
14622 16003 
69 44387 
35312 43259 
40726 48573 
18542 30358 
8681 48566 
33978 40190 
41296 41560 
38399 43388 
29379 43503 
17253 25352 
18180 26075 
47164 49855 
31347 43470 
14631 36130 
469 11070 
31901 38118 
39255 46497 
12446 22036 
35171 49787 
2738 8697 
28118 39117 
12333 37770 
46975 48080 
34744 47435 
5737 45400 
34270 41134 
18553 23244 
35508 39481 
43646 43832 
43762 45123 
49299 49490 
42549 46889 
40890 44602 
10647 48988 
25674 36587 
47864 48651 
44021 45655 
43652 47755 
45466 49315 
41604 45605 
44075 49789 
11251 21006 
25275 49346 
33848 48651 
29134 46983 
34046 37785 
4982 48306 
15094 15157 
19074 32754 
40716 48901 
15414 26565 
6471 37874 
42391 44374 
10554 15583 
2283 36728 
4290 31694 
48420 48684 
43599 47567 
3026 29945 
164 9146 
10231 44065 
46506 49392 
34614 47416 
38760 41169 
11755 22829 
47945 48084 
45890 48214 
9568 22683 
5100 36177 
23538 45366 
37159 49636 
11603 46541 
4716 9752 
40833 46523 
9604 11280 
48127 48211 
43509 44161 
34795 44012 
4410 23900 
47799 49551 
17183 37851 
7119 36904 
5831 35914 
31154 41235 
3059 25793 
5664 16410 
14509 43605 
20874 37982 
1524 15327 
42538 42917 
39863 42468 
3593 42631 
9808 13789 
49721 49736 
41387 48415 
47359 49116 
41883 45567 
13363 27474 
39309 41960 
42485 48705 
21265 34624 
5511 12971 
26923 27068 
48583 49165 
21215 43547 
42733 47402 
21456 21747 
23866 24241 
12107 30833 
38267 45014 
397 32938 
47238 47869 
3350 22114 
18118 43563 
29193 47720 
6175 33254 
30718 43613 
33261 36270 
11123 44708 
48752 49064 
47889 48087 
3347 5328 
26779 47847 
49061 49200 
46881 48673 
17392 22121 
48164 48258 
36835 46221 
42746 43015 
3608 6667 
9164 33718 
17095 23919 
36288 46393 
31808 32868 
9782 16747 
38115 47213 
43154 44878 
4491 18258 
41784 49961 
40730 49550 
31406 44218 
28101 49335 
32534 40968 
26406 29991 
33809 45920 
25014 27462 
16629 46829 
30588 44973 
39588 48540 
29828 43885 
45984 48123 
49568 49572 
8508 16904 
31491 32507 
37334 42705 
46760 47599 
12895 17466 
37050 43482 
10336 21630 
37005 38227 
18160 34092 
792 25688 
21728 37221 
2480 34518 
9784 47536 
34242 35384 
37361 39022 
8402 37439 
34591 45017 
36250 43200 
26516 35388 
14424 24543 
20323 25889 
27809 29690 
38361 38868 
31429 31831 
14458 34643 
37448 46212 
43856 48592 
23321 45579 
14954 21770 
22694 26271 
12324 35828 
34697 48733 
31865 47973 
33535 36438 
27208 45167 
16569 44722 
24234 29721 
4673 47235 
21428 48057 
37740 48247 
31807 34478 
38121 47167 
47328 48649 
3834 40739 
35415 45957 
40453 45113 
19172 24627 
21175 32278 
5169 36139 
48686 48757 
32519 41637 
31424 46666 
16585 21716 
34326 43791 
35461 45042 
18003 28483 
25556 36890 
38486 48017 
34687 45491 
8799 32866 
13469 18276 
7855 13909 
28342 35737 
36561 48468 
6669 9787 
22137 38283 
34507 42172 
1911 28258 
9704 49493 
39659 41544 
35593 43914 
21307 31603 
48298 48603 
48492 49373 
5095 19487 
44034 49418 
13887 17594 
13524 28922 
20383 28701 
19021 31666 
17273 20960 
25139 41615 
15112 23901 
6560 7760 
21437 42176 
12621 49959 
15735 47941 
26032 39064 
4995 41020 
20162 26227 
18245 44977 
11300 34999 
37997 41816 
48559 48918 
44766 44768 
11540 31911 
41253 46671 
19519 39633 
38020 45918 
47944 48959 
26721 42827 
40248 46631 
19849 42317 
4733 43858 
12477 33942 
39519 40526 
5038 43380 
23771 44146 
9418 35988 
8679 31369 
34654 44950 
21778 48226 
32809 35298 
25824 30333 
46523 49575 
810 26778 
43633 47584 
25589 29925 
11703 24326 
11468 48164 
26652 39532 
38414 40143 
29696 41952 
1698 46526 
8128 30294 
20522 23169 
34459 34920 
42937 47383 
14405 42915 
10562 19555 
10672 47575 
10576 38935 
27378 35654 
11752 22731 
6902 11849 
17673 46370 
30769 41735 
47672 48605 
17122 20741 
42763 43227 
27501 41950 
3787 26218 
17950 18258 
39661 47322 
10619 27202 
27139 39632 
29184 39645 
21611 24230 
20266 25532 
27460 43009 
27562 47659 
43068 49748 
39461 43812 
44478 48562 
5832 21201 
33427 39316 
1301 49707 
29683 45386 
46317 47872 
28214 39352 
21573 28092 
22643 31079 
28062 40095 
34634 36712 
46938 48580 
28155 38828 
14389 34436 
802 31778 
9407 15251 
12793 13841 
24686 33438 
35516 41293 
12443 25080 
20081 27264 
42406 43400 
17186 26773 
27482 33942 
11335 39352 
19714 27838 
22213 30726 
18161 43278 
18005 46950 
24163 30940 
7544 38706 
1755 44358 
46904 47179 
27682 31378 
21957 21972 
28172 39582 
23355 46496 
12599 42786 
36575 41731 
43167 43813 
2939 24938 
45998 46738 
31090 41278 
28828 49243 
8423 19887 
18029 28555 
37329 49217 
1412 38440 
40208 43039 
354 38086 
37102 49462 
33688 36597 
30322 31175 
46108 48997 
49645 49915 
30197 34489 
26319 31461 
32358 46489 
15841 19041 
29754 45413 
23141 40385 
11918 24266 
45916 45951 
44750 46342 
32780 39425 
18408 22994 
10345 30008 
11257 46146 
16189 49865 
48839 49805 
38176 38634 
27941 28951 
11220 19912 
24418 36126 
26924 36717 
24476 42715 
15227 34247 
5334 26375 
20887 23226 
11652 22480 
28929 45284 
38735 40175 
42701 49274 
37746 43697 
41516 48084 
47466 47887 
3577 34567 
39380 39868 
47455 48041 
25723 26994 
21407 21618 
44273 49158 
33370 35142 
38863 48932 
43323 45375 
31870 39891 
27124 28100 
49933 49984 
27973 32453 
43242 44419 
4290 49550 
14150 18090 
34572 35217 
49727 49885 
1479 41615 
17109 30093 
21523 32452 
40390 42129 
12784 34280 
8223 17427 
21057 49618 
42712 49808 
15101 35043 
33990 37419 
33714 44072 
9350 48044 
17783 34590 
21539 42858 
19446 27384 
5010 14389 
14043 49469 
27085 33219 
23963 44009 
2354 38201 
12440 29363 
19752 40445 
13352 31684 
46018 47414 
31670 33939 
29149 40917 
31677 34956 
5163 28247 
43078 49974 
10093 41896 
39400 41811 
32347 48953 
36313 45660 
20394 24728 
16174 38396 
19126 49683 
42559 47909 
15683 39227 
30389 47361 
49476 49901 
29237 35322 
13400 37570 
25022 26483 
31698 32829 
21727 21818 
34187 40164 
39425 46632 
2253 38635 
22649 39907 
13244 26006 
29934 33106 
30968 33358 
17689 46549 
40533 41942 
36289 36554 
10316 31033 
5831 29682 
37724 49302 
42578 43563 
15197 35397 
15136 39168 
47637 49397 
30937 46939 
43195 44400 
30336 45671 
43339 46691 
44636 47707 
8898 40866 
26066 43306 
41109 42764 
22810 23574 
39228 46596 
39222 47445 
21347 40508 
49619 49876 
14989 42379 
11697 45176 
11898 40125 
467 31002 
18769 32209 
5645 42823 
10110 28052 
45528 47387 
12222 46029 
2005 37377 
25989 39803 
1896 16221 
14052 29685 
5063 34260 
34915 44994 
43462 48290 
14021 20095 
8051 29662 
32627 37225 
14514 48158 
38402 46086 
6259 40339 
19671 43661 
4468 45229 
49596 49598 
41954 46656 
45045 46741 
39537 46587 
24431 26126 
13763 36360 
32419 48120 
3123 14701 
26839 39656 
15443 23809 
49456 49747 
36761 37257 
20598 49095 
37459 47067 
46376 49226 
7643 25640 
19459 27273 
46193 48696 
49291 49560 
15808 32298 
39249 45628 
44686 44689 
36049 48205 
23410 31737 
6471 31446 
42149 42886 
3004 3149 
32147 40033 
5844 15922 
48487 48724 
14957 44620 
22635 28315 
21190 31378 
41230 49763 
10213 24467 
48360 49147 
32210 42092 
22274 42757 
18153 18473 
46412 47101 
24133 37519 
21367 26606 
29590 30800 
6750 8979 
46563 48842 
3578 32807 
3410 26674 
8416 44170 
33383 46009 
22097 41363 
21265 37318 
24592 26573 
3929 49339 
31814 44395 
37393 41508 
40598 48521 
30443 46216 
7793 15718 
49899 49970 
49626 49776 
8470 40677 
39177 40470 
26910 30730 
9638 24120 
46856 47409 
42391 42528 
14959 27188 
49719 49873 
6088 27986 
43419 44396 
48152 49752 
10696 37406 
25425 38100 
39948 46509 
17384 44287 
35458 39888 
7073 36044 
20450 31112 
22374 35429 
3266 8492 
38181 42044 
39413 45319 
19060 24792 
9408 13378 
34417 38734 
28881 46648 
33636 48136 
30607 35620 
40101 43211 
29370 31508 
13798 42439 
40960 41893 
42682 48974 
26375 30479 
12530 17841 
10984 17279 
4555 26590 
46424 49944 
30238 49255 
28799 36198 
8518 26642 
25310 42449 
42183 44678 
45973 47688 
21266 29829 
21803 34129 
48842 49399 
20410 29499 
32362 37572 
31818 31911 
32814 37135 
35687 46702 
30131 36653 
18604 45500 
47150 48330 
17555 31299 
13989 40381 
4569 39654 
11831 38849 
4988 41583 
6268 16377 
5377 7627 
10697 46436 
9762 37181 
11024 22986 
23457 29893 
6025 38140 
36826 37927 
15226 20724 
38546 39023 
35356 35972 
38242 43331 
21094 29001 
23565 40342 
35260 41958 
4573 32824 
39038 40985 
7220 31216 
10140 33786 
46984 49050 
15803 44522 
45310 45855 
24206 29314 
4136 36432 
22789 31180 
15798 32066 
1282 44865 
22031 39215 
35900 42094 
20981 36530 
1545 33434 
24638 25545 
10177 35119 
41097 49203 
4818 15476 
5851 33857 
18941 37161 
33248 49236 
48174 49052 
9397 40276 
29170 42609 
42065 46859 
5134 25371 
8158 34131 
35996 41190 
40128 48637 
40947 48536 
49567 49819 
44552 47212 
21778 32433 
31867 38279 
1952 9418 
6096 25572 
20481 48118 
21559 29202 
19255 29046 
21825 33499 
16883 36386 
40613 41182 
48983 49108 
45232 45663 
2889 29020 
45245 48666 
24907 47735 
8655 41695 
49024 49893 
1117 33596 
14483 18825 
371 41166 
5567 33614 
48917 49137 
33550 48675 
12829 35527 
15283 33224 
16221 34592 
47970 48812 
21442 24791 
28519 29726 
44185 49353 
28493 42293 
22453 23965 
47617 49371 
2268 41643 
16530 38743 
7199 11272 
43105 47889 
21892 34175 
30102 49659 
5140 28157 
12985 27082 
4697 37008 
37614 46613 
20017 49890 
13217 36825 
6534 40801 
24071 27884 
13880 39013 
14323 30968 
18536 49081 
20250 47614 
36670 41347 
49129 49500 
7981 10687 
13519 39851 
26707 41360 
36156 39532 
16447 34041 
14476 32602 
5184 10411 
12466 13840 
46328 47969 
26893 36558 
18976 47430 
15978 17789 
15199 20878 
11487 15281 
420 46334 
16747 49194 
1505 17463 
44263 44289 
22117 49512 
49777 49820 
33287 49315 
24916 42717 
33542 39167 
16199 18674 
18725 38838 
16872 38621 
187 27153 
12004 41872 
22402 27090 
9296 26671 
43681 47238 
25887 46731 
5052 29403 
23952 26378 
29361 36989 
25897 47041 
46185 47163 
28434 37478 
150 32387 
20404 44685 
37573 42376 
34471 43148 
45368 47160 
45656 48353 
43168 43335 
28887 31874 
46278 49307 
35377 43459 
25436 32096 
802 9627 
38691 45207 
19213 22964 
20377 40398 
48397 48724 
218 3013 
29788 37164 
29598 49568 
25111 46309 
29188 37450 
33488 43227 
14328 19519 
26853 42361 
27529 30359 
20391 45244 
18437 40185 
5810 47763 
33318 38538 
15239 33540 
12122 48220 
9800 14695 
35386 40513 
49501 49950 
35263 46975 
18521 27858 
17406 24256 
31337 40329 
10383 11431 
26368 30235 
11056 42017 
25073 27092 
30390 39282 
45192 48408 
2241 25425 
15868 37659 
40715 42266 
6730 18708 
23871 38000 
14723 22335 
24419 45197 
30234 41535 
19716 25845 
8201 37544 
44061 46128 
35925 47784 
46560 46633 
28921 39079 
38814 43448 
45664 47856 
24376 38836 
17785 33399 
32456 49358 
49081 49596 
8143 44865 
34332 49822 
39823 40415 
47370 48131 
44703 47475 
6326 34364 
22650 39861 
15595 22408 
8992 38087 
17146 49169 
15834 23333 
39985 40440 
38417 48611 
23328 44897 
49934 49994 
44688 46868 
15697 40651 
17796 42038 
10482 42356 
46640 49459 
3125 35502 
26671 43131 
14833 32423 
36831 44399 
34435 36488 
906 8313 
38425 48681 
47904 48765 
47589 48146 
39591 42652 
31334 41838 
39266 48873 
48272 49740 
17239 35670 
48795 49960 
17398 31996 
7394 46616 
49038 49185 
40380 42830 
23317 26738 
5570 12489 
17085 22808 
43504 43847 
15525 22583 
39491 40939 
38252 44248 
46005 49094 
31630 32480 
31508 37708 
31188 32972 
48746 49930 
40606 41892 
12676 33096 
20435 33588 
11980 33262 
2504 48008 
10350 19067 
30304 40934 
7851 18147 
7649 38165 
39654 41297 
47407 48340 
49118 49494 
16723 25354 
34783 37705 
41876 45671 
30154 33245 
12343 47388 
27462 45481 
20130 49294 
27275 32411 
45968 49607 
32044 37622 
34601 49550 
11897 34829 
11400 36064 
10556 47139 
1703 19286 
7653 36934 
21415 27968 
35898 36356 
9758 39207 
30092 32601 
44018 47728 
36740 49058 
8656 12944 
25029 46257 
47134 49066 
41198 49534 
19080 20767 
15268 34050 
47683 49233 
4099 45705 
43827 46407 
43530 47737 
42866 47460 
26494 47946 
9360 42421 
1879 35018 
46154 46183 
11958 29514 
5990 35313 
6520 46759 
11695 42468 
16011 25010 
31591 45067 
41172 42136 
32996 39577 
25219 37819 
38620 46346 
1052 40732 
7527 42211 
32460 35137 
19418 27719 
20863 31835 
28185 42718 
299 18242 
48157 48509 
27550 46870 
32901 40867 
9524 20866 
7603 34500 
32302 42076 
17649 26784 
26236 42349 
6500 19522 
48907 49186 
29079 40113 
14767 37329 
31376 48137 
42984 43821 
36479 47725 
20506 44562 
35230 41962 
27149 29976 
47214 47512 
15335 29577 
24594 36328 
14867 16277 
32781 44705 
35032 40642 
28959 31334 
38546 47940 
36729 37902 
29691 33413 
36655 39864 
33809 41871 
31624 42788 
41787 45115 
29504 32421 
6106 27969 
13359 47353 
16068 43802 
42251 48365 
39468 41439 
17375 46047 
27378 29127 
13006 20061 
26153 27546 
8883 28598 
40894 48649 
26040 35874 
44627 49322 
3999 46169 
40785 45474 
21250 32248 
12156 47825 
40654 48053 
12588 16974 
10036 48899 
41679 47721 
30688 38722 
3617 5067 
42250 48673 
13759 37147 
40214 49830 
27171 45060 
33600 40702 
43247 45335 
14048 37106 
35334 49438 
26190 49525 
8822 24309 
31126 48934 
46505 49317 
9480 43076 
45038 49968 
19390 27041 
23476 39897 
6417 14053 
5362 28728 
18020 20029 
10558 16924 
32704 40642 
19340 39681 
20955 48651 
34423 43889 
12084 20791 
11608 45235 
27723 30635 
21006 38785 
24871 38091 
2384 23677 
47164 47697 
27866 40590 
24345 38840 
25304 49706 
12539 35887 
35481 36308 
40742 46346 
7592 33116 
20698 23119 
29746 42219 
1312 2241 
21238 44714 
16490 22507 
7080 38916 
39179 42842 
34024 35594 
12890 29841 
31712 40732 
42755 47531 
2839 33642 
303 40683 
8226 29878 
25424 26442 
7856 47376 
20448 46317 
20290 35945 
49273 49903 
13344 21813 
21427 39279 
21651 22780 
2078 22559 
13724 15315 
2578 6219 
29803 45202 
21029 36419 
46814 47805 
49345 49695 
7375 8984 
14769 17536 
46927 49724 
30845 40349 
20994 43989 
18178 20702 
18007 37259 
28719 41878 
38890 42656 
23996 27840 
27478 33665 
1387 8066 
39763 47295 
45058 49778 
45740 47742 
1494 42871 
34518 48232 
9359 30417 
36812 47408 
44246 44809 
28302 29112 
5765 41712 
5365 6396 
1806 15771 
2688 17491 
25550 32714 
18656 26378 
45319 49321 
41048 45649 
30146 32852 
7693 8830 
6434 49983 
38849 41990 
574 11855 
9369 46939 
25404 47017 
39066 47386 
9957 40511 
9381 29402 
22991 40069 
36479 37858 
6136 45726 
10771 32951 
30170 37403 
11133 43543 
4328 5037 
12907 43037 
32249 44762 
47534 49896 
22284 37203 
18439 46968 
4924 18487 
44676 45133 
15309 15316 
28198 39239 
24554 31655 
39475 47627 
44367 49153 
12374 12552 
201 30391 
22305 42568 
26846 28237 
25726 45580 
12489 22474 
1609 29915 
42244 42496 
36489 49618 
5639 9882 
391 24110 
7962 46388 
42589 49729 
49006 49561 
17872 38788 
2626 43930 
11465 47874 
31946 35295 
34115 48722 
21097 25635 
36600 47016 
43074 49501 
34218 46091 
47261 47724 
41290 45605 
23594 42129 
915 20907 
40062 41053 
42864 45555 
23761 42680 
11212 25462 
5655 18222 
27060 35945 
48315 49805 
47379 48829 
19611 45389 
36139 40751 
26908 42559 
30235 38357 
25422 46090 
49701 49967 
40377 40380 
13101 13881 
16002 41427 
24388 34992 
7103 49620 
30089 39872 
2921 13787 
6859 49708 
46769 49703 
18486 19388 
28 39267 
35654 43566 
45768 48539 
31925 42155 
48738 49013 
16698 37675 
26055 31864 
44044 45980 
41831 44127 
2332 31683 
17580 28408 
16890 43938 
8646 47228 
29596 30155 
15200 19107 
28249 48535 
26931 28248 
46306 47477 
26125 47580 
9522 33332 
30025 33157 
49491 49752 
36800 48650 
17683 20483 
48342 49966 
49674 49710 
35804 44802 
45960 48223 
15139 26673 
26238 39442 
44927 48040 
21530 36354 
23365 42379 
49313 49725 
8341 46371 
41397 41688 
49469 49724 
15621 48084 
41082 43115 
43317 44693 
7694 40847 
28851 49545 
11927 22880 
3320 39543 
37659 42080 
14585 16785 
14128 43223 
41936 47895 
7243 25579 
7131 11655 
28339 32754 
6632 18439 
16911 40933 
24442 45417 
28830 35178 
10219 19395 
39968 46966 
28128 47903 
14533 37789 
5471 41034 
4378 17420 
37053 39412 
46375 46422 
46817 48444 
49007 49579 
44873 44929 
22187 33381 
35079 44447 
804 3122 
25753 34652 
45707 49771 
28767 48358 
44386 46250 
3022 12138 
39516 46816 
1030 5780 
39752 40809 
22855 41312 
37146 49820 
44143 44485 
16991 46726 
17270 38979 
47696 48720 
41575 41719 
14600 46646 
26617 41302 
12770 30834 
36678 45347 
26847 45445 
40480 46340 
3640 30549 
30614 30620 
18529 31086 
460 42738 
43368 47193 
36283 39016 
22674 42533 
20931 43576 
33421 47733 
21740 28305 
31054 31943 
296 6999 
42534 44446 
39206 45457 
5080 22549 
25664 41444 
25633 46769 
36128 48019 
33476 47908 
44299 45546 
5733 35058 
21737 36275 
41274 43570 
19972 24880 
24643 27916 
40175 46803 
27460 27592 
39800 46584 
23664 31218 
30709 41124 
37021 38524 
9613 12755 
33375 37881 
40288 46208 
39946 44302 
25070 32271 
33545 46204 
21498 31079 
27994 39325 
18614 31427 
10311 11160 
37576 49924 
20613 35351 
2124 20579 
15056 46460 
43715 47765 
21735 37715 
340 11600 
30907 44139 
20511 47046 
29146 49907 
30944 34188 
5484 7834 
32933 33837 
34130 43514 
2273 46591 
2578 11499 
1721 17366 
42853 43005 
12689 34777 
47943 48863 
12696 45738 
19567 41771 
14247 27821 
1671 31384 
44316 44617 
8332 12460 
25832 30959 
13300 32285 
1717 33130 
34342 44729 
25645 38123 
34082 45910 
21803 37623 
8166 13668 
7393 7604 
18567 24897 
10755 38510 
20882 39750 
22806 34610 
3165 46648 
36718 42293 
11007 24464 
48040 49974 
13111 41511 
49157 49622 
38204 38382 
31976 38227 
29814 34441 
48391 49399 
37515 45837 
21255 37770 
19861 20507 
26910 39003 
32409 45715 
33472 35442 
5045 28142 
14037 45906 
49502 49670 
12301 32489 
47742 49472 
17182 26446 
34073 48711 
8478 19103 
8718 15639 
8387 24419 
27548 29909 
6287 40541 
17374 17414 
13507 36984 
45311 46564 
17325 32824 
2274 40524 
31094 45420 
18948 36469 
42101 48556 
16280 48453 
48157 48734 
4121 7054 
6909 21946 
27682 38083 
24049 38694 
392 19728 
7741 27079 
2823 25227 
47591 48059 
29986 47772 
38948 49599 
49309 49602 
14810 35282 
25626 31196 
7185 37437 
39803 47990 
31373 36535 
48286 48781 
3559 47418 
49206 49955 
14444 26572 
6286 39265 
19866 44393 
28911 41853 
3457 27585 
35324 47742 
24889 27411 
15538 27541 
2956 38490 
7689 15644 
36184 42212 
625 13359 
39492 45457 
255 30091 
48041 49532 
21960 32226 
28091 31196 
17949 33479 
364 28652 
25570 44390 
277 5723 
27450 48465 
11232 32980 
48918 49905 
6941 11593 
38209 38485 
4248 30147 
22547 26702 
38989 43532 
11581 18160 
47664 49477 
37359 37593 
18801 45980 
14142 37455 
36703 43325 
20993 31477 
31376 31694 
38813 40336 
48578 49017 
1159 18253 
6499 13029 
35854 36340 
22546 38494 
28533 33379 
3311 26545 
26365 37234 
1255 25528 
7307 13194 
946 3638 
4057 13143 
34742 48032 
38145 46764 
14897 20450 
5439 38702 
25806 26069 
47389 48038 
7286 24546 
27864 36550 
10951 47319 
647 9374 
29434 45824 
7320 44904 
9820 33849 
10078 19934 
47194 49993 
26028 45951 
14193 18452 
41851 47577 
16355 45375 
13969 41172 
11727 47186 
48060 49680 
42023 45888 
25751 44311 
9959 20491 
41028 47908 
33866 46929 
40592 48718 
9515 11699 
45810 45924 
33126 42589 
40803 43608 
22562 28608 
5656 15953 
40255 45966 
23691 48384 
9532 47071 
32464 42033 
3535 38080 
20739 28406 
34889 42563 
48042 49726 
41090 41563 
46053 46365 
20020 37342 
22824 41515 
14805 38007 
28773 40961 
23819 45729 
13138 31941 
33278 33525 
8760 13093 
36087 38190 
33064 44440 
19078 29782 
21040 39113 
14743 30710 
48521 48920 
20126 41812 
29610 36994 
23142 31204 
47879 49071 
29353 36056 
25915 27384 
13122 18656 
23654 30472 
40012 43064 
2760 31220 
46806 46812 
40736 42816 
18718 19233 
3391 28376 
42323 44355 
35052 37673 
47452 47742 
14448 49944 
20415 37234 
40518 44423 
44658 49759 
28841 36330 
36898 47735 
1970 41088 
5449 27815 
1878 44108 
14712 32036 
1676 33493 
39277 46529 
9600 30452 
43087 44893 
8171 11284 
21230 49296 
35885 40589 
45717 49113 
44673 47665 
48637 49622 
13577 17829 
3100 5635 
28555 49307 
37890 46844 
22050 43985 
12085 22255 
28647 41670 
16406 24352 
10771 20275 
45640 48166 
36860 49780 
45264 48842 
23008 46754 
17524 18134 
33704 40655 
27323 41465 
23456 27554 
22750 35494 
38281 49863 
36200 37659 
24932 32834 
36265 49768 
520 24319 
17163 48050 
17442 33859 
9375 26445 
35472 45662 
29143 48513 
1760 34517 
42142 49395 
20840 33019 
30063 48282 
38093 39890 
16110 31540 
21089 37962 
23841 32465 
38655 42257 
29467 37247 
12957 24069 
34210 46436 
27796 29903 
38006 47769 
11545 23454 
34580 46618 
14685 35269 
30999 46033 
2063 6531 
9318 14827 
44296 47289 
6040 17425 
15208 26804 
47888 49114 
37369 42299 
22824 27215 
32144 48020 
11145 31056 
39771 42603 
34762 40842 
49937 50000 
38201 49181 
10257 24423 
12954 28141 
11434 45428 
31155 47267 
43633 45896 
9324 49278 
8963 31332 
27654 47389 
18441 30749 
37177 41179 
47514 49374 
12401 23108 
39231 49743 
10819 39510 
10208 33364 
8606 21566 
34135 39696 
2706 15881 
12181 30098 
33953 41407 
39885 44063 
9391 43040 
48887 49695 
25473 41521 
24287 37441 
32595 49086 
31295 38164 
33861 49367 
30955 34832 
49514 49986 
9906 37047 
2236 14301 
24200 39336 
30353 36455 
22318 42142 
32300 42508 
12574 37196 
43942 47726 
47260 47879 
7832 41688 
29352 37099 
30749 37180 
40096 45938 
21988 41138 
18387 20635 
42891 44035 
33532 44378 
19858 45272 
40692 43478 
23825 47836 
43011 48366 
4833 17811 
7711 30136 
31287 45885 
31008 32262 
15222 25603 
8950 37613 
37774 46579 
10171 27927 
3106 28630 
26312 46333 
47200 47690 
25144 39964 
34604 38539 
4163 27323 
24106 30828 
48684 49142 
46609 47878 
46154 47039 
5316 5779 
49237 49542 
19537 21697 
2916 47129 
21608 39111 
44760 46332 
17073 46055 
6721 33282 
13473 32031 
43661 44160 
32980 47373 
6056 13679 
3366 47289 
24748 29511 
28598 40109 
30041 42652 
26178 49879 
24572 31430 
25135 32903 
30749 38873 
43447 49965 
47762 47823 
36628 47566 
32304 35924 
5891 43656 
16271 41984 
816 20730 
19041 46418 
8168 13106 
18922 44360 
4156 41178 
8247 13460 
46811 47818 
5444 27042 
44985 46838 
44625 46495 
2473 18341 
36632 44504 
41354 41817 
5645 19478 
20166 37680 
5297 48871 
31168 46328 
22238 29879 
21742 49409 
45808 49787 
17938 39706 
10632 13489 
22623 41566 
13625 27126 
4937 31184 
35975 47706 
31582 48558 
21998 31029 
21190 36602 
49754 49955 
38672 49272 
44338 48292 
15129 37844 
1241 48629 
15459 29684 
39042 39450 
34777 40960 
46643 47875 
24596 45853 
4121 29037 
22374 46577 
7420 7578 
35516 42632 
28358 37036 
15206 18977 
13299 47917 
13403 16542 
6926 17383 
29013 47898 
36118 42794 
4049 4317 
45471 47557 
19393 41639 
37304 44845 
7810 15166 
20356 22983 
35545 43711 
14118 14253 
21224 38773 
43483 46525 
16430 43819 
8682 31336 
18259 20461 
18492 43872 
47359 49418 
18361 19135 
29259 35261 
4504 38274 
5980 19658 
38479 41129 
9804 16517 
26197 42680 
13215 46965 
46766 47483 
42141 42685 
33325 40568 
5507 26833 
31899 38180 
353 8949 
20689 33237 
29869 37870 
49096 49909 
29088 30389 
44173 47272 
37288 46589 
37371 49357 
8481 22746 
27136 37208 
7268 18403 
41066 44005 
39001 40181 
44155 46659 
9707 28533 
33306 45801 
865 47371 
9108 48462 
24504 36710 
32747 48627 
1892 33339 
866 42611 
20447 38387 
41381 47872 
41096 48075 
10353 12079 
6983 41442 
14243 28512 
17987 31086 
1731 40360 
44029 47220 
8052 32698 
40386 42263 
20997 40437 
5283 23609 
3386 20624 
40929 49916 
26209 38416 
14088 28722 
36162 41604 
39278 44168 
43890 48997 
36086 47524 
21350 30209 
2093 14948 
4328 18536 
43501 46918 
8525 47039 
28082 37439 
14360 38270 
49393 49878 
46425 49605 
25664 33276 
32880 48340 
27743 33047 
39171 40083 
5634 14890 
48647 49302 
44490 45406 
19211 34844 
9988 28120 
368 4717 
39406 47123 
38754 46257 
21183 23720 
22340 40008 
2034 30665 
44500 45146 
14467 21946 
15941 46658 
29221 38770 
30703 37505 
21118 40447 
38798 48524 
17674 27186 
20622 43290 
11074 46713 
40123 45650 
42151 47992 
33708 39866 
43889 44705 
30178 46022 
34601 35134 
3005 37607 
21354 25463 
30743 46416 
7894 43441 
11217 41251 
6438 12204 
42277 47753 
22017 47141 
14400 42591 
21767 47423 
34308 44503 
10547 44304 
21223 33378 
9204 31605 
43323 43463 
29596 48802 
33517 43940 
40905 42121 
26283 45309 
7482 18459 
10551 44079 
17376 36840 
29274 43384 
25720 26318 
35232 38406 
28329 38392 
39757 42594 
42156 45693 
290 38414 
20144 31159 
24155 41314 
1939 16434 
48410 48738 
22633 37718 
41281 43238 
6859 26051 
41347 48625 
23630 28487 
20574 21880 
11734 25564 
123 32974 
6780 12605 
44892 48542 
37595 42960 
23529 29194 
34663 43303 
24274 42056 
28338 46466 
41536 48209 
18264 45589 
48468 49113 
22691 45949 
22097 40220 
5729 27927 
42859 48541 
8223 15521 
5588 22769 
7423 46236 
15151 48481 
30046 32470 
25337 43137 
48427 49689 
42096 43250 
23189 35427 
8945 37758 
21957 23932 
42352 43122 
19915 31976 
39675 45350 
2540 14316 
43292 44878 
41787 46618 
11911 20940 
42567 43114 
34905 40778 
18016 20131 
13671 46040 
9009 34362 
13460 13995 
16054 49671 
12668 23734 
28698 49136 
6423 16796 
46209 48004 
33818 45941 
24661 42395 
6849 19652 
21054 46605 
43629 48018 
47407 49448 
49174 49854 
15225 33434 
3846 16478 
29426 48790 
43190 44636 
20545 37639 
39032 48312 
20905 31917 
20282 46824 
27308 37936 
22319 40767 
44478 48736 
23202 42987 
33793 37691 
37753 47849 
17275 45598 
37251 48897 
218 4016 
7140 36788 
31897 40645 
7248 25490 
31264 42506 
43672 47221 
40655 44278 
729 37242 
13666 22344 
11457 30706 
20081 39490 
7823 25729 
31324 33139 
2642 9645 
36007 44175 
27378 30691 
24523 29907 
16835 46344 
12230 36046 
27642 30294 
30319 39362 
45570 46777 
20756 44973 
4855 25938 
22477 49052 
16236 41093 
23807 39385 
36907 42696 
44823 44836 
33531 45688 
38751 47868 
2216 2789 
26535 42732 
12831 16875 
38609 42727 
41077 48700 
11355 14958 
2246 15674 
29247 33202 
5928 27911 
49237 49260 
9397 22172 
42533 48167 
654 10339 
34318 44395 
3304 24766 
25468 36951 
28472 45155 
30008 37357 
34242 46081 
39264 40111 
17881 25141 
47975 49826 
45384 49860 
32462 48318 
32396 45322 
32663 40664 
30597 37840 
41524 43040 
46458 49045 
23343 34185 
46333 48180 
37941 39165 
10343 37438 
30683 36734 
6495 28463 
30303 46546 
49075 49348 
835 15518 
14788 29734 
15554 15712 
8299 25579 
1915 9379 
37728 43998 
27658 32520 
35289 36486 
2114 8405 
34783 36735 
21252 31110 
21098 26550 
20202 32293 
21757 41880 
33344 42032 
28517 38070 
14942 34287 
2909 12619 
5163 17305 
14470 49175 
1762 40647 
10190 29224 
13433 13873 
32253 38611 
36738 49831 
47161 48132 
7874 8719 
10680 35531 
23237 29635 
15966 41118 
36011 36093 
46899 48841 
13730 49175 
39789 39797 
1516 33157 
43557 48251 
48173 49174 
4310 18797 
33090 36396 
16149 28735 
30518 36472 
22905 24824 
11606 43100 
20536 30921 
30244 36157 
18057 45641 
32835 43987 
22277 30916 
48339 48652 
43106 46036 
44169 47821 
5581 32079 
29884 47070 
27136 35104 
28695 43012 
41586 45784 
43268 44823 
42440 48935 
2801 7637 
39280 41323 
45744 49271 
15342 25999 
25853 36400 
14411 22108 
47602 48630 
34580 46859 
29438 36747 
47484 49102 
41123 48188 
13243 43048 
38385 47264 
13616 32088 
17362 43294 
41143 43905 
546 2118 
16361 37545 
37732 41265 
15179 28756 
26484 48157 
36218 38768 
43182 48492 
35763 42156 
20276 23117 
25984 38522 
2452 11047 
16996 24044 
21392 48104 
19350 25449 
41295 44491 
40685 48891 
49384 49816 
34020 36160 
10613 12572 
32086 41118 
37510 40884 
29882 41918 
17569 38100 
43398 44679 
1199 18197 
9112 46149 
29594 40986 
1470 42276 
16138 30159 
17469 40312 
37204 48736 
1247 8949 
13676 19265 
37349 48446 
12224 33669 
10918 46001 
30783 37568 
15493 45976 
40087 47640 
28471 35681 
12077 17802 
39793 48429 
11390 31279 
5792 49520 
24989 48938 
35203 37185 
37935 49108 
34837 39778 
7835 18518 
38 16742 
25675 47885 
5630 49512 
49490 49667 
42479 47372 
22103 46408 
18964 49877 
9206 46080 
16938 43791 
33465 34262 
31492 45974 
34541 37173 
34245 46695 
13995 27930 
20398 21904 
43865 45723 
9738 23406 
7522 43898 
36698 45595 
46833 48184 
36373 46472 
8813 29744 
18633 28715 
5927 10329 
9320 43783 
8457 22988 
28716 36107 
40993 42036 
46064 48204 
15283 26978 
44683 49546 
19421 39171 
45830 49515 
40517 48539 
40856 41530 
6514 39534 
47963 49265 
16067 27795 
36456 37445 
49215 49292 
6108 21613 
13646 48982 
3179 5268 
29526 35807 
48145 48574 
44225 46378 
21527 47111 
15993 28216 
23893 29082 
40742 45553 
24863 38562 
37503 39529 
5234 21690 
20134 27029 
26009 44776 
48204 49439 
13410 31669 
18866 46555 
11070 11893 
17990 20030 
49151 49329 
5286 29718 
49652 49690 
24711 48250 
44597 49755 
39643 40082 
38584 48926 
29854 37834 
21365 34376 
39258 47521 
36717 45260 
37566 48315 
4199 47001 
1851 38495 
5797 34198 
12154 46082 
37594 47534 
12263 29668 
49822 49942 
34703 45278 
36296 38874 
20007 27179 
32755 33190 
31348 46756 
22054 28157 
18044 37764 
40355 42198 
32287 40631 
24710 38636 
46976 49020 
7661 26819 
21648 31735 
1332 36425 
6794 37198 
22435 28088 
44325 49610 
37543 38711 
11192 26263 
11448 39605 
10610 39589 
1658 8718 
19576 45763 
47574 48572 
35682 44832 
16244 18675 
39719 44342 
36480 41915 
25264 45555 
35172 47383 
27736 28863 
22004 33707 
23445 24030 
25123 42580 
19042 46590 
46181 48595 
49427 49511 
32629 47903 
21721 42651 
30703 46654 
3074 48745 
41949 42121 
45049 47353 
2744 11443 
37871 45441 
47469 49424 
6296 31213 
2020 21087 
18607 29115 
34970 49061 
16856 18231 
21202 38455 
24822 34594 
21238 34213 
15147 23582 
13232 30488 
7160 9074 
29378 49231 
8588 38125 
24393 34266 
43289 47064 
11361 44084 
18667 25560 
19679 22975 
24401 40132 
39459 46727 
12786 43092 
22331 41530 
48394 49596 
30106 32049 
47901 48839 
35360 37845 
9047 49967 
13582 49838 
38936 39455 
6683 31025 
3014 45452 
10516 20467 
13497 38066 
5183 49306 
14365 38325 
39405 40089 
8324 24919 
20158 30571 
29542 42989 
6718 6971 
21460 37738 
30433 40483 
28406 43263 
2728 25294 
2272 48822 
22349 38120 
20030 34046 
35252 49962 
15412 44241 
22555 24444 
1356 10930 
6866 39918 
6464 24350 
38271 44604 
4832 49619 
4794 16395 
34206 39004 
587 27853 
28254 32712 
3634 30466 
6345 45045 
24250 32359 
6787 41065 
30732 37302 
41896 47539 
34054 48111 
1062 42390 
4344 10673 
10246 33937 
41229 42314 
27785 49653 
48227 48531 
20315 40888 
49032 49377 
31992 37424 
35854 40294 
6919 13744 
31667 45398 
13787 47465 
42018 47281 
25202 48467 
42055 46870 
42009 43475 
19442 47912 
35685 46542 
5660 41064 
8955 47802 
8820 21035 
41549 48342 
30213 38872 
36599 43123 
7033 8588 
33212 49157 
34479 35590 
33712 43468 
14007 43544 
3223 47929 
4813 21919 
47233 49349 
37333 40034 
20536 44677 
39978 46006 
17867 23921 
9751 42826 
27829 41760 
12219 20888 
36458 40746 
44687 46349 
23651 29383 
44748 45117 
21103 22329 
46381 49109 
4547 7601 
49633 49735 
27833 30083 
14091 46371 
47980 49306 
30273 33456 
23595 39815 
9826 42441 
39606 49733 
30733 41359 
22221 35028 
49706 49945 
16458 33317 
7741 13551 
5967 22433 
26368 39783 
45286 46897 
47078 48012 
16346 30730 
47395 49879 
6710 20256 
17935 22785 
25982 36996 
6266 34225 
14935 41573 
22042 48417 
24075 40456 
6553 17630 
12367 21328 
12965 44349 
2220 26888 
15346 42402 
48104 49453 
30105 33642 
13831 17014 
35167 46539 
39715 42467 
23912 38904 
49332 49491 
12350 32522 
7980 21719 
48073 49922 
11594 31877 
34514 36809 
36740 43861 
30506 30664 
46819 47930 
3828 9161 
49667 49824 
33156 49776 
14145 27264 
33291 45468 
35918 47558 
7914 10989 
3705 4432 
30618 38555 
45383 49377 
48939 49507 
23251 29890 
128 41290 
45803 47762 
37352 49829 
5766 43805 
13475 13684 
9177 36019 
1815 9886 
17079 29158 
12377 46286 
2594 23957 
3742 47416 
7632 25105 
16133 35603 
29986 41336 
35322 48205 
37500 44147 
48245 48667 
36968 40322 
20095 39721 
29174 43279 
6430 7322 
1836 26478 
48478 48720 
49023 49218 
803 34828 
23250 33530 
37010 48341 
18279 46890 
31968 47251 
15357 41052 
4464 33894 
18390 21188 
20520 34743 
35898 40160 
26110 35958 
39944 46934 
7099 27590 
30897 34526 
42885 44068 
14849 45603 
20991 28537 
4161 28214 
34450 46972 
4621 10465 
41477 44543 
35115 45823 
15261 15994 
7222 14589 
39000 43658 
20032 45248 
13261 45148 
21629 45963 
5065 25503 
400 44335 
29338 40982 
43435 46921 
23276 37508 
37908 49518 
28394 29828 
4589 37033 
43545 47643 
7594 15096 
38645 46625 
42571 48204 
11817 36517 
9526 41651 
44811 46060 
46049 47848 
48937 49542 
21954 31727 
26054 31025 
35950 41094 
29939 41831 
44296 44764 
26507 45125 
47073 47581 
33064 43887 
18212 26972 
46340 48887 
44356 48556 
36061 42268 
34675 38185 
15301 43479 
37176 45105 
8300 32367 
31612 41758 
24298 27036 
21511 39400 
11639 38371 
14614 30163 
13953 17605 
2848 33023 
10089 36664 
4300 31541 
18990 20414 
40055 47038 
25402 49015 
17470 25992 
38868 43727 
34019 42962 
20775 47196 
38569 46841 
49443 49892 
30597 36980 
30609 36955 
46942 49494 
15241 43110 
15959 17470 
9487 39820 
12077 46972 
21807 37113 
37986 41747 
16639 17882 
40229 46571 
14256 42321 
35665 43161 
34095 37568 
18131 21903 
6228 43284 
46545 49955 
11636 47528 
19588 48140 
5288 47529 
33543 47351 
49175 49749 
38805 49631 
1532 15553 
38173 40469 
18699 47935 
25596 39131 
28890 40598 
43964 48047 
32391 45563 
384 7985 
2054 4894 
22695 47141 
38023 39710 
26809 34555 
47878 49547 
10453 43135 
48599 49255 
42070 49848 
31236 34394 
13530 34312 
34631 41549 
23806 39530 
6706 25057 
29472 38557 
2767 5972 
48356 49342 
33569 41211 
28687 29468 
5911 20898 
35632 48518 
19774 31109 
12434 13520 
33723 44445 
21364 22739 
4375 8379 
9815 32999 
40231 42647 
13565 29116 
24651 39182 
37631 38464 
21243 39955 
32679 40424 
5046 28147 
20494 37976 
42170 48571 
48677 49308 
41938 47303 
23994 44661 
40235 41893 
40220 43577 
23729 42705 
25695 40384 
20781 30419 
6917 41670 
13873 19135 
49723 49989 
13499 22093 
46091 46372 
27329 30222 
18239 38213 
49920 49976 
1134 28865 
21385 24236 
17565 45599 
37082 37419 
41545 46240 
36233 48043 
49810 49876 
17251 29333 
42548 47464 
21103 43852 
34569 47410 
47497 49199 
35672 44881 
34976 40618 
17757 25631 
6873 49234 
16209 40548 
3717 37550 
12418 35344 
10532 31092 
6679 36218 
25989 29175 
42021 47675 
48050 49790 
36056 44471 
3251 6569 
44059 49837 
14866 21420 
21463 34318 
23584 49430 
49371 49469 
29293 48038 
39968 42384 
16193 16563 
22550 38345 
17023 21654 
45132 48273 
25835 32224 
10511 23355 
41596 44816 
32469 49381 
46126 49001 
44573 48708 
47846 49537 
5732 26208 
37926 47376 
19594 37774 
42148 44292 
49872 49925 
31688 43728 
8730 9854 
22028 34340 
20796 30555 
28325 31914 
35840 48168 
42691 43761 
34846 46702 
12291 35659 
4320 17137 
28573 35137 
29876 32269 
36491 47274 
15491 46895 
4653 44130 
27272 30423 
43090 47770 
11079 36777 
8739 10629 
32818 42732 
9439 24234 
7608 33548 
49198 49925 
13952 48108 
4192 28714 
47607 49369 
27041 32808 
5462 40885 
14360 42230 
1695 42191 
8546 9303 
29091 39034 
49773 49839 
49316 49654 
44980 49889 
31607 46541 
18836 28559 
31526 44630 
38134 42400 
9832 35842 
26237 43419 
33438 33811 
25297 49955 
12648 12782 
22252 23657 
29424 36700 
33775 49109 
42850 44610 
5194 31150 
48741 49563 
32386 34103 
46638 49221 
41353 47844 
7496 37058 
5577 30075 
26476 32262 
18586 20266 
18812 32018 
38279 49548 
13223 28498 
25561 26150 
30201 30526 
42220 43149 
11801 36727 
41982 46114 
5835 26839 
42134 46804 
37163 40734 
23865 26378 
43796 47845 
34048 47320 
41674 45634 
40743 44108 
14248 14885 
49181 49445 
23324 24016 
6265 24298 
39574 46884 
37056 37938 
5172 26587 
9255 43094 
7853 33766 
49508 49543 
17527 39680 
36174 49398 
42885 46482 
8055 9766 
42896 44493 
44691 48798 
38521 44391 
24930 41349 
13327 17304 
24011 24535 
7571 19422 
4518 41691 
45557 47799 
37681 38242 
10056 21556 
16455 46859 
734 35626 
370 21780 
6470 22586 
37556 48292 
45635 48461 
41068 41251 
26761 44107 
30993 33676 
43435 44487 
48650 49784 
29577 34835 
36686 45064 
46170 49528 
32822 42810 
633 26283 
8159 48690 
723 24546 
12785 13797 
44501 46703 
39733 43698 
26636 49029 
3606 15080 
4074 41321 
36164 37836 
15570 19859 
48603 49908 
25891 43029 
36233 49202 
11864 33158 
37856 38466 
26640 32145 
49186 49906 
39977 49782 
28706 33672 
16396 42277 
27514 35877 
40357 43310 
4261 43074 
37855 44628 
11684 34433 
10639 30669 
28412 37774 
3703 27343 
38411 43543 
8227 8347 
33491 35366 
10218 29600 
15263 19612 
8490 10466 
15241 42611 
25883 37036 
18575 24509 
2957 25032 
10482 25124 
39611 49452 
6595 43338 
41066 45201 
45675 45780 
7658 28344 
39431 41267 
631 49008 
44027 48276 
18770 48489 
26539 31899 
20996 22590 
44970 46344 
39258 41505 
6906 15996 
40788 43730 
4208 17607 
5636 34974 
11823 27113 
41588 41795 
24369 31446 
34519 45888 
19408 29884 
3078 22131 
8348 33768 
46311 48106 
33998 48602 
42443 43868 
3027 21097 
2976 24272 
6259 24613 
37203 42480 
12860 40934 
23707 37339 
45382 45977 
31580 43409 
18210 42758 
11585 24095 
1411 46454 
41770 44051 
25210 33724 
10106 40436 
2879 25272 
14401 29925 
11225 27180 
18307 22026 
31163 46707 
30533 35163 
38473 49401 
15854 37667 
43398 48741 
10554 44699 
13606 48475 
31873 46423 
19652 35140 
37855 48120 
25020 31390 
10042 34468 
26693 32801 
17640 34708 
9006 25144 
29754 43701 
34087 41477 
32442 41510 
43939 44288 
15928 36209 
43651 48901 
46717 47566 
9324 28939 
14429 19277 
17038 26972 
4021 47879 
43884 47571 
31745 38227 
34884 36276 
24628 43994 
36834 41054 
15993 21682 
23549 41793 
20641 39752 
30651 37594 
33392 40621 
49548 49811 
38326 43922 
34673 34871 
11936 25383 
23906 29627 
37246 38260 
26415 31973 
34480 43669 
25241 25590 
12651 35273 
46192 49237 
44999 46630 
29013 47429 
24636 46256 
19592 31559 
34304 46177 
34534 37548 
5800 8240 
20229 30627 
48598 49700 
37919 45333 
29052 31876 
17601 39168 
5520 46586 
27170 38986 
47966 49325 
43488 46848 
45023 48328 
29092 35403 
25948 41524 
16804 30186 
23619 42541 
14871 37372 
22291 42718 
33727 47314 
19183 45224 
43989 46068 
27343 38479 
12672 22971 
48678 49838 
21268 49479 
34416 48742 
44931 46418 
158 34147 
17016 28937 
12004 12823 
30028 32552 
49088 49387 
7977 20841 
16082 39312 
13988 49177 
44697 49161 
47446 47676 
12681 37417 
42202 48742 
4501 35336 
18054 33736 
22912 49783 
10418 40037 
8123 40745 
36173 46006 
34761 49627 
44755 46712 
42679 46369 
15578 22027 
45615 47408 
27990 38657 
44250 48212 
7643 19709 
31135 46296 
36791 48421 
25668 37487 
48547 49543 
31364 35676 
11820 47249 
28642 34904 
1060 36842 
35452 49072 
1864 28589 
18328 41969 
22469 31110 
32109 38074 
38452 48035 
32705 39317 
27872 39088 
18932 32164 
1080 44045 
32929 38887 
21012 36878 
25348 28902 
26798 29880 
23914 48825 
39826 47996 
45197 46225 
38407 39646 
7673 34750 
20238 42885 
29229 41026 
32596 38537 
4278 34580 
45086 46906 
39839 45956 
3343 24387 
45685 46392 
22525 27320 
6968 45407 
16316 38094 
30447 30946 
29875 38678 
48849 48963 
40294 46367 
44100 49486 
12238 31347 
30987 38450 
46268 49817 
27230 38324 
17786 26632 
25682 27144 
46295 48739 
7655 45662 
21864 40300 
39369 40853 
23140 44671 
44933 47508 
35352 45260 
28365 30056 
16730 43087 
17496 22987 
1030 32687 
13680 46583 
30731 38353 
40947 46085 
4128 42735 
3661 34874 
13881 46301 
17762 33957 
38572 42703 
31884 46456 
43053 45408 
15184 30339 
13689 31731 
41793 44636 
41170 45289 
24902 30917 
34183 41007 
11253 23612 
14360 35421 
35280 39313 
24581 41142 
43865 47949 
34768 37451 
23136 35150 
3127 42658 
7015 30472 
43127 45194 
24272 24313 
7873 46534 
47544 49760 
6809 16011 
40735 49453 
46171 47848 
41224 49897 
13685 15247 
24376 25532 
40800 45986 
3968 13877 
10139 23657 
20782 41097 
22693 33883 
34674 40247 
23296 47004 
21303 48741 
3125 43732 
11146 17002 
41290 48874 
34053 44414 
28300 35933 
9006 38615 
45424 46807 
41568 45713 
36258 40908 
10030 27724 
41297 48078 
46510 47364 
41858 42277 
28007 33616 
21544 31275 
22723 36336 
1774 15836 
24286 30360 
11390 34614 
36832 43955 
21917 44426 
22264 37025 
41498 46875 
1923 37044 
5170 24386 
32914 38786 
6542 36075 
36633 46053 
18248 40955 
16650 34972 
20742 44950 
42358 43031 
43242 45801 
29401 36770 
8177 30879 
5428 10153 
35618 43212 
27898 32950 
15635 44462 
23938 27745 
22954 43019 
15856 38127 
15849 22671 
1324 27964 
36055 40645 
13147 37386 
39279 44845 
36998 49435 
24433 33878 
33203 47143 
32051 46487 
16031 30517 
31529 34818 
12093 49953 
3042 21177 
33004 45557 
39650 41578 
47421 49192 
30473 46871 
34312 44477 
2021 32831 
7378 15329 
46923 47046 
9066 31674 
30490 48146 
1720 30316 
46293 49389 
6515 23695 
47039 47509 
24623 36156 
2806 35966 
26067 32299 
25777 36847 
5445 39378 
18198 34417 
8523 34100 
35368 49455 
6514 35945 
43009 44486 
34846 36869 
47195 49788 
44387 45753 
27370 35695 
30838 46625 
8676 22395 
15204 17635 
13672 47837 
765 41042 
11407 16836 
13811 46220 
39008 46175 
20449 29349 
23209 40399 
44409 44884 
28680 41650 
13747 39676 
25940 37348 
41416 48329 
42661 49806 
1519 20413 
15796 18743 
24732 26310 
41292 41479 
39128 46104 
41353 44509 
5905 12910 
37705 43906 
24384 25664 
38285 41521 
22301 33065 
27538 47848 
39842 49967 
42185 49956 
4210 6190 
34546 44217 
41273 42543 
24542 38513 
44930 45153 
5684 23056 
31609 44531 
46729 47057 
22648 26654 
349 26002 
13805 34026 
34406 44219 
23351 24410 
46467 46540 
12587 16889 
49160 49562 
36266 38955 
11317 42033 
4471 42718 
25677 30589 
6791 32074 
43555 49692 
10758 11514 
5567 43140 
34588 39897 
26127 41690 
24412 32314 
43867 49390 
3992 46967 
24276 25200 
24358 27870 
3155 25523 
5561 20635 
33313 35117 
22801 26066 
45263 49048 
46875 49876 
2122 20477 
2516 14711 
9909 49541 
5373 41686 
45942 49790 
22970 42374 
43916 45361 
49137 49604 
31698 33883 
14154 17173 
37012 41583 
14962 18061 
13027 29768 
22343 37092 
3573 5701 
26050 36426 
16043 37803 
29155 42668 
12409 44178 
11391 48011 
18580 41374 
45531 45730 
43053 48515 
49469 49975 
28127 46770 
29200 40105 
33219 36793 
12201 33442 
19961 24225 
22964 43689 
42137 43593 
10994 49545 
44048 46022 
33797 42701 
41765 45830 
35436 47045 
15767 21649 
10782 41513 
13506 22015 
27733 44200 
15739 26586 
24577 34887 
44736 46179 
36103 40335 
4193 18456 
36868 46260 
46173 47839 
35952 45849 
32150 38234 
12754 13921 
3239 8091 
33123 37483 
42111 49416 
35600 44961 
36777 40125 
35809 47159 
40484 46868 
32373 35121 
21496 49485 
43391 44699 
14607 24027 
6830 39351 
46211 46368 
4265 36852 
49217 49233 
22524 49472 
22977 46195 
25303 44108 
44966 45822 
22364 40789 
8977 11599 
17917 48510 
36511 38948 
8882 22611 
13530 45990 
18024 31612 
36762 39521 
20563 36306 
32060 37920 
41425 44178 
7051 25970 
45094 48869 
34588 43910 
17603 18019 
9216 29591 
24041 40251 
14378 15539 
13199 34837 
46451 49580 
26003 27792 
29826 42054 
43769 49114 
16580 23943 
48719 49430 
10201 36069 
36542 41401 
1056 43675 
40237 42862 
25261 43293 
17305 20322 
24438 25725 
10919 35797 
36545 44855 
37798 46724 
29243 44067 
28319 28776 
14207 14584 
28235 35156 
42253 42948 
30876 37365 
34958 45245 
22104 32020 
37993 46683 
29513 45248 
42811 45065 
11600 17567 
23867 40297 
36421 47250 
37512 39122 
2841 25239 
40676 48698 
13055 45537 
15099 49182 
32839 46893 
16742 24999 
4663 49685 
10135 16696 
46263 47653 
49711 49824 
44413 46198 
26181 28346 
14227 29525 
13507 24589 
12749 38367 
20957 39875 
20712 22646 
19030 33804 
42485 46264 
29977 48399 
21656 45681 
16130 18505 
6834 45064 
13763 46475 
26511 29166 
38955 47557 
13839 28286 
14387 38243 
10269 17811 
11463 47103 
43411 43570 
32270 49066 
49932 49951 
6576 41965 
4778 39590 
49258 49992 
47403 47955 
43901 49138 
30813 44097 
41252 48650 
10537 17240 
9675 37827 
23659 42628 
3502 37441 
30126 45038 
29124 40525 
43167 45611 
43366 46722 
43984 43997 
37761 47911 
9843 46824 
24742 37928 
2224 16826 
6421 22910 
34753 47075 
21943 44733 
35288 42575 
23684 35867 
18655 47018 
33024 42239 
46033 47713 
9315 11225 
36522 49231 
12415 38773 
23117 42924 
9884 31119 
26755 30036 
12930 43582 
10343 43473 
28481 47758 
36285 38251 
18516 39634 
42475 48305 
45000 46315 
23535 38868 
26047 26803 
20823 47841 
37139 49544 
21628 23848 
43843 46225 
24863 49248 
27092 45073 
41167 49237 
29991 45484 
42614 47419 
11492 20057 
8152 21161 
49057 49721 
2623 13966 
14998 37355 
10535 33298 
21435 35947 
5576 27691 
35166 41391 
7755 23417 
28900 44493 
9195 19140 
38425 40083 
11722 34110 
11708 28776 
6199 47778 
46030 47477 
4219 22542 
39010 49548 
6727 34029 
4775 49441 
19530 23898 
35601 41102 
4920 38157 
33551 34020 
13218 33164 
40057 40153 
32683 47902 
12021 18134 
40492 46647 
42721 45734 
19867 31047 
11359 22615 
49256 49272 
14317 47182 
42629 42884 
10561 14503 
32513 39826 
30302 39242 
1963 12312 
17653 34836 
30685 32087 
2173 39212 
14259 30880 
35254 35946 
12924 27079 
48211 49321 
47515 48863 
2980 22918 
44268 44895 
49636 49732 
21540 24999 
5444 16328 
8359 45578 
44327 44588 
34007 35013 
32675 36503 
46061 49628 
2359 14847 
31802 36668 
41471 42239 
11063 37996 
24120 38691 
45120 49332 
9613 25850 
23226 29918 
35555 48994 
25152 49809 
43931 43997 
20202 37704 
8110 20011 
38467 48865 
35735 38365 
41246 41816 
1607 4359 
31950 45774 
36338 48782 
42004 47469 
21239 35578 
23901 30760 
4506 17124 
7291 12293 
6470 39502 
19345 40716 
24959 47271 
14294 43374 
40150 46358 
10731 41680 
43648 45201 
32480 34400 
35005 40124 
23543 35021 
21482 43173 
14554 40673 
21160 24647 
41009 46468 
12434 39983 
4415 49126 
15122 29013 
1233 38784 
25776 26744 
40394 42288 
25872 36630 
49103 49694 
49699 49727 
10550 23333 
42376 48634 
31770 43995 
14083 42345 
24142 31991 
14697 21151 
35297 44797 
6724 49720 
7899 46350 
45269 46280 
25522 49119 
15824 21530 
46331 49142 
46556 49309 
13536 20564 
39615 44083 
21101 31843 
28263 38853 
5672 48272 
49264 49493 
35560 36964 
33589 39320 
27734 41234 
31484 43729 
8850 38047 
16639 33517 
5859 38006 
30209 43216 
42758 46476 
11363 17438 
16402 17916 
35497 42889 
9017 30442 
8026 43098 
24275 46279 
25616 28429 
38157 42095 
12134 38896 
47590 49504 
31697 34189 
11559 16622 
29891 45445 
25139 44807 
29775 44384 
45805 46294 
7036 14498 
48618 49171 
49690 49953 
7875 38488 
40187 45404 
30958 45267 
28626 33324 
13792 25936 
19304 26888 
25488 44122 
15768 29492 
49361 49891 
41519 49140 
30714 37010 
40873 42864 
18018 37019 
38641 46089 
1077 10475 
27017 46660 
15560 43343 
40699 48764 
10729 27297 
23178 42690 
743 31534 
22609 47312 
44158 49490 
16024 16230 
32145 47954 
37419 37900 
41928 45322 
22765 31658 
25607 45083 
15419 33815 
43483 46459 
6188 28961 
15708 23749 
13237 41161 
39039 49089 
14219 44131 
4836 29362 
4638 48907 
36657 47099 
34414 35254 
45127 46058 
24142 33854 
15961 19075 
39219 42604 
38519 45800 
5099 7919 
8502 38567 
39392 46888 
40259 43056 
23769 31980 
25279 25489 
12194 25746 
7091 13077 
46315 47855 
35450 38127 
4404 11889 
22023 31420 
36530 40575 
2492 49442 
2235 32840 
8187 8270 
47559 47771 
41046 42924 
48698 49806 
33212 48060 
23425 25739 
27625 29572 
14050 29597 
6552 23614 
41127 46824 
34053 39134 
43856 46152 
38416 38419 
34628 49240 
26337 39419 
21189 23130 
24487 33881 
10153 18615 
1439 18513 
41560 47074 
29759 39060 
20321 27909 
49292 49513 
23235 23492 
17138 48990 
25058 34199 
48777 49601 
35686 39495 
18832 40651 
7342 42355 
43698 45311 
12027 15719 
48880 49949 
44694 46765 
7487 13859 
33977 47987 
28834 33227 
11770 40834 
33837 36954 
1645 30477 
14723 43412 
15409 48498 
39452 45170 
42213 47654 
30072 37820 
47196 47885 
38224 42657 
4151 45418 
41092 47283 
29306 38733 
3408 23091 
33167 44130 
42398 46548 
37606 42528 
28291 38423 
24750 49248 
40955 44181 
43279 47176 
12446 14816 
25503 36426 
16877 42824 
2899 42578 
36285 49573 
44809 49375 
30910 48283 
19000 28577 
36715 42745 
23661 38733 
27853 47032 
30070 31738 
34570 49123 
24225 32705 
49536 49698 
39891 48091 
9977 20191 
17138 38486 
49357 49667 
19815 37309 
42291 44098 
42334 47062 
6869 30238 
28576 45310 
38834 41921 
40911 43127 
30115 46895 
33473 44539 
7136 29159 
9339 30805 
26098 41600 
12485 40127 
23539 32069 
46973 48969 
17327 48233 
38707 40109 
42375 48360 
33394 37765 
26738 41288 
4603 10682 
20216 26433 
22310 30269 
11602 11946 
21146 36854 
10795 49626 
39446 42908 
47951 48190 
20457 40434 
30545 43318 
23696 44165 
38951 42136 
25705 49714 
44544 46159 
16450 37123 
14416 37393 
28680 45970 
17488 17720 
2013 45271 
13593 27107 
39574 40446 
5360 23115 
34679 37204 
15280 33129 
20126 33539 
15010 32027 
22836 41029 
44040 44481 
36037 45046 
16494 33731 
254 3731 
12261 17016 
49604 49891 
42093 42271 
7355 38880 
11667 27031 
93 21006 
10565 38408 
7600 33816 
26701 31446 
45819 48687 
18558 24902 
23910 32512 
11386 26070 
36222 42236 
31096 35396 
1853 17835 
25175 40323 
37432 47224 
22828 30857 
29402 30366 
31222 49624 
42363 45749 
45244 48417 
4397 37761 
24350 27247 
48202 48634 
709 44056 
27417 27486 
21325 43015 
35494 41702 
1574 25219 
17640 19187 
26971 47702 
10832 41534 
43964 47278 
34488 41044 
2075 15108 
31004 36922 
13618 19684 
44303 48954 
43592 45736 
43823 49329 
15485 18305 
20380 48167 
1546 42961 
6472 12761 
19207 42128 
43488 45689 
35583 48854 
38015 39894 
1566 34494 
24957 26271 
38947 46162 
29012 49335 
23992 40253 
27640 33299 
48761 48818 
34499 38609 
27793 31876 
7423 29034 
32546 45128 
2232 6677 
21100 36656 
21532 48358 
27356 48075 
47600 47898 
17442 26092 
37481 44039 
23368 48739 
6365 23767 
23963 33243 
23854 27896 
48468 49799 
22365 48430 
163 5337 
9997 40112 
47763 48839 
23653 29045 
46151 49028 
43775 47491 
37359 47828 
38367 40999 
1261 18438 
25397 37956 
20114 43708 
25606 29223 
9265 28967 
44274 44742 
45734 49676 
31626 37085 
37519 37833 
36785 41318 
13345 16933 
38694 48677 
38998 49948 
40245 48304 
2241 26856 
36466 41680 
22477 40611 
16131 17940 
18263 19993 
42199 44071 
32594 33903 
1877 14471 
43627 47156 
32840 47854 
20591 20881 
29039 44212 
18332 41571 
13020 27536 
22824 44271 
7136 19948 
31670 42014 
15140 35225 
9431 19395 
11861 42493 
6995 44530 
1875 2271 
37087 43734 
14528 39687 
30218 35573 
20894 36614 
22285 45979 
45157 45313 
12463 37759 
23748 24865 
44168 45951 
26772 39469 
37138 42056 
37203 47851 
1319 10155 
24032 29910 
40300 41623 
1778 8315 
30095 33815 
31664 41744 
24408 44557 
45918 48091 
26869 35351 
12207 14798 
4661 14797 
26924 28224 
45604 49203 
18973 34429 
34622 42084 
34425 40687 
32873 39769 
47381 48523 
30660 48197 
15946 23851 
32763 45165 
43392 49854 
2354 4131 
28213 33196 
19848 45116 
3194 13995 
45984 47411 
10808 40604 
9705 11332 
46764 48336 
16525 30219 
21221 49457 
213 36878 
45363 47255 
26132 31640 
14651 35789 
25808 48748 
17509 28553 
47496 48983 
7461 29620 
11018 46119 
36245 47996 
47957 49157 
17776 22099 
11472 33788 
48317 49221 
2883 35291 
45124 47627 
26740 46290 
22349 26232 
6310 31718 
27220 43979 
49489 49985 
47240 47257 
43177 48521 
28362 45039 
22825 25562 
10961 22770 
38591 43398 
10449 37558 
46698 49600 
41087 42932 
28962 49888 
1945 17374 
20399 44694 
8194 11567 
23892 41775 
13808 43717 
36716 45774 
49940 49998 
35630 39728 
30803 33707 
16807 43397 
29744 40164 
4765 8528 
6788 16433 
21521 32755 
7031 37636 
17340 33553 
19234 31251 
14906 45480 
17869 28543 
38293 38660 
8593 46182 
27809 40682 
36059 37551 
1437 37441 
38281 49906 
36806 44757 
42571 48471 
16239 17930 
30586 35925 
48651 49579 
32416 34160 
11514 30658 
47130 47397 
4757 11409 
12896 48723 
8143 26415 
49918 49974 
8260 18446 
49914 49922 
37829 44250 
23629 30609 
2841 36246 
22085 27839 
41241 49793 
19829 38696 
49699 49776 
25766 37130 
6301 34961 
24333 34717 
48084 48496 
19320 49583 
23631 29598 
37252 39666 
10373 36304 
6114 49831 
49503 49552 
25702 37540 
21990 32359 
10539 26089 
1471 16262 
9228 18057 
10660 18600 
2993 41470 
22559 39582 
26811 42339 
20037 28667 
45881 49461 
33933 49455 
30259 44861 
16048 43065 
27657 40775 
41426 43635 
1742 42682 
43756 49246 
40685 48133 
46211 46900 
22995 43262 
38606 39687 
31179 33087 
6374 29547 
38067 45961 
24453 28158 
29035 36844 
344 46804 
29500 41178 
47254 48730 
19024 29280 
44643 49880 
37986 46575 
6262 36864 
515 4885 
4802 31636 
37012 48111 
21875 38620 
31952 44455 
5258 11693 
36062 49484 
48975 49289 
28860 36893 
41594 46043 
22147 26524 
24133 44745 
10018 10400 
16252 28862 
24374 48421 
1581 31485 
30963 42395 
32677 42140 
32984 48862 
1487 46897 
30994 33121 
26690 39447 
43896 48573 
27594 44531 
25699 32490 
36275 38461 
7423 39471 
2089 21203 
11752 40777 
5978 32394 
35313 42340 
38370 49300 
8947 14005 
1156 1798 
33481 39590 
27404 40141 
23118 28093 
714 25446 
23224 31172 
15802 27882 
48528 48971 
23040 28330 
10648 34972 
43813 47038 
4663 5396 
34820 35244 
26570 30262 
2566 34610 
30767 30828 
1829 5115 
4631 43687 
32248 34508 
6794 9257 
7118 17890 
15702 39788 
17587 36967 
7699 40784 
12007 29624 
35057 38755 
43016 45722 
533 32949 
14228 23533 
11968 12085 
23016 31686 
5024 35542 
35154 37724 
36612 41348 
32586 42874 
20583 40669 
15035 48432 
39528 43583 
38006 45027 
28735 32596 
46817 48764 
20623 29268 
8206 31340 
14120 35906 
31862 39254 
15347 20693 
9923 21629 
43782 47108 
37571 48077 
42088 47984 
20184 30474 
22616 32741 
27898 46993 
6061 15116 
29679 34487 
38115 42390 
37918 38969 
31837 48669 
27175 27202 
7002 35104 
30389 44384 
15358 45130 
47332 48080 
2434 24137 
3409 36861 
4667 6613 
7343 31873 
24444 38166 
26029 45129 
18343 47633 
14823 40503 
48385 48587 
18100 32140 
44194 49276 
11505 42355 
3576 14149 
46927 49328 
2659 24077 
23070 44827 
24300 40528 
46114 49766 
44857 46736 
23181 35833 
17442 40567 
952 42663 
15946 28712 
41877 43421 
13698 42499 
36871 41710 
44179 45279 
13179 43646 
35050 39214 
21714 30021 
7757 48398 
47704 49947 
39224 49137 
48955 49193 
21110 42134 
21903 46230 
18068 36851 
43450 48053 
42251 46668 
36192 40205 
27946 44836 
9835 42237 
15121 46617 
38620 46196 
43546 47950 
44150 48662 
11128 36612 
33522 38822 
15841 17635 
13906 42903 
41527 49865 
6135 15576 
22090 45396 
34486 38732 
45179 47106 
23160 42104 
28675 31732 
32969 43261 
26600 41550 
47038 48632 
25388 38117 
18547 40886 
19226 32522 
15421 32282 
8720 26698 
4236 37816 
6691 25612 
18295 37859 
13298 44694 
34218 42022 
24275 41065 
38540 44924 
23948 27260 
29752 30419 
26596 48470 
47821 49622 
45835 49866 
25927 39266 
37890 46942 
43679 49128 
43782 46600 
7950 36903 
13617 45955 
32858 32988 
23414 29090 
23580 32245 
16012 25061 
41226 44322 
38359 45745 
33237 45332 
16171 43440 
11644 43340 
24525 28208 
10255 29092 
20144 23654 
1413 8830 
41970 42619 
41969 44130 
2507 30268 
29592 34501 
20230 25881 
41513 49926 
37179 44456 
47714 49287 
19826 49332 
7502 26812 
24319 34314 
38394 41557 
14716 49976 
25984 27716 
48171 49294 
26291 39330 
2370 25157 
12461 14869 
40253 48786 
16313 16769 
15809 42238 
44479 47013 
31347 35862 
49240 49972 
44778 44906 
9840 36007 
4627 28900 
42406 44363 
35315 45099 
8980 10035 
20948 27020 
41248 43993 
6498 26915 
29724 36578 
12275 34995 
39229 42675 
25758 47831 
36232 43869 
14467 40297 
48584 49760 
24350 45514 
12427 38440 
39184 47210 
37208 47827 
46189 49305 
9567 16354 
31918 36516 
29990 35121 
28729 39898 
9890 36306 
33793 47250 
47652 49621 
46071 49521 
41889 48139 
36452 43288 
13381 33108 
22679 35466 
23498 37608 
31551 36628 
34308 45770 
43873 46779 
18618 29750 
484 49432 
18804 39111 
23612 33980 
32300 42850 
38444 46178 
386 41905 
41841 47385 
24149 26482 
36948 47031 
25377 44177 
23548 42330 
21370 23467 
10500 30718 
24893 26134 
18410 18892 
11156 36683 
297 22994 
5903 38440 
36816 39390 
1406 1819 
38106 49382 
22962 28976 
4770 5160 
44435 47020 
37135 45795 
36838 49882 
24272 34759 
30821 49420 
20843 40644 
26213 31649 
13817 45437 
37530 46920 
35478 45450 
10598 23448 
3697 43029 
39643 46752 
25605 36000 
30201 47912 
2621 14333 
12665 35918 
7054 28269 
15599 45151 
13963 36406 
7523 32057 
37729 44218 
35706 43328 
31282 47978 
15484 21208 
29004 42543 
4320 18028 
18088 25079 
23323 40284 
7421 32078 
25497 42010 
49689 49859 
32521 36798 
44909 46514 
16976 18325 
45238 47694 
15904 40253 
15846 17463 
26607 27825 
14276 45563 
41907 45184 
35793 44421 
24490 29119 
19412 29595 
14638 43834 
49566 49610 
46985 48662 
8531 22611 
21737 40264 
42385 48279 
17400 28820 
32100 38288 
23423 30842 
9871 44395 
33602 47038 
7385 34040 
23714 46719 
6349 27380 
20301 42273 
39635 48235 
42870 47527 
27251 33649 
37682 45588 
2946 47171 
10984 43719 
33204 48740 
26194 43044 
19338 30812 
24315 34703 
28238 41824 
7420 12675 
13036 22875 
42115 49107 
10933 25693 
32926 38874 
35587 46739 
43964 45855 
49377 49694 
41345 44081 
29248 43543 
22092 35016 
14081 39311 
42643 44023 
31993 34483 
44794 47866 
3863 7229 
46039 47103 
23956 44773 
18319 36615 
47263 49365 
34351 42090 
16040 21985 
12708 16209 
43809 48704 
44849 49919 
15101 27335 
18802 41120 
12555 21560 
31187 41384 
49577 49820 
16304 43295 
18276 49521 
48171 49254 
36707 41828 
19171 41744 
12356 49703 
24889 40414 
10087 33247 
9246 10381 
41635 46062 
43562 45304 
48951 49095 
16104 27681 
13276 42806 
3916 39678 
47731 48870 
10763 49229 
46525 47900 
41916 46092 
49724 49916 
35380 38600 
1263 14311 
41512 48261 
27135 47051 
19835 26722 
46230 47503 
4150 42164 
23491 32654 
10243 32158 
22067 39001 
49289 49429 
49910 49911 
10291 15106 
14219 44875 
5889 26451 
35458 43531 
3092 26308 
33379 49106 
45374 49250 
5221 36794 
12171 20019 
5206 14722 
20715 38071 
31328 39979 
7379 26415 
6474 17797 
30028 31882 
41382 42898 
8897 11393 
36162 37479 
43442 48797 
22891 44289 
11998 33032 
15102 30747 
37954 48611 
29836 44605 
32088 41071 
2707 39680 
49416 49738 
36372 43778 
29325 46573 
6699 38118 
18206 23640 
21150 39817 
34589 42450 
20093 20686 
918 8915 
23024 30899 
1417 18241 
22860 43610 
13474 15389 
20783 42129 
11339 49538 
8774 31366 
45298 49584 
30571 48425 
40959 41598 
9443 45810 
35207 41899 
46689 47141 
29189 30434 
39246 43655 
31741 33540 
17319 48234 
8628 29307 
18405 21038 
27128 45766 
22756 37952 
40615 43131 
24623 38078 
44424 45035 
48994 49844 
43325 49666 
16446 43396 
11504 32903 
16249 41232 
35053 42286 
18778 36041 
2979 16659 
26367 28964 
34665 36512 
20541 40967 
49657 49815 
22194 47001 
22439 28468 
47652 49478 
5979 26941 
45866 48582 
39091 48594 
1782 34801 
15622 48988 
169 49180 
20763 36781 
8192 32761 
6284 10350 
4107 4871 
2689 5938 
31541 31953 
40537 40786 
7658 25696 
38936 42565 
20235 45362 
43181 43811 
17903 39695 
41976 42429 
21625 31682 
10081 25129 
23004 47566 
19753 43283 
48038 48114 
31990 44186 
35042 39131 
47269 49478 
5719 45082 
33290 39620 
31821 40481 
30785 46018 
10250 42520 
32284 37899 
33014 45506 
19198 49190 
30552 48313 
29133 29882 
41531 42201 
20360 49713 
28114 37026 
16435 21745 
44247 44691 
48492 49456 
46486 47309 
49855 49937 
26565 28033 
13432 46463 
11792 25903 
21508 29280 
3765 43358 
41003 47973 
35163 41964 
14249 46683 
43899 49773 
28998 32909 
35881 43958 
39081 45514 
20625 33877 
30177 48663 
36547 36941 
39067 44707 
8095 34336 
11065 33795 
39262 40430 
40002 44684 
45447 47161 
33194 43305 
30121 45061 
40002 44105 
38569 44704 
7561 32172 
14049 20207 
40653 47990 
3819 26760 
18937 38737 
1030 7794 
32724 40022 
45284 46013 
4387 38040 
46880 48870 
36673 39145 
5052 10026 
19225 48832 
3091 27528 
48732 49902 
23820 44225 
41133 44412 
19336 40512 
28130 37127 
34908 44325 
17636 20181 
10024 10410 
36222 38735 
20905 24438 
37150 39081 
1841 8103 
49134 49394 
22011 24914 
41992 47568 
21011 24495 
7406 33198 
17588 32327 
11606 48397 
37579 38652 
43588 49531 
46555 49296 
29481 38099 
3662 29023 
3124 37942 
27128 45233 
29175 44857 
6292 45950 
4160 12573 
11347 25600 
34890 49219 
29186 40654 
43990 47808 
15525 20866 
5196 29855 
37446 49907 
30593 36843 
12895 34271 
29356 48272 
40393 49585 
2981 6533 
44882 47468 
5350 39170 
44769 48496 
42910 43847 
32112 47719 
26484 27455 
24933 31230 
23057 33372 
24541 48652 
16303 18041 
15164 40037 
16346 41880 
44382 48355 
42245 46915 
1106 7786 
20419 30070 
41610 49057 
48716 49118 
6073 47850 
39855 44917 
13371 34311 
24223 25558 
30499 31608 
21823 39510 
35855 39191 
46219 47914 
49130 49304 
1697 25963 
17906 42599 
24636 38652 
44409 48559 
7695 32430 
27501 39098 
8227 10767 
24326 46975 
14808 27767 
17828 48649 
6393 27019 
36901 45622 
32265 42783 
8941 26106 
34024 41803 
38245 42070 
18968 44817 
34788 38761 
9999 18876 
3063 29566 
22559 27203 
34305 35523 
36334 40698 
18986 47821 
13739 17033 
16941 18342 
29302 43107 
34829 37871 
6675 32854 
37679 38756 
28853 43400 
26813 38442 
14035 48648 
30257 48917 
33577 41393 
41920 41978 
22974 28726 
8083 33761 
37541 45265 
15568 34303 
22310 44818 
32373 33500 
41230 44212 
20183 28243 
17707 41882 
48881 49307 
43503 44960 
46056 46161 
44697 49573 
35465 37676 
23743 45984 
8438 16197 
27136 46112 
11358 28436 
45270 48660 
22031 46058 
32231 36957 
19568 21940 
29444 44742 
33848 46524 
9388 46251 
21751 47118 
27472 47649 
23388 48350 
18114 27392 
18469 22039 
14861 18998 
15666 23168 
15116 31252 
7611 34208 
37277 45459 
14066 49275 
46467 48635 
39841 48596 
45527 47405 
14336 14743 
19871 35825 
26939 41368 
20871 42442 
34921 46771 
47167 47789 
16480 22807 
26168 43773 
34929 40329 
10653 16167 
17070 33092 
33928 45333 
46395 49618 
11642 22977 
38833 40723 
20552 44361 
36695 48491 
7672 46194 
22876 24083 
34664 44505 
34176 39992 
24583 26643 
23229 48346 
37407 41068 
28397 44084 
32350 36460 
30012 31267 
10594 12135 
27877 30613 
20978 48038 
26930 47056 
32429 36065 
22978 44913 
25451 43946 
8091 32672 
23568 48026 
11724 39104 
25694 38865 
9888 36668 
12275 18259 
34573 49132 
1316 30084 
3725 39720 
26791 37284 
42707 49999 
26533 46849 
26031 29662 
39613 47426 
513 41589 
14688 14815 
27320 44484 
29715 43764 
32854 38408 
16534 38054 
25367 30938 
25872 33807 
29371 35879 
28772 30274 
40815 49626 
20514 36950 
43461 47516 
29944 40705 
3354 6366 
49949 49980 
792 42194 
9374 32503 
17373 46463 
9873 35268 
41579 46769 
8764 44189 
48590 49794 
25013 27833 
34056 37689 
44084 47103 
5423 27565 
19272 38790 
17783 48315 
5778 25622 
37568 47741 
44236 47085 
43537 46153 
49161 49831 
48014 49560 
40105 46950 
10129 25390 
29144 45707 
39755 43238 
36766 39482 
16251 43923 
19581 30450 
5358 7932 
7799 29265 
20395 36265 
4652 38047 
23984 31235 
23279 31647 
42152 49273 
34973 44014 
14131 26123 
29648 31941 
28400 36870 
23106 48456 
30814 35936 
27360 44852 
32908 46451 
21224 48763 
45455 47225 
6240 19679 
49037 49103 
39730 44057 
32624 37241 
39356 40945 
47336 49078 
7252 34568 
9511 33551 
37492 37496 
21439 24881 
19942 33145 
20201 32836 
7153 45696 
40842 41516 
46275 49590 
27159 39514 
40167 41695 
21156 30020 
25977 40437 
35480 45438 
17709 35261 
32199 38292 
11647 49483 
28877 45602 
36867 43120 
12073 35739 
5353 26350 
36387 39532 
35085 48109 
4858 45013 
3325 28019 
10376 20527 
38543 42104 
41682 44432 
48383 48645 
8999 30496 
15337 22332 
36250 39666 
3677 40823 
13294 26843 
44410 45006 
33052 36367 
23473 49552 
8188 9330 
34693 40256 
39190 48110 
8493 40079 
23808 40282 
18315 19930 
48939 49274 
5391 31101 
24606 37346 
17708 49305 
29363 30721 
45240 47926 
21702 22478 
32 37976 
29452 48909 
12954 40434 
45105 48280 
27995 35489 
31976 45299 
4477 28900 
21322 34844 
19081 23955 
4576 22433 
2972 17276 
24404 44431 
49306 49899 
35184 44888 
11993 14104 
8034 19304 
28008 30336 
27474 44158 
18129 44782 
19346 46935 
12281 13307 
27130 39906 
6975 21168 
4573 45383 
35053 45470 
24167 39815 
2939 4734 
9801 31649 
26129 29533 
25026 30802 
31884 37365 
13263 26794 
4853 16551 
15946 37466 
32025 41540 
25862 26085 
42504 42700 
41222 46771 
39518 47167 
40531 41489 
27162 47945 
36873 37998 
45066 47252 
23939 36499 
46055 48705 
38615 45813 
41808 46387 
30194 37595 
30592 36907 
3885 37027 
9389 11968 
3826 34912 
35927 44838 
26514 41364 
41762 44646 
8620 36306 
99 9828 
13071 47665 
9885 19833 
10713 27823 
41379 44750 
1908 40081 
1756 35152 
30102 34994 
8098 37692 
43036 46238 
37811 40118 
43978 49233 
19597 30218 
32129 47074 
25337 43992 
42568 49560 
37629 47662 
45147 47041 
33926 48285 
22725 39749 
45604 48218 
12004 12356 
32176 46743 
41976 45485 
45672 46958 
13977 35235 
48608 49123 
23304 35192 
27254 31706 
6226 20668 
14568 17669 
29947 49772 
28279 35258 
19714 39864 
17828 34005 
30722 37486 
49444 49799 
39316 47306 
7395 40045 
3144 33052 
30027 49718 
40121 46510 
39694 46323 
6832 42547 
37498 48238 
20968 40708 
11060 13189 
12172 13352 
10289 49918 
8242 21402 
10435 47604 
8347 29872 
35504 44898 
2474 45714 
43173 48317 
25137 38823 
43403 49763 
11632 43745 
34207 42699 
34689 49441 
18169 26951 
5141 8585 
26580 45606 
10782 17997 
38623 48950 
14490 23163 
45689 46321 
16911 35023 
5723 9568 
49149 49880 
2786 18916 
32040 33931 
26914 34741 
44954 46442 
6081 9327 
28795 46328 
15930 19139 
20016 44882 
44261 48803 
17907 37954 
4215 45972 
46550 49815 
13922 21442 
431 34919 
21201 40148 
42480 43779 
19792 43620 
16243 24266 
11667 38854 
45153 45302 
20158 44639 
34829 44253 
31945 49426 
24053 39642 
9933 38413 
11249 34268 
23406 39651 
40142 46661 
9390 36754 
13957 20355 
4680 47672 
27107 37300 
42388 42742 
19275 36250 
11564 31289 
21934 33907 
8634 9045 
13584 33766 
46366 46837 
35589 44816 
18095 24400 
37279 45192 
37171 44637 
30557 47461 
15707 34498 
6027 40447 
14597 25642 
13678 24974 
14556 34145 
4602 10190 
19289 35822 
9136 24182 
26467 42553 
1056 24616 
5191 13436 
18220 36821 
42511 48640 
28912 45495 
2066 14493 
14015 16091 
42558 45505 
30050 32014 
46546 47274 
18420 44459 
38590 45300 
24463 45647 
9923 16842 
10794 25072 
25722 43050 
301 41433 
18939 49438 
15093 37920 
43811 44155 
9587 47912 
10475 23602 
12732 28240 
44543 48017 
34629 46064 
8497 18844 
30427 46440 
21904 33390 
35747 48449 
30514 47819 
46803 49317 
43071 48800 
4553 30235 
26330 32661 
35072 47873 
31676 46893 
2326 19620 
49651 49747 
4706 42279 
35786 36721 
2636 24262 
12819 40864 
29830 32533 
34526 35301 
22161 39917 
12267 17015 
32744 48543 
25250 37136 
37426 41106 
24644 46628 
15025 24262 
24665 38317 
13769 26928 
32407 33152 
34829 39693 
48187 49723 
46800 48299 
30718 45882 
40290 48326 
22041 23728 
44567 48153 
1786 48825 
30462 43313 
20451 31640 
32997 40188 
31338 39035 
26868 39946 
46494 47820 
49592 49755 
32112 38895 
5679 38929 
20787 41085 
22315 46405 
45020 47679 
42049 48286 
8913 21320 
3914 36384 
8 3813 
3267 22139 
38758 43402 
26894 28132 
8288 24340 
47192 48488 
16418 31796 
11510 40378 
27045 29142 
17124 23932 
15070 37255 
26666 37376 
17096 43061 
46416 47851 
30307 48739 
1392 39747 
17472 30583 
16044 46482 
45873 47010 
6847 23536 
8287 19639 
38610 47954 
104 40525 
18548 30756 
38358 40519 
2546 8357 
23249 41857 
4576 5592 
22078 49178 
31413 41450 
41899 46987 
23691 25919 
26974 47898 
25968 41366 
13514 38422 
28123 44256 
17891 27952 
18334 39735 
25765 47139 
32844 46482 
27250 42398 
17727 21457 
6659 48351 
5331 27509 
33449 42188 
9099 12153 
46489 49533 
2463 24487 
17643 39310 
14541 22089 
34887 49360 
30418 36308 
45745 47063 
43358 43583 
5853 6545 
41558 46432 
38546 43086 
6942 31780 
30447 32708 
3210 25854 
1120 7269 
13002 23094 
14133 19205 
35988 39609 
5960 27723 
37535 41677 
23318 27644 
4043 38732 
46002 47912 
10709 45499 
5546 35015 
13430 49661 
3935 19879 
46894 47861 
36850 37536 
2374 13224 
28902 49989 
43377 45470 
27495 33372 
45393 47247 
39851 43671 
7625 26319 
8098 11891 
24300 29232 
10823 29072 
38268 48508 
23810 45081 
39454 42362 
44919 46039 
30924 36539 
11182 14466 
32943 37738 
14998 26582 
31089 47296 
25537 32280 
25906 49133 
2475 11700 
39169 49463 
39454 44079 
37165 43557 
47274 47419 
30346 43133 
2199 34986 
49383 49930 
9224 37120 
46005 46356 
5284 8220 
17921 37110 
19843 20874 
4007 34777 
30353 41309 
2368 12752 
27031 30144 
2890 27860 
20371 28724 
49865 49981 
32943 45851 
22997 47398 
14136 14903 
35108 47446 
16428 42503 
8932 24765 
10347 24972 
25972 36723 
13326 18946 
33237 46576 
8416 9315 
8886 48373 
39575 44580 
12744 16381 
21105 38991 
3618 26719 
25403 49909 
2972 25052 
21649 26277 
10082 26660 
47689 48051 
27406 47862 
40258 46982 
44680 47426 
44858 48534 
25585 26879 
43721 45443 
37192 49439 
32744 33568 
40251 47904 
508 39839 
10765 32704 
16206 23709 
15102 32924 
8807 22384 
43826 47088 
438 19101 
42729 45010 
26589 49798 
23647 41216 
44960 46016 
31236 44805 
45062 48260 
39160 45799 
32371 43028 
498 17819 
47324 47857 
18865 39375 
9462 48223 
30518 41591 
23042 37246 
31994 36101 
6847 27239 
20540 22309 
41238 48837 
3687 22005 
11876 11961 
35303 47830 
15400 48134 
45941 46365 
22293 35434 
31603 47443 
44527 48408 
20293 39088 
16734 24621 
39082 41482 
27341 32321 
25448 43876 
10472 38949 
49139 49229 
49106 49824 
13491 47781 
44548 44606 
14029 39486 
6701 28794 
46443 48390 
2803 30522 
38450 42965 
38984 39847 
26419 38810 
5062 34825 
37640 49111 
39722 48173 
38541 45607 
29354 41329 
26703 44363 
18647 28619 
2325 25825 
11206 38857 
46980 48005 
28476 40683 
13491 29525 
2311 4790 
20163 44728 
33478 35422 
45921 45946 
15405 42992 
48318 49745 
16209 47594 
17603 27906 
24514 36137 
11657 15336 
32758 39618 
29971 41014 
38959 48489 
15798 40405 
28577 41559 
43768 49798 
44883 45364 
25556 45923 
12617 37156 
2702 13998 
13496 35296 
297 38021 
29192 31615 
6474 14977 
21414 35613 
47924 48832 
39818 41177 
3320 18776 
14871 35704 
9900 31578 
32741 38578 
4128 30577 
43405 46825 
26930 49988 
13702 14758 
17477 40748 
11939 24061 
6890 22314 
38407 48106 
16144 38646 
5471 34962 
30668 45770 
23653 26814 
15675 17449 
3004 26119 
46281 48633 
11280 25615 
32123 40022 
20782 49685 
31716 42284 
46452 47135 
33531 39213 
41673 49362 
20493 43564 
26862 49993 
21784 39741 
28772 37209 
33432 35567 
12935 28984 
49321 49747 
30882 37506 
38291 48570 
46249 48704 
42442 43492 
41647 49522 
11951 37166 
42177 45846 
33993 44483 
11780 47582 
9480 10069 
9710 37889 
7173 34799 
47617 49385 
20976 43707 
25188 36573 
12491 42587 
1665 33138 
38379 41653 
18048 43090 
5392 37976 
43863 45464 
19327 23358 
19670 38550 
7062 8102 
35377 48181 
31258 44838 
31879 43322 
38942 45939 
1241 46211 
10664 21322 
495 32973 
29331 32363 
32555 44262 
13145 41126 
6398 22735 
11256 27901 
35591 47888 
45532 49669 
49492 49534 
48230 49881 
29511 31646 
42630 47414 
17210 29988 
48804 49090 
32541 47336 
45693 47270 
726 25840 
20819 22478 
19421 22939 
48878 49995 
20591 28376 
16979 42993 
42785 47206 
18854 40337 
33823 34789 
47560 48043 
12268 23265 
36188 43456 
40206 46333 
16589 45826 
32036 43846 
4292 14339 
40365 48690 
3692 40930 
10917 37252 
15182 48361 
10599 17376 
11388 35734 
24792 39514 
47918 49366 
1980 29441 
4480 6849 
29001 45668 
22196 42041 
21063 22981 
40655 47033 
41814 45995 
33871 34216 
30860 40577 
14469 33475 
23269 41139 
47083 49632 
20959 45402 
37090 47754 
3344 42578 
31646 36816 
11505 28533 
27103 29390 
30301 38758 
18423 36046 
5673 23147 
29692 36426 
45340 49016 
39237 45566 
4356 23701 
3099 45225 
40168 42558 
9654 23345 
3220 29953 
42287 45051 
26074 38054 
18677 38658 
29807 34750 
1547 38949 
23879 36389 
12509 40672 
37972 39324 
18975 27743 
18402 29438 
33995 48443 
26427 40587 
44310 46886 
17263 31009 
18978 37922 
15523 37748 
16183 46583 
13706 42610 
23600 26336 
16113 24646 
45758 48274 
47214 48594 
30045 36858 
38478 39804 
18133 36678 
38182 40846 
23092 30703 
37325 49517 
39249 49400 
47592 48485 
38014 40479 
10101 11218 
40137 42820 
48008 49484 
23170 32506 
37400 38006 
3507 46264 
13449 44210 
6669 19762 
1776 15497 
14911 25359 
6979 48914 
13853 15689 
46580 49718 
20754 42614 
26633 28874 
3243 11429 
32641 49690 
21045 24432 
20539 49300 
1034 1530 
26752 28960 
38569 42828 
32756 39363 
11734 45126 
22778 30647 
17539 33427 
14333 44768 
17953 23946 
20661 37270 
19050 19845 
39144 40642 
7446 33543 
44989 48655 
27799 45404 
43153 44191 
39883 49878 
17598 20496 
45056 47706 
35541 44252 
42959 43387 
37115 47780 
28199 30788 
39671 40957 
42015 46703 
22236 44534 
14802 24502 
19744 44056 
12190 35246 
43790 46082 
22079 33361 
26542 33573 
6563 14388 
38150 38690 
16783 32112 
39945 47893 
7507 21163 
42752 48422 
29817 45179 
7123 14519 
709 6960 
2095 28334 
42128 43268 
48468 49698 
39105 45471 
12647 44165 
37921 45471 
35678 49407 
17764 18855 
43717 45670 
3539 28153 
47534 47792 
33390 40429 
2631 13230 
1865 26148 
22370 25618 
6170 45464 
42380 47796 
8498 29133 
38654 46902 
12444 22276 
25050 29772 
45457 46691 
41907 46893 
26978 40082 
49716 49787 
42907 47435 
25800 37179 
38612 39217 
30441 47809 
40188 42098 
42818 49667 
12069 21485 
47861 49944 
35412 48601 
37993 46945 
8368 24477 
27300 38587 
24870 41884 
21707 23809 
7174 39888 
42820 46641 
43284 48303 
4020 34677 
16103 27617 
36261 39331 
20383 41556 
40355 49042 
17013 46817 
37846 48691 
19451 43853 
14302 18237 
8782 22054 
25005 39215 
6964 14634 
15240 34456 
24516 38089 
11329 24757 
45761 48012 
17285 25698 
36333 37245 
14503 39050 
18367 42610 
33251 41997 
4601 15085 
7300 24695 
22919 35361 
18646 33423 
10350 15266 
34632 48976 
28950 36201 
14602 18711 
34263 42004 
10560 47177 
22789 28838 
14013 18243 
4425 30892 
22314 42193 
21955 25581 
14524 46188 
31992 34621 
35615 46890 
33323 33351 
1615 11926 
15486 43447 
17496 40484 
15042 18565 
8195 41197 
5759 40501 
11666 31432 
5620 48148 
33634 39127 
29708 46027 
19215 29727 
13634 32946 
15025 49316 
20910 25070 
18324 36306 
47824 48547 
33594 40639 
35027 40111 
37000 37306 
43821 49823 
103 31717 
1243 27489 
14878 26289 
4230 44503 
49507 49675 
9819 13341 
14808 46608 
22272 38458 
31461 49552 
16686 26927 
21600 23475 
55 24206 
32221 46923 
26054 47556 
6249 43324 
23444 37319 
1018 3551 
47385 48822 
26923 35263 
29757 39241 
18166 32276 
26630 49248 
4178 38495 
40607 47607 
40965 43035 
7688 22064 
13677 49505 
29566 39140 
18375 22416 
23885 27228 
16335 36382 
34026 43645 
11282 44011 
27225 29680 
43355 48917 
37670 42551 
14021 48598 
36491 46247 
35913 41996 
41252 45994 
9047 15078 
13610 44196 
7914 25820 
32255 37928 
22082 48955 
40272 49936 
26442 39747 
42004 47331 
37334 46326 
12686 36006 
29229 37864 
4303 21234 
12353 15968 
13654 31995 
18587 19393 
16758 20635 
49990 49995 
27917 40577 
39008 44246 
8785 28479 
20501 36442 
12581 13026 
22189 48981 
20878 34439 
13137 43042 
38893 49925 
1712 27867 
32808 34999 
2707 6257 
17042 21131 
41283 48286 
4934 33405 
2364 7847 
13620 17306 
33477 41549 
27885 28884 
33147 35024 
1014 28021 
37239 40284 
1331 31613 
9653 24606 
29691 45461 
29922 35819 
38214 46961 
37561 45131 
40256 43781 
47276 48985 
22346 24803 
42491 48149 
39935 49205 
23312 38905 
42618 49703 
7551 40723 
18807 24465 
8744 14420 
20378 36047 
3611 5540 
44900 45715 
48056 48591 
15003 24096 
36303 41654 
19280 31298 
23149 44886 
49179 49534 
9334 42167 
41522 47747 
46658 46857 
11914 29363 
22842 45284 
37359 46627 
2989 3560 
3823 25850 
35186 43924 
18790 47951 
9983 25276 
220 23214 
24468 43893 
9773 38772 
14430 29881 
16020 48486 
23455 32130 
2652 8746 
30534 41214 
49233 49632 
11749 27621 
41868 46017 
36209 49356 
3995 20531 
6653 36732 
17577 35968 
39515 48663 
32191 35531 
28784 31747 
26033 40557 
2452 6222 
30450 41036 
15328 19734 
40893 43138 
9627 24662 
24156 33664 
28049 35556 
42622 48477 
46324 48504 
1720 25505 
10623 10977 
48393 49511 
23436 42453 
6142 36182 
49318 49829 
35419 41033 
36257 43834 
4972 40364 
40006 47596 
45496 49149 
43446 46312 
43073 48745 
8069 46381 
20695 20987 
33501 46800 
5306 22622 
15379 44106 
34770 37556 
37215 39134 
36856 38827 
4463 28200 
9197 28185 
8334 43802 
41288 47701 
28175 49084 
17726 27486 
10274 33607 
46844 49779 
23544 40831 
18743 42456 
5836 35092 
34393 48467 
40493 48340 
49874 49919 
17442 29266 
3298 36999 
45767 47947 
3654 27871 
5895 47121 
5452 20096 
29495 35744 
7114 12630 
7630 45179 
5028 48766 
35355 36628 
30691 40518 
29075 32168 
12588 26443 
45065 49841 
7102 13164 
12532 38686 
7069 20865 
41233 41745 
935 33121 
27778 45037 
37843 40188 
25026 40037 
48657 48896 
7481 8608 
1935 47076 
19449 35894 
38433 38533 
43899 44462 
5767 30508 
33508 47142 
34512 39498 
24991 41353 
19418 34706 
22816 39123 
18731 38351 
11245 20985 
4349 26321 
25669 36618 
39927 43886 
19920 34135 
45241 46727 
8527 34588 
39714 49448 
47890 49008 
9592 16111 
25816 34501 
35304 47547 
43464 44798 
47688 47941 
12720 36542 
48877 49224 
30651 37227 
41058 44906 
31468 35986 
13367 17028 
28728 30227 
27606 44927 
29010 47651 
20107 44621 
34232 34253 
46020 48044 
9780 9972 
39860 42908 
5621 40365 
43232 48547 
6093 49770 
38900 39408 
5908 38601 
37913 39448 
20764 42568 
27368 30849 
14582 21479 
28436 45641 
41084 49311 
29187 44151 
23329 28895 
14238 23644 
37047 45262 
16774 46529 
30898 40683 
36284 44816 
47623 49887 
21142 43200 
11539 16512 
8243 22259 
13491 17153 
11459 35685 
29308 32385 
516 20369 
8248 37562 
40556 43292 
19552 44928 
17364 44108 
20901 49760 
1199 38345 
6198 19136 
23054 32614 
36359 47852 
13751 22051 
7220 11821 
25468 44093 
48627 48806 
13862 16486 
37883 49320 
40530 44502 
21564 24012 
17888 21657 
33419 46146 
5333 6010 
38462 44544 
45713 47155 
10045 37222 
20314 39171 
7285 46818 
18240 35406 
7127 28413 
27074 29534 
41234 49492 
26093 37890 
35786 36869 
20465 49105 
31089 40488 
42767 46997 
44595 44860 
5315 8802 
34918 35831 
35340 45460 
27794 49947 
20676 24859 
22624 46519 
36365 46868 
11206 42187 
14036 20286 
15358 42044 
46345 48022 
27242 46695 
49673 49720 
39643 42418 
33802 35118 
28343 48228 
13581 49419 
38676 41364 
43063 44811 
44718 48819 
11391 39396 
26836 43385 
43526 48647 
38981 48026 
45721 48525 
9948 45743 
4074 31086 
32862 46416 
21183 49937 
37863 39562 
40401 48263 
21493 33533 
37982 47927 
2920 41556 
29941 47034 
42306 46030 
40998 46832 
40440 46810 
49140 49193 
15595 32774 
24422 36220 
41470 49277 
37011 45236 
45607 49257 
25798 29504 
34977 48022 
37055 49897 
33910 37104 
49518 49965 
29243 40210 
6707 21206 
11042 18389 
37961 48514 
42665 47892 
35905 37314 
12705 14133 
4722 31253 
15331 37956 
8707 47770 
3504 34293 
11106 18141 
13671 32978 
26851 37787 
42268 49630 
4826 29218 
777 9889 
46226 47190 
41358 48128 
27849 45820 
10273 33871 
36217 40855 
48399 48828 
4035 8010 
39844 47379 
32434 48313 
13816 16478 
21009 34260 
17106 32461 
41564 45801 
41275 45478 
39935 48738 
6050 44040 
33740 34099 
13817 32871 
44838 46242 
43672 49003 
32150 42516 
3567 9648 
33813 36937 
21550 47945 
25249 32822 
30637 46666 
41334 49991 
37072 42024 
37568 46598 
39454 42761 
2035 13540 
48826 49683 
5614 26236 
29073 46120 
22279 39747 
42148 44860 
30983 32811 
36362 43663 
33066 38534 
22864 41304 
19814 27736 
15865 25889 
37418 37763 
26556 35334 
30919 34308 
11229 49988 
43029 49062 
24058 24333 
3431 13720 
12839 14406 
4387 15911 
34429 38317 
9240 11366 
8859 12924 
47978 48311 
16220 25038 
24808 48187 
18838 35380 
30648 48071 
21012 30479 
14136 19852 
33851 39115 
16085 33771 
1335 18669 
42183 48527 
28931 31071 
37141 37954 
35538 41046 
45631 49227 
31998 40987 
9555 11686 
28169 41712 
13088 33873 
18187 27962 
7898 31896 
28790 38799 
22771 27116 
2526 37156 
18128 32392 
21917 36898 
4723 37863 
37867 45273 
28920 35898 
27159 42421 
23609 27409 
42494 43115 
2232 17048 
35962 39017 
40998 44300 
47828 48153 
16272 48511 
25326 36763 
1265 8648 
5968 23576 
2983 5426 
21205 30539 
40704 46646 
25557 30287 
4623 47618 
13379 45300 
40758 44703 
897 20832 
12168 26833 
30951 35032 
36916 40232 
47903 48292 
11188 21878 
35673 39741 
42693 49148 
22837 27774 
49896 49974 
15365 44245 
17573 25808 
45016 46517 
19970 27620 
32366 41331 
4939 19076 
41008 48246 
11527 16931 
26260 26845 
11531 38391 
26560 33205 
26937 44984 
49135 49509 
39857 40102 
32337 41106 
9250 39825 
23210 48401 
49729 49988 
41197 44582 
2477 27497 
9606 44256 
13633 21341 
132 793 
37090 41156 
39999 43436 
5828 44296 
38017 41013 
34663 47455 
30703 49003 
224 24392 
6622 26442 
24742 49144 
33988 40462 
47331 48307 
1991 13320 
45899 47329 
31645 39163 
37694 38838 
36792 39749 
3637 25778 
40636 48630 
4435 7386 
23052 43638 
16177 24839 
14876 28637 
20710 47022 
40546 46257 
10393 14203 
12564 29900 
46331 47355 
41448 46646 
35449 46162 
14901 43364 
17382 31236 
41085 46032 
31975 36557 
9270 27326 
45643 49592 
3817 36643 
43347 44668 
49109 49487 
47385 49140 
1500 40149 
27849 35681 
39629 44741 
22572 35997 
30620 34916 
10201 37110 
38236 48473 
19693 28176 
43460 46943 
27234 40213 
8561 49086 
2544 36906 
37859 39486 
39161 48005 
17451 38660 
20141 49150 
3248 6650 
29396 34096 
10147 46002 
1486 10519 
11173 36920 
5093 29000 
35380 48051 
32949 40087 
28370 36181 
3319 14108 
39520 39589 
24859 49747 
25764 26967 
32553 37044 
10429 45534 
19943 33429 
46382 49501 
2665 41003 
28520 38494 
18255 18469 
2843 23169 
9772 32583 
25013 32737 
45161 46544 
31874 33454 
47264 47939 
43413 49219 
45121 48081 
47725 48645 
636 7314 
14800 29213 
33565 45608 
27980 39408 
32162 45237 
10803 11033 
32057 38788 
25232 30004 
47259 48556 
26362 41716 
9065 34868 
28658 32662 
12469 23354 
28863 36592 
8170 25261 
44525 48137 
32937 48405 
3697 11565 
8093 25208 
26852 46399 
45822 46020 
46212 47140 
21397 22253 
18540 20818 
27094 44695 
47079 48375 
42062 49761 
15480 37591 
25327 43974 
30784 49935 
1716 42476 
441 25372 
1164 24848 
16198 43710 
37148 42119 
11083 30884 
13222 20313 
25124 36898 
20113 34711 
32487 38496 
15448 37333 
36705 40483 
37812 49328 
35593 36821 
32766 48758 
15143 44733 
6757 34765 
1457 28429 
43743 47637 
4862 44672 
11496 21375 
25436 36847 
16437 30880 
10807 11676 
36899 47677 
47776 48395 
20642 41000 
4949 29223 
45469 46009 
37311 41600 
48530 49181 
1617 35131 
48903 48964 
19213 47131 
17723 22479 
32654 48963 
23674 30968 
26002 41754 
35344 40625 
9992 44514 
7185 18509 
22235 42597 
6413 33121 
46774 49171 
9291 22921 
20192 23632 
24358 33292 
44237 45494 
49533 49705 
44033 44567 
20161 22464 
5517 6303 
47413 49574 
31272 37158 
5808 38811 
24813 32115 
5743 40797 
37379 49061 
28217 42427 
25668 43355 
48728 48783 
26959 48744 
40806 41000 
9008 45025 
14106 35771 
10824 22704 
21442 44530 
32189 32994 
14090 28626 
12526 22376 
8390 16398 
33096 43801 
29792 44680 
24208 30977 
841 48400 
48841 49646 
16603 46353 
35290 37948 
30955 48618 
39085 46285 
42817 48527 
6518 37370 
25227 41366 
22487 41489 
25742 48548 
8407 16353 
3750 44721 
42129 44825 
15904 44004 
22065 44641 
20521 30878 
48709 48970 
11948 18861 
8805 10563 
36636 45723 
43404 49166 
28386 42738 
9685 13003 
21302 41204 
7951 29565 
30886 45226 
21984 34920 
33608 34545 
5388 34644 
45205 46836 
19656 32683 
7073 17478 
15957 40585 
990 4050 
24443 38391 
38761 40573 
2013 13078 
34828 48002 
31610 41066 
33175 35291 
39461 43898 
19273 42115 
47380 49982 
49627 49903 
28867 35267 
8451 18548 
14631 43955 
32968 40049 
24920 25490 
10907 29456 
40823 44689 
35815 38443 
26437 38388 
47117 47878 
12241 42507 
36876 38202 
43926 47383 
12658 15718 
23527 37420 
29171 44711 
28300 40927 
6143 46180 
4136 36403 
28007 29108 
39441 39573 
42522 47648 
20150 49475 
10197 17285 
31953 48078 
20163 43949 
19461 47153 
5033 33047 
32687 43195 
5385 27253 
34943 42011 
18734 28563 
690 22719 
39980 47621 
41817 47875 
35148 42766 
2330 41799 
16845 31872 
16152 20928 
36087 48948 
594 49623 
30209 46440 
6663 40910 
28358 48253 
21860 42804 
36039 40804 
33329 42738 
10863 26151 
851 32753 
46222 46600 
41110 49349 
31765 36721 
38682 48219 
13214 42906 
38653 39191 
41826 41997 
28528 37086 
49068 49464 
641 44386 
41916 48624 
3616 39395 
21325 28898 
22780 34443 
6890 28533 
2696 28660 
24156 42146 
31295 33964 
16732 31508 
2241 12431 
23914 49174 
29257 35655 
9957 22059 
19503 46957 
6024 24904 
42024 45628 
11944 47712 
1247 46879 
7860 31123 
13364 23454 
23074 49163 
4607 30731 
33835 34649 
17107 28719 
22163 24332 
36855 44385 
15977 40089 
21679 44372 
20827 49785 
10411 11713 
11559 39344 
10786 39693 
29528 38300 
31494 34228 
35094 41084 
1122 6719 
39043 41645 
31174 33414 
5309 37502 
25212 34985 
18843 23748 
8957 36245 
39995 44073 
46761 49974 
3521 14552 
3818 10231 
7579 23193 
34993 46523 
13579 35989 
49548 49751 
26408 32994 
19503 24567 
30196 48949 
18549 19624 
28683 30004 
38710 48996 
19742 44292 
25254 36372 
46932 48003 
26572 36430 
48688 48772 
9196 12852 
11201 19023 
44787 44892 
22830 44285 
33471 37531 
36825 43872 
12224 28711 
12498 37090 
30616 40184 
5530 17671 
19653 38058 
1375 17391 
24979 48925 
22385 34204 
45809 48590 
26200 45645 
29305 46200 
20351 41634 
24722 27579 
26531 44339 
24768 43895 
43228 48479 
7606 45311 
48982 49870 
14435 29523 
42013 46051 
12468 33389 
1641 16199 
40958 41834 
610 10964 
28854 33541 
37489 41266 
28149 46134 
30618 37476 
15500 37183 
25174 39415 
22631 38029 
49048 49626 
32896 35939 
5888 31255 
25495 47359 
10342 11366 
45394 47356 
23868 44798 
28976 44912 
38288 49052 
8869 34037 
23364 44704 
41371 47806 
31802 33897 
42442 43240 
17317 43936 
31623 36226 
38095 48493 
10322 37011 
17805 47147 
14755 16496 
37405 48792 
46859 47111 
41104 41852 
25320 33641 
18984 38828 
32844 41757 
19477 42943 
5076 8824 
20243 44095 
8193 36221 
46271 46910 
34011 43600 
10071 17067 
9588 23239 
1310 24558 
24705 37216 
29070 36345 
12371 31407 
10751 45897 
38276 41190 
40758 43441 
26308 35675 
40538 49773 
20815 47651 
7896 24238 
9873 35154 
42842 49342 
3385 33352 
46208 46624 
44009 44995 
8160 33650 
24617 45950 
22973 44703 
46065 47466 
29081 37605 
39054 39136 
1203 16289 
6066 45301 
28486 34741 
34444 35872 
12721 44063 
36381 37267 
5121 37859 
24498 48936 
922 41206 
11425 35334 
6755 8708 
30354 38805 
49784 49829 
8361 39352 
9878 41772 
45058 47730 
282 25988 
12555 16355 
1095 46375 
39929 42821 
34934 49500 
18130 24453 
17466 37245 
22869 47536 
34427 37521 
36122 39051 
21869 22072 
35988 46147 
3631 47575 
41509 49010 
17819 28225 
2232 40247 
19145 34163 
10704 40833 
2588 20037 
46332 49781 
43776 44590 
34480 35998 
10234 23542 
40129 46389 
16029 21207 
1135 37527 
30683 32354 
8288 27682 
17740 43142 
9891 47659 
20400 33974 
88 18015 
26 38357 
36797 39481 
30678 49151 
32096 40624 
14081 47208 
26987 33437 
15571 48564 
24072 32820 
28973 48600 
42415 48428 
27520 31509 
42939 44970 
45059 45995 
30367 40766 
24310 24823 
3235 25900 
13797 26168 
3293 45039 
39808 48719 
36285 40951 
42075 42206 
42626 46746 
48907 49054 
4330 7216 
7265 16837 
49778 49915 
14767 20733 
17820 38221 
45890 49544 
47875 48801 
22516 24494 
1454 27215 
8303 43307 
22908 23802 
28096 34015 
3162 9296 
5829 23727 
41969 49483 
11004 33298 
11257 22292 
15043 25375 
49527 49596 
6244 45824 
11729 39803 
40655 43293 
43204 45758 
3415 34136 
38471 44758 
39172 45780 
18369 46257 
31314 40742 
47398 49300 
9845 27374 
20670 44848 
13517 22379 
41120 42958 
10357 44545 
34440 34893 
25718 43478 
12176 42098 
21394 25964 
33423 38285 
32459 38755 
20239 33589 
244 7602 
22053 44155 
19841 36944 
16492 47575 
38777 40825 
37467 40761 
30255 33326 
25314 34548 
7763 19444 
30414 41754 
43271 48070 
4974 14135 
42830 42908 
24361 36427 
1917 37575 
23668 38253 
6321 8583 
39598 45140 
20226 41899 
25026 27627 
44151 46550 
11009 42275 
22546 35647 
43404 48999 
3595 27736 
43606 47319 
39813 43528 
7853 30187 
49290 49701 
42006 48598 
10273 30686 
25707 30086 
40651 45902 
35423 45768 
31359 38473 
1252 2941 
3877 28518 
2343 43909 
29180 31908 
41098 49051 
46297 48665 
21931 38199 
18734 45089 
6563 15138 
925 48003 
861 28533 
34662 48638 
28577 36479 
761 17636 
5228 5578 
3906 45682 
27979 47989 
49526 49678 
24075 43434 
8777 45617 
25682 39262 
31819 39174 
24823 42769 
30618 42973 
43151 43825 
49951 49983 
9615 43816 
41032 48791 
4043 7635 
41256 44053 
12194 16741 
33240 38877 
901 1577 
33679 36082 
8948 33006 
38006 44490 
48406 48532 
43388 47296 
11720 31571 
28608 38324 
25764 27127 
23211 39130 
18863 45023 
4042 44856 
5798 20215 
18919 35720 
48815 49086 
31634 48909 
49297 49903 
22120 24764 
29212 46262 
23182 42066 
30392 45545 
27059 27638 
10397 11828 
19857 30273 
30889 33892 
28705 38906 
7662 27664 
1157 47969 
44345 49783 
39844 43166 
20867 33816 
11073 17347 
10502 41454 
34199 34755 
31142 48876 
45220 47318 
10587 44962 
20858 45017 
7042 21339 
43249 48303 
27221 47291 
36931 49199 
35720 43985 
40536 48126 
21369 35973 
48168 49999 
33300 38574 
37554 41358 
28463 35967 
24730 46570 
29553 32395 
3091 30149 
43227 49934 
47341 48652 
47249 49024 
8875 17341 
41168 46083 
48258 49584 
26174 43284 
19571 27361 
13601 37161 
2834 22520 
49404 49660 
30997 46397 
5337 26529 
5909 22547 
3707 6421 
11848 34574 
31207 37025 
9299 41281 
41485 46409 
33814 48630 
5737 5806 
42530 48792 
3105 40233 
22118 29907 
5107 33742 
7818 12778 
7588 44848 
14048 19299 
33945 39200 
28285 39115 
2766 8296 
21712 42437 
16294 47124 
45490 46893 
4987 16910 
5059 33206 
43429 45108 
19378 45273 
5106 45985 
16798 33060 
30297 44926 
24467 30057 
46942 49000 
6224 43614 
39280 47841 
3547 26956 
48817 49121 
40747 47240 
36103 38255 
43463 43917 
48781 48879 
23300 40111 
38398 49226 
43196 48112 
5516 19742 
41083 46617 
13933 44006 
47586 49703 
16305 46185 
17027 18894 
16400 29975 
30722 49413 
27334 28126 
27364 44594 
41774 46098 
49401 49976 
36702 43833 
32142 37545 
11412 45606 
45334 45525 
17571 34722 
32131 32523 
880 4789 
37293 42827 
32197 38176 
42050 47366 
3825 28777 
40222 46317 
14881 21396 
34954 41400 
32044 39601 
29384 34616 
8204 46742 
35748 43496 
49569 49594 
39742 42808 
26026 40130 
39741 48850 
31474 40056 
31006 38030 
19430 47174 
4813 35392 
45748 46702 
35578 42698 
16375 28808 
29839 41664 
5143 32818 
30186 48121 
18251 28485 
13857 17488 
42789 49359 
47022 47951 
5209 31764 
14939 44821 
16165 47935 
42399 44904 
18908 35292 
8998 16880 
25501 44247 
24874 41342 
35022 45679 
24601 32376 
35055 48153 
49634 49927 
23344 46425 
30963 37639 
5476 38730 
36493 44657 
38176 42997 
4755 20641 
25576 46459 
45768 48229 
26074 40469 
11879 15469 
11271 33657 
43446 47331 
46389 49547 
36044 46120 
40791 42211 
40630 47643 
17844 40409 
40531 46618 
46436 47359 
41336 42301 
7829 8957 
21485 39079 
19281 23732 
40966 45799 
21877 47992 
29936 35837 
43709 45209 
7883 46300 
7047 36186 
2587 27994 
31630 46006 
36975 39229 
22256 25605 
45190 47190 
21393 23911 
38989 47647 
20466 32925 
37613 38307 
23405 28628 
5106 39121 
1025 44366 
49494 49568 
35437 39639 
2875 40846 
37250 43755 
43319 45162 
37868 44920 
44006 48870 
20019 33017 
23103 25092 
12941 37155 
3293 8042 
18495 23919 
44544 49706 
44422 47701 
894 2408 
26708 48253 
14568 47418 
32832 44071 
12182 30662 
30235 40385 
27041 33416 
33252 45849 
20377 36588 
32805 40754 
42832 43498 
37328 49892 
7464 9293 
31267 44579 
26915 46741 
19735 32535 
31379 43418 
48547 49822 
48152 48293 
37173 40041 
40531 40671 
26236 40600 
48199 48474 
8033 41966 
25403 32328 
35902 48105 
25712 32182 
6563 12746 
42064 45967 
18553 18743 
25763 45057 
5549 22788 
10598 16023 
4451 15436 
18167 49879 
4922 24191 
26080 36121 
42417 45366 
48089 49508 
17225 26130 
18501 42270 
30750 48138 
117 21496 
21618 32100 
37252 42564 
29394 44713 
2656 19921 
44845 45315 
3607 35710 
29050 38039 
15786 38421 
7473 34584 
8598 17086 
3378 14117 
9672 40186 
26048 31857 
23145 26284 
36137 49291 
24554 30731 
22032 40290 
28441 30670 
42267 44605 
15342 23412 
49789 49800 
11959 36537 
3026 41363 
9459 14992 
42598 43297 
47522 47907 
36648 49031 
44643 48119 
40867 45488 
9137 27080 
4194 26615 
30813 48410 
9820 41048 
45537 46084 
4508 19321 
23723 32054 
29405 32216 
4432 22865 
12158 34310 
29135 38508 
36799 41044 
6906 7482 
12291 38613 
41597 41653 
32605 41695 
962 37982 
21843 28397 
13451 42442 
33595 44405 
45768 49512 
32457 44682 
21770 36567 
19246 23774 
45641 46858 
28353 28593 
6855 30582 
5430 9941 
9652 30586 
46414 47496 
30402 37147 
10541 18405 
44581 45334 
5960 10656 
4660 32922 
44704 47763 
4174 4288 
44148 47237 
6587 18325 
46490 48186 
45502 47401 
14751 40121 
30696 47816 
14868 48297 
8712 17815 
46647 48144 
30047 34244 
42281 43171 
22965 30377 
16529 35677 
33384 48533 
49871 49908 
21143 30193 
11134 18899 
4991 40675 
21801 39133 
15614 21494 
12775 16389 
16739 40180 
12295 14692 
16763 23461 
34881 39914 
11124 23655 
19023 33116 
14812 43382 
31536 49595 
44093 46598 
27089 38750 
49258 49307 
36847 39256 
20898 25088 
23032 29819 
44476 46463 
30361 39822 
45690 47177 
46269 46380 
46359 48770 
27739 28740 
21670 39458 
16264 23905 
3177 47618 
46620 49470 
4797 38787 
10540 22655 
15050 34986 
40049 42097 
2587 8964 
29972 35339 
31695 39741 
26469 30843 
32554 36416 
11241 45380 
675 22781 
20294 25572 
34241 37348 
19950 42913 
22006 34912 
27339 30959 
13933 40105 
20949 49974 
44525 49706 
5486 45903 
24019 35059 
33188 48867 
17530 24081 
17160 44393 
37621 42862 
11518 29526 
47857 49693 
40915 41640 
22066 37490 
25704 37549 
40082 49740 
22722 37475 
18769 33737 
46694 48168 
35814 40047 
30421 44487 
30470 48976 
21347 42085 
26000 44926 
18040 46866 
21311 42370 
30500 35055 
45403 45626 
9199 10585 
22699 38065 
31689 44868 
1060 31369 
28045 38525 
40038 47475 
10814 12430 
46665 49325 
1764 4731 
49322 49950 
42785 46316 
8054 25225 
23269 27311 
14296 36495 
42263 44585 
1529 49502 
5780 37292 
17657 26341 
29223 35447 
728 24636 
47405 49192 
32638 38344 
44627 48966 
43128 43978 
5246 33437 
35420 43354 
3151 44278 
22055 27882 
14295 20696 
26769 28853 
1178 12676 
16837 49572 
49411 49973 
21705 45034 
40045 48733 
33491 34890 
25543 45962 
14700 22338 
39089 45808 
29220 36865 
3178 13339 
45833 48689 
9777 41289 
23251 26345 
9518 18462 
10874 46270 
12415 20907 
26681 44269 
34025 45832 
33328 49482 
46846 49610 
28807 39354 
10362 30047 
3601 29928 
2049 4382 
9632 23924 
26486 32684 
41600 44015 
48088 48825 
11948 28212 
16882 27100 
28682 48654 
18381 44595 
45003 47815 
25913 30542 
29065 44161 
6600 38662 
12944 17098 
9574 24929 
25613 35946 
21063 39220 
11925 38772 
38286 39672 
40544 48560 
21994 42244 
4040 10024 
7787 20783 
37794 50000 
8444 12730 
27049 32936 
16095 44496 
46668 47256 
505 20277 
30423 34099 
43886 44256 
19228 31568 
27697 32944 
36086 47728 
47393 48558 
2544 17509 
1182 28155 
46439 49071 
19569 49568 
10029 18076 
43314 48071 
20257 29532 
45407 45568 
8993 45653 
1218 8557 
44538 45648 
21761 33814 
30231 37762 
49101 49324 
49089 49120 
22411 24487 
16980 31404 
46610 48312 
21533 39321 
12399 23964 
3583 22888 
7859 26772 
17110 31234 
39066 39731 
21018 40031 
17535 45791 
44200 44850 
22144 36106 
25369 48751 
4520 47818 
31894 34339 
23048 38737 
11843 25958 
26942 34869 
40210 41875 
31720 46328 
49600 49848 
6930 42409 
5279 35000 
32048 33521 
4803 39856 
30310 49817 
7299 40858 
15695 23320 
3529 6051 
48494 49846 
2221 34170 
16688 43582 
8519 24974 
20724 30188 
26047 49641 
34144 40528 
18013 43641 
43862 45322 
8044 25693 
32572 33075 
6955 12336 
37384 42931 
2520 27177 
19152 48649 
47298 48625 
18387 33822 
44953 47413 
12385 13963 
17861 35788 
9435 38105 
8366 42061 
1540 20897 
7665 36552 
10008 14292 
1274 49699 
19620 45863 
2513 43791 
13589 18568 
42578 45624 
41747 46200 
5018 47117 
14303 26388 
49144 49411 
9581 36003 
24909 27267 
43608 44155 
30924 44133 
27180 47849 
41314 46917 
17507 37644 
22112 41279 
21089 31997 
13806 44242 
33666 47863 
44552 49496 
21233 43474 
29497 31799 
5585 17222 
23891 36568 
27864 31029 
3906 41538 
36434 47990 
36989 42905 
30247 34981 
25054 27730 
48297 49140 
20158 40326 
24426 46909 
23139 35358 
31140 44162 
42437 48332 
8784 23256 
29389 40811 
33201 42461 
125 12230 
13650 43798 
42834 46706 
10836 36750 
14907 46647 
42761 43876 
43424 46751 
30713 46703 
49522 49769 
26423 27405 
42850 49230 
30755 31636 
42938 44850 
26702 38376 
43741 48686 
29891 31519 
17849 44661 
9226 31893 
9635 38970 
45193 48556 
41902 45114 
7093 19998 
46096 49488 
47606 47816 
32119 38915 
744 17188 
26387 42315 
39124 41799 
2697 18894 
20263 47385 
32900 43934 
1238 6551 
7528 26015 
18859 19675 
29541 38682 
814 22107 
21990 30142 
21379 31851 
1224 1245 
15915 27440 
8407 35874 
38874 45887 
31143 37820 
34513 45122 
47074 47570 
4194 33625 
21086 38938 
33413 44715 
9513 43156 
13808 22181 
22734 41398 
37283 39992 
26446 39790 
49962 49991 
20855 27960 
43760 47382 
19689 46916 
6274 33970 
24968 25724 
24502 32600 
37816 41824 
34893 48843 
1726 41193 
44545 46605 
37083 41231 
45992 49620 
24159 34398 
30529 47534 
21580 38309 
38694 47505 
29093 45350 
7140 21407 
35362 46601 
22898 29929 
29234 37288 
11073 11202 
35423 41715 
34082 36004 
14500 42298 
24704 37972 
8438 40962 
8775 44910 
28040 48032 
13319 32026 
23181 38822 
30054 49997 
34184 38621 
10591 47008 
11600 28080 
2744 47284 
35878 41796 
35938 46665 
37839 44693 
35847 39891 
19749 46592 
13735 37350 
22056 48955 
1215 47048 
47009 47521 
1238 29020 
18929 36523 
43483 49090 
10655 29380 
8397 35915 
26791 49031 
17573 38590 
47819 47981 
14704 37213 
11027 23845 
18421 35139 
47386 47501 
23455 32281 
32634 36540 
11106 28358 
30409 41822 
47595 49351 
27334 33631 
10044 42890 
5399 40773 
23728 48198 
34923 48510 
6665 25216 
27013 34700 
21729 24926 
37747 38333 
12012 19386 
23833 29156 
7565 11046 
14167 30155 
3846 49917 
34142 39456 
7170 17055 
44985 46316 
9688 43006 
2520 29519 
42479 48452 
4889 31572 
5438 45650 
26868 42181 
48769 49004 
45425 46263 
3779 21844 
39812 44895 
40439 48585 
26843 28543 
6375 7105 
16966 46901 
7580 36817 
21288 22164 
10474 48548 
37639 41561 
45921 46694 
22380 41258 
45895 49762 
18270 28411 
37468 46472 
2985 45533 
41695 42101 
43309 47693 
25961 48221 
2459 5673 
32056 39564 
3115 17461 
14431 46453 
21924 34748 
48414 49191 
20679 27244 
31538 35732 
2337 28716 
40067 45210 
42625 45579 
21794 23129 
30627 47195 
44116 49183 
20972 36523 
38183 41563 
31313 32129 
3416 21911 
43376 49302 
1583 13609 
23457 44456 
20733 37049 
20240 29421 
39501 41692 
19830 35096 
42151 45711 
19765 45302 
46727 49943 
20437 24650 
45528 48551 
41678 43907 
31339 44985 
16597 47751 
36301 37252 
31940 40890 
38358 41879 
26153 40760 
14886 42058 
37276 48407 
24476 31610 
78 23897 
49976 49976 
26668 40118 
37272 40956 
27380 33379 
42369 43072 
42551 47906 
27909 40249 
47145 47854 
49248 49601 
935 4866 
18902 47284 
3797 41418 
16221 29252 
2261 18442 
18965 27053 
25218 30301 
26781 44433 
26881 33795 
23309 25861 
36784 47574 
36446 46547 
3069 19826 
45339 47403 
6396 33040 
35151 39395 
38560 49052 
16538 21758 
26948 40680 
32158 32275 
6102 23005 
21527 23680 
40167 49486 
42682 48416 
155 22888 
5412 24765 
46375 49335 
27783 40067 
24691 48695 
15192 43199 
8749 40837 
7995 48762 
30917 44387 
3334 19607 
25377 30904 
27798 44957 
21620 36220 
17604 19837 
38092 43228 
2672 3448 
9164 32902 
8730 12046 
3942 26974 
5099 42680 
17204 34931 
693 24526 
7338 41848 
16035 40191 
12701 28437 
12918 17095 
31727 32816 
24466 35344 
21031 37732 
439 32757 
14782 14793 
33990 39133 
44444 48801 
39163 43565 
26083 31940 
34869 35860 
34761 47627 
41286 41872 
40244 43313 
43715 48929 
39685 46125 
9180 31675 
5920 23109 
40601 44157 
21534 44526 
3044 19112 
36917 37261 
5516 22105 
7168 28451 
47354 49881 
42949 49832 
25416 28521 
25624 40254 
8059 40895 
12511 17753 
5744 38650 
2703 9459 
44908 46123 
16342 19128 
24798 35507 
38742 44341 
22578 36841 
15266 39149 
14112 43162 
25794 35353 
18594 36388 
411 16785 
2221 26568 
6261 32762 
32358 32659 
13110 30345 
24970 31294 
41711 45639 
33488 45899 
27844 47235 
22324 28108 
16017 42723 
24390 26323 
5823 30507 
46912 47840 
22963 31840 
40980 44649 
21512 24839 
38612 49565 
5564 6061 
32049 46119 
43757 45348 
14781 21138 
46336 47642 
2419 10381 
39129 41281 
45140 49018 
7999 9262 
10050 13852 
656 23126 
5153 40152 
14358 30646 
21212 41526 
14950 40556 
49841 49984 
36029 37740 
5451 25020 
39727 48614 
43017 43762 
15228 23937 
12034 35719 
49821 49988 
34811 44284 
41195 42818 
22358 23234 
11049 31277 
35691 45037 
10213 35044 
15662 31127 
39235 41302 
33659 33994 
42914 49964 
22328 42178 
1488 49666 
13252 13772 
2613 23816 
37529 38442 
5939 38831 
33308 42667 
40520 47948 
14589 41930 
30072 35267 
30148 45431 
43741 44169 
6839 30142 
20944 26733 
19742 32150 
18510 29728 
27535 34951 
43603 49383 
5940 19227 
17146 39326 
24778 25438 
40992 46421 
16515 34682 
32035 40492 
16922 43863 
34738 40624 
23108 23818 
43310 43739 
21441 24475 
19075 48240 
40443 47346 
40900 44556 
20272 49065 
15255 23705 
35377 39387 
11230 34265 
2759 27006 
30298 47694 
1374 12575 
1075 34910 
34698 44058 
23767 47278 
28901 43931 
20583 44244 
6526 36743 
49760 49845 
11321 43782 
31624 33829 
27851 46645 
45404 46115 
37230 41466 
14872 14903 
40702 41506 
29544 36722 
3424 43901 
2602 19522 
3489 5351 
8927 13240 
44415 48806 
15164 47716 
1817 22609 
30109 47559 
14840 48402 
19792 25079 
17456 32471 
1811 42057 
36972 42395 
21877 40909 
32366 42836 
47808 48035 
26143 33271 
9144 17516 
24683 25458 
42654 48829 
14004 39579 
5089 23373 
9706 47808 
20331 38522 
43600 47213 
46843 48329 
2047 24964 
38432 48531 
46732 48894 
36591 49309 
32370 46413 
8860 25194 
17292 47183 
28901 38009 
47242 48807 
31549 49910 
30480 46528 
21942 39593 
21202 41889 
19655 39675 
692 45843 
7928 25711 
41019 44507 
43808 49893 
12612 20802 
13175 23707 
49310 49403 
16881 24606 
7949 20660 
8375 22854 
5689 5783 
36422 39391 
39997 42433 
19293 26647 
4745 19009 
9216 47984 
22693 35682 
13226 36279 
16513 40649 
37837 48793 
13140 27083 
24449 24998 
21582 23448 
35930 47393 
666 26838 
11271 30773 
28634 40031 
11986 26017 
41143 41817 
7987 8979 
46576 48079 
14484 30316 
21592 45052 
7424 25181 
46620 47605 
9103 27467 
30201 40358 
35035 45674 
5720 7225 
37657 41927 
31002 40132 
6444 27811 
8541 45344 
28834 32473 
29427 41973 
25025 37534 
13056 18573 
9169 27959 
8360 42440 
21986 30542 
12508 49458 
7904 26563 
46679 48511 
20022 31272 
40871 48585 
25717 36842 
38410 41212 
8307 48021 
31236 43026 
24903 30213 
25114 48278 
15422 20561 
48120 48878 
6699 13458 
33386 48894 
28823 46635 
16826 39235 
24363 33693 
35658 42255 
36888 37338 
18773 46456 
31165 36481 
44965 47422 
9208 33542 
9766 10412 
23371 30021 
11916 30930 
38573 44152 
9695 23747 
33113 43077 
31085 48462 
25892 40270 
25314 31026 
41527 49916 
31532 33338 
29740 33294 
44458 45132 
5494 46493 
442 28936 
47666 48125 
44958 47190 
26238 42859 
28569 41259 
48040 49030 
13455 35653 
9715 24589 
26924 35426 
18110 45293 
5950 17210 
17101 32860 
37007 37299 
18503 37749 
4904 37136 
49152 49743 
40175 40899 
34962 40115 
3097 6917 
30832 38662 
9487 34596 
13175 18472 
31958 40124 
24730 42115 
11463 36467 
20700 23794 
5405 31881 
21673 34879 
25938 49034 
42183 44789 
25228 32136 
25023 46115 
42478 49673 
20273 47692 
27538 38195 
19861 30716 
26609 29194 
37049 45875 
5946 13304 
43226 44443 
43845 49712 
26969 31643 
26956 27770 
11519 14003 
40808 41360 
18875 48075 
13585 41218 
37538 39603 
36598 43815 
40405 48974 
16185 27836 
25330 40126 
22666 39047 
44864 44986 
17818 37106 
31602 42990 
9210 44827 
23346 30046 
34129 40839 
45683 49218 
18227 47626 
40673 45677 
14190 39404 
43127 43498 
12231 45805 
64 38175 
23390 29309 
29047 40568 
31511 49780 
40333 46959 
4767 34097 
31804 49025 
23040 24690 
38309 41725 
4899 32372 
20645 42773 
31290 47338 
48337 48917 
26494 40124 
2732 41803 
42229 45842 
48625 49617 
747 44736 
6720 35199 
39635 44752 
44862 45296 
9319 31056 
41759 48488 
42040 46996 
17901 45523 
35444 42535 
14933 18001 
22578 33291 
4858 25855 
22008 35521 
48841 49915 
3960 37203 
8770 14434 
38233 43129 
37964 45828 
35484 39438 
28746 34986 
6456 33777 
28741 47672 
6260 12608 
31402 47387 
23597 26429 
38553 43276 
35987 49351 
41517 45420 
9881 18265 
39239 46056 
8891 41079 
28215 28947 
9721 47035 
35744 38309 
14229 15506 
31222 33804 
21426 27988 
22633 41915 
29361 33643 
41617 45865 
14148 22925 
35184 46044 
44951 47231 
32151 38939 
24172 35074 
8738 39119 
47310 49113 
34483 42847 
26217 31681 
14669 16101 
44582 45653 
19512 35023 
42828 49926 
18581 48621 
43207 44650 
9753 35662 
39680 40822 
7029 12938 
45805 46017 
3014 29517 
36761 40173 
44440 48094 
4165 46063 
1788 1870 
48911 49945 
7415 29762 
8837 44852 
8562 11422 
32325 43262 
12618 32238 
36565 41421 
669 45350 
40873 46045 
20246 49614 
13656 26313 
7932 34647 
22509 31147 
14226 27822 
10940 43737 
14074 39845 
37762 40873 
16816 25073 
15132 43290 
7915 35882 
24131 49046 
45243 47326 
21969 39846 
32812 33490 
4859 8234 
21008 37909 
26160 39695 
43952 47055 
33883 37594 
40820 41924 
26441 28373 
31711 34269 
25934 36644 
19600 30567 
16241 47708 
1899 36860 
9949 12344 
48822 49503 
46333 47687 
49250 49850 
44025 45152 
12485 39720 
33394 46609 
35922 49396 
22121 43448 
34712 41548 
34314 44663 
19426 40068 
10678 44113 
16930 17840 
39057 47325 
12079 20273 
36325 49324 
28055 30232 
29875 31866 
44383 47876 
10304 26596 
12659 41855 
12998 34879 
21435 40424 
28637 30022 
40952 41871 
9246 47358 
19543 20610 
24500 49407 
48538 48715 
13958 33401 
36131 46287 
39316 43346 
40259 48158 
34294 46942 
4450 19510 
15665 23711 
33075 36178 
13858 17596 
12243 42307 
39823 45845 
40167 40630 
15736 21124 
48990 49948 
25032 37900 
20060 39346 
45726 47308 
49703 49951 
14647 26662 
35380 49696 
34431 47249 
35039 48664 
16741 37323 
32178 47474 
35225 48574 
31363 42488 
28994 48517 
20955 34534 
43995 48581 
3828 14970 
24256 42261 
21030 41228 
44354 47055 
14194 17766 
39837 46024 
47570 48605 
40862 45851 
30484 41055 
34046 44497 
18271 47472 
43779 49368 
4230 8340 
21478 23989 
8172 41101 
5450 26772 
13281 42707 
12744 26764 
42574 46339 
18982 32262 
3477 13107 
25129 34448 
649 38298 
8197 29389 
24823 32860 
26478 33628 
38185 46331 
45440 49526 
43490 43872 
22675 44241 
469 21757 
6150 20630 
25315 47582 
49703 49810 
28609 34169 
6501 11881 
14629 35670 
9255 22677 
11413 12761 
49030 49174 
3469 13657 
41209 41376 
30235 38956 
49684 49728 
47806 48849 
29440 40635 
22889 29425 
17663 33113 
3030 38253 
13318 44411 
13922 30919 
35265 36362 
18116 30045 
43654 43905 
37600 39433 
40094 42425 
398 27198 
12761 43517 
4612 34718 
43857 44255 
42520 49918 
33537 48473 
26639 39865 
13997 33302 
38286 40602 
41872 43841 
10529 33097 
35166 49680 
9991 21326 
8608 18037 
17298 41722 
1600 33087 
27782 28231 
31615 38265 
29512 42502 
47775 49411 
8762 11196 
30008 49632 
48393 48602 
5210 41635 
38935 43829 
23071 26138 
23524 28320 
35859 40718 
36032 37057 
13320 40558 
23799 31177 
23819 32840 
33217 43396 
8929 22596 
48274 49968 
2143 37504 
40183 49745 
10356 37731 
39779 47879 
9318 19644 
15056 25430 
46317 48161 
35684 39096 
16027 34566 
23147 23213 
45204 47395 
23373 32438 
7593 41912 
29239 38515 
43404 43653 
216 30237 
13677 48304 
8896 22788 
22262 23986 
25249 32536 
10581 32709 
11344 42906 
30891 33141 
34928 48225 
35273 39001 
34499 36390 
15785 25596 
49716 49929 
24145 36958 
8450 21829 
31565 41791 
34098 41233 
19022 38937 
44357 49056 
15493 35373 
8443 29918 
44215 44592 
16092 24031 
16298 42832 
25630 25683 
18425 40709 
29866 33475 
39731 44133 
13310 35287 
19826 40478 
34602 40118 
43251 43522 
1729 39991 
27023 49764 
31126 44415 
36551 38436 
37610 41961 
3765 5312 
36980 42898 
28361 44541 
10066 38847 
4752 16735 
2427 17531 
47576 47645 
663 39180 
36702 39039 
32804 49132 
20078 36038 
30182 37664 
48989 49321 
12492 23421 
23734 37973 
29478 44347 
35356 44428 
18405 22296 
27693 44225 
32894 49830 
45260 47822 
16399 42423 
35133 41302 
25928 44834 
38276 38980 
44541 45833 
22819 26393 
38990 42431 
40033 42859 
44956 47076 
38631 42068 
47957 49932 
21201 45307 
14894 21218 
27200 28666 
4667 34441 
431 46499 
29787 49465 
16191 49536 
4028 5153 
10358 48346 
14161 38470 
4364 25553 
18523 25791 
3263 44473 
12742 15428 
48545 48598 
21658 28949 
35274 40379 
19439 29027 
32216 36965 
12151 28694 
12296 20145 
1716 22008 
6901 30531 
40263 40360 
38517 42211 
8223 16563 
31600 34552 
48943 49305 
43464 47712 
46066 48857 
28868 49582 
366 28373 
41516 43386 
38689 42639 
15950 35293 
6101 43473 
43048 49781 
13086 30771 
23281 36282 
1106 49968 
5416 40710 
6776 31849 
24689 40574 
27869 46491 
17181 26941 
28211 28446 
10056 34881 
44209 46186 
39460 44622 
36046 49530 
41220 47971 
19402 42969 
30392 36835 
2192 23892 
6598 35715 
31058 34068 
12932 24625 
47068 47266 
10436 41748 
23078 43628 
22570 49059 
24867 48631 
37899 41389 
42759 48990 
32579 39813 
1891 21388 
8248 11232 
46852 47108 
31349 38878 
448 35367 
13248 27075 
15194 25007 
11848 41277 
6641 44668 
45687 48386 
46303 47439 
46490 46615 
33246 48320 
40822 40840 
35330 47579 
5285 49375 
26113 49025 
13230 24464 
23644 46874 
5379 33644 
4261 39327 
29828 35702 
32035 35947 
43740 49535 
16543 20761 
24490 42500 
23271 32688 
10172 49867 
49170 49807 
34403 36386 
46295 46431 
4296 22872 
42036 49095 
3261 16645 
366 35622 
17916 22943 
14228 31564 
13057 23989 
21666 22441 
4321 25083 
41765 49462 
12554 29315 
21300 22137 
30698 40149 
47863 49064 
16065 27194 
24074 36051 
37310 41663 
5557 36810 
33084 49129 
31656 36601 
28382 34021 
8133 13405 
12200 32643 
36390 38829 
11999 46902 
17287 19325 
20400 28016 
31502 43870 
40424 46574 
12655 21199 
12403 14699 
2767 8638 
15561 27882 
40110 48447 
11386 31266 
7983 45394 
2317 38028 
21724 34869 
29426 45450 
12018 26087 
11246 26851 
3728 5881 
24072 39076 
926 34968 
34939 46573 
34318 36947 
12256 21662 
6962 23266 
12229 19167 
17871 22619 
31369 48332 
12643 20257 
24871 39735 
48559 48954 
35255 45803 
4588 10391 
17061 42755 
40961 46431 
42896 43448 
33828 38273 
44479 49282 
20175 35868 
26463 46998 
8827 9019 
12022 23592 
33510 34911 
41998 42712 
41306 44320 
14983 15914 
21401 48879 
26026 37754 
30188 41053 
17439 36418 
14197 39396 
18815 20178 
9846 21130 
42955 48605 
19372 47041 
36385 45643 
29484 30094 
31662 49884 
15860 49182 
35183 43891 
38986 44246 
11236 43825 
21497 27385 
47717 49950 
29044 33800 
11079 45883 
43128 46278 
44973 49381 
40239 42007 
46945 46989 
40546 41530 
19768 34262 
2861 6669 
4721 8255 
23263 45609 
32919 44307 
5385 48187 
38131 41979 
30144 45171 
10209 45595 
46801 47114 
12548 24822 
4339 10912 
2821 22150 
1148 9005 
33259 46401 
26412 47765 
38973 42977 
15269 19907 
43234 49992 
7413 18366 
5595 18995 
37955 38658 
15502 15763 
23983 25540 
22917 23959 
25899 47733 
12146 38407 
25410 38569 
18173 23502 
11017 27030 
10749 32274 
20088 47954 
48910 49508 
4913 13091 
21127 23984 
38727 44212 
33905 45004 
5315 18440 
4567 16235 
10657 29463 
39800 40923 
31343 32150 
11234 39921 
16077 47002 
11289 14800 
33038 45172 
23751 35704 
3057 35873 
33948 42971 
33423 40328 
32229 36223 
40461 42886 
48162 48756 
12947 37638 
44298 47000 
4020 20929 
20998 32429 
17562 25223 
18968 47092 
30140 47481 
27633 35776 
43859 46933 
17727 43582 
8696 25588 
46612 49153 
20052 20434 
16623 29102 
48829 49598 
14530 36499 
44097 44771 
10089 30591 
43677 44878 
11390 29158 
7048 10417 
39204 47715 
3738 10225 
734 8712 
1681 49466 
36074 49139 
1375 1741 
24517 28123 
17191 25396 
4114 30302 
13816 29182 
34994 44837 
23121 29889 
18999 31000 
16164 21119 
6500 8488 
25465 26530 
24193 30965 
42527 44001 
14974 41594 
44158 44936 
24219 48604 
25285 46002 
16298 40488 
24411 28415 
10574 40587 
21864 23393 
19944 46867 
41080 49827 
21884 23163 
6211 24914 
2393 43207 
7175 32923 
14195 14697 
5700 41472 
1264 42148 
24019 38357 
7656 22558 
8985 35431 
19253 24632 
716 11670 
16315 37532 
19007 19725 
1933 14314 
46298 46601 
32310 35319 
8060 19146 
18036 26810 
9143 19547 
38162 46991 
47637 49136 
15530 40738 
48132 48629 
20136 45931 
8594 31447 
17410 47981 
6423 35779 
10184 12513 
18679 43654 
3522 25359 
41262 44157 
13777 33097 
26615 26813 
32928 47995 
35045 49573 
7682 19711 
34200 37498 
11315 48864 
3538 6881 
14962 18321 
31837 49249 
39233 43406 
1025 14177 
27986 38004 
14793 46711 
33205 49515 
13606 22047 
32167 32866 
7028 19222 
17432 48158 
35134 48728 
42707 49779 
20854 38256 
47843 48636 
40706 42323 
5106 6743 
18860 43369 
41188 44422 
32881 43833 
29221 44323 
31049 45630 
41812 45496 
47397 48942 
43594 44645 
36058 37076 
1777 9152 
36457 46033 
8119 39288 
36376 45942 
30013 40641 
34694 40186 
28585 49542 
18779 41600 
29037 32898 
46472 46691 
26788 47883 
22253 22398 
10560 32695 
27877 41094 
27922 30655 
31845 47823 
12741 35647 
24888 36221 
29163 44117 
44193 47222 
946 23797 
34096 45492 
48591 49582 
3590 49727 
35772 36398 
42438 45338 
25589 35992 
48673 49618 
25541 41069 
15423 22964 
25977 40879 
36903 43167 
30648 36729 
47975 48683 
1453 1931 
46923 49156 
40531 45292 
27891 43882 
39722 42618 
43660 48955 
49366 49416 
42799 44270 
38266 38523 
6906 24588 
38692 44297 
5984 7202 
11089 13253 
30704 35642 
32359 35682 
6047 14570 
39343 44807 
5532 17484 
31702 36372 
21715 41471 
45710 47294 
40981 42480 
15018 25527 
3588 27459 
20111 30808 
46539 48726 
35681 43374 
4434 30140 
21802 44210 
35027 39738 
44896 45200 
44628 48338 
31702 47106 
10459 11601 
15918 36056 
555 12660 
25516 47925 
33804 46400 
43310 45570 
38857 46981 
15164 16322 
28332 40537 
5470 32337 
41401 46529 
32481 46360 
28547 32586 
42863 49166 
41784 48036 
24172 45217 
40483 45274 
29267 44076 
11038 34794 
6700 9711 
1117 42568 
32300 49557 
11516 39399 
15961 42485 
43830 47032 
38150 45992 
43181 49330 
38411 44737 
6963 35921 
1400 15699 
40305 48153 
47402 48684 
5324 15466 
22637 48655 
47087 49450 
3419 11409 
26678 31774 
22243 46049 
46277 47775 
5020 46112 
36094 47306 
8780 35455 
7350 8838 
7364 30755 
39740 42213 
17293 34407 
3682 28670 
39797 40342 
36932 39655 
48591 49567 
12080 26750 
15542 25176 
30202 30686 
40929 40967 
23314 32773 
5948 35795 
5778 13411 
21044 47369 
19301 40570 
16700 32681 
40247 49707 
5917 18224 
13583 26316 
2961 6596 
5232 48460 
8150 31126 
13535 21432 
14960 47229 
12190 28768 
31539 32482 
45807 49611 
44716 48604 
43234 44268 
42747 47549 
30509 32307 
42085 49853 
10361 49347 
16050 44092 
22684 38793 
30964 49212 
40969 44162 
3484 9338 
29531 40954 
18123 23848 
27066 38658 
24098 29735 
14212 43941 
37634 47438 
42288 49699 
32751 35064 
21404 21547 
30410 42977 
350 17558 
27940 45410 
20396 34132 
4964 43472 
3817 34188 
29092 39178 
39823 49264 
42129 44121 
16272 24034 
13588 31268 
1034 14972 
33285 36347 
17478 47998 
4950 35818 
11346 21153 
39339 42356 
12692 43987 
49850 49855 
15842 43156 
42630 48268 
24169 35724 
18005 23325 
17388 36439 
25019 37175 
45756 47492 
30521 37196 
29212 42891 
35395 48239 
28939 33128 
40340 45979 
22092 31055 
29420 38245 
48381 48732 
37323 43747 
36415 49393 
10752 16562 
40628 42655 
11201 12131 
14254 48463 
47196 48561 
32792 45614 
2967 40274 
20240 25014 
48189 49206 
38233 47162 
42197 47402 
41438 45699 
34884 41780 
13073 20156 
19370 38509 
16329 36633 
32743 45447 
41762 48920 
15011 25889 
30925 40773 
8800 15329 
29152 47490 
32406 44236 
4780 32481 
18960 25699 
1741 46144 
6290 22564 
42005 49205 
19447 22540 
25819 30764 
42443 43265 
13753 39521 
40648 42550 
46772 49864 
253 16111 
36192 38737 
28888 36701 
16688 44783 
13164 15108 
47342 49174 
33005 43036 
46702 47856 
33859 43199 
47771 49089 
22109 39688 
30141 36331 
33180 47726 
26982 35458 
32702 34369 
21206 30070 
36785 41824 
7696 38071 
4210 29902 
26020 32854 
43191 47333 
32206 38520 
47690 49295 
42121 48180 
21282 40995 
18064 45023 
7752 32543 
11630 38769 
45424 45756 
18712 29117 
24517 33684 
6256 15155 
30271 47686 
20864 24740 
5192 7544 
37343 42105 
39691 40040 
18062 22406 
29370 35096 
16949 37239 
30526 43672 
38814 39927 
40328 43242 
23169 42697 
1343 41684 
47532 48555 
36351 37084 
39483 46387 
19104 48103 
23936 42954 
7656 23010 
6296 44684 
39930 46446 
20755 30698 
20078 40933 
17738 38335 
46015 46069 
38601 46399 
31300 41077 
44799 45349 
20217 35827 
1765 29142 
30085 37550 
10649 49623 
16632 47758 
37697 42764 
41291 47389 
20830 32124 
11651 29043 
5542 45286 
4447 26995 
21424 39895 
27211 28691 
15468 26596 
29382 40849 
3391 32435 
27061 42618 
43897 45325 
4836 23462 
42516 47471 
16449 41889 
27728 30792 
26470 30021 
35141 47455 
10804 47548 
11663 48469 
27302 47703 
7439 39415 
31057 37293 
37296 38771 
43021 49335 
16429 27653 
23655 42366 
7780 43573 
24291 46297 
11221 29087 
45354 48696 
5105 48483 
35491 43768 
7590 15843 
40456 48189 
28673 44707 
2505 37471 
44043 47362 
8448 46929 
9534 42224 
7520 24266 
45141 49610 
34976 43430 
16313 16810 
3987 14622 
39317 43639 
21341 23038 
42841 43782 
21391 32741 
10789 34610 
28017 34481 
17912 22079 
38761 44375 
20018 31715 
3727 25052 
1652 39673 
11433 41205 
43829 47096 
37993 47543 
37668 46622 
11794 13324 
7003 28738 
33603 37648 
31216 35504 
4317 34885 
17398 25642 
47967 48141 
37295 45095 
43746 45861 
22063 42713 
22453 44923 
8551 46609 
17899 25069 
11688 37414 
5663 24195 
6720 41176 
40248 40551 
28741 31248 
33977 45500 
10464 43800 
8200 12097 
27688 45350 
20148 40600 
47163 49174 
46938 48935 
26729 34477 
45983 47940 
36185 36341 
36139 41203 
41736 45352 
35095 41759 
39197 47268 
41259 42850 
20058 25070 
49593 49710 
39672 41011 
10678 23544 
24401 28736 
622 44041 
39168 41219 
24325 37694 
29236 33100 
27440 44388 
28874 41866 
44548 47717 
35477 48553 
32524 49957 
936 19514 
47913 49995 
32426 48527 
40842 47444 
30728 35186 
18721 37618 
24118 41249 
16843 38138 
20208 43757 
18350 29019 
43493 47848 
33954 39518 
36964 37873 
22065 26013 
38392 47089 
16807 19092 
29630 38216 
27194 34806 
4741 35480 
35882 48352 
33682 43970 
49703 49800 
23111 48349 
8057 15443 
11738 24157 
43792 48666 
28153 48555 
11735 32532 
25470 37101 
35177 44894 
3037 40530 
10668 46458 
36433 39047 
39587 41787 
25882 40616 
6704 19755 
38274 47229 
24880 37586 
23408 49095 
468 47003 
30600 34046 
44877 48599 
15531 20318 
42390 43919 
16535 21464 
7163 9961 
418 3851 
8424 33237 
36129 48767 
43109 47462 
6523 8529 
36178 43319 
46208 48538 
36901 48531 
26519 49504 
41998 44439 
47197 49459 
9312 15662 
10429 36531 
5765 34367 
11838 36870 
38474 43600 
16777 29292 
18598 28102 
16073 30905 
7334 35502 
15222 29528 
49055 49246 
41326 45173 
9131 23543 
45820 47094 
664 5672 
10398 10447 
49870 49928 
48957 49835 
7005 48579 
16708 24003 
27332 36673 
40598 48161 
13035 42653 
29025 47914 
27763 35074 
36025 49071 
21917 44883 
414 21097 
12491 18861 
49130 49233 
20708 23635 
6830 34300 
48171 49481 
12780 49311 
48107 49394 
22354 44620 
16233 24163 
21507 26725 
33806 39134 
35802 47076 
49136 49970 
7332 47395 
13077 36745 
27149 36146 
555 20022 
19151 39838 
32843 44218 
5915 16406 
253 2610 
8022 21663 
48703 49642 
15698 17137 
33857 34982 
9620 48323 
13201 21614 
6611 33541 
25925 27324 
11733 31225 
36898 40755 
29810 36325 
10407 10616 
21981 31100 
46732 49094 
8322 42362 
624 7581 
21153 27331 
10387 43029 
34426 43870 
22761 44145 
22424 38742 
31000 32920 
34688 36948 
8744 41730 
37788 42484 
14977 30612 
19831 41650 
1577 36310 
28187 36589 
46995 49068 
1028 21497 
2179 9475 
39480 48763 
28459 35674 
11647 33906 
20616 38006 
33564 34165 
1939 35123 
950 8570 
31296 46016 
16400 32587 
49193 49573 
24318 28139 
36835 47866 
4268 10255 
46455 47440 
40437 48464 
4722 28289 
13 20958 
36054 46271 
31647 32521 
33341 47296 
46625 49756 
18503 21524 
13133 49475 
39926 40543 
35438 37452 
38508 45395 
38549 43905 
38081 41370 
21732 25315 
12123 41026 
44982 46616 
37420 49854 
30479 41701 
34006 44469 
29881 34209 
30641 39282 
38947 40637 
46698 46808 
47772 49290 
18387 42106 
19511 48870 
11155 27064 
7436 39504 
7185 10794 
46384 49084 
44779 48842 
24240 30722 
23583 43136 
4759 22232 
39726 45148 
28438 41214 
22685 25767 
9420 47056 
1629 26103 
9585 31807 
21586 32267 
27889 36735 
19030 43404 
12256 45595 
45983 48543 
26191 33526 
24438 37452 
36785 38239 
20198 41018 
18000 47798 
3599 44524 
42404 44220 
22478 47334 
16675 17907 
9789 38516 
17277 25284 
8589 17755 
38993 43986 
40657 48291 
49334 49550 
38734 38752 
27944 34832 
29124 39258 
44355 47163 
33951 37439 
23904 28805 
11145 47909 
9574 49532 
36045 37774 
27770 30301 
21620 43988 
5647 48211 
46940 49324 
25801 28474 
11400 48670 
43756 49035 
40834 44596 
47318 49806 
5804 22217 
34280 47671 
11835 48448 
46633 46822 
31652 43976 
28742 28811 
21259 33964 
35228 38940 
10991 43645 
3823 20016 
39937 47541 
41598 48610 
23736 42340 
26325 27464 
36995 48826 
29609 38144 
31797 41017 
1843 28601 
31857 41654 
13435 44161 
46021 48644 
33743 46559 
22661 43685 
6061 20904 
34084 34543 
18814 28793 
23447 25480 
36751 41020 
4803 39138 
23226 30914 
3936 48535 
30712 34190 
32054 42221 
40068 40377 
49353 49838 
26322 39484 
46865 47562 
16413 30366 
6884 34654 
8503 46810 
18039 48228 
35662 43721 
48310 49887 
30073 32121 
3616 31796 
42553 44777 
48554 48987 
19854 23637 
38026 43624 
5911 7123 
48838 49672 
45237 49309 
36411 44394 
13886 40155 
3820 23165 
3756 33460 
11363 17711 
23771 40184 
16162 37408 
4864 38858 
26734 41033 
24765 26798 
24855 42146 
36323 41515 
25614 32773 
31199 49748 
23920 37118 
33184 40571 
12207 45997 
17189 18335 
17901 19578 
28547 39782 
22935 27233 
45512 48259 
26677 29356 
31934 42123 
17395 47026 
18307 35974 
19033 25258 
3180 6052 
43111 44443 
20271 43765 
48992 49440 
21642 33863 
15179 37585 
22858 23726 
18517 40319 
24960 44550 
8049 41717 
33468 34535 
40526 41990 
1405 8740 
4376 17206 
35037 41018 
2547 26804 
32125 48456 
47052 47389 
22418 38534 
20881 22130 
13193 25570 
34433 36478 
46010 48292 
37357 46664 
43413 48578 
43273 47635 
28704 48022 
37163 43135 
7518 38041 
37345 43589 
44468 48915 
29242 42407 
2978 42378 
20295 37098 
37502 39022 
41706 44668 
32368 40542 
35185 44809 
21664 31019 
16744 30932 
21854 29501 
18244 47582 
32780 43726 
32894 47711 
4144 44946 
33234 36461 
18868 36904 
11859 22335 
15473 24660 
45435 46651 
49294 49501 
12885 14964 
10744 40290 
40475 43528 
653 8779 
722 1083 
28693 45177 
5239 20900 
29597 48922 
40280 40319 
1198 21801 
22791 28784 
6177 27055 
43695 44769 
21833 46139 
7600 20405 
14936 41292 
8383 8728 
12558 34565 
37014 40360 
12777 42707 
43106 44603 
37062 46153 
46704 49607 
49930 49937 
23739 37186 
9764 27481 
27088 45597 
28935 43620 
21776 43485 
9453 20375 
42291 47839 
33797 49501 
12249 45368 
44053 48570 
18468 41594 
1349 44298 
22156 29435 
125 34464 
17929 48786 
45472 48165 
37677 38781 
40267 49963 
10281 41672 
46727 49518 
344 23678 
26637 40437 
17191 30736 
29019 47330 
18462 28111 
4400 4901 
1561 9166 
30319 39033 
39854 48415 
32351 33940 
4966 26015 
37374 40311 
36031 46206 
18146 32702 
17113 28889 
28885 38137 
18798 46559 
40059 45259 
5964 20678 
29235 32165 
12689 43922 
22889 32262 
34364 37842 
15699 44931 
5671 13355 
6387 49176 
22567 39749 
47715 49286 
25537 49008 
5385 10550 
24340 35591 
8956 25960 
8256 49744 
30558 44760 
7312 38958 
41853 47078 
20407 42898 
8317 36485 
47981 48308 
48660 49791 
8397 37467 
13140 36270 
5691 28788 
2840 4354 
11406 49730 
35095 41324 
33041 48069 
2286 8726 
41310 49079 
41008 42566 
41113 48903 
13932 14157 
29769 35829 
2870 42233 
29462 30809 
32461 49188 
15133 46543 
11189 13421 
28263 47187 
15057 47782 
29797 48808 
7033 39321 
10446 11341 
41704 43449 
31397 35188 
38433 48761 
33105 38082 
12937 44447 
7595 39441 
31892 49574 
1643 31571 
12813 33470 
48716 49960 
14840 19679 
38011 40494 
29139 45763 
937 32830 
41591 47285 
42054 47152 
19667 32896 
1675 14561 
48521 49550 
16507 41860 
12138 39578 
9453 18139 
35494 42146 
15768 30375 
17215 32730 
22263 39365 
19977 28710 
42868 42901 
31285 37135 
990 18924 
26735 31347 
28380 44850 
33525 37536 
26740 30136 
17408 18219 
15913 36088 
30042 38388 
23348 24573 
37028 49919 
4807 21725 
32040 43650 
30862 47740 
18198 29247 
35092 36416 
5948 27230 
42484 44715 
41731 48506 
21714 23953 
19113 22733 
8489 44822 
9296 23986 
41844 45769 
47758 49828 
31142 44913 
15941 22584 
47522 48842 
9391 47232 
6447 26365 
38649 40680 
44543 45468 
42687 47957 
6910 15448 
26147 44978 
26098 37589 
34242 42227 
2404 49733 
7372 46353 
11761 43264 
9835 25547 
8643 32808 
2489 31628 
43804 46407 
13859 30154 
49024 49699 
14462 48210 
1195 49373 
34997 45656 
47283 48815 
38131 46433 
24067 34814 
39304 46564 
41267 47030 
48514 49011 
21703 24714 
11685 48255 
35613 36966 
20677 40354 
16484 34988 
15093 44325 
11691 22336 
22255 22922 
36682 40607 
218 20462 
35725 48991 
10429 27520 
8506 10446 
8445 12550 
7487 9889 
48979 49036 
33229 43391 
5372 38874 
36039 40914 
22948 24020 
40773 48549 
37202 37453 
49804 49906 
18402 38075 
12450 25237 
32338 48606 
41102 42761 
29835 30037 
5690 44755 
34935 47964 
42341 47275 
26641 48212 
20907 49651 
43888 46096 
7817 33812 
20425 48364 
49861 49999 
13313 21248 
17246 31288 
8914 37800 
16142 26762 
39121 40113 
12101 24610 
20503 23230 
11340 28912 
6352 24019 
11611 14525 
32940 44194 
35314 44935 
45075 45819 
40340 48277 
16353 30485 
11334 48478 
47374 47464 
19031 46227 
19325 22993 
14395 20415 
41152 44084 
20887 23635 
9595 39109 
13432 30977 
9995 47917 
1978 44893 
16148 24529 
2675 49235 
4442 38700 
13962 46803 
9734 37024 
45255 48921 
25781 28133 
12148 49777 
26201 47017 
39794 45836 
22129 23298 
49842 49858 
4901 23238 
22360 26851 
37994 47440 
38532 43177 
36380 45603 
21849 30416 
29676 43658 
47599 49904 
5827 44029 
23410 49926 
401 39768 
43154 49812 
16324 36821 
15095 23532 
20741 39967 
14018 15862 
28420 39250 
18404 41943 
7880 30443 
44332 46332 
32816 42233 
13344 45023 
28197 47473 
34426 44395 
15778 47706 
9854 45911 
6148 16865 
4071 41458 
26137 34745 
30391 49884 
21317 40780 
36889 40541 
39769 49517 
33713 46590 
22034 47750 
9902 16845 
33577 39993 
38487 47590 
11961 32542 
23738 41948 
13717 42271 
25185 31547 
46799 47268 
24781 40211 
48323 49832 
48132 48416 
10535 39684 
12467 17416 
17157 37011 
35085 47546 
30803 43752 
19831 47876 
12737 49302 
40152 46415 
20770 23849 
13110 18783 
32055 34796 
30182 35969 
48856 49215 
28659 49221 
29779 38997 
1983 21310 
34832 41358 
23882 23940 
9901 39469 
30070 30997 
19134 46657 
2557 10132 
39640 40920 
17112 41769 
46593 49061 
12217 19405 
7627 49284 
15134 28346 
42598 42961 
16178 37958 
48914 49084 
598 34372 
3837 18619 
28103 48737 
33162 46805 
18130 44906 
8689 11633 
47211 47248 
19627 30521 
25305 37133 
20063 21493 
10153 32794 
38900 41321 
33524 34932 
32750 35467 
22595 38646 
3503 41504 
21063 27813 
23108 36257 
48969 49117 
35690 39124 
15929 20871 
7291 23838 
39564 41165 
44487 46708 
8493 11165 
33458 42567 
30256 35114 
15355 37475 
22352 47931 
15634 15821 
49477 49499 
27994 34952 
32037 32199 
16782 37245 
43092 49219 
32103 40350 
25498 41135 
4056 21024 
7302 19845 
37491 44573 
14325 46047 
11644 26331 
31670 37146 
27246 38120 
28707 29420 
19456 45107 
22803 45879 
49657 49725 
47437 48339 
48963 49264 
23978 44107 
33370 41876 
49506 49613 
2436 43964 
47938 49840 
49283 49420 
21447 46162 
13777 34016 
1333 1416 
38977 40837 
2198 11032 
10559 35193 
10282 30064 
18732 37376 
17721 35126 
8105 22050 
36200 36641 
6015 26189 
33331 38516 
9103 14522 
14257 29387 
25853 29877 
32371 38896 
34178 36068 
45501 48823 
28350 46983 
38091 39345 
15528 29307 
41666 48303 
19920 20286 
6515 34876 
41382 43405 
34806 35407 
48276 49808 
14791 39733 
35907 37889 
2507 23874 
28293 31521 
6508 9848 
29488 49039 
48912 49310 
25238 45434 
7766 42623 
37794 39713 
42140 48120 
31049 37926 
30971 47756 
22268 38766 
16301 38566 
30555 34274 
33284 35602 
3858 18118 
3862 21662 
7304 9620 
1577 22567 
15001 48055 
18310 28393 
32392 37652 
22902 28594 
32098 45854 
32065 45600 
9539 24354 
34205 35576 
29251 47547 
46936 47328 
46593 49388 
6286 7292 
37127 38634 
16015 36895 
10760 42299 
7688 37416 
26773 34844 
41114 42663 
46772 49442 
13152 48978 
980 18324 
28771 38810 
33566 37744 
17579 44084 
33450 39249 
45439 47775 
33067 36305 
35159 47553 
28823 45796 
39794 47655 
44672 47849 
30451 33450 
18101 32832 
29357 46599 
31782 46200 
41713 42883 
44921 46016 
35047 44436 
12019 45610 
18268 27149 
45960 47867 
10739 32877 
26101 29268 
8901 23473 
44312 45587 
31946 35227 
6676 28702 
30602 37627 
45023 46334 
40293 47932 
40065 43109 
17465 35179 
37872 39336 
9197 10839 
37124 46178 
35517 42230 
27084 34596 
33169 35361 
22272 46545 
32786 37269 
17594 38718 
6983 16153 
12306 19809 
37554 47002 
1820 12355 
8123 27237 
14071 18753 
19638 48022 
20644 38189 
17629 49998 
35373 41301 
28549 47874 
34983 45313 
6352 20254 
45316 46853 
49068 49354 
49341 49785 
39174 48526 
45085 47381 
16007 38950 
24742 45119 
14133 21725 
34642 48296 
1819 6169 
37323 40167 
25379 45112 
20586 23360 
22417 42981 
10845 25402 
17668 36579 
44081 47169 
23713 36341 
23380 27145 
27950 49251 
25179 36784 
11864 26088 
47952 49699 
4594 16664 
17285 28618 
5161 28661 
26521 27669 
45338 46847 
38766 40289 
13432 36812 
30593 42739 
1555 26882 
47050 49660 
38863 43195 
3874 21448 
48801 49245 
15722 29873 
3936 25054 
42032 44422 
12941 35416 
28373 39696 
29281 45214 
37256 43754 
20088 39130 
3694 11716 
5515 40465 
44583 47052 
5513 19040 
26606 49641 
18186 36383 
21891 40781 
13477 47749 
45291 48700 
38802 41752 
14799 20495 
481 22992 
7574 9541 
19324 24717 
37541 38609 
35576 41830 
35639 46244 
12919 25065 
46358 49193 
11595 14826 
40812 45223 
13198 42193 
11178 36443 
37759 48270 
3653 6980 
35167 35791 
14952 41805 
39111 41580 
4418 15968 
37795 42458 
43175 47603 
27643 48368 
43758 49276 
29237 31283 
23222 35428 
8769 20954 
9598 12196 
2138 28400 
26079 33436 
43416 47586 
5225 24233 
24862 48423 
30274 35789 
49044 49307 
43907 48301 
12777 36088 
27763 39983 
22481 24668 
24286 43680 
45242 47810 
16638 26229 
4680 16323 
38071 38312 
26175 36974 
31710 49142 
9742 44458 
33826 40223 
44184 45889 
42955 43430 
12621 19958 
19543 27376 
8813 36776 
15596 45875 
15797 43946 
11905 39477 
9956 46479 
19627 27974 
9247 39047 
37135 39781 
31593 46112 
45655 49352 
11199 38274 
37318 45727 
40716 45227 
29403 30416 
24851 27924 
23269 45460 
15675 36574 
42046 49785 
1010 23719 
18624 38143 
46821 48723 
9816 45456 
43346 43937 
43766 47096 
47492 49690 
44944 45390 
49863 49970 
33147 45582 
21382 34363 
42652 48042 
11007 40527 
14894 30224 
3361 28655 
10549 17885 
14755 17748 
1088 6618 
42848 44543 
36275 39240 
6555 37991 
18874 24416 
5809 19737 
41035 46763 
46847 47081 
46678 46932 
24686 42966 
27797 49072 
3898 48992 
7934 43131 
6673 45298 
36807 46425 
49749 49765 
23435 38427 
19272 39447 
30384 44152 
36990 37930 
36514 48451 
13509 46748 
31967 45959 
14 29082 
41785 47711 
37360 43236 
32174 40931 
46908 47570 
39385 43472 
36544 44018 
44261 46429 
4 24579 
30965 31967 
30502 35525 
44035 45390 
30150 45711 
30030 32731 
13609 49191 
16753 26276 
42525 43829 
23821 26824 
24763 39170 
16066 27652 
6669 26900 
25309 39337 
41969 42932 
22662 41053 
40908 42567 
29214 48254 
8954 47159 
41591 45714 
46694 49338 
43073 49587 
27486 33210 
43295 44066 
41329 42322 
2975 42743 
44683 48753 
24179 29931 
39416 46521 
6817 16872 
36869 46559 
45007 45180 
34533 46291 
18923 23532 
21418 47243 
19897 40822 
34525 39896 
34656 36750 
11576 34058 
1032 22862 
542 23526 
45626 48599 
23417 23596 
32615 45602 
30162 37274 
1258 30407 
10953 32192 
49708 49891 
43197 43724 
15642 28369 
43217 46856 
19121 31037 
14169 27039 
42574 46644 
34092 45808 
17716 34776 
41662 42656 
25361 36863 
10547 15692 
44871 49712 
49334 49965 
35212 41966 
30936 47337 
33346 46269 
42443 48412 
27870 29859 
37336 49902 
14207 34079 
35261 44680 
16468 34171 
28937 38518 
45009 45068 
15050 48916 
30358 45678 
15954 36532 
43693 48445 
35969 45885 
27949 44699 
19733 36595 
28674 37146 
10659 31619 
30921 41499 
45668 48325 
25210 45819 
49860 49880 
39262 47914 
14451 40699 
30186 46451 
40771 44841 
33389 44324 
41026 48002 
48435 48839 
47008 48818 
12838 43484 
47013 48871 
23996 44473 
35937 49611 
44760 48886 
44314 48484 
26695 28750 
11838 18730 
9187 12141 
47473 49871 
5273 33265 
28232 42702 
47447 48912 
6912 46976 
21718 40170 
29917 43643 
36854 36875 
26570 46225 
30966 36880 
36068 37394 
8536 22785 
13234 39362 
40854 41355 
29967 32628 
45622 47981 
26260 44707 
26868 31410 
36367 41783 
5387 36962 
4263 36092 
24814 43782 
30287 40210 
28195 30672 
44481 48489 
4299 6542 
43932 45449 
19965 36899 
31769 38292 
13443 44953 
5645 48626 
17653 41368 
41344 46229 
43668 47419 
25657 40554 
44969 49159 
1421 35034 
17705 25825 
43394 43485 
15643 19786 
35396 36119 
10602 25873 
40091 46038 
7636 47786 
41746 49717 
23415 30417 
5097 16991 
46075 46427 
10258 30818 
18045 29836 
14680 42577 
17742 33529 
23565 36622 
320 34295 
9101 13390 
34168 42723 
15422 32498 
29396 39128 
13204 37383 
39448 47087 
37077 39339 
14200 19090 
22382 30372 
4618 28059 
15211 32047 
18151 27073 
14018 17806 
39281 48162 
23540 43667 
32834 44235 
42457 42742 
38259 39184 
3453 24778 
17288 22020 
47014 49525 
8469 36334 
20519 47256 
1287 19665 
43439 49634 
32272 48256 
26296 27844 
37556 44624 
31299 45613 
18928 38956 
10203 48700 
31506 32284 
10651 14576 
11096 26548 
3175 33159 
38459 43424 
7197 13672 
43388 47468 
29823 37755 
7209 42286 
6130 7213 
40147 49856 
14608 48383 
17456 32807 
16223 17900 
1440 46606 
49720 49969 
46010 46396 
38318 49549 
46876 49564 
30043 36105 
32878 36287 
34449 45073 
350 14623 
16078 42624 
28190 32436 
7424 49947 
25956 30019 
11536 40284 
32717 42340 
33740 43863 
25356 26333 
28332 34090 
3478 16281 
5300 49630 
28008 29120 
17705 33631 
20174 30433 
23740 40491 
8686 33493 
20730 43590 
38859 41597 
42979 47791 
57 20222 
14169 27731 
21758 38725 
11487 19769 
42249 48266 
30037 41667 
8432 42967 
21364 28751 
16485 46961 
26815 43278 
20240 46445 
48309 48866 
33327 47163 
15644 43276 
21823 33031 
33616 49496 
17027 34619 
36134 49616 
49551 49683 
39774 48157 
43235 43424 
25958 42660 
47105 49288 
48407 49112 
24649 48359 
2970 18550 
31850 32958 
25216 31403 
38918 41956 
28732 49538 
13861 35443 
38013 38459 
48833 49879 
47475 48882 
36102 41518 
12916 21094 
20291 44275 
46329 49255 
27928 38527 
31430 38008 
29971 42505 
7415 47042 
25378 47888 
13072 45880 
13216 29326 
5454 41947 
37933 39378 
48687 49161 
21259 41496 
42402 48527 
12940 22689 
42236 49113 
43463 48591 
24059 40076 
3389 47417 
18552 28409 
5101 22606 
24620 38285 
25997 32285 
26329 42159 
6632 38421 
4094 17600 
11469 39758 
3853 16900 
28582 45048 
47715 48296 
49730 49929 
16377 36208 
8010 23707 
37469 46788 
25148 39771 
39642 48379 
8914 25478 
20988 21813 
48786 48927 
49795 49839 
35682 47987 
18432 38261 
3408 33854 
49181 49325 
44103 44648 
728 5129 
18085 32851 
37845 39653 
34789 37845 
16252 21031 
27989 36027 
47411 49362 
30679 40923 
8022 13459 
28425 34894 
30844 37962 
43891 49602 
28410 31937 
10557 28941 
11702 12251 
7192 24811 
36128 45097 
31884 33630 
22131 25025 
38171 48940 
6289 46692 
2760 8687 
32453 43314 
23705 34390 
35302 37739 
14977 46886 
34792 44816 
10091 47660 
47536 49359 
6226 43568 
24286 28159 
49338 49607 
24154 38210 
34024 46113 
33911 46415 
44599 48281 
21532 30416 
16987 26637 
49130 49775 
20855 40512 
34814 41213 
9021 30266 
11744 12958 
20979 33023 
35590 46545 
5752 39799 
20405 31055 
26786 27270 
26672 42738 
37911 39828 
44389 47189 
46096 47137 
2487 26964 
23366 37519 
12254 27000 
21191 27683 
46804 48659 
40743 41756 
43556 49690 
30634 31967 
13046 35056 
20484 45467 
33446 47279 
10252 28240 
3412 5718 
45586 46002 
46328 49696 
44442 46287 
3205 38303 
24858 49264 
35323 48337 
29356 34756 
24623 36759 
39463 47334 
46457 48866 
36026 36568 
29178 46967 
12402 18043 
38952 42343 
41622 49435 
33696 39998 
2976 25927 
22615 26979 
37054 48629 
4804 9175 
48068 49847 
49288 49317 
10014 48851 
15475 20259 
13607 14738 
39568 45609 
16828 30892 
32944 45565 
43057 46699 
42968 43194 
42588 42656 
23431 34824 
40033 46211 
18040 46398 
36719 45219 
44466 45138 
12646 13724 
25750 29821 
44048 47600 
31648 47010 
46554 49830 
36062 48905 
21017 29640 
26350 42772 
37015 43966 
43689 49536 
49840 49956 
5295 24651 
32838 41689 
10169 42997 
18467 33849 
45726 47284 
27688 48693 
40222 45237 
7240 29204 
7944 9351 
7465 10792 
35459 42714 
34609 35558 
38231 39813 
10383 18975 
9355 46608 
45935 49495 
37767 47795 
28434 47045 
8626 45579 
40841 42155 
36326 48452 
27597 38449 
782 36022 
10460 36607 
623 3273 
403 45734 
49208 49444 
34568 43955 
24761 49866 
4936 26005 
17437 23565 
32409 47367 
16128 38915 
2925 25951 
3663 42036 
14937 34579 
16513 37661 
3129 28641 
29596 46103 
14962 23102 
15017 19496 
46172 46564 
6419 44972 
16387 44759 
22942 46922 
5423 33075 
3410 37970 
34420 46530 
3930 42496 
38919 43290 
21355 39392 
26048 29925 
33977 40888 
10849 22991 
7810 41202 
17838 32691 
20449 29181 
41527 43225 
47304 48756 
27030 29860 
14862 16471 
4867 37207 
3052 20462 
43924 49664 
1372 41887 
26566 45953 
31662 46957 
45562 47984 
44095 45188 
9723 45815 
29089 42004 
12206 32999 
32480 48332 
31545 47674 
25941 43100 
22256 25223 
5078 8432 
38067 40907 
24832 36643 
24167 37794 
30947 46182 
32927 47229 
272 18472 
14587 49016 
27184 28066 
12300 37641 
28435 29714 
32803 45730 
22123 49432 
45450 47960 
12007 19716 
39299 44939 
32108 38100 
12699 34574 
45824 49371 
41076 47865 
3585 33519 
44895 45173 
47070 47813 
15503 23918 
3300 16355 
41846 42365 
30327 43535 
40940 41253 
30604 49946 
29539 45690 
44308 45101 
30704 36985 
45241 47513 
3123 9928 
43623 49565 
1964 31949 
49328 49620 
40268 48151 
36570 46618 
13759 37900 
40337 49376 
19333 28064 
32912 48305 
47449 49578 
2307 22147 
805 20014 
9064 42943 
21194 44370 
21812 38296 
19190 47674 
5097 19697 
11134 31017 
15046 47953 
17613 25842 
14275 48167 
23876 41895 
48995 49307 
3446 45736 
37223 44930 
8709 14374 
1869 37792 
40132 43360 
6703 9632 
11761 21079 
21705 26073 
4088 46978 
43479 48344 
3870 39910 
20019 34520 
32593 49674 
30781 41674 
13760 31580 
49135 49526 
27771 43364 
5677 36027 
48054 49244 
44364 47755 
47945 47978 
2851 7690 
16249 30617 
46687 49214 
37694 45464 
42255 44560 
28754 33188 
904 45804 
25326 35298 
5716 35502 
2206 4648 
44637 49790 
18163 37549 
30527 46253 
25194 45976 
361 31425 
12137 19190 
37065 42747 
12915 13670 
27741 43383 
36831 49286 
21117 21176 
44378 48048 
38276 39727 
31576 41724 
17719 39277 
48122 48665 
45564 49977 
14168 34566 
6440 21152 
31994 37058 
30546 33923 
16066 30661 
39830 40702 
36615 46830 
27846 29497 
16853 26048 
310 23756 
23731 47792 
15597 16678 
47078 47170 
41079 44689 
2139 18648 
34360 45935 
32563 32681 
34011 42842 
23625 46653 
34311 48817 
32941 49157 
17228 43748 
34603 40939 
5836 14033 
20521 24113 
43060 47678 
8759 14052 
14996 42664 
5425 25135 
39598 42983 
41680 43350 
11398 36907 
13449 27487 
1126 29396 
34167 39618 
35926 42179 
23993 29419 
47059 49495 
14643 39021 
27858 33362 
2929 9264 
22651 46234 
47698 48096 
12709 36008 
16357 28114 
9830 12111 
24243 37833 
33364 36934 
6971 31868 
10168 18328 
10474 23897 
27142 47995 
11937 43658 
14266 36418 
5706 19110 
7425 19844 
9476 15960 
34417 41392 
15425 46853 
29248 49663 
470 24959 
26000 26874 
33118 47334 
40599 41838 
13602 47595 
12230 38239 
12451 30409 
5053 26485 
6905 35593 
3704 33729 
25806 40215 
9611 19065 
3050 15374 
3574 31321 
23949 35098 
17939 20913 
31109 44056 
39063 42815 
35962 42829 
7798 49458 
22707 26983 
44238 44561 
37444 42006 
44328 47329 
19963 29962 
44309 48349 
10381 35822 
38408 42021 
46461 49933 
19713 25822 
736 10998 
9271 27793 
16516 19711 
45941 47876 
20585 24046 
48536 49591 
15022 15770 
11860 40784 
24214 46544 
49037 49736 
46472 47449 
40906 45194 
35197 38485 
1349 16104 
31150 40698 
8038 49082 
22431 41906 
34068 36238 
33482 38083 
22914 27831 
41276 44249 
13026 40359 
8893 13652 
1546 39085 
22753 33456 
45735 49872 
26943 42863 
8809 15360 
520 36857 
13731 26297 
14000 47017 
28674 45932 
45386 46864 
18732 45507 
44082 49639 
9680 30639 
35910 45677 
27337 40987 
12668 44204 
38955 43864 
36530 46423 
47836 49680 
15910 19258 
29806 38707 
25357 47096 
23457 47459 
30082 30549 
35100 39735 
35381 41511 
36474 36789 
27570 28221 
12549 17196 
47247 48607 
34229 42451 
33937 42721 
26323 33868 
22539 47245 
27134 46697 
8570 15413 
24237 35063 
39985 47563 
3834 38044 
22829 49279 
209 39149 
12438 12851 
38948 44759 
16392 41008 
17158 40994 
38538 39117 
7487 34765 
10573 20980 
22469 32670 
21663 21758 
47877 48978 
33321 47229 
46559 48308 
5748 13677 
472 6322 
26530 37184 
10230 45190 
39465 49243 
29194 32172 
36769 42372 
14022 39333 
1026 7084 
14927 42151 
49184 49807 
35520 44586 
34659 45951 
24235 48290 
18819 35729 
41899 48756 
10277 41133 
12091 29456 
26262 34513 
17064 41780 
8261 40374 
48596 49520 
23900 41775 
12394 30033 
28336 30995 
848 21270 
7149 34453 
23734 30598 
20147 44639 
48921 48946 
47201 49549 
12443 27078 
918 47992 
38879 46956 
3778 24612 
7605 27218 
4817 44652 
32962 38435 
42761 43286 
17467 19350 
1595 6108 
39795 44074 
7089 34073 
25446 29863 
28560 34316 
41350 48098 
38342 46168 
22429 36243 
41483 48194 
19498 28230 
26111 40845 
22461 35828 
41811 49351 
2045 24132 
12950 27031 
26443 34211 
42822 48502 
42591 42673 
40629 45496 
25916 32089 
32953 40892 
44857 46259 
47399 48687 
26438 39265 
22768 28929 
15420 27311 
17675 19602 
47582 48235 
14912 20988 
4015 41223 
11889 22707 
38691 45847 
44195 47754 
910 15569 
49900 49995 
13710 18149 
19841 19999 
25756 32518 
31895 45658 
14447 20500 
9118 41669 
16821 18665 
9835 30128 
14021 38496 
762 36379 
48117 49621 
36178 42646 
47201 49682 
33478 37001 
11457 13107 
23129 48179 
6099 7371 
23834 34276 
38371 41100 
26977 37480 
42486 44970 
30367 43369 
49187 49484 
40742 44293 
36452 48808 
12993 15308 
1909 25261 
4592 14320 
1436 37232 
33455 42228 
21336 30154 
14487 22925 
19922 25724 
46882 48565 
29104 38786 
44062 47444 
21937 39759 
30561 33518 
42085 49652 
43951 48602 
18183 25999 
44364 48556 
27051 41906 
47501 47957 
5785 47353 
40253 40777 
38718 47872 
7721 24532 
37553 47244 
30054 46377 
1670 18156 
40456 46776 
6406 33321 
902 35478 
40467 44049 
16343 26854 
26367 39255 
41991 45519 
27113 41292 
3106 20825 
6947 47375 
13707 22988 
27527 29205 
34747 35978 
49874 49974 
13048 25750 
45110 46358 
43284 49319 
822 30947 
23339 25218 
35457 41239 
37969 43864 
34424 44848 
13791 18368 
27438 42808 
226 38388 
39789 46013 
7272 40571 
45558 49001 
11641 43533 
11621 46966 
30328 42826 
5367 41164 
10533 12074 
49228 49911 
19678 33620 
23618 30315 
16894 27852 
34500 40772 
43202 47054 
49273 49520 
29783 49526 
36559 39981 
1833 27888 
15441 41524 
30999 44011 
2223 11468 
33920 39678 
19829 27082 
44618 49143 
32334 40593 
18041 27816 
23324 34562 
10001 36521 
13390 44886 
23606 24771 
11698 36859 
357 12203 
2978 30948 
39914 43682 
25497 25600 
3733 33663 
43931 48261 
6230 41391 
5123 32378 
39557 44127 
40465 47597 
6844 30372 
17613 42041 
34490 35890 
38805 41580 
35276 38600 
39530 44245 
5370 28147 
42699 48033 
40988 46883 
29995 42902 
9725 38925 
18514 20588 
27798 48762 
35095 40110 
11853 43340 
44179 46568 
10681 49605 
25076 34844 
33940 48160 
45206 46428 
26477 34886 
22147 43697 
1102 48942 
46923 47465 
11084 19550 
18167 32021 
26686 47850 
36310 38549 
1379 25437 
17127 46412 
34933 48565 
15225 22250 
6505 39607 
11451 15970 
6909 29027 
3873 16074 
31178 40312 
31261 40334 
14991 46916 
25674 43817 
45707 48707 
24018 35414 
17656 22457 
40332 41094 
5340 7804 
35874 46443 
39065 41161 
27856 33854 
11448 42627 
13808 34987 
12799 37774 
25655 39600 
47462 49862 
29529 35529 
41941 48580 
17086 46813 
40086 48251 
18774 25807 
844 15254 
42800 47622 
4012 27121 
12742 22283 
22347 32311 
35055 35151 
15654 17706 
44990 47871 
16992 40890 
21496 33558 
65 1733 
47771 49067 
31795 44926 
38028 40037 
36516 49769 
32241 36739 
13376 19447 
35401 44087 
49528 49713 
9880 44218 
26667 41852 
1225 16886 
15107 19889 
17096 28111 
20687 35105 
5119 43167 
884 22248 
25939 27721 
41516 45886 
10235 38426 
30568 40698 
11577 27074 
30291 33683 
30975 38720 
6770 21147 
46931 47317 
48782 48909 
26137 43579 
29227 38317 
15740 38946 
48092 48766 
7408 11456 
27979 47692 
38245 48021 
47894 49591 
11161 46821 
41812 48809 
28884 39295 
27791 36459 
39376 42064 
46884 49418 
9691 20658 
42190 49768 
15659 20670 
23765 23867 
10860 26380 
47446 48075 
44519 46468 
1542 30442 
16774 28091 
23376 39994 
22794 42566 
30342 33703 
33122 43025 
15072 37983 
7944 37621 
11780 33203 
6076 41451 
17146 48109 
48464 49871 
13470 41841 
45127 49929 
25453 44789 
26324 39756 
35268 47673 
48035 48838 
16059 19910 
29270 49373 
20500 36696 
29642 30227 
27700 38687 
35537 45881 
8277 44364 
17748 33884 
7992 20907 
40780 43674 
18501 37549 
10236 45361 
40032 49737 
11414 23951 
47427 48172 
48693 49293 
46165 47041 
37594 38619 
8429 24556 
31335 36796 
9037 27663 
11390 29885 
39617 45852 
11235 30186 
17831 44274 
30124 37856 
34681 36043 
28421 32347 
31449 39323 
17487 44791 
3100 39958 
14163 30032 
24801 40414 
48605 48616 
13205 24168 
44283 47368 
23816 48635 
2084 10847 
38731 44407 
10091 17937 
12442 38580 
34142 42265 
21736 31676 
12257 19540 
40200 46683 
28431 40813 
10400 19807 
18545 35845 
23513 36162 
31893 35773 
30470 43587 
2800 9115 
39048 39288 
33118 37756 
40815 42185 
14144 43940 
21475 26210 
7014 38082 
4074 21041 
39656 44467 
41127 42375 
20769 26376 
3162 32893 
13110 40761 
12053 28508 
17871 18994 
29176 46450 
21511 42969 
28727 42562 
30098 44212 
30839 45331 
34720 35243 
18940 37775 
49326 49927 
12854 46434 
36414 45311 
8379 11056 
7356 39300 
15497 31038 
44579 47511 
37379 48167 
26171 30382 
11761 16035 
177 28752 
25853 45741 
27101 32570 
35944 47419 
6412 18440 
26968 42753 
18497 47222 
24784 36777 
44073 47316 
10523 16971 
36573 39197 
8628 41758 
4238 10221 
29984 40882 
19068 42159 
46461 46825 
37624 39081 
45687 48157 
23639 38883 
18947 27817 
39325 40014 
35967 43112 
23523 26511 
34519 42562 
13775 39965 
48220 48943 
29435 35400 
34113 38095 
5112 38488 
37295 44459 
30233 39579 
18632 35467 
34117 39557 
12353 36858 
38726 44117 
3533 21803 
39793 47027 
35172 43650 
44139 48360 
19908 45972 
2401 34668 
21194 49633 
3846 7083 
27107 35189 
21651 49203 
1672 2629 
48446 49511 
30097 32616 
27536 38505 
7636 37588 
46630 49658 
19213 45854 
42071 43097 
22673 31321 
11528 28077 
4833 13328 
33818 36422 
21576 31385 
30528 41887 
42442 42503 
33465 43637 
14526 40991 
26786 46658 
14962 35210 
35645 41688 
14900 40448 
22131 37930 
43862 48838 
1272 23268 
2722 23389 
20748 44559 
38830 44055 
26956 41979 
40019 47445 
23589 26620 
20293 30722 
7044 22887 
27384 47427 
26085 36566 
20874 42882 
49086 49112 
23109 29469 
9748 24324 
18426 48985 
14289 20544 
4973 10144 
14934 48004 
30662 34768 
33172 38694 
2208 43853 
15202 23241 
8267 19725 
10209 41162 
35314 45573 
7007 27487 
8399 23599 
35976 41340 
13134 22881 
36711 41075 
25454 43633 
20311 24794 
47739 48739 
31690 34791 
14142 44658 
32273 34678 
31204 36776 
19077 43457 
6567 30813 
37079 47286 
37940 47486 
32131 46952 
22339 39237 
22819 45811 
34556 36088 
44690 46245 
10290 43414 
31511 45559 
31044 47667 
34522 36625 
13962 47184 
18910 39003 
7644 8823 
16706 46984 
17084 34570 
39327 41413 
36800 41401 
42902 48538 
14927 26811 
10706 19020 
12487 18040 
18262 24396 
40047 40772 
42993 45422 
16941 31943 
17748 24626 
4773 24824 
10844 18222 
19308 42900 
36408 47050 
47238 48793 
26061 44202 
13632 41948 
23712 28572 
21399 35899 
12751 26287 
10538 13502 
13037 40773 
40125 47422 
48569 48803 
10012 30806 
49801 49989 
40826 48852 
1471 45689 
16887 25693 
42826 46683 
10401 45277 
46254 48635 
38021 41240 
2428 33458 
2289 20915 
18769 18899 
35821 46552 
12036 22661 
5256 37960 
14125 15383 
334 15549 
36382 44821 
45979 49612 
47527 48428 
22087 27180 
27299 43813 
34267 35438 
32650 38251 
17138 19146 
42630 44712 
7996 15338 
23446 40033 
42980 48451 
18940 25642 
18641 28697 
23086 24362 
31085 43231 
2902 39646 
41412 49545 
9349 41381 
4238 12986 
24213 29427 
28955 34553 
48968 49244 
5771 37686 
21006 48695 
33960 39898 
28425 40088 
33352 38159 
27480 33538 
14098 24911 
46830 47202 
34865 43095 
20459 40801 
12678 29500 
3325 41940 
34086 38153 
26751 30216 
45130 46303 
8594 11923 
26303 40033 
33035 33792 
10863 27165 
12585 13828 
5023 9563 
35011 46663 
30947 39245 
17250 46227 
4307 29292 
26151 35974 
22510 38385 
5715 21661 
30576 44931 
30698 41132 
20551 48991 
35205 47612 
49789 49812 
35040 44539 
16863 37929 
31008 35113 
15724 40584 
46959 48974 
18611 38338 
22231 25275 
44724 49040 
12874 38873 
20815 26630 
49645 49854 
34534 41932 
37023 47471 
48669 48734 
43879 46258 
13836 20903 
12967 45239 
10744 13752 
43982 45138 
36746 40022 
39786 49727 
23963 41780 
30025 46923 
34696 47613 
25890 46268 
17979 30233 
37789 49434 
3927 15200 
32508 33318 
31580 39930 
3923 47337 
37535 42929 
23151 26877 
2213 3456 
42567 46282 
24493 36416 
14862 26303 
43814 44104 
10164 48250 
31842 43998 
482 37260 
6895 44371 
26704 37117 
7280 43161 
33933 47174 
34105 34601 
35527 44958 
14219 31651 
18085 48010 
36262 40801 
34195 39583 
12860 42041 
25055 48172 
42557 49085 
12078 39394 
9516 28791 
44814 46712 
9921 28565 
30798 48747 
18094 40638 
2909 14171 
37589 47548 
33887 40863 
48181 49637 
19691 39461 
39803 44449 
44005 47992 
15137 47173 
23742 48575 
8296 20394 
234 46135 
36958 42170 
31327 43971 
30631 46419 
7661 24829 
24682 38071 
41322 42276 
48305 48594 
49731 49906 
1127 22035 
9623 45648 
27667 47008 
5510 31775 
22661 38924 
18590 31886 
40881 48884 
41773 48692 
19562 27444 
6509 30398 
37593 40570 
14743 35979 
15036 48080 
12685 27005 
5629 20580 
18359 30953 
11054 23472 
48354 49270 
26319 27952 
37970 39300 
26531 43371 
1700 16766 
47793 49606 
47737 48074 
43779 47299 
3742 18119 
39866 40895 
27977 48506 
29582 47206 
7841 36161 
11045 15330 
49766 49955 
10025 15623 
31119 35286 
2144 11648 
25239 49250 
49958 49990 
32460 38836 
17855 47061 
20646 46474 
12625 48446 
44025 49344 
41062 42182 
3114 18117 
31141 42712 
29695 43033 
31133 41165 
16776 17347 
6721 25424 
26146 47319 
27837 47862 
39076 40208 
6542 13305 
47121 49661 
1768 14226 
33728 42021 
8236 16198 
28675 49827 
21792 28629 
27525 31022 
17008 30674 
46077 48328 
24977 33637 
16081 31402 
13800 22315 
8387 13131 
45403 48840 
49891 49904 
15375 32641 
11013 32872 
7489 19070 
25375 36558 
20616 38866 
33252 42521 
27247 33945 
31839 42301 
45406 46555 
8913 48226 
1585 28619 
25637 41557 
8268 8406 
36960 41356 
32041 37148 
44500 49641 
12629 21864 
37105 45295 
20674 42743 
3812 27410 
6439 11399 
48253 49603 
24766 48914 
32039 33761 
5651 17948 
31902 40189 
42707 44270 
31698 44721 
26447 49985 
7879 30488 
22315 38716 
28343 38107 
34835 45588 
13738 40127 
24706 30237 
45260 45368 
2877 9734 
18237 38002 
35697 43013 
28055 44138 
29682 43757 
44462 47048 
39936 39966 
12430 16337 
38636 44131 
46350 48233 
31430 38980 
28217 36228 
38263 40900 
43367 44752 
34894 38432 
14230 16949 
19245 25531 
5482 22725 
2747 44235 
49259 49661 
33037 45798 
32487 35803 
4139 11058 
7170 48395 
4312 7743 
47704 47829 
1817 9954 
26211 37857 
20739 36172 
7285 37193 
32745 48669 
20030 30038 
3308 13721 
32656 40623 
28697 34779 
37247 45922 
33830 45284 
4591 11300 
11346 18452 
9867 10504 
13207 36941 
29079 40474 
11672 20231 
26977 27730 
21760 22045 
15819 16700 
7382 22345 
33765 35598 
731 35977 
2875 2946 
1455 48459 
39870 49013 
4059 6359 
881 23001 
13373 18753 
23994 49895 
39768 48328 
48697 49141 
48360 49271 
16731 48565 
12486 42962 
17728 29225 
15995 33787 
34321 49594 
5840 36594 
43364 43892 
8505 38802 
7258 36595 
14114 44591 
10727 39271 
7357 47079 
46226 47211 
18120 48103 
41332 46969 
21089 39345 
18146 44969 
43881 49422 
12080 48591 
18582 48841 
33181 37347 
14079 31635 
22548 22670 
29609 40252 
26728 46683 
28280 31593 
7227 43149 
18313 29056 
29630 42122 
46948 48786 
9556 46026 
39167 44351 
8021 34421 
4887 36777 
12251 49058 
18045 41993 
17912 31544 
37354 43708 
9336 11175 
17014 33228 
2630 37168 
28023 34980 
19697 32386 
34892 45736 
3539 49071 
15255 49119 
23906 46068 
40386 45335 
26390 38281 
28307 43802 
13668 41567 
44954 48504 
45582 48321 
45403 46561 
41359 44523 
33659 47184 
6726 22776 
9108 33348 
5261 30185 
47366 48043 
5825 23095 
38227 40612 
35252 43147 
26970 33189 
13371 17825 
18153 32456 
36324 46045 
41677 43200 
32199 37960 
31308 33017 
23467 23591 
23772 27791 
35591 49155 
9948 37293 
6242 10155 
47147 49018 
8885 42836 
44487 46350 
2226 24582 
16167 17770 
23973 48042 
10121 11139 
42326 48157 
5924 11340 
33334 33595 
6887 25378 
38547 42770 
39294 39808 
24216 25719 
23169 47899 
32996 46330 
27219 41490 
21342 38160 
12333 22361 
38958 46223 
37491 40848 
16454 33588 
5568 38624 
38057 46113 
47664 49270 
37456 39324 
33705 41594 
43148 47170 
36166 40953 
33613 37531 
4880 8651 
24901 47965 
47623 48900 
30527 40277 
35756 41407 
5336 32438 
31786 39483 
7180 23192 
15946 30434 
9667 22246 
1689 19343 
24301 31420 
43687 49635 
32585 35247 
45356 48765 
9557 42302 
1458 4621 
4809 28950 
38349 41497 
29463 48729 
9456 11443 
40195 40543 
49365 49591 
26641 40633 
43708 48422 
41409 47161 
10775 25009 
2798 47577 
23943 27893 
32178 40560 
12394 16477 
5366 17395 
39110 48091 
37172 46907 
29044 31392 
42906 48505 
80 27921 
11496 41397 
18584 25021 
10017 18268 
4128 20832 
45858 48616 
5596 47576 
30446 45677 
22847 25890 
28791 40259 
42892 48248 
31336 44454 
29190 30678 
14606 15249 
20110 39611 
15398 24807 
36615 39540 
16945 33335 
20072 39679 
1727 37895 
22529 39126 
43293 48382 
20149 33611 
32776 35054 
36669 48941 
21585 48370 
39764 40301 
11449 44860 
29877 31940 
34376 38692 
46870 47243 
23315 35721 
22019 28688 
43800 45987 
30944 46838 
37645 40065 
22425 49739 
8734 36340 
29530 37235 
41722 47383 
49221 49824 
28265 49100 
38155 40792 
33131 37806 
42146 43884 
4171 42917 
24803 32294 
19382 39693 
15916 27832 
33032 47358 
41308 46448 
3324 44451 
13760 43172 
27334 41751 
45981 48225 
42231 47170 
32163 36675 
30849 48582 
25256 28155 
35004 45903 
46966 48861 
15666 46978 
254 30523 
13006 41457 
7660 7820 
49012 49196 
36524 39757 
4827 45311 
33105 36715 
37251 39847 
47589 48183 
39407 39867 
3007 10474 
47548 47995 
2272 32715 
41101 47079 
18980 19413 
31066 32441 
31386 32451 
37545 43132 
22398 24639 
37135 39674 
43506 46308 
20970 34380 
26558 48314 
21536 29413 
20882 25957 
6181 28452 
11523 16052 
19858 45688 
32978 47488 
48266 49335 
5059 43085 
17923 27486 
11997 24326 
26041 49181 
26397 27049 
16327 42615 
18637 20328 
3307 19638 
44371 45817 
29382 42385 
26831 27287 
10254 38947 
87 23824 
21541 28066 
22522 45710 
17658 19506 
40402 41599 
17364 48821 
26944 33389 
42828 42939 
5395 11191 
30850 39178 
22875 44385 
26322 45368 
48131 48930 
32309 42227 
33171 33752 
36371 41238 
49370 49412 
27745 31182 
15597 41082 
38172 46059 
23931 49287 
6469 27873 
21910 37703 
32832 36315 
40802 44533 
31049 47001 
48622 49379 
31456 46999 
28018 28115 
5857 25203 
25642 28176 
18205 35688 
4713 26818 
5443 10529 
45729 46419 
44357 44979 
38997 46483 
40616 43424 
40947 44511 
4885 13133 
15517 18219 
41612 45089 
29895 45895 
48535 48584 
16029 44392 
44509 49183 
48336 49856 
22322 22777 
26167 33169 
4091 45576 
10773 27068 
5414 39516 
20239 25271 
31248 40515 
15301 21679 
22945 38529 
17325 37907 
12531 47907 
23530 39300 
45193 46932 
13861 42925 
48656 49016 
29643 44556 
533 14730 
15111 27066 
38022 43690 
10068 39260 
11546 30057 
33477 44455 
23096 32642 
38332 47030 
19970 31540 
37075 37893 
15737 25645 
45504 48241 
22353 25116 
36034 40543 
11232 29081 
46278 47283 
27186 30862 
22071 30152 
6687 34153 
11310 21140 
43163 47730 
39995 42208 
26872 42912 
1655 13153 
44936 48744 
42306 45017 
5370 24862 
19941 24844 
48243 48698 
40378 46817 
21513 29862 
45069 47413 
6311 39099 
29918 43772 
49577 49870 
953 19523 
26081 42228 
115 29228 
37312 47350 
25244 48763 
23750 39019 
6676 47112 
43083 45733 
30142 42998 
49819 49984 
4089 7720 
33444 43434 
12379 45733 
7827 46791 
29502 33785 
10680 47031 
8137 10734 
20292 28079 
32629 34118 
18480 32399 
3779 40172 
7765 16449 
330 9033 
17403 22766 
44888 46848 
46605 46970 
22151 31294 
22667 49565 
39691 49519 
29176 35673 
1425 7213 
7001 24504 
17820 34831 
42090 49675 
36932 46815 
12925 27627 
10367 36125 
35206 40798 
42167 43849 
33336 36656 
29956 35038 
16827 46315 
34007 49848 
14129 24979 
20456 48465 
44102 49921 
10805 46702 
17126 32036 
35965 39990 
22915 32255 
10872 16574 
35181 43473 
40967 46317 
21130 23316 
39701 48811 
41641 45777 
12663 17288 
1694 12390 
3389 14275 
3532 36218 
6760 41694 
16587 25373 
39125 45399 
21157 33832 
27925 31409 
48887 48956 
32671 42277 
43819 48875 
47650 48852 
9223 30796 
26223 48302 
17363 31293 
45736 48330 
38480 49490 
32218 39405 
47848 48469 
14036 34789 
13045 25791 
32818 49952 
40835 44888 
45622 45955 
29132 41318 
38148 44089 
20814 36610 
25846 38546 
9557 44870 
15051 24154 
40773 42012 
36192 39666 
27764 44114 
32918 37872 
29702 32303 
21733 24291 
4800 25793 
30727 43667 
18745 43685 
10156 19315 
47343 49224 
20463 48470 
21027 22230 
4352 36779 
36124 38067 
12610 17187 
10924 16613 
22522 35253 
39813 47169 
45468 48028 
27723 37985 
27199 37331 
44570 49482 
20357 34241 
41676 43866 
49639 49792 
109 11545 
42299 42413 
47381 47676 
47238 48350 
40024 42180 
11117 36403 
22682 30374 
41328 49707 
49713 49916 
31323 33881 
38364 38681 
20184 31252 
41645 43516 
29037 37941 
5814 41145 
22660 33308 
34124 47140 
44199 46759 
19425 35692 
10506 41493 
20159 24109 
42455 48013 
32326 48717 
13506 20788 
9497 33964 
41101 49330 
29145 37956 
20243 42947 
34733 42681 
1017 20068 
3064 19697 
31286 37459 
27941 33497 
19419 34201 
43205 48650 
13306 15802 
42956 44093 
46966 48796 
13963 44483 
27458 37447 
16062 47063 
25056 36174 
32152 48350 
35126 44246 
3090 16719 
41002 48934 
15722 22494 
26904 37295 
41342 49942 
48854 49681 
33355 46482 
36964 47888 
26402 42949 
22507 29852 
30791 35809 
34654 36762 
35359 39306 
18679 47054 
5922 13177 
2867 4117 
3406 31137 
47688 48089 
3717 23606 
1842 23611 
10836 41978 
36723 45120 
47450 48577 
37108 37520 
7216 20376 
9645 38176 
8353 19405 
10312 39486 
20780 26428 
18204 35248 
48946 49399 
19206 36733 
34318 35594 
22589 29361 
19090 30676 
16556 27051 
44389 48099 
49376 49552 
9993 22207 
11149 22974 
20584 47798 
31579 34830 
7661 44208 
5264 39998 
18452 18954 
37667 47499 
28730 36799 
19425 45038 
21347 39853 
6194 7670 
47139 47836 
1636 18440 
42905 46919 
14794 15545 
47910 47924 
24263 39169 
23375 42542 
15432 39848 
14193 25982 
21678 31276 
134 24874 
33606 41810 
32532 44094 
9903 9922 
6370 38797 
29592 39788 
21976 36699 
10842 49429 
502 34046 
13886 48429 
5403 16859 
21554 27112 
2788 21437 
34584 40169 
30489 34228 
38399 45893 
21647 36974 
15446 44590 
29064 47365 
15712 23506 
16127 42837 
49630 49776 
46961 47453 
22820 48077 
14030 37208 
3768 15597 
25312 38288 
9771 36223 
1205 1323 
7798 37902 
20147 39394 
39364 41036 
15011 28260 
45370 49112 
35563 39895 
49419 49928 
6108 30406 
49425 49657 
30939 49587 
20387 42891 
37569 40251 
18 15500 
15205 32037 
25339 30715 
28519 37963 
36412 48125 
30928 43399 
9774 46165 
1496 5922 
29092 44944 
17342 20783 
17017 18228 
1395 30182 
39017 47832 
44455 46232 
34528 38865 
47670 48487 
21653 25531 
37027 47801 
10914 44760 
26981 37278 
43123 48372 
11598 22156 
22704 43045 
6087 43009 
26206 27963 
27380 44175 
12316 29001 
4324 48609 
12519 44342 
45769 49023 
28124 37952 
16860 42787 
5991 10513 
48565 48569 
37430 46184 
48350 49439 
18376 39988 
45357 48150 
9953 48294 
24595 25873 
26365 33564 
35924 41811 
37666 45718 
27518 32030 
38901 49088 
12445 25760 
8269 15666 
31240 40909 
41609 42766 
34867 37226 
9140 32584 
44739 44853 
10210 16307 
13383 33428 
10060 25619 
14693 34863 
26937 42742 
17849 22834 
10057 26268 
10297 45988 
12973 24241 
18255 46373 
46543 47345 
21656 42508 
14139 27780 
47098 48942 
19807 29158 
15980 16933 
15201 34307 
20210 39212 
48669 49124 
4203 26613 
12303 14235 
19483 32215 
19973 36974 
4150 35307 
34475 48038 
10732 40291 
38471 39860 
19272 37821 
7096 30303 
13206 34647 
29761 30226 
17229 43214 
21648 29373 
3574 33389 
6555 36981 
1870 45542 
40297 40676 
31091 36305 
23212 47829 
4248 24790 
16402 19970 
33617 42978 
48046 48119 
21249 44522 
48627 49036 
4542 46276 
31362 45566 
42098 44967 
38779 40274 
135 18195 
37802 42926 
26312 48412 
38090 46109 
17578 31058 
7338 35828 
37455 45667 
33796 38213 
44485 44924 
1769 18191 
19708 43570 
10919 48038 
9369 24365 
47540 49959 
48128 48490 
35493 48814 
20360 36997 
3762 28899 
12400 34843 
6557 44089 
30115 47904 
40250 45985 
42857 43463 
17902 33151 
40946 40973 
40271 47670 
48722 48937 
30117 40798 
35593 43651 
39678 47571 
36362 36545 
36477 49361 
27324 47910 
14650 21680 
33690 37684 
36126 49351 
34673 44775 
18363 31582 
49997 49999 
18075 45115 
1561 14913 
46852 46885 
46174 47792 
17973 21490 
42037 47781 
7821 14978 
10888 43414 
18275 32936 
46844 48225 
30873 34288 
25719 49822 
39282 49334 
25123 36044 
21715 36244 
33283 40852 
21676 46398 
35799 45506 
35139 48222 
23237 36474 
44139 46223 
32564 33293 
18581 35202 
41318 44291 
1663 19311 
18671 21012 
30749 44396 
31724 40935 
20436 46027 
17531 33635 
1504 12481 
6823 42279 
37374 46699 
34772 48212 
36754 45325 
33951 40185 
8023 36649 
15652 20469 
36865 39037 
49723 49817 
11706 20129 
26026 28126 
13406 46378 
47747 47979 
32032 33785 
358 9459 
21005 24463 
10700 48453 
30558 37820 
29085 41229 
31192 47885 
33416 41138 
33271 46827 
8 38463 
18925 31038 
3961 17330 
42735 47542 
23728 35596 
48395 49009 
13019 21030 
11114 18947 
17113 22347 
26525 28750 
8160 48511 
38326 48988 
37597 38063 
8985 16160 
34821 49316 
35609 36432 
20761 28612 
35015 41087 
8976 17281 
21893 30924 
21447 25928 
31111 39614 
32667 41926 
10068 21891 
30234 39516 
20374 26618 
26686 29982 
42973 43017 
32281 36783 
37776 45992 
27298 42023 
47624 48873 
37058 41877 
41661 49944 
35785 46995 
32143 48310 
14582 23730 
19805 32595 
35817 49766 
19764 27824 
6736 6933 
25691 47269 
9881 41924 
36068 37318 
27047 32035 
18516 48959 
1938 31538 
10022 15169 
39065 47865 
27052 38961 
11295 23336 
20178 44512 
9432 9945 
13746 34268 
29557 42469 
6954 49607 
41687 44869 
23263 44015 
24388 36934 
37450 44219 
9616 28882 
22395 28134 
18275 25778 
31337 43664 
28618 42174 
47826 49384 
6368 47991 
36286 38576 
33309 49108 
15410 41217 
30744 43794 
27714 40443 
11171 26942 
16513 46294 
19983 35669 
32259 42398 
34746 48921 
48822 48861 
33824 37126 
20299 35103 
2595 18169 
7337 23118 
17494 26895 
38445 45161 
41889 42236 
9535 46967 
40247 42589 
46604 48305 
5206 17907 
5025 48288 
34540 39570 
45135 48769 
30967 40890 
15644 42680 
45333 46504 
31239 38850 
39855 40330 
30352 33192 
28378 47296 
12110 28338 
1242 42318 
42689 45689 
27183 43756 
45548 47647 
35820 40778 
6589 43722 
11328 20657 
28350 29292 
17770 33243 
525 10181 
48396 49714 
7940 12798 
12112 35853 
4558 44499 
36563 48922 
18643 25391 
22452 30405 
12101 15019 
25254 32549 
12955 28458 
23917 25405 
21515 36637 
38265 48124 
6943 10649 
15873 37516 
2906 11465 
29222 43561 
30348 33524 
8264 42694 
12734 27468 
10498 11212 
18977 44239 
40190 48865 
18354 40340 
30480 48043 
22709 44985 
26529 27112 
36830 47330 
36935 44948 
36677 47679 
8520 32772 
8489 11393 
24343 24622 
33856 34579 
35993 44120 
8809 19707 
14153 41117 
21456 45813 
43435 44933 
12866 20399 
33255 41274 
24391 33247 
13472 17496 
11146 16037 
968 12505 
448 7413 
6222 14575 
10654 12042 
45322 45726 
42287 48870 
23848 37984 
42311 48085 
3658 15607 
49795 49826 
15344 40075 
29374 32998 
9551 49570 
36801 48474 
39072 49974 
46673 46872 
36279 49458 
6206 47192 
9542 17018 
29034 34109 
43574 47757 
26245 44512 
1679 20393 
16340 25172 
40629 48262 
7588 41592 
34389 39120 
13548 40960 
39802 40919 
26683 42586 
36050 48238 
18566 20768 
8383 23646 
21898 42780 
29360 36288 
9199 12197 
15997 25846 
47400 47722 
26596 42471 
13226 40152 
2150 32197 
49370 49602 
44818 46403 
37286 47875 
6718 22974 
33277 35469 
15086 16972 
41020 41776 
18418 26075 
26721 33227 
547 29497 
22758 26614 
6581 14617 
48191 49364 
36384 48440 
40613 46180 
35772 40423 
29082 30370 
1158 30875 
32336 42657 
16752 23314 
22031 47903 
6540 9888 
28329 37288 
9871 17475 
15237 36531 
11853 31293 
8384 11455 
39359 43806 
39877 43299 
39962 42366 
42784 44014 
43407 48725 
16465 19766 
39395 46393 
25531 29274 
10959 19859 
47906 48211 
30395 31830 
26901 27490 
31630 32547 
36312 47116 
13474 25909 
522 34101 
25078 42610 
35201 37642 
36132 36281 
19498 37981 
28958 40079 
33937 40287 
37515 48441 
9036 34305 
28175 38418 
23934 34598 
2771 15239 
29981 31616 
6753 11632 
19411 34565 
49736 49968 
32466 45698 
2398 23665 
14609 22539 
9235 12747 
18570 36697 
20318 32426 
22139 31588 
16126 41732 
31240 37021 
49234 49970 
11802 23539 
13067 28993 
20065 20162 
39739 48553 
12425 34610 
3319 36451 
7498 27283 
21236 34265 
22626 49888 
34180 45968 
29048 30599 
9618 15293 
15516 19137 
49484 49607 
15785 46242 
677 49803 
45780 47337 
29044 40109 
31577 49055 
6984 25469 
22281 26932 
22712 35778 
49053 49631 
22738 42411 
40867 43404 
44477 48730 
3986 10885 
23087 44518 
15350 31633 
40045 47924 
26686 46296 
29323 44522 
9420 38041 
13237 39443 
11871 15045 
36583 42464 
47775 48179 
27450 34706 
39154 43015 
48888 49758 
1009 2921 
47078 49743 
3900 25310 
24482 38358 
48050 48716 
39598 41636 
45756 45940 
47439 49274 
21310 39694 
14973 16417 
40318 46575 
45430 47346 
25394 38678 
40483 40576 
3130 34774 
32199 48983 
20792 22608 
39208 40003 
28353 39868 
25926 41343 
857 37270 
25189 38636 
1105 35814 
40444 49653 
14533 34781 
48538 48991 
18452 31122 
28524 45612 
26589 29350 
47958 49827 
44318 46298 
7571 24053 
33419 38224 
39664 39727 
33106 45013 
47280 49913 
35267 46628 
22679 31783 
11168 38676 
46327 48904 
44920 49652 
10646 12377 
28031 41743 
15712 20880 
34725 39697 
13682 38965 
25718 42378 
33227 40145 
26413 48168 
20287 41271 
41473 42948 
19769 36504 
4471 39643 
22559 26106 
20004 27366 
13499 37465 
23905 45830 
16420 40430 
32006 44909 
25572 42722 
18004 40733 
49330 49645 
36537 44935 
36749 36891 
15296 48482 
9897 18115 
22659 47011 
34112 41329 
43793 48700 
40859 49489 
14900 20584 
30252 38583 
38796 40154 
24050 47076 
26923 28634 
25037 31152 
11011 27282 
38730 44404 
46396 49694 
30234 47259 
8574 48320 
1627 7792 
30423 46536 
16307 27438 
49597 49960 
530 19408 
44214 44502 
10733 12136 
6291 9371 
37555 44288 
6773 14195 
43779 45171 
7332 17496 
36964 39533 
44615 46228 
37294 49369 
11921 31302 
43559 48622 
38004 42053 
32705 48691 
27105 30202 
11815 43294 
40766 49866 
14567 16569 
37064 44838 
39449 40743 
5187 48973 
49501 49509 
11629 23294 
19591 26827 
845 942 
42085 44672 
18244 34163 
17668 48131 
8404 16222 
28757 34660 
38868 40794 
32429 34290 
33617 38120 
3756 26105 
37724 46127 
17344 44866 
1260 22568 
12895 34993 
8233 29779 
28241 32097 
18404 37630 
9828 28745 
21020 44640 
42001 43486 
23686 41076 
214 40311 
16011 20283 
3453 10406 
45272 48036 
44218 48134 
32409 44854 
22702 24182 
48303 48531 
39459 45099 
32271 45938 
16716 33245 
2027 48406 
20879 42967 
14978 43849 
7436 26400 
13981 18133 
47654 49992 
9307 28623 
12945 47781 
49264 49927 
38058 39406 
35219 39865 
35512 40346 
45287 47872 
47629 48495 
25108 27997 
42195 48160 
21015 31210 
46740 48404 
45407 48320 
27798 38911 
9616 28443 
16087 22636 
45872 47219 
35315 39313 
24928 36393 
40302 44640 
7245 24548 
42141 46550 
12775 13736 
14074 44575 
8061 9121 
29530 41744 
15021 16557 
18375 25274 
34786 35620 
35380 49883 
34429 42955 
46606 46750 
28131 35391 
11859 39184 
20508 33639 
6828 17176 
23769 24431 
9936 38758 
44492 46383 
32730 34812 
21161 38241 
1702 25702 
5202 17270 
16744 39744 
14266 26824 
13518 28547 
46444 49881 
5306 14180 
11622 42676 
8940 20898 
29581 32314 
3960 21206 
43001 44380 
36384 37620 
10502 25419 
42867 45929 
27508 35815 
16148 43925 
9844 15779 
21666 29338 
30865 33882 
23294 26772 
6307 48037 
35652 46255 
39767 45940 
40571 46672 
24091 40293 
31301 42794 
24680 33244 
3355 16812 
1687 43246 
22261 47490 
16311 18128 
4505 23750 
12962 31391 
12188 36695 
5669 32172 
45102 47534 
38622 45382 
10413 11613 
45595 47569 
37297 43950 
37589 47714 
30707 42921 
24985 25851 
21857 41250 
7821 23401 
6753 49248 
21092 46713 
44950 45120 
15609 47817 
46123 49004 
17738 39077 
10041 24362 
22708 43736 
28718 35045 
28450 46595 
46260 47380 
8216 11962 
37667 47134 
33796 42449 
25888 37922 
46553 48939 
29152 48247 
3508 11428 
27950 48413 
30664 49459 
22606 23936 
23410 40553 
20174 42521 
1352 15242 
30029 37247 
12167 42098 
20569 49324 
24962 41471 
9575 46060 
49252 49744 
17412 26755 
9911 20223 
33472 46109 
27297 35634 
23650 40645 
42909 47094 
12656 37892 
14999 37717 
39860 43041 
35550 44940 
41203 45620 
45581 48645 
26102 28321 
43100 48332 
26702 42724 
29773 33912 
8171 16180 
31461 48932 
2448 11164 
10049 23919 
31178 48249 
26818 45343 
37111 48362 
37412 41916 
21842 32426 
44172 45767 
35336 41604 
18354 20883 
30791 41588 
21758 24030 
33368 49562 
23781 35028 
21938 45568 
23358 27573 
35470 46453 
5877 9267 
11765 41478 
11018 38958 
29410 40559 
14347 37492 
37891 46277 
40505 48592 
25230 29741 
7852 46243 
16929 47951 
39358 43231 
7395 13138 
30122 38992 
24353 32883 
49975 49989 
4255 38068 
4490 30657 
43581 49657 
15707 43365 
7049 18412 
30311 35725 
10285 40240 
24984 31437 
19017 43379 
14859 26350 
49909 49941 
43323 43559 
31628 34819 
43398 48739 
5408 23869 
31613 47665 
37956 48321 
26453 41335 
30062 30607 
9234 34233 
38040 40727 
36582 47646 
7161 20482 
12026 48874 
24761 47003 
29857 38859 
34169 48703 
42826 43753 
24474 31641 
16997 26270 
22612 40610 
36954 37896 
11350 39936 
39126 40576 
35629 40189 
37233 41664 
40057 47734 
29327 40139 
33951 34712 
49959 49973 
26042 49068 
44788 46318 
6647 11537 
30478 32123 
557 39258 
48342 49125 
20903 22911 
3797 43585 
32732 39536 
29259 33148 
30444 46900 
15062 34276 
2536 46654 
46260 48734 
27465 30736 
34124 47217 
15145 19437 
16158 16865 
14620 27213 
12701 19733 
8503 27294 
4903 26225 
31057 43711 
3952 44480 
26843 40142 
23361 30599 
15577 38432 
20582 40452 
34963 43489 
35864 39317 
21116 44935 
39589 42499 
18888 35644 
35761 40816 
41862 42953 
43660 48999 
31051 42080 
41795 48028 
36417 47948 
4916 10275 
11874 24046 
28102 38181 
3087 28559 
32057 33169 
7400 10135 
30407 34813 
19282 30252 
217 9580 
42457 42910 
31778 42562 
34860 42009 
26301 30840 
44264 49005 
22277 40583 
9573 43260 
26301 30146 
14693 22396 
30449 42023 
34548 42104 
26857 45614 
948 13875 
3282 44387 
16233 31510 
31785 33707 
44736 48917 
12999 25361 
13607 37248 
44297 49652 
7115 18336 
181 38664 
11565 38481 
49853 49909 
31576 46801 
41914 41967 
36327 39688 
14073 37265 
15129 17303 
28277 47454 
33625 48698 
16802 32306 
33335 46315 
28880 42393 
48787 49500 
42910 43603 
43474 45942 
29462 34169 
13895 27296 
21295 29882 
46926 48932 
12358 25789 
44940 48749 
46531 48762 
42677 46655 
47876 48941 
45164 46566 
12988 41686 
8942 32056 
40512 49555 
5313 9022 
6888 12388 
37637 37704 
21303 28677 
36302 37750 
22633 22879 
31660 45223 
12784 49696 
20400 25583 
22522 37082 
4449 5691 
17943 49098 
30486 34253 
38139 40275 
49380 49961 
30018 49974 
19838 39343 
13906 26732 
49723 49854 
21699 45368 
1037 43689 
7945 40406 
43241 48341 
2503 20257 
39508 46581 
39810 48001 
25672 38408 
38612 46349 
33796 34910 
46299 49040 
38437 41984 
26415 30026 
10983 40427 
22692 27845 
25219 45643 
18633 29332 
7449 16867 
27006 46633 
34859 38817 
28830 49339 
41255 44602 
43915 45733 
6784 13657 
40332 40543 
6205 42597 
20278 21198 
22229 23886 
37716 47715 
9050 44592 
5745 43716 
9132 45780 
9912 21020 
46029 49690 
25430 30465 
22036 40580 
9321 14785 
11609 45913 
20679 31682 
16095 38380 
34906 39074 
15623 17633 
15921 20391 
44686 44925 
17247 39026 
13622 40629 
15369 30761 
2755 47086 
24834 27283 
49184 49223 
21411 31599 
38256 48868 
3885 48312 
16142 29677 
48862 49006 
26006 46323 
22219 40154 
39505 41363 
41713 48439 
26419 47553 
45306 47052 
4858 45690 
9105 35183 
16229 26616 
44869 46429 
33279 36623 
10461 19045 
21359 31224 
29258 35427 
16720 40497 
9543 45323 
45829 46394 
41944 49123 
18983 21622 
21463 24341 
9426 20037 
13422 16914 
49819 49883 
8910 24304 
28787 29788 
1970 42367 
17749 34737 
38214 47165 
31711 33494 
31766 48480 
9585 22333 
17993 21696 
11308 18870 
40603 45609 
40677 42176 
45843 47188 
40108 41846 
46367 49693 
14462 24629 
28818 39000 
14330 32890 
27467 42416 
46759 47741 
35767 37865 
47351 49454 
49498 49926 
45792 46146 
19795 22111 
11076 12975 
4641 48854 
43523 44601 
23257 40972 
31507 31662 
41423 48927 
8320 43559 
47989 49501 
1364 42009 
13203 14143 
38620 40408 
33817 45720 
1778 17176 
16984 49996 
48683 49935 
11326 24179 
35474 37759 
34863 38097 
6253 44998 
12030 32657 
22180 40121 
29757 39478 
34544 49079 
29218 45969 
30616 37538 
28077 32224 
31367 48277 
34693 44431 
16479 49628 
38169 38828 
21425 49911 
34369 44821 
28136 46063 
14672 17257 
23687 43288 
37807 39072 
14737 26407 
5863 41201 
1650 46471 
28489 43125 
49765 49942 
34106 36308 
28722 34269 
904 41357 
6712 49233 
2102 12101 
12575 38407 
26735 28698 
28648 34103 
39961 43107 
27967 38483 
24899 48283 
963 12007 
18204 32410 
4038 29238 
15053 37652 
48461 48558 
48029 49826 
8368 39275 
24567 36811 
35819 39239 
4611 21307 
33177 49083 
16930 28147 
48997 49622 
1143 13117 
17818 43858 
1014 12575 
28472 29847 
29337 40747 
26577 26836 
15975 35771 
47923 49551 
49608 49897 
25851 33238 
35317 41169 
23274 34354 
45631 48030 
29354 49577 
33755 47954 
13932 22634 
36119 46754 
7910 39697 
28588 39361 
24935 26633 
46664 49542 
43712 45788 
32856 49687 
48073 48397 
7266 23530 
19207 32392 
37089 47747 
23086 44555 
41461 43476 
46160 48539 
31034 44737 
5192 14260 
17199 20084 
47870 48834 
33601 38888 
11630 28880 
24246 45156 
2214 48255 
1284 39454 
22826 25091 
3271 14201 
17677 30355 
4662 19679 
3154 36745 
44158 49786 
40591 43153 
27681 29619 
11830 39987 
9436 26499 
16944 47060 
20454 30260 
30650 41045 
1343 24375 
18159 24186 
39182 41297 
10985 25854 
4431 31812 
44984 48774 
27812 35713 
16566 37096 
26552 49992 
37596 39335 
7187 17934 
18572 36482 
37789 49324 
43898 48017 
2762 33245 
6543 11874 
21491 28262 
30677 43593 
13427 39430 
1628 37597 
20399 22756 
42248 46597 
34168 36344 
4412 30589 
48122 49717 
23145 40770 
9543 24476 
14500 40079 
21780 38262 
8786 32364 
28626 36662 
8964 23907 
9899 35036 
17916 33515 
14845 31470 
21017 45174 
17316 47468 
34468 38891 
9791 21911 
15833 27538 
1284 21210 
6990 38925 
47265 48453 
16642 43639 
5047 11124 
23760 27011 
12465 48606 
47601 48342 
8623 18184 
8090 33601 
13044 24485 
38329 38423 
48016 49803 
24510 36593 
44242 48971 
38094 39063 
23798 31247 
11641 17755 
25658 49089 
21259 26907 
20041 28123 
5640 31263 
8484 36048 
34395 37095 
21175 23833 
44277 47281 
27028 27506 
19993 43480 
742 38614 
19698 26284 
36404 40478 
11828 47668 
36216 49971 
13645 40353 
9993 18862 
21778 41343 
31371 41177 
7831 45009 
32702 40726 
19644 31878 
17009 43581 
26955 33751 
45868 47099 
43973 44017 
30109 43517 
33566 43686 
13738 27666 
24278 27004 
963 12676 
21374 26176 
8011 20073 
15890 34989 
18826 35743 
20469 34563 
23086 32736 
49779 49887 
24987 44995 
17560 36530 
47847 48187 
49269 49589 
29671 32136 
42275 46931 
32564 39502 
43445 49658 
48343 49163 
27070 49631 
43322 44159 
3461 14848 
15768 46854 
27397 34910 
9496 44414 
3010 6959 
40081 46495 
39278 44577 
26459 34899 
48553 48586 
34224 35868 
43392 45873 
31072 49052 
46343 48957 
36478 46113 
17033 27254 
15217 22406 
32089 46510 
36670 37600 
36318 44383 
7148 42315 
38702 48297 
38466 49830 
4524 33642 
36315 41753 
35403 37392 
33509 48948 
38850 49826 
39447 47559 
5886 34754 
6821 29350 
46211 47376 
45575 49790 
36061 45598 
18009 48150 
30213 30688 
34780 46218 
38224 40694 
17770 48449 
25503 36353 
37504 37698 
36492 45932 
31881 32740 
21430 21702 
29077 34668 
48128 49649 
45838 47704 
21223 42611 
34107 36893 
15367 32045 
3272 10304 
28758 33781 
14354 42630 
2201 6369 
269 24579 
18175 30566 
40107 44331 
6049 41107 
39014 39166 
7703 37153 
36445 38456 
44681 44879 
22332 49220 
37981 41338 
45976 48209 
29884 32412 
13242 32323 
8363 36416 
35098 38054 
41265 46389 
33725 46060 
7462 35188 
9011 41987 
46212 49779 
18203 31635 
5108 25336 
8032 18583 
6064 28200 
21292 21324 
118 49017 
40726 44047 
20778 49469 
46038 49129 
35370 41463 
2797 37876 
36850 45234 
3578 7450 
34798 45700 
18301 21132 
9687 41727 
4152 41912 
23192 37705 
8602 36523 
18394 34629 
30146 49252 
12531 40781 
16869 29526 
2874 34553 
19177 24963 
6400 49132 
27046 40789 
45681 47038 
34129 40968 
32579 35489 
11436 19488 
49071 49216 
19892 27841 
33836 37350 
20662 32160 
31747 43142 
21862 29170 
8425 38811 
9482 14708 
47469 48520 
25777 30931 
5377 41624 
48264 49811 
29005 35702 
24059 38339 
29339 49880 
49087 49820 
34426 39293 
27719 47028 
28433 41115 
6966 8686 
24642 28674 
10971 11710 
21979 44545 
48772 49928 
16666 17274 
14648 34656 
825 23093 
24460 38169 
13944 49435 
16678 49491 
29379 46688 
44726 44830 
41004 45751 
12254 47103 
49316 49569 
13483 13643 
38519 44107 
8921 45690 
21163 33208 
3984 48845 
6458 23644 
28182 38767 
4212 41016 
40295 42499 
13112 22292 
35547 42076 
17665 40291 
24847 42946 
22169 22377 
35162 43276 
23898 39623 
17120 22815 
11662 41045 
32060 40946 
22420 44006 
16582 44927 
47612 48149 
3860 22178 
44716 48264 
11369 45757 
2421 11408 
36027 42232 
13588 47980 
45227 45623 
24053 32533 
15866 26526 
14023 39539 
10989 48380 
26769 48352 
16917 45313 
13959 27651 
42684 45117 
15608 21039 
37801 40585 
12976 33217 
12426 13936 
43730 44672 
48940 49030 
16193 22608 
42423 45652 
47023 49642 
47085 48397 
44340 48970 
27934 48823 
100 44589 
4286 13784 
43028 45904 
22707 39679 
2148 21782 
27707 30994 
49712 49976 
5661 13760 
28753 39853 
46805 49684 
48234 49707 
36678 48448 
12958 49760 
4442 5738 
12479 39161 
40983 42725 
40530 42485 
12601 15049 
12098 20147 
26243 49813 
16143 34130 
45762 47845 
3904 20322 
42623 46205 
21439 46201 
9893 15535 
37109 48597 
6901 33346 
33644 48139 
21303 48135 
14029 32093 
20074 43570 
30510 35080 
37824 44722 
21890 22491 
33191 48078 
32544 44181 
45234 46559 
35895 36172 
42456 43369 
22683 39530 
4760 39454 
38084 39798 
34443 45017 
42928 44786 
40417 46136 
3724 25238 
35543 41615 
23634 40786 
6386 8415 
19001 40836 
39602 48270 
181 31329 
26418 48629 
23710 46901 
21136 26292 
28173 42991 
48809 49063 
1731 8842 
24385 38833 
40608 44510 
19307 21980 
41456 47452 
18576 43500 
31323 34174 
17543 40796 
26789 34739 
42001 49818 
37531 41353 
30156 49452 
8323 48576 
41424 47052 
6945 40779 
34669 42092 
1006 7857 
23235 40437 
21119 29870 
19370 48464 
44968 45468 
33233 34493 
44794 48637 
36545 46663 
15754 34135 
26499 36724 
15149 19461 
24144 48507 
20140 36590 
17328 48951 
6088 27375 
48713 48830 
20382 27199 
41662 49827 
16190 31156 
6728 37217 
36310 47995 
42001 43588 
47828 49875 
35106 49808 
12846 25956 
37546 47690 
48511 49939 
39953 48373 
9693 36437 
14539 26334 
6558 44647 
25448 40111 
10801 12472 
43415 45066 
5001 18877 
11153 44436 
9233 28283 
24022 47104 
2525 20781 
39584 46438 
34096 42579 
11846 13332 
16197 44708 
3136 35173 
12657 23179 
12936 48277 
11870 19573 
6489 45071 
18368 27901 
5726 35911 
2559 28310 
48089 48378 
1103 49948 
4743 29849 
15212 18334 
4571 40429 
11639 42132 
15687 23082 
864 25658 
39966 40535 
26971 46599 
36128 43624 
43112 43825 
28247 34618 
31261 45357 
24370 36877 
47209 47856 
21486 49306 
38725 43470 
43422 45707 
40207 45309 
39819 45701 
32671 44285 
14301 49424 
24892 35242 
13156 22248 
22173 28081 
13219 14820 
44482 48447 
1862 48732 
26488 43454 
24273 27707 
47361 48169 
48950 49275 
38217 42165 
16592 38731 
24379 46923 
40278 49479 
23601 33220 
8333 42080 
13492 31487 
4858 29428 
19202 31414 
39809 49023 
29986 46653 
40977 49516 
17885 39644 
33705 48564 
34027 44033 
30449 32186 
43636 49160 
14570 30777 
6786 18069 
21902 45024 
10751 14086 
21056 36732 
27911 43940 
22659 30585 
37442 49397 
17112 26735 
31498 35491 
14923 19965 
4105 42069 
34971 48463 
9230 15967 
47274 49882 
37392 49002 
38422 43668 
26044 46198 
18754 44897 
9374 32459 
4883 18859 
45369 49957 
49359 49430 
42120 47778 
27168 39742 
1047 19361 
24717 49703 
36390 49810 
1251 7620 
9953 10975 
32654 39633 
8600 47622 
20308 31272 
27089 33861 
14839 28721 
40885 42461 
7246 41069 
17825 38179 
32071 48633 
30852 45652 
47221 49362 
43646 45366 
15566 32009 
12503 43557 
22009 45275 
24984 37729 
28106 47946 
45872 46585 
42693 46445 
18109 48127 
41250 41677 
11666 15377 
44959 46944 
36463 45402 
31425 37973 
37295 48652 
39715 44637 
27189 29951 
9147 26850 
44849 45620 
14626 33267 
13522 40400 
27690 38311 
39532 46538 
20557 26834 
42094 44301 
1111 22243 
8720 16103 
36690 44421 
20122 26114 
33603 42592 
30568 41311 
31387 34060 
21039 39052 
47134 48662 
46140 48444 
34676 36522 
25823 39567 
8139 35299 
20061 33477 
2230 33000 
23843 32974 
26465 40765 
8291 23215 
23216 24295 
24819 32337 
28686 34415 
34731 42768 
40891 44722 
5446 19806 
35892 43033 
2108 37275 
29649 47499 
42916 49046 
24810 41179 
44527 45328 
25725 28846 
4683 8790 
5397 33084 
3035 29687 
11096 11547 
44454 47729 
20276 22060 
27540 35721 
32748 36690 
42571 46399 
32384 49408 
15236 27765 
450 3838 
47966 49513 
1367 33793 
17219 46907 
44162 47665 
2500 12171 
39237 43968 
21562 25258 
31609 36406 
35572 44451 
8788 37122 
25956 28207 
7891 19740 
6360 45848 
9924 37900 
46708 47130 
41332 45946 
44193 45628 
5767 30695 
38714 40771 
136 21540 
41221 49941 
3480 27487 
46447 48193 
48064 49764 
9552 10150 
2415 34367 
1997 19499 
33467 42190 
23366 36527 
19766 27043 
33513 44504 
16937 44639 
22979 46695 
40050 40521 
39709 44121 
38315 43436 
32775 33206 
24510 44155 
11763 17994 
13877 49863 
36390 38006 
19398 49984 
49025 49954 
48074 48959 
31394 45480 
43246 49687 
2722 17580 
8957 49504 
19924 22186 
42483 43235 
18865 18877 
11842 49382 
7007 37270 
22312 47270 
39147 43410 
45115 45480 
30162 31753 
24380 35814 
47412 48795 
45527 49000 
36205 42751 
16820 38160 
39693 44853 
1806 25437 
6498 33697 
19561 22567 
39901 44804 
27676 34747 
48081 49486 
38015 49397 
36130 42075 
25572 49862 
36973 40820 
32700 34704 
26768 31267 
1122 1197 
41637 44640 
40523 48661 
31345 33480 
47898 48165 
21683 38391 
31305 31821 
12081 29488 
13120 13823 
1513 37729 
14039 26510 
42186 47689 
26728 46966 
18823 39359 
37271 37442 
11308 11561 
25307 38385 
22477 49358 
30011 31434 
26068 31180 
8131 33105 
43072 48739 
32563 32631 
46585 49899 
3201 5712 
39 25234 
48406 49352 
7516 12743 
11830 11900 
2061 36874 
49748 49790 
27872 39947 
49499 49926 
7745 9500 
27552 41194 
23985 24351 
10693 37414 
11030 30701 
49863 49873 
19576 49081 
12775 22537 
11821 12641 
25719 48218 
20766 36834 
24115 34456 
45374 48205 
39324 47203 
29818 47064 
22444 46767 
11972 21073 
43935 47810 
24156 26000 
27432 38171 
11444 14872 
34794 38537 
10846 17098 
33464 48988 
19326 20710 
31798 37629 
34063 38632 
45777 45868 
48784 48852 
43709 43846 
39474 47184 
10288 42536 
22564 41564 
31070 35032 
10476 46205 
1870 33645 
4994 12249 
22120 45030 
2674 36742 
31914 44445 
407 45408 
24185 44931 
45175 46898 
30783 41428 
5033 12316 
25037 25199 
16650 36428 
32904 35441 
13140 43551 
29575 34043 
344 7186 
46708 47033 
8145 40867 
46470 48751 
23195 46229 
45892 49801 
25424 34775 
48764 48868 
5633 23874 
3631 46408 
1905 45342 
43547 46749 
26157 32820 
23694 42873 
34130 40656 
2680 12299 
45116 47993 
42888 44197 
32218 39126 
41821 47295 
11883 23073 
2267 24075 
29759 41775 
15826 39310 
978 22297 
22553 47343 
37806 43349 
36787 39248 
11257 30688 
2233 35671 
29041 40568 
10096 36250 
24244 39449 
438 2946 
45945 49104 
3598 23482 
46021 46762 
7010 26304 
5051 41873 
44265 47509 
46881 48777 
17988 49619 
12548 30532 
17773 32040 
18033 40719 
30125 41137 
23162 45710 
13711 20044 
26764 27341 
25388 30068 
29592 41941 
49247 49887 
18730 42288 
19751 46543 
19696 47581 
38818 46865 
23875 25642 
20585 30423 
29939 41301 
46012 49467 
15491 30299 
1082 43376 
47314 48684 
38206 41014 
2884 47997 
5701 48417 
36117 45882 
1329 29899 
25829 48268 
5556 48117 
23012 27054 
41501 41757 
40549 43184 
29263 48690 
42785 45695 
22028 34195 
44855 48748 
29621 37743 
45578 48958 
5422 17857 
36328 37273 
11756 12340 
13461 18358 
19673 44077 
42855 49526 
40187 41851 
43779 48519 
1767 25426 
46584 47934 
10173 47450 
46585 46825 
47752 48987 
39696 45664 
1056 39565 
8758 41266 
13248 43556 
6937 12041 
14771 15394 
6253 13912 
22208 33234 
36105 45600 
3347 21958 
6891 30904 
13836 39454 
41952 43366 
11747 46098 
37193 49914 
14088 41777 
39306 41351 
31713 38813 
24413 42496 
25347 45796 
28883 38646 
49105 49681 
39997 45217 
14588 18953 
723 33235 
35333 39748 
24147 29701 
43161 49003 
4352 6610 
47926 49471 
13319 19619 
30731 48496 
11328 40298 
38922 46927 
36844 46341 
49282 49413 
32880 42926 
37244 41419 
2908 40896 
27420 47235 
27536 28252 
27789 44179 
42345 48437 
34310 37024 
40292 46334 
34835 48091 
6383 24763 
13957 47172 
7448 48189 
15750 21934 
24764 25007 
28375 37085 
1441 29648 
35183 47320 
41531 48196 
11856 27867 
31204 34564 
18960 27162 
15022 25215 
39472 49593 
29872 34494 
28911 31644 
45831 46480 
35179 40149 
15260 34261 
36789 49367 
34349 41759 
29235 43656 
15261 31416 
702 34479 
16908 39635 
1353 23281 
22211 23115 
26478 36135 
530 11815 
13004 16911 
38192 41293 
42443 45629 
14288 43189 
3986 37093 
33444 48220 
20369 30026 
43913 45879 
36069 43711 
10033 30074 
31518 34309 
11100 35039 
25671 43811 
21498 22415 
22225 49981 
43516 49296 
43823 48619 
46883 49795 
5675 11450 
21844 38427 
34699 46590 
46318 49440 
3089 42370 
21607 32861 
38632 46350 
16558 36032 
44900 46872 
35175 45587 
20492 20743 
12604 19304 
19476 26578 
42625 42931 
7945 49436 
2744 3125 
15129 49220 
41184 47440 
37646 42783 
49664 50000 
34939 37269 
7270 32833 
22292 31207 
13624 47129 
40527 45104 
24125 35570 
8491 12121 
23524 42303 
6150 29829 
49131 49958 
23283 28239 
17613 36860 
49148 49887 
34441 36502 
47702 48808 
12840 27355 
36043 49307 
41771 47072 
19147 25560 
49718 49763 
13372 45644 
39222 46495 
20776 39303 
48532 49259 
39134 46251 
6998 46611 
322 37792 
18179 20853 
43052 44197 
49818 49841 
23374 29527 
24833 29663 
12182 18798 
9884 49718 
17072 20315 
6718 34649 
4691 25155 
3030 48233 
38401 49733 
40654 45815 
22594 28546 
37835 44203 
6599 47694 
46942 49936 
34029 41522 
38656 41035 
39954 47912 
4098 15634 
12943 24844 
42682 47578 
31886 40896 
39939 43630 
7735 36153 
2826 47745 
15010 18730 
893 31651 
18493 41046 
25743 40090 
34864 45704 
30733 49616 
1395 37895 
34013 39106 
200 21037 
18668 18765 
29443 37957 
6539 21174 
19002 26700 
2629 26586 
30771 44046 
36617 41636 
15579 18874 
34506 49924 
42327 44033 
4936 31632 
45736 45909 
426 21737 
44046 49526 
21613 36855 
14549 33115 
13034 34183 
39692 45025 
33737 41255 
13385 13496 
28443 43977 
16787 26099 
20407 44559 
34627 44960 
37622 43661 
42820 43768 
1705 21026 
32125 49912 
48574 49384 
42682 49964 
47823 49473 
38280 49136 
34035 34058 
40735 43304 
25162 35605 
48616 48633 
22223 25216 
33489 40488 
27493 34993 
4394 5821 
35827 48307 
27398 32512 
439 30740 
11217 17226 
5367 14389 
25840 36426 
27621 37250 
17179 42523 
23486 49440 
48578 49167 
13639 31242 
16555 24010 
6177 48816 
9022 16876 
30412 32702 
33701 35579 
41579 49210 
8234 33056 
36065 39051 
25638 47492 
35474 43174 
40859 45041 
42477 49007 
28758 46718 
37215 42428 
41032 43328 
3487 22049 
37925 40015 
44899 48726 
10843 18241 
14340 21391 
37487 38102 
18007 27325 
14721 27580 
7243 23575 
14775 41706 
43218 49887 
1375 28955 
12483 35288 
41308 43121 
25811 44782 
2579 31888 
8468 19576 
6831 34583 
29498 33027 
29888 49364 
11973 26563 
9724 13258 
658 31028 
10073 10916 
15137 26750 
42357 49428 
34536 42123 
41411 44241 
7203 32473 
15662 32664 
43932 48508 
49213 49734 
4119 39177 
29140 42002 
8382 36248 
32849 46472 
6042 26299 
10835 44216 
5996 46800 
6674 27965 
18519 46990 
25576 32681 
25781 45125 
40525 43571 
49640 49931 
34429 41642 
10247 19340 
25620 40409 
2844 48836 
38549 46821 
643 15812 
12775 39125 
47207 48708 
17427 47615 
6631 16139 
8309 33173 
30749 44101 
49370 49709 
47283 48416 
29845 35961 
25048 31667 
33114 47427 
30705 47463 
38231 48299 
47340 49562 
2902 33253 
28973 47426 
45004 47624 
4768 29669 
44489 45239 
29449 38447 
43244 48023 
24286 40415 
4860 6165 
949 23606 
35261 48531 
17250 42325 
36293 47115 
7732 13172 
15687 46142 
26825 39631 
17280 38197 
14785 40479 
37437 42216 
36464 48486 
34822 40785 
45612 47630 
15636 37791 
46942 47465 
39054 40126 
15334 19090 
5867 17640 
5251 32915 
13479 46526 
2257 15251 
7578 21495 
23432 49379 
19591 22423 
5533 42737 
46194 49944 
17986 32125 
8550 38600 
11394 17788 
3076 36245 
6990 30256 
44193 48725 
49636 49766 
31016 33096 
35573 42701 
27175 30319 
48159 49060 
47070 47450 
38228 46946 
43236 48763 
24658 37019 
37877 46472 
7296 49800 
29811 45213 
31416 35631 
41185 46849 
946 24504 
23170 29522 
40317 43942 
41718 46833 
33161 36530 
18938 38987 
46914 48042 
48720 49047 
7994 20847 
2651 3192 
16898 17224 
6845 33211 
48351 49453 
37322 48816 
44044 48952 
32632 33401 
33009 43082 
35338 46473 
22098 47739 
36929 42750 
47732 49157 
36416 49510 
34240 40759 
29598 31702 
14452 30299 
33672 40179 
13177 43786 
1660 34394 
44355 45517 
44012 45369 
28561 46154 
41553 42756 
17938 20275 
12363 45742 
7853 10223 
30515 39652 
46023 49459 
16126 49158 
385 17288 
37289 41912 
19143 22800 
33369 42082 
13493 25350 
43908 48715 
31791 36216 
8471 29926 
15288 34143 
28399 44154 
26627 37150 
11251 36219 
33784 33852 
24790 28870 
43548 44515 
42940 44000 
31125 35596 
12013 15437 
4705 26522 
38175 43522 
38859 43764 
5044 13218 
8674 20803 
27317 34923 
25506 40334 
7143 38292 
30293 49857 
14950 31579 
18606 40991 
14986 21856 
20878 47304 
18724 24328 
25702 44751 
39758 44591 
21209 25000 
44533 45533 
48079 48659 
13905 47163 
11559 32226 
16341 18063 
48275 49243 
14961 45144 
21700 37648 
49830 49892 
14653 30294 
13886 19335 
25428 36453 
25084 39388 
14421 36577 
29235 49850 
15270 28439 
40249 43856 
9991 46990 
7559 13795 
37890 42863 
37118 39040 
17961 29399 
14047 28162 
28432 47796 
23359 35350 
35615 47479 
24956 42339 
20205 47912 
43344 46106 
5453 46715 
29012 38172 
5274 7820 
24380 37681 
30979 39702 
4622 21569 
18506 39596 
9319 37448 
15934 31542 
44327 44952 
2576 17431 
1813 14955 
28460 45584 
18800 35903 
46040 47915 
16694 39707 
31213 43861 
34232 36447 
25447 35700 
1612 36851 
16121 33888 
25043 38880 
4386 19132 
4037 28357 
39740 41921 
17955 40848 
36397 40391 
48128 49847 
9466 19252 
43377 49063 
9900 11758 
21551 43389 
41582 48602 
30753 49290 
36549 44472 
35633 41775 
12476 14467 
20889 40253 
45418 46267 
9707 43009 
3024 9920 
26961 29949 
36230 46064 
23292 37160 
46026 47125 
6557 47313 
10366 44316 
9326 20688 
1386 33943 
43097 46713 
44420 48999 
40059 49537 
27919 28918 
19552 43608 
2125 24050 
46290 47335 
17140 26030 
14955 20303 
8789 28139 
9500 24719 
14413 27565 
3309 47898 
45858 48181 
35276 37113 
36737 49998 
5087 40177 
6369 26227 
34991 49858 
27346 44514 
29726 33098 
17321 28114 
7221 44726 
12937 27468 
1088 22397 
26992 30344 
3515 4157 
26061 46249 
12115 15626 
18543 29122 
810 27316 
26402 45665 
33110 40318 
10428 39975 
27744 31700 
35475 46304 
47400 48459 
11301 23387 
15265 20116 
15486 19773 
27069 28067 
43014 43254 
21206 23609 
25441 34124 
28173 44382 
10865 35976 
13056 24809 
24466 26815 
21113 35825 
25471 30549 
45083 47099 
38068 43910 
49233 49833 
1496 9109 
7354 11587 
2356 40102 
26823 49705 
2693 3451 
3270 48073 
14621 44812 
23983 32185 
41925 46526 
20691 24691 
32446 44789 
43243 43960 
29524 31402 
33748 46230 
31823 49462 
48174 48679 
36318 36528 
34735 41461 
44722 46224 
15150 29050 
3348 27842 
19477 29807 
44650 46016 
29878 38307 
16732 23338 
21016 33955 
41457 49620 
45421 48659 
22711 45439 
9247 17802 
13640 14445 
12275 33004 
45857 46603 
36664 39451 
8340 9763 
38767 39156 
6940 26188 
35651 37833 
21478 23287 
38927 48578 
47557 47654 
22211 31200 
20730 25135 
32998 36241 
7115 43972 
40493 44452 
9457 26994 
2018 25786 
9534 15608 
13089 33692 
44284 47911 
38753 45126 
386 13867 
23003 28316 
33309 43137 
45784 48409 
13845 29111 
3173 21623 
25414 36298 
6481 45525 
7546 13729 
47901 48983 
39162 44372 
17161 27853 
44747 45185 
44679 47445 
48115 48360 
38000 45717 
32558 37898 
11268 11586 
19201 44040 
27481 49943 
27876 28619 
23511 35268 
29962 49425 
19960 35735 
47714 49950 
13864 19216 
9434 43694 
15135 25384 
44158 49729 
29100 44508 
623 26841 
15115 29775 
39950 43697 
23511 48825 
5330 13007 
46169 49348 
29184 31095 
34175 39594 
24590 33333 
26863 28222 
14467 49084 
44460 48215 
4706 12756 
33178 42472 
37039 48859 
49611 49865 
12685 44925 
42362 47784 
3594 45617 
34482 39135 
41849 47805 
13857 28198 
31857 48541 
10605 46160 
7458 49359 
35192 38200 
1793 40085 
16789 41600 
24188 40674 
3197 49836 
37515 47294 
40427 49089 
27941 36699 
8544 10566 
35309 39442 
19885 25812 
13582 34047 
31016 46988 
43776 45016 
40113 42074 
36177 40683 
12926 38999 
5497 33953 
43888 49573 
31264 42477 
7549 25351 
49593 49704 
39500 40263 
39508 42690 
26812 34729 
46318 49917 
24385 27478 
29851 44161 
11725 19002 
14118 20407 
5878 42031 
37712 43972 
15752 16387 
30811 36162 
34518 36017 
4348 24916 
15749 21787 
28007 48986 
43841 45082 
23266 46527 
8168 25759 
37105 44664 
30507 48657 
30752 31780 
29417 33778 
5281 17748 
26277 32484 
3571 24688 
26155 41755 
45330 48540 
27544 43161 
35981 46630 
22068 36728 
37587 49099 
15002 45632 
15841 47292 
40726 42575 
19937 24945 
18700 40110 
20601 32888 
33361 47740 
30883 44668 
37813 40134 
15464 47040 
49451 49517 
43186 45212 
16082 28511 
35446 43338 
35090 37242 
33789 34456 
7644 11911 
2400 19008 
36847 47783 
13594 14172 
25473 40493 
38804 48900 
8818 16343 
7953 39654 
6949 11212 
1293 2974 
25781 41951 
17703 26475 
41004 46722 
1686 16332 
6208 45112 
14653 15336 
8019 44807 
42969 47347 
6769 42179 
10602 19351 
21376 23886 
21984 31336 
48253 49528 
29281 48289 
26044 42740 
41448 46940 
29362 35121 
2635 36581 
18262 39749 
6219 30890 
3594 41346 
18450 32286 
2374 23953 
20508 21511 
46672 47390 
32639 33620 
35008 43365 
37116 49768 
21848 26763 
49091 49166 
26147 31720 
44953 49463 
13310 45292 
2823 23346 
31051 42918 
7044 44259 
15168 28853 
35905 41460 
25722 26501 
34437 41513 
37166 40269 
21514 47333 
2129 35228 
14142 37212 
41161 44493 
26018 34652 
9198 19478 
3131 17801 
5474 33938 
11447 26529 
4134 28574 
4036 35886 
45899 48595 
8513 22899 
27620 47292 
21337 33386 
43129 43469 
16663 21391 
18075 45561 
47883 49183 
40916 41514 
16349 46372 
41771 41825 
47738 48332 
4038 26061 
4769 27943 
27571 41724 
20428 40744 
26073 27647 
30989 39521 
3916 15621 
34364 39947 
17668 25478 
7183 23010 
13286 40054 
9374 12795 
19809 29672 
39195 41605 
44685 47485 
7571 42418 
45977 48187 
25831 36027 
30616 32790 
11309 29378 
5931 49230 
416 33126 
10735 42117 
39917 45026 
28397 40643 
778 4366 
33234 33377 
28852 35371 
42941 45095 
2470 45342 
19767 20144 
12669 26200 
33944 45311 
6723 15432 
44166 45960 
18467 30637 
25920 40659 
5337 44880 
4570 26258 
25018 44225 
9687 10437 
37859 38599 
2487 32749 
39410 48157 
36896 38649 
17058 17455 
39005 46158 
5602 46858 
18503 45320 
1636 48735 
30856 34057 
31731 39727 
46275 48496 
16017 24982 
39928 43666 
18949 22862 
8070 43894 
39626 46365 
12944 26782 
25294 25491 
9662 10286 
45953 49913 
24040 26378 
20236 22013 
7487 30258 
47629 49488 
18865 30283 
44045 47810 
40571 45955 
15817 28018 
38949 48195 
22040 30779 
13452 32381 
37959 42626 
11099 16870 
9071 20780 
14952 29992 
10797 28720 
13912 15686 
26810 39605 
31857 34152 
47696 49031 
24029 32549 
29859 46631 
27892 36154 
49361 49672 
3753 24392 
27145 36850 
29620 45881 
36522 37804 
1377 3841 
1148 6712 
20890 43870 
32636 40895 
43983 47868 
39751 49275 
5690 6221 
34327 43937 
13235 37533 
9512 24221 
20612 49328 
2857 40802 
45908 49816 
23602 31435 
33750 43436 
14540 43037 
15646 36690 
27064 33758 
14734 29172 
41276 46589 
33538 44114 
7154 10624 
21078 38164 
13914 37312 
16125 21290 
7111 42405 
12831 49177 
24503 28148 
14941 46200 
24412 40712 
7752 14771 
27021 34879 
15756 24928 
22576 33594 
33171 49709 
31874 41861 
49813 49925 
8911 32229 
29177 33885 
11919 19142 
31727 35317 
30456 41378 
12739 26860 
20261 44808 
7700 40444 
6281 16624 
37826 40080 
146 3889 
22339 40692 
15489 31771 
20886 26222 
48456 48675 
47020 47125 
44496 49012 
6628 19782 
38098 40887 
23797 33224 
6838 10367 
31322 45017 
28102 31605 
23049 40448 
21393 22494 
28440 47230 
9639 20138 
33595 49013 
44244 49277 
26342 40024 
18869 38122 
47555 48257 
23791 43066 
14235 17927 
4824 17158 
1977 30321 
32248 33944 
37841 45116 
31990 45895 
30379 47034 
22094 31177 
47834 48405 
36483 39244 
15197 38172 
49633 49990 
8512 10866 
11601 44084 
25788 43582 
26602 27647 
32032 39457 
30859 48060 
2560 43910 
38152 40272 
18095 34000 
41113 41844 
25872 37442 
26590 29333 
46021 47835 
26036 41792 
28894 32110 
40817 49423 
7969 35297 
6321 46077 
718 34874 
24005 34773 
31800 37086 
4249 19659 
38814 46394 
19616 20968 
21775 42450 
30927 35322 
5674 7272 
26437 32459 
42768 43210 
11288 41241 
40853 48897 
29843 37694 
44586 45875 
24205 26289 
3017 8236 
5196 9387 
7457 38726 
12302 34141 
4473 6095 
14006 46407 
46213 47304 
8939 39169 
3715 16893 
5046 12246 
44806 47728 
46898 49703 
14346 38571 
15763 24696 
5768 39341 
5976 31695 
9906 34323 
13721 46464 
14578 16273 
27923 42132 
34516 36997 
49727 49855 
39548 39572 
49990 49990 
8563 41651 
46820 48381 
1720 15497 
7622 13478 
21163 34166 
41802 48930 
19304 45377 
26835 44895 
19343 44955 
46995 49683 
10907 29077 
48093 49167 
27539 28441 
18715 31747 
12204 21705 
2683 46811 
21753 32470 
47736 49069 
19298 48567 
13384 26096 
28895 44204 
46733 48301 
15053 30498 
23297 30137 
11485 21218 
46613 48833 
49867 49880 
49167 49515 
41225 46249 
13086 20434 
48166 49588 
18127 34357 
19103 21937 
15880 18802 
14477 48029 
39487 44611 
10676 47006 
13402 34771 
40175 44657 
3226 23103 
16529 46834 
39316 49255 
23151 36454 
29285 35534 
48420 49412 
5409 18313 
48864 48882 
23472 37875 
4826 9404 
9271 31581 
42010 48138 
5030 41382 
37378 47347 
21053 48872 
21375 34212 
11134 40269 
7187 40416 
48574 49499 
26859 33015 
28781 30105 
14030 14160 
10060 15743 
8983 13306 
8607 31663 
47580 48406 
48079 48623 
16217 18230 
16285 29885 
22312 29256 
31487 34079 
45607 49416 
36631 49540 
29238 46760 
39491 40450 
38165 47787 
24362 29770 
39211 39293 
17293 26640 
23648 28657 
22067 39922 
20307 40007 
14574 40335 
4596 29944 
26392 36052 
28349 43087 
16927 24326 
6433 29815 
44871 45373 
31553 43861 
40787 48844 
3749 16192 
45176 47981 
20411 23054 
49731 49963 
20537 30700 
14800 20450 
24380 41118 
27955 48988 
22165 22265 
42823 46394 
37123 38196 
3860 35353 
45996 49777 
40333 48769 
29450 49290 
16829 47849 
33748 48652 
10691 37529 
26804 40740 
9770 21202 
38717 45577 
770 34636 
21940 36310 
49439 49807 
34632 42348 
14564 34263 
8277 45480 
41025 43780 
29139 36609 
22418 33222 
2476 7169 
32110 40012 
27597 45917 
48931 49609 
21662 30915 
45432 45949 
11377 27464 
15451 39746 
38680 46268 
19171 46235 
14912 21607 
39952 41882 
27545 42332 
43563 44706 
29385 48195 
1674 27786 
262 7399 
22098 43983 
6886 38715 
15228 47750 
46302 47971 
3157 33351 
45092 45152 
25228 33837 
1245 4692 
46247 49358 
12656 23927 
48967 49903 
28574 35757 
14294 32169 
17875 34196 
34110 38553 
4966 47410 
35792 37031 
5755 15222 
26087 42916 
25643 35828 
21754 41631 
40496 47486 
20823 34027 
18511 48803 
41237 43884 
48623 49589 
28439 47270 
6790 40778 
7237 39939 
33337 42394 
47186 49388 
28337 33551 
5030 20882 
39106 39393 
44786 49744 
48934 49729 
2061 43824 
41630 45838 
46374 46925 
40084 40292 
19536 36187 
39755 44414 
28290 33008 
43997 45037 
20171 38420 
41767 46846 
19870 46099 
18688 25274 
20129 39660 
31667 44654 
13542 42545 
48962 49281 
15251 16409 
46971 49597 
15976 20889 
20572 25071 
45102 47407 
29434 32632 
38171 46696 
11143 34560 
27680 32446 
16975 18649 
172 37058 
14273 29654 
32253 38756 
30137 33595 
28146 36942 
14519 47018 
21459 31847 
41865 47147 
4964 36393 
33993 35434 
16768 43224 
20217 28715 
44487 47558 
10932 21274 
32432 32655 
24722 29317 
24067 28231 
11480 13814 
33862 34404 
28080 30146 
5269 28406 
1776 22375 
21404 33900 
8652 47727 
18554 46452 
31183 44065 
49760 49954 
33468 45783 
40411 41206 
22231 40817 
21624 46610 
48520 49664 
48773 49575 
11802 33974 
17208 47342 
16758 33656 
37794 44111 
49115 49311 
13277 23644 
39388 43655 
32660 36935 
25549 35646 
47079 47475 
12752 48770 
44379 45639 
45133 45158 
48802 49200 
3543 29176 
16733 37253 
6754 32096 
44837 47574 
27828 42305 
28787 29724 
23718 24100 
3575 18834 
20365 29032 
39314 40223 
6580 44944 
33385 48967 
22470 39344 
4509 17042 
6808 19936 
38785 45078 
12451 23441 
19006 26534 
16022 29120 
999 12963 
5743 27429 
23897 41974 
7921 48331 
1512 41528 
4724 42073 
20901 30653 
36072 37197 
24030 32361 
322 48333 
16348 21339 
25109 35860 
46527 48576 
40145 44909 
15252 37363 
7344 12629 
13642 33751 
30100 48845 
21677 41654 
34438 41040 
8233 13776 
49638 49977 
43086 44061 
47371 49718 
40685 49543 
24011 48121 
7516 47432 
47063 48345 
30033 30197 
24336 33102 
23998 39968 
32519 46426 
5016 24002 
940 49497 
3592 17678 
33096 34656 
48475 49084 
38019 40487 
43859 44088 
9196 23517 
7680 11453 
44884 46035 
19065 24686 
28027 37280 
43236 43582 
6491 31931 
20664 48270 
6247 26234 
11780 38928 
33595 45083 
6303 13005 
3030 26674 
31244 41997 
268 9164 
24539 26494 
16294 48175 
19614 29079 
49584 49849 
32999 38485 
40496 48948 
31946 41288 
12927 47745 
31474 33099 
36225 39664 
602 48502 
49483 49745 
1279 41228 
49133 49735 
36294 36926 
29829 31395 
7831 40729 
18319 27976 
46752 49907 
23364 39761 
33484 34234 
48974 49006 
31237 40337 
37082 49831 
43063 43849 
643 31156 
3318 8902 
18437 27819 
9979 30445 
30410 49145 
7403 14755 
31564 38935 
42345 45116 
41323 49543 
21774 43442 
31552 39272 
5202 13494 
24284 28575 
2754 18912 
44517 47048 
37858 46003 
11259 43143 
29642 36044 
8650 16014 
42422 44179 
15630 16629 
43501 47412 
41511 48139 
45734 47647 
37277 45872 
43176 45131 
29883 34920 
21687 32527 
19189 23440 
37440 45586 
13672 34855 
13509 45083 
47421 47766 
3796 9499 
5292 31737 
27917 48889 
39730 40833 
41818 45210 
45490 49759 
27615 40886 
42392 43067 
9744 14320 
16132 26911 
9860 28491 
31280 37881 
35984 47405 
3617 16671 
21372 49267 
7959 46718 
15994 31176 
45536 47323 
19043 37131 
49925 49994 
33050 46755 
877 30501 
40829 45348 
7881 37068 
7005 19195 
31032 49311 
6834 8246 
12969 15295 
28518 48781 
44540 49227 
44511 48410 
87 3960 
23493 45359 
11764 38797 
36163 48380 
36392 43345 
37407 38171 
11263 12006 
23702 33245 
11993 36049 
24319 46781 
3768 17269 
4205 28835 
15584 15811 
36217 40051 
941 7654 
1838 14115 
14561 41285 
40251 42800 
21230 32941 
15778 45339 
37723 42674 
21847 33602 
13152 36578 
8995 24535 
20215 34910 
16078 31189 
39727 44058 
5135 11124 
26657 33723 
729 11725 
34738 38183 
14580 36506 
44493 48954 
6910 46300 
1522 23695 
25708 38958 
11548 38039 
29250 30403 
25166 44658 
18340 39241 
12694 43265 
3815 16996 
6986 43839 
6209 12980 
46687 49165 
29010 39809 
49297 49469 
19157 25534 
48020 49974 
22300 29981 
42465 47826 
24350 26868 
49492 49626 
37128 49901 
35943 45795 
48369 49245 
41143 48513 
8491 15728 
25113 27765 
7455 24821 
24950 42067 
44940 49322 
34019 47304 
10034 26414 
27851 37597 
44346 44490 
26785 48722 
11719 40913 
33516 41732 
34773 36794 
33106 48430 
29810 44215 
3547 25759 
4343 26584 
37340 49216 
46037 46109 
2639 23454 
20105 29857 
34097 35839 
31781 44216 
44284 44928 
45668 48335 
1917 35803 
47150 49945 
7147 37987 
21582 47119 
16297 16913 
33428 44274 
9073 37546 
12535 40042 
15922 22401 
41319 42525 
21992 23604 
28603 29795 
25765 26738 
14062 43105 
31118 44249 
2340 49838 
10925 48660 
41319 42942 
49031 49510 
32527 40119 
29195 31392 
31654 32947 
1674 4762 
28290 43754 
17366 40527 
33639 45926 
34959 40848 
40086 45570 
9527 20209 
12276 27137 
47318 48943 
16965 27434 
1877 20172 
47284 48641 
16306 42756 
42989 48689 
2835 17105 
31858 37056 
44654 44961 
20501 24290 
2848 32949 
3344 25961 
2907 29591 
32653 34212 
17645 28601 
22499 39050 
19750 28503 
43633 49121 
3101 47283 
26633 27583 
10691 37987 
17106 47529 
25587 34431 
9171 21588 
43134 44895 
29311 42055 
1211 24267 
23354 25970 
35385 43204 
10303 40457 
40740 44823 
29596 31654 
43819 49638 
19019 32910 
45896 49734 
34798 35569 
6120 38379 
17326 24045 
238 35699 
40087 44735 
8396 18718 
28306 31474 
32270 38994 
21425 47212 
4494 33587 
2985 27446 
18920 49033 
11209 23915 
23958 38558 
5051 40096 
46557 47995 
31374 35210 
35580 46577 
15253 26182 
40596 49597 
25647 39435 
45506 47582 
8368 17612 
11609 14624 
9953 49737 
28800 29895 
20735 36699 
23104 39944 
47634 48315 
1881 19903 
1246 19492 
49814 49954 
43337 44397 
30361 41128 
37062 45313 
48862 49038 
9696 44545 
40374 49186 
29022 34454 
553 43549 
8125 19023 
21484 41432 
21506 40583 
18211 45715 
3767 18746 
19373 35366 
23036 49208 
18524 31000 
14814 31636 
21263 48441 
10412 14600 
10190 37487 
41191 45080 
17722 28394 
33962 42162 
12255 15481 
48811 49750 
20977 27821 
14027 18076 
34295 42883 
37147 40475 
29248 40522 
39088 40482 
8907 42345 
37889 40564 
43173 43288 
8544 14561 
513 17742 
35949 40700 
27177 31742 
27329 34969 
47637 49813 
6463 43058 
41362 41973 
35633 45186 
46700 47681 
26531 34416 
36591 39357 
49150 49561 
8845 30921 
30112 38271 
24232 24817 
26421 38788 
49937 49949 
47701 49322 
39464 46838 
49454 49620 
31579 32191 
13699 47964 
6969 11480 
21087 48860 
35744 49915 
27851 38306 
29999 47771 
1786 17078 
41693 43205 
38226 44616 
35383 46847 
41600 46384 
32360 38653 
35334 42450 
49325 49341 
20198 45928 
3797 23825 
41208 46459 
20100 23628 
44262 46980 
38990 40234 
18511 44175 
9553 35817 
46465 48582 
37502 43900 
23299 30055 
17511 40110 
38671 47619 
4003 12466 
27197 30752 
25464 45263 
17705 32799 
19014 36850 
14918 14932 
17267 18418 
9854 18110 
21679 46131 
17930 26673 
28240 47355 
47338 48692 
17200 39296 
3231 31204 
21439 49236 
10882 21080 
480 34106 
30093 37269 
11529 19559 
10325 40051 
8976 11607 
33064 41891 
2423 39805 
26373 26412 
18567 41031 
14903 20929 
19758 20503 
22883 39941 
3151 12780 
18844 41252 
11007 45106 
48257 49998 
46962 47780 
40595 45538 
37140 44733 
12341 14135 
23828 37506 
7544 24664 
42947 49713 
32139 35576 
6067 39206 
37907 48155 
12906 15120 
17674 45409 
20091 43775 
2010 14665 
32003 41566 
8344 39545 
21501 28989 
36442 40767 
46971 48193 
27041 32302 
13589 31103 
25658 30982 
21109 39353 
43097 44827 
8153 9569 
24443 34698 
14972 41914 
10064 14570 
9851 36995 
34542 43291 
5479 48067 
1084 36161 
4062 20855 
8017 36201 
12051 34845 
22006 41741 
35809 47965 
8985 12682 
24122 47212 
24847 37539 
30479 37897 
42493 45636 
35183 49447 
30969 36378 
44190 49057 
17065 44196 
9976 46864 
44426 47102 
23931 27750 
28162 28267 
38369 39471 
29046 35277 
17165 27799 
11109 40989 
43230 44550 
43320 46678 
22182 45823 
46376 48994 
18081 36064 
36746 44816 
16997 49962 
36933 41408 
8349 28505 
14480 49513 
9415 28410 
48528 48956 
44870 47971 
18605 42299 
15241 20598 
14113 19097 
42525 46893 
20344 26764 
39504 41996 
46176 48027 
30137 49263 
43462 44725 
19656 45123 
14341 31724 
31255 49745 
6 12140 
32439 33803 
25433 34300 
6956 9269 
37369 41075 
11567 47159 
37261 38719 
21116 31445 
48864 49720 
6444 38735 
18411 41783 
8534 49724 
12609 46818 
20475 33762 
42355 43367 
24986 46521 
36425 49862 
1309 28354 
6662 33688 
24425 35386 
29919 31620 
25099 49339 
22223 36875 
6398 21785 
46857 47774 
26095 26871 
49001 49625 
8535 38311 
19982 20610 
20014 47311 
31302 36433 
17255 39634 
39880 47814 
28967 39225 
44942 47767 
34127 41764 
40824 48021 
31911 41901 
40881 45573 
44765 45839 
32908 34332 
29021 31467 
47376 48670 
9007 16293 
34436 41652 
20315 44921 
1974 13382 
39035 47741 
40250 46280 
19267 46854 
41015 42557 
35003 48897 
11656 36738 
46471 49977 
21423 25341 
18371 44497 
26914 40810 
7014 47567 
1745 42217 
4862 6796 
26646 28475 
49964 49995 
36922 39071 
27517 30254 
42631 47012 
34750 47545 
24873 31470 
7087 44025 
22247 29919 
579 8109 
15069 48555 
26856 27292 
21503 47390 
13402 36377 
16493 17921 
47108 47898 
36586 40266 
20719 49146 
28282 44047 
27356 31283 
28159 39422 
34190 48541 
44061 46212 
32959 47221 
30340 39443 
40470 41439 
25323 28637 
41222 49845 
41852 46887 
46625 47001 
34079 46593 
12276 28943 
16076 22365 
35584 42924 
23369 38449 
29755 35825 
11571 16649 
4173 25803 
3766 39785 
22997 30570 
39229 46544 
29930 30775 
8967 19472 
33113 45453 
39619 46027 
49039 49768 
4101 32415 
2413 2879 
42899 49159 
32870 48755 
12008 21931 
22185 49946 
29667 49498 
8893 21295 
39325 43814 
1483 47018 
29194 30671 
31256 36250 
13648 35224 
6967 37283 
31877 47725 
26645 46982 
40802 44802 
21434 34595 
41882 46248 
30689 37665 
27616 31009 
19740 42914 
31533 36550 
36894 40700 
27955 43346 
18573 42547 
32627 42548 
1291 48977 
4488 15736 
23823 28116 
5370 35757 
31762 32014 
31653 39990 
42966 48575 
37138 47925 
35352 41013 
37140 49970 
14620 45942 
9692 46156 
40045 44701 
27154 44660 
34713 35604 
38480 39845 
28143 46710 
23024 35710 
49671 49831 
13420 46949 
35417 41319 
32482 35448 
31317 44573 
2277 36780 
10537 27609 
17059 33785 
49890 49921 
10096 39798 
18334 42562 
37383 46453 
15246 28961 
23017 27185 
23711 31107 
23038 43488 
9157 37445 
36342 37084 
16776 46554 
29893 38017 
13466 48393 
5551 24475 
6790 7420 
18505 41220 
22179 38428 
20508 31890 
43315 46591 
19863 46542 
24250 39541 
48331 49418 
8559 24064 
15058 19914 
14240 37155 
35472 43131 
41298 46003 
21916 26623 
44916 47399 
25715 30872 
33546 34996 
38404 40237 
1793 31015 
37838 49933 
5479 37270 
3602 16530 
16116 16793 
34953 43482 
48021 49607 
28990 48080 
49062 49538 
1568 33706 
11931 21424 
2223 22038 
34875 48678 
49208 49328 
35146 38013 
33609 48150 
25514 42173 
8517 24974 
32143 41807 
38523 46445 
3016 36996 
17701 42359 
14677 37025 
39083 45375 
26029 41590 
24982 33988 
42494 45602 
12357 12541 
42539 46990 
39753 47754 
22328 42973 
873 11021 
36471 48841 
32808 40253 
12186 22305 
45131 49301 
29004 45339 
4778 27231 
31395 40265 
23911 42606 
11518 13817 
34960 37552 
26666 33748 
27071 35198 
7886 27085 
31745 49696 
12442 37786 
13193 49233 
49216 49388 
41757 47688 
4775 33205 
32362 35179 
24734 26992 
19646 43848 
41477 43206 
28314 47974 
2073 2814 
35729 37937 
31986 45222 
37609 45873 
39736 46639 
45690 48269 
14413 18532 
2917 26904 
45114 46584 
9858 19821 
1812 29177 
16363 31470 
38123 45149 
6770 42169 
6757 13612 
13949 19930 
3171 44837 
45835 48184 
18198 33027 
22545 47354 
25401 34164 
31718 49449 
35967 40258 
21775 25830 
21163 27468 
9421 35893 
43284 49118 
20322 28019 
7455 41212 
36475 43245 
42896 43792 
28975 35649 
38941 39639 
22378 24821 
47682 48765 
33680 33791 
49629 49805 
44519 48789 
8229 15378 
39399 42644 
20933 31630 
24853 43724 
20027 45036 
2081 45315 
22077 30858 
42227 44252 
5782 41690 
14873 28874 
42474 48772 
19020 43832 
29726 39630 
12045 41434 
19147 34153 
33455 33984 
9512 19956 
16625 44515 
40926 46667 
33105 49807 
8814 36101 
29350 48342 
46662 47265 
48064 48217 
24220 27960 
49842 49988 
35972 37454 
28196 46612 
12979 24825 
48645 49818 
29729 44494 
34059 38467 
2760 48589 
37588 48731 
46387 48662 
28156 37151 
23366 24650 
5809 20879 
11791 20898 
36856 43062 
47206 47796 
23598 26776 
39084 46176 
34534 37215 
32485 42935 
12820 18488 
23445 46861 
32659 34065 
30062 32852 
43571 48307 
5022 49675 
8208 34830 
37483 41524 
1507 35164 
47154 49352 
4356 13915 
21087 49273 
30062 37210 
28067 48537 
305 21698 
3976 11960 
22679 27340 
43884 47529 
9585 20262 
26619 41861 
32185 33301 
41876 44971 
35871 40401 
30037 46560 
14893 26186 
47501 47556 
33805 37902 
40267 44114 
32441 33256 
2364 14321 
15377 37876 
26120 41447 
19350 48701 
49945 49968 
4486 15633 
13216 21280 
37416 48609 
14531 38945 
37519 42835 
34490 47393 
27754 47523 
21092 44806 
44097 48485 
30920 40286 
19865 36573 
18500 49229 
29141 42025 
32799 43220 
47354 49330 
33905 46071 
32536 38357 
30123 33488 
10552 20889 
19113 40617 
22852 39742 
42776 46826 
7867 37163 
21341 23645 
49124 49435 
2662 25482 
19522 28067 
31082 31193 
11864 46525 
32172 39963 
16321 30061 
7374 30436 
36559 43497 
36611 39506 
44695 48608 
16124 30428 
13027 18467 
27477 36252 
20894 31470 
7747 20769 
7760 36927 
25518 49772 
4772 31534 
46137 47779 
36427 47521 
16791 38726 
34911 46855 
25339 26001 
43645 47473 
36031 39022 
12621 27750 
23370 49165 
1993 17167 
12293 34272 
33019 47540 
29756 47958 
19158 38586 
5663 44080 
24971 49272 
5038 48956 
10966 39079 
42165 43319 
21579 43355 
24408 29061 
49036 49491 
30451 41330 
33620 42070 
5395 36855 
4722 16278 
23168 30404 
40935 42797 
14322 21818 
10583 16714 
29033 46763 
26582 46181 
37531 44561 
28644 34987 
4143 31785 
42997 44877 
6614 14075 
6277 24318 
41756 44306 
23399 28505 
37279 40249 
49675 49990 
26113 36067 
39995 45538 
6584 17357 
38996 40563 
35505 42696 
14532 28556 
14982 44716 
32965 48250 
19817 43360 
16070 31245 
45274 48285 
19660 45914 
11069 40360 
39158 40537 
27812 38995 
15615 28120 
3444 38514 
11915 39663 
44292 44780 
41130 48120 
39374 41445 
12110 49124 
19899 47024 
14927 32997 
18819 36741 
20275 33080 
40350 48271 
43361 44845 
12712 45549 
38709 42631 
12643 35315 
5148 40442 
49836 49909 
31720 47944 
30889 35113 
24936 49210 
30004 37348 
16486 44123 
6586 42191 
47109 49400 
48318 48655 
21540 44548 
29777 33191 
43815 43848 
2444 38117 
17082 21816 
3772 5386 
41240 47159 
25349 33304 
20380 44785 
39802 40623 
38228 44752 
36153 45609 
32586 42576 
27 20364 
1218 45649 
24310 30313 
32502 35361 
20698 28954 
30866 47145 
41957 44641 
12599 30623 
20950 41450 
34093 45778 
34566 40403 
43200 44028 
768 21670 
32317 35827 
28295 28968 
47200 47561 
33295 42519 
33566 49578 
25787 41682 
46223 47266 
24953 48004 
33683 37101 
26833 45917 
41432 45603 
45317 46662 
6053 7028 
35200 37321 
13826 19961 
3725 32360 
30271 45247 
38071 46297 
6280 21015 
44891 45549 
414 29940 
40083 44978 
42717 46873 
33669 38845 
5793 6899 
43107 49770 
41453 44914 
13066 40114 
41843 42498 
38037 43063 
48919 48984 
41169 46223 
14005 44138 
1560 38364 
11606 33096 
23187 42444 
11830 48228 
46082 49276 
30446 33166 
11120 12968 
19128 24361 
34274 39076 
10207 41947 
10007 11616 
45536 46205 
33323 43113 
2363 34582 
11696 14524 
41107 44426 
10897 41132 
27297 39447 
2383 12861 
31558 34785 
42687 46088 
47946 49121 
19944 37149 
36997 49095 
7538 17700 
12222 28751 
18 26785 
27336 31165 
19890 27554 
37813 43488 
33274 49235 
14243 46791 
12400 32055 
11476 13726 
47928 49285 
20855 34942 
11234 34004 
49161 49161 
13075 40054 
27089 46055 
20571 29809 
37848 48983 
25965 34900 
48170 48946 
24382 27028 
5451 36673 
23563 40059 
29712 41559 
44345 46829 
31875 49042 
49337 49470 
4845 41002 
47328 47545 
17231 36393 
5109 23111 
38837 43045 
7395 28531 
37856 43901 
32049 44247 
20718 41326 
47496 48950 
40011 47412 
36857 43695 
2968 30624 
26527 31192 
21148 43642 
41522 43043 
13180 17388 
16595 49664 
23225 27570 
10788 23910 
8219 28880 
18620 18826 
29135 47878 
19791 34503 
26417 42659 
21914 42511 
10113 47680 
40021 42207 
10316 11167 
37370 41244 
1343 16878 
40704 44050 
38236 41518 
30434 39581 
4664 7403 
29117 43349 
15785 23877 
9767 46045 
30926 49751 
49956 49975 
34227 41235 
41572 47260 
34760 40884 
5895 25464 
10409 31969 
28413 34940 
40051 40939 
26254 29961 
27305 35535 
41373 45670 
46087 47008 
45045 47486 
13959 48402 
46418 49602 
1757 11997 
6953 20495 
44115 49828 
20659 36552 
4170 49840 
35150 47735 
46830 49800 
42852 48646 
39343 47254 
34390 37271 
3157 18571 
46586 49654 
7236 15151 
6854 43496 
35448 48140 
42846 44838 
24884 48211 
46226 48858 
36480 37344 
22367 42181 
6645 11139 
14660 34106 
16391 41944 
24975 46496 
31480 31581 
38591 48559 
41250 48437 
640 36959 
44297 48787 
36993 37456 
30451 37839 
27404 31152 
47107 48052 
28838 31858 
48852 49992 
44351 47186 
1299 16322 
43533 48282 
2405 40052 
45492 47850 
6640 13777 
39356 49843 
32332 44855 
17328 36441 
25486 44649 
41149 46627 
23267 38285 
24207 35676 
20461 26738 
32232 38617 
49734 49989 
44550 48461 
3470 37988 
30315 49670 
20677 30656 
42460 44476 
14636 29641 
30360 47093 
42501 46610 
45778 49948 
31896 47056 
41243 46672 
18665 27583 
41733 46821 
27624 39755 
14213 29939 
48724 49365 
31758 47170 
43250 46562 
40972 48636 
27474 36556 
20180 47951 
36792 41643 
33797 46994 
10082 19927 
6547 39723 
48284 48421 
24575 39119 
10027 15058 
12524 31243 
6569 45632 
30518 43580 
39370 48483 
30740 36561 
2100 12797 
44807 49739 
31557 48088 
35743 41179 
3258 18856 
42916 49808 
36968 43840 
13053 14890 
48232 49561 
926 34564 
8280 11940 
31496 48487 
23924 45044 
9154 17771 
1269 47553 
29711 47104 
8333 43888 
40671 41985 
3957 8861 
26319 37641 
6770 30194 
41977 46400 
42737 48489 
45333 49098 
49199 49928 
27457 29335 
46215 46727 
30041 34149 
17558 46344 
34454 47710 
27853 41087 
7482 24702 
34275 48281 
13431 21156 
44561 46936 
1253 48253 
14602 38775 
24286 41470 
38706 41254 
3266 27840 
40120 40464 
32063 44501 
35782 47494 
37683 44298 
40832 45418 
13744 22318 
7854 47597 
155 10354 
49411 49467 
24110 32422 
42733 42810 
7228 36282 
30617 30913 
36500 37817 
16834 27369 
44400 47885 
35513 35562 
8348 44408 
5842 22282 
9034 21846 
3527 30559 
48785 49249 
45219 47937 
19036 39729 
41354 46068 
33642 34840 
2110 4102 
36269 49775 
2368 21225 
27673 36772 
49741 49821 
22495 46104 
24222 33329 
46538 47854 
28561 45727 
33038 35914 
44486 47810 
46639 49241 
42337 43027 
23524 30869 
39688 49155 
10470 29998 
43617 45161 
19994 35918 
43799 47070 
27764 33486 
30957 46142 
46437 47450 
49840 49898 
23217 25906 
15937 18050 
16451 26632 
17804 33407 
30568 32558 
34914 39798 
5619 37190 
13989 33251 
33312 42450 
29761 32139 
35898 48523 
7481 16967 
21333 38836 
21477 38060 
14156 29781 
14394 45490 
2264 7292 
832 43940 
21275 47820 
22952 43299 
4836 30504 
3774 30263 
35307 45972 
25099 48915 
31726 39386 
43406 49113 
8654 15968 
20947 47500 
12026 41947 
42470 43694 
2446 46329 
16414 34783 
22194 36751 
12029 46763 
33824 41275 
40256 46661 
2538 43430 
2385 18029 
32530 38435 
12228 16152 
48333 49707 
34758 46715 
24900 40176 
27059 32848 
19421 32855 
19504 25070 
13966 26482 
35809 45153 
21504 49616 
48816 49774 
2959 35679 
35867 41071 
22518 24321 
24758 48071 
10246 20062 
12609 44461 
14544 42958 
22119 36835 
23858 45264 
12910 26128 
18946 24658 
7147 20584 
9059 14034 
45591 49687 
22047 25105 
31352 47513 
7593 11491 
14065 46929 
17016 23500 
15611 34568 
23735 37403 
32453 44026 
43577 49273 
38491 46036 
39773 42938 
11793 32724 
8245 28718 
20224 28104 
25489 33256 
23393 40039 
25230 38833 
3299 7755 
43651 48875 
16121 43696 
19402 38431 
33005 47441 
45243 47179 
5845 45870 
34696 41189 
21533 33274 
32709 32891 
2487 32684 
9308 44678 
18704 35510 
48054 48761 
662 43573 
39326 40377 
37624 42170 
28063 41372 
1211 33647 
4538 7892 
15100 22056 
45642 49088 
21082 42361 
28347 33943 
2914 13094 
38122 47443 
846 43009 
38527 40050 
18092 34152 
25880 41628 
4714 4847 
14245 46298 
20752 44921 
23963 35326 
26164 33643 
40276 40398 
17959 43945 
32713 48033 
43474 45558 
9035 19889 
47111 48553 
48201 48846 
27340 38331 
49110 49148 
25727 36205 
20942 30291 
41036 49991 
15723 47367 
21686 32709 
36667 49596 
32859 43180 
48779 49383 
4141 28682 
47957 47960 
9939 22154 
22074 44441 
42297 49972 
12994 26946 
10223 32313 
7362 20398 
12264 48189 
36991 49228 
34838 41124 
33595 36436 
25161 25223 
30627 34951 
3480 41006 
23777 44872 
23276 49849 
30637 40067 
11593 46315 
11878 12049 
3826 46706 
14626 42266 
36733 48158 
46411 49941 
29555 31379 
15551 29806 
24648 25774 
9959 19423 
22818 27900 
13702 34439 
14973 41812 
11506 38862 
15258 37732 
46300 47453 
3216 7216 
2155 47441 
45654 48284 
31155 49210 
45702 49254 
27781 37986 
17439 28760 
48621 49125 
10174 28483 
1030 22009 
23124 46506 
13994 35879 
44077 46186 
29249 40822 
47136 48797 
2091 12675 
46080 49765 
7314 47464 
4901 5702 
6152 12023 
30490 44274 
23850 45915 
25764 28179 
47118 48930 
31221 49961 
25075 42287 
36499 43184 
49851 49990 
22069 22742 
24975 41662 
27087 27611 
41736 41775 
14938 18874 
19149 43320 
49986 49987 
11329 27649 
20851 36671 
34930 39060 
4621 43980 
23016 41163 
38705 41509 
14937 23276 
32248 36010 
17871 45772 
4737 13827 
43046 47129 
29842 33071 
15196 23251 
20649 47101 
39261 44983 
29972 38119 
2038 20753 
11531 13043 
14135 21868 
26831 32700 
39625 42691 
3556 31992 
25301 26327 
37046 48274 
5184 39068 
37952 49213 
986 16943 
9758 43062 
30877 41400 
20760 22096 
33301 34626 
38620 39552 
9311 11769 
3395 21676 
28991 35702 
8186 23242 
30620 39986 
47092 48958 
35965 43451 
38768 44050 
33261 43143 
28756 32436 
30264 45716 
5536 31053 
26218 26956 
1604 46251 
49833 49942 
28162 33193 
16158 27912 
24368 49584 
35684 36483 
21206 29213 
24369 44900 
14958 42462 
47589 48798 
37190 46063 
31413 42818 
21982 22281 
49963 49981 
3293 23042 
15412 27415 
14746 43190 
41662 42088 
47263 47698 
21307 26086 
27518 41359 
31746 40313 
8902 36221 
4031 20775 
21694 27421 
530 18427 
49094 49978 
9489 37120 
47504 48919 
22237 43472 
40106 46535 
44424 45573 
32972 49353 
20241 45145 
47229 49424 
43096 46467 
45991 47919 
38152 44316 
35441 46612 
38330 45524 
18315 22929 
39873 42602 
34228 39028 
45127 49925 
24725 28714 
24950 45984 
47581 48571 
28861 33362 
43635 49423 
18110 30150 
30945 49819 
33964 38510 
9785 21109 
47983 48902 
36908 44484 
37567 46731 
22759 44704 
38576 42295 
40610 44485 
45493 48131 
42946 45218 
23592 24081 
21606 37570 
26382 29447 
105 31560 
18138 38410 
6212 31915 
256 26262 
23489 30207 
33101 46127 
334 37933 
31109 39045 
30046 32142 
39568 42676 
25120 32972 
36911 42783 
48473 49399 
7945 15276 
599 38444 
45284 49193 
5677 31005 
32696 35456 
25195 26286 
2111 6921 
47083 47085 
3415 10982 
19532 39350 
27788 46784 
14612 26769 
44921 45835 
25846 34209 
49344 49448 
30672 39572 
32878 44061 
38119 47998 
9747 18039 
3736 48793 
26320 42171 
13284 37170 
32637 49596 
7531 36678 
20554 45232 
17938 21714 
3664 31689 
8813 26130 
9091 27352 
33187 46708 
4693 37728 
29374 45891 
27943 30797 
13130 20242 
47423 49494 
27162 27816 
8128 11015 
21270 40442 
7661 40882 
11386 20684 
502 6286 
2901 3464 
7604 27473 
4382 44157 
18708 34140 
12263 25410 
23993 34089 
44782 48935 
33927 42197 
25796 37819 
25276 48875 
42125 42732 
11263 44570 
5176 32194 
32827 33276 
34914 37350 
26880 38001 
15000 45164 
38668 43890 
45932 47247 
10741 17808 
13552 38114 
5762 18963 
3651 24713 
2226 32088 
32884 48298 
28560 44604 
35643 43553 
12715 23991 
25587 34234 
42404 45755 
24103 28846 
13132 45714 
45552 49603 
44505 45473 
43441 46584 
7252 49875 
8238 30723 
32322 36206 
38155 44065 
927 10430 
10847 33334 
10098 23291 
10027 13295 
27706 36852 
20896 45845 
41251 43295 
42634 49755 
14209 47502 
34414 44039 
43403 46235 
24559 37240 
49214 49364 
5964 41513 
47331 47763 
22914 45652 
31786 45014 
43670 47702 
48516 49260 
48850 49854 
39349 48645 
25911 37968 
3690 18658 
16025 40160 
36170 46386 
32052 37814 
42265 42415 
41526 41590 
42502 49175 
26660 48566 
33171 33379 
41137 43904 
16965 33082 
38578 39514 
13950 39946 
9209 25218 
45402 49341 
30591 34615 
44061 49380 
31136 39202 
37485 45158 
6049 33300 
41033 45269 
11254 31667 
20917 36587 
9282 22927 
34581 40370 
28688 33652 
10463 27815 
3158 37341 
39604 45733 
8030 25293 
11715 14313 
47030 49825 
28896 28971 
25633 42796 
35355 43583 
36703 47527 
22757 23225 
16675 30479 
3229 25651 
39794 49470 
48025 48728 
3923 18363 
38883 44875 
46066 48908 
18966 32398 
11114 25244 
32645 49945 
43524 49054 
22904 49103 
28725 33439 
26764 48458 
48437 48442 
15981 22694 
4924 43879 
20728 33341 
45965 46835 
23835 41712 
26613 49244 
17933 49419 
22564 40742 
8809 49968 
9825 17218 
44853 45056 
14133 26340 
21893 33252 
31866 43962 
14630 42458 
37628 38925 
21814 37916 
25222 35240 
11406 46618 
35898 38299 
43862 49007 
25722 29245 
30867 30954 
44585 46759 
15540 45626 
7259 47066 
25672 32941 
11083 17528 
40277 41921 
35393 40583 
4261 38912 
29032 38428 
11788 12621 
19049 39066 
23490 26039 
8053 8562 
49759 49824 
21680 40617 
38709 47773 
14346 49644 
20531 27750 
46779 47721 
24699 44099 
2627 38378 
11384 17034 
23937 38552 
33460 44210 
20009 22171 
36882 46397 
37500 38367 
16530 45189 
5494 18632 
42764 47785 
11181 42120 
39548 44389 
2230 44072 
12696 32814 
21710 43640 
43691 47151 
38472 40217 
45311 49945 
35136 40453 
20516 37837 
3582 14513 
41401 47758 
48814 49758 
39162 44196 
35729 48534 
13227 44721 
13551 44825 
16548 25461 
38345 46929 
18028 22847 
22298 47379 
1576 48572 
30477 41411 
17959 28152 
12319 27586 
32011 37891 
1026 19205 
2341 40327 
15835 36384 
24595 39883 
40047 45327 
31603 32837 
20268 20384 
6351 42383 
27346 47407 
31660 42069 
21170 45943 
3995 26618 
47282 48563 
26813 36545 
45257 49745 
17027 17399 
14087 45274 
36981 45233 
7955 41327 
32317 48352 
9344 22987 
19364 37294 
35168 44750 
15217 23765 
20179 43903 
25940 39538 
43652 44288 
16405 48704 
18232 47009 
34049 38848 
30084 44298 
33907 39616 
24928 44906 
17707 43766 
22089 27823 
37037 44620 
3230 32690 
32747 48285 
6372 40150 
34860 41943 
38445 47962 
4346 14438 
45249 49217 
21635 46413 
41666 43939 
17386 22049 
21027 46297 
2295 49844 
4938 28472 
24971 27311 
25678 49746 
39709 40792 
25825 40101 
35145 37440 
22742 42747 
7275 26294 
12013 49277 
47069 49976 
39076 46205 
23709 34002 
85 654 
15901 16748 
44402 46852 
4221 5786 
41144 47761 
25330 48557 
29100 49882 
41329 48749 
25630 42189 
39020 49223 
22246 33227 
42727 45739 
43095 48758 
14597 15178 
22573 35332 
46590 47726 
8378 37926 
32550 40476 
21609 36364 
45703 46900 
41482 46037 
41168 49254 
24035 40206 
34563 39741 
49008 50000 
26217 30639 
34568 44797 
41224 43297 
41637 46030 
40129 44487 
11243 42287 
3258 9167 
6592 27534 
21677 26900 
29039 30693 
10174 23446 
32908 49115 
16696 32629 
220 20977 
23758 34854 
18006 22330 
38313 48279 
39648 40788 
4114 21621 
23955 26058 
9889 34929 
6956 41259 
16266 45437 
35832 41117 
3736 17905 
2094 4130 
8173 24111 
32674 34477 
48389 48585 
16986 30794 
7920 27371 
10991 38776 
17446 37627 
7753 13675 
25308 28425 
32720 45306 
7440 33464 
6507 22497 
18886 30219 
21837 48169 
33101 38662 
28582 31490 
43785 47201 
9795 24576 
25382 38813 
14770 37974 
28974 29497 
27091 38182 
15881 21549 
6852 32038 
19967 44735 
24716 26858 
24799 40620 
21579 49900 
13793 39691 
48203 49137 
13825 37921 
40962 47452 
3939 17687 
30141 39801 
27197 34425 
10454 11258 
42177 43185 
12628 38802 
4996 17900 
41338 46222 
24346 43587 
10515 46635 
10347 37721 
11846 33009 
6123 49342 
42448 45959 
10144 24527 
40288 45438 
40120 48805 
14546 35617 
13722 24357 
4531 27334 
32519 37206 
31134 43481 
27100 32358 
28609 29489 
41707 48919 
27147 28772 
6779 34825 
15370 16763 
22284 30915 
34404 43122 
11651 23399 
38893 45248 
20824 36074 
17807 34895 
16801 49429 
22371 26591 
18835 20551 
41171 45941 
36758 42605 
20329 22569 
44429 47864 
28722 41980 
18041 48387 
27406 43833 
8085 27428 
47416 48397 
26151 46518 
32554 35152 
27674 42886 
18013 37995 
27690 40114 
25012 34638 
16575 25343 
18882 22865 
24900 47564 
10126 49123 
20846 48006 
38474 49523 
15162 18700 
12345 48250 
14743 40345 
23080 32460 
31880 46414 
49103 49708 
27570 35535 
20675 23156 
3811 49973 
8038 28195 
24320 37791 
7594 18326 
22185 34683 
23394 35898 
39290 39507 
28771 36869 
45848 48294 
2900 7775 
16944 47670 
26118 42747 
5891 7966 
20028 47340 
1863 18465 
1351 14383 
35086 39759 
25560 40543 
9055 32225 
20270 26872 
8221 22391 
11685 29374 
35023 49918 
6905 33067 
34706 44298 
34239 45925 
30547 45195 
36114 44341 
44533 47422 
40052 43217 
36557 48346 
47658 49057 
45810 47524 
23861 24911 
2396 37866 
43823 48350 
22116 25844 
36819 41687 
7555 10170 
738 20259 
32996 36858 
6046 40474 
33307 43850 
33286 44812 
12099 31627 
34299 45482 
29595 46648 
10344 14089 
41538 42735 
3272 15118 
31070 39736 
23010 24317 
29043 48543 
44855 45084 
4382 48844 
29903 47968 
15585 24219 
49356 49554 
11748 47424 
28422 46036 
23910 45087 
42064 46257 
30160 46180 
10214 30572 
39162 49539 
3539 45112 
42532 46286 
3758 14886 
6858 46852 
15295 40168 
47306 49681 
6915 16384 
33566 41893 
35361 47088 
5688 36438 
48103 49108 
30901 32400 
42328 44131 
6445 33326 
34094 37441 
25983 28801 
37892 41811 
30771 46061 
908 4448 
18589 48340 
949 21060 
41024 49167 
21759 30127 
23799 33979 
27847 41853 
12666 44898 
607 21395 
21007 48086 
40781 45392 
42766 48485 
4462 48595 
4699 4782 
19885 39619 
9220 43212 
31368 39776 
27369 28167 
1202 8246 
28425 47152 
10293 15021 
23793 42398 
35317 42089 
5780 17470 
35857 42512 
2978 16003 
42818 49231 
18757 38847 
45316 46835 
46501 48500 
7901 43094 
28882 45017 
1947 29980 
44651 45927 
27840 34844 
44928 46705 
4872 33824 
44718 47807 
11151 48953 
29762 35324 
15147 37044 
5877 17520 
33792 49134 
33828 44878 
43017 44342 
9676 29281 
41922 42863 
40872 42926 
15551 42976 
46897 47513 
34948 37877 
49439 49475 
39193 42046 
19790 34884 
23437 42616 
23578 46748 
11197 14671 
13297 34686 
8027 28485 
22735 41908 
18324 21224 
41879 46912 
30740 47453 
11001 33965 
24570 44824 
10036 16375 
11518 16145 
29563 36476 
40619 47648 
9973 26451 
39416 41462 
29470 37779 
18159 28218 
8188 45969 
21662 40846 
1930 12209 
33234 48904 
12556 12914 
28769 41193 
22834 30459 
39124 39486 
9420 23518 
22153 24357 
48765 49207 
38117 48981 
2150 28339 
29097 38953 
18572 24001 
12408 18460 
5341 29961 
48245 49949 
40423 41926 
15228 47255 
45822 49009 
28306 39898 
11345 36348 
39046 49859 
19160 25604 
15645 38814 
48048 48694 
12394 25145 
37901 38656 
35885 44173 
31984 40938 
37803 46114 
25434 43712 
11725 49092 
24295 25166 
45966 48739 
14317 39620 
35542 41341 
37244 45151 
7158 29152 
22101 43465 
29544 33760 
1867 44295 
30350 42651 
29142 43896 
4000 36441 
16016 46646 
13099 35276 
16628 31848 
41284 45567 
6407 36772 
24809 28900 
530 19206 
7850 49531 
14519 48300 
4145 15744 
43407 46528 
35759 47075 
5474 35016 
4603 17566 
15770 47524 
37857 44156 
8366 45178 
8476 18231 
42222 45767 
28371 43948 
2367 33836 
14576 36338 
3221 41665 
45519 45906 
42994 43426 
22081 39189 
6259 43537 
25430 36084 
230 16334 
11398 19410 
27494 45347 
45079 48667 
35120 43346 
7112 43309 
28655 40918 
39425 41504 
32842 48186 
44846 48321 
26387 31919 
27633 37570 
46987 48199 
34042 49493 
20107 22528 
36637 40155 
301 4456 
23546 39181 
15448 18646 
10547 25506 
37720 46793 
24092 38609 
1271 32851 
19816 49494 
33591 48831 
47437 48215 
19342 45622 
30052 31323 
26017 39413 
3740 23943 
46736 47524 
41892 45077 
19407 24168 
23581 46421 
24807 44347 
25946 49315 
30876 48583 
15286 31818 
38407 46652 
18630 33919 
41438 48655 
49791 49889 
45814 47858 
42031 46398 
29385 49163 
47658 47771 
47677 49964 
46805 47450 
469 46095 
16432 37314 
42653 49215 
48822 49244 
851 4233 
10272 14989 
3409 35288 
43779 49033 
18875 43543 
10036 49255 
2168 43136 
17504 45010 
24547 46169 
4793 12879 
41081 45003 
15613 28226 
16242 27741 
36791 48241 
38779 45518 
28913 35166 
45388 48896 
7929 8504 
18990 49802 
875 31603 
31094 38676 
28164 49952 
45620 46759 
19430 42995 
27959 39746 
11139 31995 
34679 48328 
11853 49093 
13661 14740 
11375 42685 
40440 40498 
10071 29127 
24345 34208 
12885 15994 
17858 49715 
19163 45462 
30942 48373 
16140 30185 
32658 34440 
900 33306 
15297 44340 
48028 48303 
17511 45590 
49296 49680 
2490 8581 
8319 34523 
16750 48738 
26015 30050 
11289 17574 
41335 45659 
39310 40113 
33588 45352 
34422 43807 
37903 46673 
30962 37806 
19336 49023 
37030 38544 
49405 49650 
13443 38432 
19289 42211 
20662 26381 
21291 47214 
22452 33103 
42959 45988 
374 3630 
18272 30135 
47668 49365 
17623 21758 
41845 46700 
4189 9061 
44997 47646 
12043 12594 
15479 36708 
23875 36317 
7338 14751 
31939 43733 
29326 38937 
26093 45975 
37026 44084 
6408 35861 
28996 30869 
21633 46276 
9854 20095 
20431 37447 
36217 43118 
34365 46447 
42500 43319 
25597 39505 
11962 30094 
6923 16204 
22791 30358 
28617 43921 
17636 44312 
16296 40898 
23185 27042 
16023 21166 
45368 45380 
46264 49932 
48936 49403 
48818 49428 
19340 23105 
1610 6314 
9007 34602 
11147 49762 
2806 26667 
6111 43358 
9134 13172 
36202 43028 
28788 36446 
11738 12907 
1676 17491 
29739 41311 
43515 45215 
45249 48935 
35769 46038 
36591 48101 
18641 28256 
16341 25262 
6254 20903 
11636 46577 
4494 43713 
16388 41363 
29243 38029 
31418 43813 
15039 38979 
13066 49753 
29454 36801 
37013 40220 
20348 25376 
47081 47403 
18652 44412 
32830 36940 
43245 48614 
35455 36723 
43497 47499 
7845 21810 
28203 40636 
11846 28541 
16328 22833 
7481 47909 
9037 16798 
1929 4259 
18787 29409 
46179 47083 
11985 14289 
48553 49436 
26049 26762 
12742 30945 
49742 49818 
24069 40053 
1136 38917 
26590 39714 
43386 48296 
36160 37644 
43361 49426 
5846 45728 
3224 42264 
9015 42422 
26601 43153 
19352 26821 
38111 46393 
20052 38725 
10174 48351 
47139 47772 
18556 40103 
12761 38930 
3640 44366 
13157 41241 
27511 49495 
14451 43359 
16031 49056 
33786 45541 
3230 27330 
2204 6487 
21011 27100 
15860 43618 
2704 47508 
36591 42662 
24951 29564 
614 21904 
14978 15402 
46075 48968 
28544 35095 
37706 43976 
39408 41729 
36054 49573 
26851 28920 
22107 31975 
10619 32182 
8156 41307 
46983 48240 
15694 45214 
14227 41026 
28086 47627 
25903 43212 
328 26255 
43715 47116 
38718 40049 
4976 24006 
12813 15633 
38363 44322 
23630 28994 
16292 42117 
38667 40394 
24829 46985 
19054 42238 
49152 49414 
22963 40915 
38744 40308 
29922 46546 
39885 44069 
25702 32688 
22621 35339 
31941 38043 
410 19887 
4407 36421 
7742 15760 
28027 49682 
44571 45489 
6738 30316 
2826 38883 
28269 33004 
12888 48989 
8543 10622 
4086 9828 
8044 41590 
29124 43394 
36569 39948 
181 35431 
29908 47675 
17078 20297 
20806 43696 
8806 43476 
39812 47337 
12817 49421 
28753 46097 
32959 38503 
11095 35641 
22985 44734 
29379 39033 
39560 45744 
15081 25946 
20103 33399 
35625 49888 
23667 39663 
9326 27137 
18443 48440 
14131 15410 
24080 48522 
37973 49972 
868 17100 
11060 25245 
13987 44451 
33446 37361 
48545 49279 
48894 49041 
35141 48294 
12796 32219 
10092 46281 
13368 16515 
5617 23593 
44093 47100 
38256 46615 
741 9872 
2969 40622 
21384 30585 
46704 48568 
11638 45823 
25439 43602 
26783 29396 
14019 42717 
29326 45219 
42716 47615 
21885 37978 
12705 40571 
48457 49176 
12648 22204 
12191 22670 
41548 42993 
19350 20461 
29303 49648 
6911 22657 
36908 44600 
18791 43364 
17379 46376 
2853 37446 
40373 45685 
43620 46141 
34776 45907 
28273 49819 
24776 42440 
15553 20426 
19173 33955 
32773 37261 
36740 40947 
46152 49878 
36556 40238 
48680 48721 
12829 44090 
29283 35330 
12681 36862 
14317 25400 
40490 48858 
516 20807 
23869 46078 
23023 38222 
23489 43624 
3513 13692 
48337 49011 
41952 45551 
18718 33341 
87 6774 
35334 44779 
36638 39441 
34507 47821 
3774 35399 
4342 36662 
29963 38958 
35128 38220 
25460 49067 
22885 26032 
20326 49176 
35706 47796 
123 6283 
995 2900 
5383 26739 
15820 21613 
12417 18652 
28652 31702 
5600 15899 
47435 49885 
30782 46071 
20384 39382 
18229 30148 
12951 41825 
5962 18791 
43212 48797 
22311 28849 
24742 46276 
681 13771 
25106 33993 
44777 48200 
30035 38506 
8133 39152 
30828 41886 
27455 46955 
5672 11392 
5197 49267 
43535 44363 
26160 29981 
31734 45684 
29961 36373 
22496 36253 
16099 39040 
1311 31063 
384 47107 
23284 35145 
4108 6926 
26821 47804 
27393 41652 
27156 30820 
30709 46121 
27206 31305 
13994 24999 
19786 33358 
10458 17483 
14150 31461 
47140 49061 
16879 24508 
39716 49224 
21801 33441 
21992 44611 
28541 30336 
49125 49333 
20903 22587 
16743 27611 
27202 47651 
26848 28875 
8274 24929 
3776 21567 
49298 49578 
31217 44445 
21871 29628 
11209 28339 
38229 38637 
1345 8948 
40629 49856 
22596 48091 
20651 28964 
9837 37164 
36887 41555 
23906 48355 
30865 40071 
22042 49483 
48563 49376 
27659 38846 
25917 33184 
23453 42131 
49038 49762 
35347 46993 
24431 47393 
43825 49614 
43983 45417 
23493 40901 
25708 43909 
26831 42967 
19922 23968 
31119 35951 
31194 46509 
35346 46650 
29512 44251 
30800 34428 
46626 47153 
40161 42067 
40753 46002 
21127 43971 
45983 49968 
28858 38732 
30780 37756 
45522 49701 
12151 47511 
22530 45818 
7306 9612 
27393 32817 
21957 45339 
28019 34928 
27753 34293 
28924 44141 
21080 37986 
38385 39881 
32675 45279 
31834 39276 
4223 16926 
36496 45299 
6703 14637 
23683 37063 
41947 48072 
41197 41927 
9529 13612 
5703 48669 
14787 33134 
47792 47916 
14171 28052 
10166 11584 
38073 43980 
2041 38972 
29907 39639 
45451 48179 
27204 46541 
14331 30279 
37497 43798 
28101 48075 
8153 49884 
20927 39406 
37690 42036 
34305 42923 
28054 45095 
20243 23735 
1219 27294 
357 49688 
29755 32033 
25469 33022 
27042 45803 
4186 8682 
28458 28674 
37374 38427 
4436 16116 
19271 43511 
9092 38074 
20625 44600 
30133 44452 
29167 35679 
26708 38269 
9492 22611 
41920 48487 
18950 25913 
3607 46414 
4411 19264 
1936 43201 
10739 18466 
1511 29488 
11170 48819 
28056 49708 
3833 18188 
4983 11853 
26758 45443 
3055 48253 
35177 40877 
28140 35219 
31890 35332 
3009 14133 
20593 22016 
7056 19636 
198 10900 
11401 27791 
32416 48864 
7290 12266 
20964 34309 
24745 35050 
3754 9922 
2252 16327 
27197 39559 
19285 20581 
43056 45451 
41282 49148 
15521 26798 
8868 45447 
40008 44219 
3880 4976 
36944 43345 
43789 46376 
34231 49828 
48610 48974 
36981 43086 
39902 40349 
2446 3887 
38342 47363 
32965 44022 
36285 43894 
21004 34165 
26068 35281 
13953 14305 
17010 49372 
23223 36542 
28037 36810 
38266 49899 
28292 31222 
40315 47727 
5687 8510 
41470 42638 
31850 40576 
39869 40423 
4630 31134 
25303 48388 
22274 35652 
40962 45931 
36561 49845 
13444 45022 
20038 41387 
21173 43611 
47606 49684 
41152 41803 
44820 48373 
17576 23034 
25230 34863 
838 47357 
28408 42135 
42454 46518 
12864 17201 
6852 25307 
46698 49221 
23905 39241 
48514 48897 
9488 12600 
36525 44424 
764 42662 
28458 30837 
1019 13048 
17591 29660 
23921 32187 
40193 48523 
19689 45817 
26426 48483 
14439 19249 
9460 21234 
5982 39249 
36099 43655 
6737 26120 
17443 22819 
608 15844 
6995 35219 
24578 46190 
49649 49765 
14158 15330 
35727 46316 
44386 45130 
25211 47563 
46627 48035 
28374 34771 
5997 20844 
33749 41185 
33486 49882 
21067 23237 
41478 47321 
12185 27166 
2867 23727 
28532 37753 
24868 27057 
7136 27146 
34846 41501 
16572 34796 
13284 45892 
21590 38690 
32974 37656 
12471 40037 
41739 46021 
44094 44485 
49278 49368 
567 16005 
44359 48643 
25148 41333 
47958 49646 
20839 33354 
44724 45097 
19058 30353 
21328 44949 
27830 31403 
45393 47651 
478 7368 
12503 33661 
24952 42100 
40250 48823 
45527 46708 
38225 47996 
47682 49116 
37958 40330 
21817 44859 
10044 16278 
15968 37905 
26143 32593 
41240 48753 
8598 14511 
11924 31825 
10845 29118 
5227 19723 
2477 29280 
44269 45214 
427 5093 
32878 43961 
40452 44113 
31307 48019 
34500 36090 
44279 47778 
40730 44684 
22749 44281 
14248 15710 
737 19826 
45897 49385 
6693 15904 
43945 49810 
5205 31783 
47923 49982 
4618 42352 
4029 9987 
11168 15595 
3694 44585 
14994 27877 
20360 24469 
39555 45526 
1362 34777 
2659 31087 
16718 41610 
6274 9267 
45220 49661 
25244 46037 
27605 36100 
23150 26479 
23178 32765 
32010 33010 
17155 30241 
2179 37873 
34599 48702 
26168 39603 
44923 49299 
48995 49095 
46401 49661 
25082 36512 
42809 47366 
48857 48964 
30647 32131 
6993 24991 
29403 43178 
15851 35176 
25073 30949 
5940 13315 
39458 45836 
23673 48767 
1372 40179 
35544 38206 
31267 49920 
1132 1375 
2654 28670 
44979 45645 
4118 25282 
46797 48750 
36875 40465 
11074 41166 
32334 42617 
13493 21487 
1985 37115 
19511 27753 
13702 43511 
38710 39504 
78 30531 
32524 35598 
36433 44454 
45067 45879 
6013 17139 
37498 40290 
46321 49107 
9525 36950 
24354 40602 
21831 39217 
2828 28173 
26299 32956 
21982 35053 
31580 43931 
6615 19754 
6885 41604 
44045 44523 
23221 34572 
16964 22604 
10975 41262 
6387 7758 
10141 30394 
24460 36559 
32455 47707 
25787 40014 
6496 22425 
45874 46202 
44721 48664 
35675 38088 
11338 32480 
49072 49239 
11281 37632 
5800 6204 
30857 45602 
26100 30158 
46418 49189 
6186 49456 
186 17292 
17908 42205 
49310 49473 
18687 32659 
16814 34160 
35439 38910 
35226 46519 
40187 47610 
26740 37142 
44386 45851 
24704 28554 
24012 46208 
4627 44846 
4831 22234 
8488 32154 
49887 49945 
1126 41324 
8923 37539 
27396 43701 
1706 46518 
37335 45384 
337 16575 
8819 12593 
5254 8497 
43293 44769 
42807 46315 
28666 37727 
38235 44660 
35967 45978 
886 14170 
17634 37532 
13701 41872 
32293 33454 
17876 25307 
49604 49612 
19657 39391 
16244 17889 
14588 45652 
6626 34903 
631 9529 
16440 42669 
14901 21871 
39373 41591 
49413 49964 
45125 47530 
41066 49076 
39132 40318 
12587 39723 
48773 49202 
18596 46096 
6807 43799 
33214 43421 
34321 47695 
38865 43677 
3054 29345 
16310 31912 
8252 49167 
24343 26036 
22880 28521 
18522 42406 
44786 47126 
47930 48232 
44947 46194 
12810 42508 
39141 46680 
17075 17562 
39097 48862 
23860 34457 
279 24871 
10745 27782 
45753 46822 
19716 21839 
40236 49846 
26819 33977 
34026 35932 
48467 49168 
40441 41007 
35119 49856 
293 7193 
12694 25965 
12901 38975 
25247 30471 
43502 43756 
34590 47004 
28899 47396 
29993 43681 
13304 20966 
39816 45213 
2714 15585 
40484 43230 
40731 41052 
22160 47045 
21392 46450 
20964 39968 
8457 44784 
36657 46834 
2237 38323 
36450 40456 
11297 25269 
45338 48794 
32199 44877 
8388 10103 
42494 48290 
39821 46480 
259 12388 
36283 42398 
46172 49356 
31090 44331 
25046 38482 
21829 40691 
4344 47784 
46092 47234 
19843 33346 
3646 5856 
7019 9956 
9929 45386 
4082 47663 
21184 39056 
33014 43415 
44168 49628 
32961 35892 
25270 37946 
29528 41007 
286 5895 
2091 37437 
36191 45524 
17944 49537 
22829 30940 
48545 49904 
1048 33361 
36234 40325 
41298 48048 
13282 49122 
39795 42964 
18486 24810 
9186 15838 
39746 45156 
47445 47893 
4760 19487 
12512 48120 
2540 14667 
34618 35637 
17251 46927 
34589 37456 
42034 42728 
45900 49271 
39967 45036 
484 27654 
30979 49674 
41545 45541 
26529 31792 
34735 36453 
13509 46433 
46192 48488 
49237 49577 
32430 44872 
17728 21634 
5976 27017 
10428 40532 
44807 48571 
7456 36435 
24163 38036 
884 21125 
8124 27642 
5059 8880 
40147 41486 
5796 11325 
1177 21823 
6137 40911 
24224 39249 
49226 49246 
30533 43165 
41228 44044 
11954 45144 
40163 41609 
9062 20804 
23654 44616 
24928 48341 
35408 45336 
16540 17094 
687 36667 
29380 29799 
36163 43917 
35438 44742 
4848 26450 
46770 49003 
26152 39897 
20001 41972 
3198 26865 
30255 44587 
2405 23213 
49458 49517 
31801 36562 
14675 47805 
48832 49171 
20662 44439 
21857 36385 
49288 49461 
36963 47720 
49373 49493 
18271 40057 
40969 45394 
20057 23729 
12089 16396 
30698 45059 
43306 43860 
7620 37629 
21643 47730 
35613 37059 
49840 49845 
499 19684 
48769 49004 
47021 48458 
5737 39546 
33786 41879 
14141 14420 
19045 21947 
46213 47783 
13854 15744 
18698 21073 
34599 47023 
19984 36405 
36 21689 
22761 25104 
12656 40346 
15386 49202 
15775 35025 
29472 40070 
28962 35458 
47206 49052 
5904 23226 
31243 47313 
15335 49029 
7755 34992 
35899 35946 
8921 46245 
34076 48818 
27173 34906 
23612 29236 
36072 49387 
14218 19804 
19360 35179 
39115 43783 
21842 25266 
21219 36636 
36540 43583 
22396 49188 
26606 31631 
37051 38123 
33219 35125 
11610 17065 
588 13001 
357 48980 
18108 25050 
20826 21512 
31286 38863 
39445 48189 
35873 41104 
4435 37297 
30456 45114 
23618 35518 
32878 40208 
21265 34338 
17344 44922 
45781 46831 
48309 48927 
37344 42314 
38252 43980 
43948 47530 
36827 45443 
39455 47341 
49094 49601 
10233 10427 
19899 34016 
4935 29357 
8353 21272 
16794 45429 
2754 14238 
35073 39542 
7521 9998 
37809 48766 
17360 49351 
30843 48784 
41029 41435 
13454 48315 
33191 39159 
30995 39694 
44189 49291 
45658 46809 
34958 48652 
31827 43237 
18458 37797 
47429 48399 
11796 27596 
23871 42529 
7498 27345 
8709 43767 
16699 35239 
37069 43358 
37263 38020 
4327 24451 
28199 47226 
22759 34005 
27875 30680 
16685 49289 
25519 35066 
49571 49710 
11921 23582 
7729 31542 
33659 44081 
43278 46511 
22068 37461 
25335 35089 
9081 49315 
28481 35972 
14881 18755 
32459 43018 
8469 15164 
44938 45452 
9969 13412 
22624 24890 
42377 46247 
38557 39341 
15004 46060 
49540 49876 
42779 49555 
6584 45187 
25593 37447 
10660 43979 
43946 46255 
43921 45215 
9194 13153 
9991 27920 
12488 41027 
16736 36812 
15661 25876 
13258 48134 
2847 43461 
10307 45723 
40111 49099 
31800 37386 
38687 40618 
15743 47358 
25431 39360 
27688 42453 
29809 40023 
26424 37897 
15011 20512 
7943 33493 
38182 46492 
30153 31460 
27872 35611 
48559 49770 
35606 36230 
563 45676 
42197 43710 
7437 39667 
25044 38734 
6986 24189 
19224 45887 
2762 13178 
10372 18011 
39198 41470 
15310 16079 
39606 40573 
15281 34730 
47534 49412 
9632 35441 
646 23344 
45226 47070 
22601 33212 
48929 49494 
31099 48422 
27984 40858 
19861 37655 
2462 11484 
11134 49444 
2647 9170 
37883 38812 
25485 36841 
26180 38037 
46461 48835 
23071 36033 
43368 46434 
11394 14561 
31274 34664 
13203 15531 
9235 38769 
33233 37867 
47328 47592 
1789 6521 
35930 45347 
27213 38811 
9830 48085 
39548 47164 
13492 42364 
19592 31043 
18593 36633 
4244 43922 
43648 47955 
12640 14341 
13039 23405 
6380 8698 
8788 48564 
27867 34978 
14541 28736 
13110 30456 
36121 36154 
3641 31460 
4559 20106 
6009 17679 
25709 38221 
5873 21523 
4384 38234 
3504 36399 
43973 46371 
28572 32141 
29102 30154 
16749 37867 
46104 46848 
28474 45874 
47623 47734 
1978 30035 
2883 46481 
49102 49626 
6394 26613 
44180 46906 
30108 37281 
45662 46717 
43822 48795 
33823 48713 
34186 42100 
25089 46503 
10773 36294 
33273 45740 
47286 48325 
9881 48845 
25407 30186 
25010 25944 
44299 46906 
12212 13272 
44101 47423 
34633 48975 
47827 49839 
2146 18992 
22436 27470 
25259 49285 
41373 45438 
48544 49093 
33678 43468 
42341 49205 
34460 46039 
32839 35049 
907 38646 
34774 36080 
23104 29078 
40396 44428 
32538 42735 
24913 29176 
24365 40940 
43701 44449 
46952 47490 
33837 38150 
17007 26444 
10854 18886 
13239 34908 
1207 13974 
49659 49708 
13940 13989 
49959 49989 
32553 47046 
16875 40997 
38881 49749 
14057 43823 
8536 45171 
19149 23732 
99 37920 
45601 49042 
33727 44707 
33569 40037 
16236 44877 
350 7119 
12214 48931 
31338 33034 
9011 14221 
27875 38761 
17548 32376 
8122 48462 
22407 47227 
7353 16551 
20372 47697 
48603 49337 
29439 30416 
8806 43063 
48242 48848 
24994 36137 
25944 34198 
46406 46827 
47627 48272 
6799 29850 
3434 46201 
1376 33951 
25508 49053 
46959 47423 
19393 49374 
9605 21531 
6790 39515 
18156 45971 
27352 38201 
34999 43618 
37570 48546 
33952 48628 
33436 41879 
24882 41944 
18426 29086 
22346 29154 
18161 42299 
21759 37905 
13407 36800 
48788 49012 
2243 19300 
32940 41051 
48774 49052 
32213 33315 
20921 46744 
5185 42007 
8800 9189 
21289 43469 
14881 36466 
27745 35377 
10936 30949 
2761 39715 
35873 37455 
19671 49576 
39429 43512 
20706 21076 
32908 34144 
25842 42601 
8777 17632 
20230 22817 
35881 43307 
13197 46507 
13538 15436 
7576 29069 
28326 30002 
35471 44252 
18852 22602 
1823 42583 
44091 45492 
39830 43111 
47064 47842 
31598 47053 
32361 41950 
49459 49765 
49794 49947 
19731 41896 
37483 46894 
47244 47351 
20052 46578 
35788 39685 
40357 49566 
19348 48540 
21959 24242 
37261 48697 
44766 46737 
33688 35967 
21919 33011 
14633 17567 
28098 37041 
34908 43832 
34518 49954 
21428 21774 
10625 44055 
41218 49796 
6958 28645 
45135 47478 
38172 44531 
46238 48007 
39629 45699 
5368 18351 
30395 36177 
24774 25285 
16945 23843 
24580 47585 
25357 30297 
44879 45339 
353 14612 
40621 43617 
8577 17902 
3188 31384 
39211 49276 
30969 39311 
40926 49516 
42521 43099 
28499 39482 
45937 48056 
31584 42977 
15801 23319 
19819 41540 
3060 9321 
46795 47949 
29112 46677 
48385 49118 
29594 34808 
8555 22207 
41522 49364 
44541 49682 
30506 38854 
26279 48103 
12394 40925 
48868 49130 
26962 36184 
24834 26302 
24233 45606 
20852 30392 
3497 11865 
49172 49409 
41705 49794 
31793 44387 
23918 34625 
46004 49254 
1122 13670 
15250 23957 
26086 32965 
31547 47140 
3120 28761 
41772 47327 
45082 45424 
9961 48227 
4224 42474 
20446 33300 
36134 41083 
6366 41902 
23395 45064 
35181 45611 
1556 13480 
20074 42129 
20672 41904 
8191 32580 
39850 48163 
12729 37688 
23090 29309 
43474 46425 
49198 49827 
2963 41797 
24958 26091 
897 22964 
24883 43540 
7680 8502 
42837 44059 
18471 23017 
26170 28071 
28211 49578 
41372 42003 
36654 39745 
24877 36386 
43682 45457 
42653 44951 
40128 43726 
19185 33480 
8396 38992 
9131 21267 
3977 22272 
44471 48006 
16637 46877 
9481 41980 
16453 41805 
24870 28731 
13549 37614 
33997 43726 
2270 27627 
3691 22685 
28054 42898 
46242 49354 
6621 41494 
17204 34919 
30129 43020 
35894 49742 
2921 13491 
27729 32450 
1125 18823 
250 40177 
11729 47954 
37429 44044 
6026 16203 
34565 37180 
13996 41510 
1139 1726 
2102 7716 
35976 42533 
45876 48101 
817 20115 
22248 47106 
37360 46439 
12077 13217 
29213 47961 
46615 48265 
31721 42903 
19875 39816 
16680 41780 
44802 48839 
24558 32586 
17474 29578 
13906 21458 
7922 25826 
12733 17844 
44299 45309 
36190 45599 
30857 42184 
12857 16707 
14231 43703 
6217 43004 
8343 12523 
10381 16674 
46127 46654 
19866 48456 
45787 45796 
39693 43221 
4451 40127 
17704 21253 
3491 17065 
40061 40972 
22911 47806 
34057 35448 
23570 31697 
21224 46594 
417 19991 
12986 40677 
42628 46405 
36966 44127 
28891 34424 
6640 35846 
12907 26320 
40185 42875 
3514 20388 
39190 41224 
1401 39396 
37348 39350 
48663 49400 
39921 41150 
46014 49989 
24752 31921 
11397 20174 
19847 25878 
39324 42876 
23344 25814 
48035 49322 
42205 42868 
20671 44588 
38951 43997 
1578 29945 
47141 49210 
17304 39639 
27067 35718 
37924 41108 
37921 44397 
25283 37646 
44880 47100 
46714 48544 
48212 48817 
12946 25035 
47859 49981 
1665 44053 
29356 47887 
46012 47362 
823 13514 
47065 49168 
33656 38490 
24243 32747 
18358 33519 
17550 25829 
30592 34342 
19628 49396 
39450 46489 
20975 24165 
3878 15564 
49996 49998 
11959 41472 
42279 43961 
6850 44106 
22115 26706 
40708 43269 
30032 39692 
40634 45763 
25706 45226 
24160 30296 
45400 49170 
795 7778 
9517 13017 
11403 33170 
28772 42916 
8713 31821 
6371 29862 
12810 12988 
38699 45220 
15676 43089 
17323 33659 
46450 48155 
40948 48713 
8194 41209 
37049 47210 
18811 27705 
28665 39107 
44030 48430 
33418 48111 
2810 3911 
33282 49096 
35247 45983 
30532 31033 
31477 37454 
18229 23579 
5234 40706 
10630 21520 
48459 49802 
28555 31673 
45475 49573 
48982 49645 
39469 40790 
22739 37125 
29770 33775 
8770 22474 
12225 16884 
43851 44719 
29870 33144 
29290 43763 
6441 9692 
1250 47062 
19225 23182 
32501 41658 
25563 30689 
21691 24866 
39453 46297 
2923 21928 
20592 28616 
4383 34230 
18795 19595 
32533 49318 
11835 19461 
24929 35201 
36503 48666 
43282 48852 
2477 14093 
7320 37731 
49300 49715 
23956 39957 
34617 40478 
46035 48311 
22797 45520 
27523 44691 
1498 43862 
5291 10121 
33784 49417 
14946 47600 
1167 42779 
48779 49573 
44300 49981 
3677 34977 
36283 36366 
44919 45460 
15091 17458 
40087 41096 
18863 22884 
21446 49100 
7972 35933 
42458 47206 
14722 22137 
15458 19509 
49566 49812 
9212 41318 
11575 17561 
9295 39367 
30415 39114 
21003 42087 
21469 25074 
49583 49877 
29327 37962 
46983 49633 
19187 33009 
26965 46200 
28698 43230 
18777 47467 
35602 47895 
7134 25953 
35883 46531 
36645 40694 
47829 49482 
12887 33509 
37776 49422 
17816 24832 
385 42479 
18362 47168 
32860 48624 
46616 49927 
37046 46031 
31601 35872 
29204 46335 
12909 22426 
12888 39293 
17072 46102 
24118 41323 
20584 46824 
5508 20106 
40053 43731 
31581 34937 
7422 27310 
17103 32202 
13109 38672 
29112 45927 
10005 29892 
5018 20326 
35603 37410 
27230 44215 
42329 42797 
40770 47251 
28045 35336 
36333 37997 
2242 33403 
24004 42498 
39833 43285 
37719 38495 
6906 6972 
24789 33795 
27028 32335 
5532 45138 
12495 37145 
28873 30105 
5080 6372 
20728 24908 
522 4176 
23813 29859 
41737 43759 
48689 49741 
646 41929 
35353 36585 
23567 32395 
15280 48410 
36127 37213 
36340 47474 
30620 37384 
12423 32972 
1444 37081 
6488 39417 
44061 44747 
30273 35568 
11503 46713 
14612 26614 
5196 30549 
15496 39507 
7185 10844 
596 45721 
22481 29779 
34747 46068 
26750 40098 
39396 43686 
6278 35443 
30823 31918 
2287 41770 
6432 32276 
25042 38391 
48538 49247 
13528 20840 
16563 25139 
20244 27349 
24678 43317 
48352 49806 
23291 48180 
16328 26848 
49304 49998 
21720 42005 
35067 36536 
44356 44518 
45184 49334 
5092 39786 
10438 12585 
43714 48132 
17484 28558 
44910 49274 
23708 31187 
17324 27174 
44782 48373 
15041 21441 
43559 48746 
18183 24833 
1687 6512 
35454 46302 
26075 47674 
7985 49753 
12648 29556 
45206 46832 
45613 49286 
284 19717 
43037 43453 
36552 44384 
44780 48605 
18545 34864 
29773 48176 
34086 46950 
27599 36836 
6987 35289 
14702 44334 
33502 34739 
4558 29669 
15280 29637 
19489 39157 
3344 20467 
45510 45815 
46727 48999 
41156 47202 
17619 42272 
5624 9507 
24527 45713 
22303 37933 
35884 49745 
18276 36303 
41387 42950 
23276 41021 
44274 48787 
29068 48274 
801 27375 
20431 37602 
34275 44127 
6290 38820 
102 23559 
42629 47447 
15482 32694 
2191 33940 
32662 37089 
5453 18380 
47445 49496 
30990 48301 
22611 38473 
25126 25654 
32261 44018 
27729 47351 
39513 48971 
26805 39241 
13225 17573 
14551 33833 
23352 35508 
7876 48660 
25326 27002 
24034 29303 
23856 36531 
34983 46003 
9427 13192 
12253 18800 
28074 32925 
34214 36909 
32983 35075 
17165 24091 
30324 37158 
15712 49829 
43668 46721 
24615 36519 
11455 39755 
25706 44074 
33204 38447 
41731 47265 
25445 48911 
44314 48271 
44537 44880 
34508 37921 
38169 39372 
3765 22265 
43089 43990 
6348 49580 
12643 24457 
7816 31839 
7201 26463 
23141 32631 
10760 27408 
28360 41016 
6026 46918 
46246 48926 
26505 45504 
23166 39701 
25503 27943 
7945 43179 
14570 43572 
28920 34142 
599 49058 
5908 6625 
33611 45469 
36901 42814 
4463 40138 
49854 49944 
10652 32600 
49213 49467 
20476 30812 
30700 41714 
24191 31978 
19419 36114 
17735 37044 
24161 33362 
38943 43876 
35441 43551 
9968 46739 
23523 43885 
29061 48483 
23717 46210 
17937 19873 
43348 49850 
14349 37008 
44272 48086 
9658 43026 
44524 48492 
8226 33182 
20480 30329 
37729 42166 
37331 45820 
31950 36949 
34318 46074 
22343 39325 
29898 37909 
21648 38006 
49768 49919 
26484 28559 
46980 47626 
9371 41123 
10832 34918 
39955 46628 
28600 34406 
14562 25921 
34950 42203 
7485 34882 
39486 41559 
46014 47041 
32533 38183 
28862 46157 
11248 13466 
44803 47588 
11805 35298 
27697 45186 
49687 49968 
518 6055 
31329 47992 
2161 27529 
30114 46254 
13381 49466 
16221 19137 
31905 44251 
32319 46532 
41213 46888 
38237 39965 
42420 45796 
2182 29120 
20058 40251 
14751 44232 
12509 30497 
39897 40559 
10729 18566 
30942 34196 
29539 41355 
45621 49333 
48617 48814 
41938 43888 
15406 47173 
47247 49323 
40493 46505 
40737 48605 
28883 30620 
17831 24876 
22848 43242 
37454 40870 
47841 49220 
21702 25916 
36387 42107 
31990 43303 
38655 41352 
16927 22358 
47403 49249 
38172 39303 
42318 45418 
10766 35346 
44149 47349 
40871 40929 
19001 30450 
24699 49285 
25863 27141 
5605 7012 
11411 18308 
29287 33788 
18122 30104 
30094 42662 
33785 44370 
8680 20473 
22315 26329 
5628 29419 
35996 45195 
21297 27471 
23808 45801 
40941 47504 
2884 32983 
26077 26139 
23490 29604 
23588 33654 
6888 16214 
16894 38410 
33424 45577 
44794 48905 
25326 33223 
2806 49994 
49408 49526 
23578 40663 
11126 20886 
30465 33794 
46176 48600 
41590 41694 
29799 40231 
19795 48737 
33115 42213 
30196 36716 
10736 43040 
3254 16351 
30544 37553 
42103 48467 
38497 43949 
15595 19075 
15896 44058 
33708 37352 
46784 49555 
49397 49441 
7620 15560 
38201 42159 
39311 49227 
22138 36367 
5625 10269 
47666 49015 
24890 37494 
18822 32789 
6043 27718 
35074 40524 
23717 42408 
34007 42210 
3699 43681 
36342 38346 
10276 47960 
30264 41353 
39764 47356 
27299 32257 
7514 10872 
5279 36832 
30756 46571 
24706 46455 
47194 48479 
19302 35647 
44699 48956 
2387 26875 
26245 38306 
35024 37336 
46702 47534 
3942 6523 
2165 6987 
18336 44118 
8458 31361 
13618 39537 
43172 44666 
24670 34337 
1553 6835 
3948 44926 
30864 41362 
41703 49303 
11955 13951 
48308 48487 
6950 32957 
42173 46217 
22620 47232 
14331 47582 
26162 31611 
48327 48928 
19498 46972 
16760 27754 
14338 17322 
4270 47829 
36309 38856 
37398 42181 
25861 39506 
24030 34399 
3181 10223 
7609 27187 
14496 20042 
7260 28619 
22228 39523 
5746 11635 
28133 31235 
24083 45134 
35539 41769 
17295 44932 
47536 48482 
3249 42641 
18930 26063 
9235 21044 
32890 43379 
24941 37021 
14783 29843 
21695 32424 
36170 37025 
22127 38342 
44680 49492 
10690 34951 
38326 49023 
4559 40643 
13790 47549 
17413 20096 
4371 22621 
20444 28112 
33902 46709 
45712 47718 
32640 39301 
21131 28508 
13109 19014 
34160 47422 
17081 20236 
34210 38977 
15959 22203 
34855 37225 
39917 40898 
45580 49470 
18583 31214 
17264 41887 
46724 47956 
45242 46430 
34201 44809 
1053 47226 
29377 43857 
32740 47578 
40457 41488 
37036 46481 
14405 38103 
27252 35716 
31898 34247 
39329 49428 
4349 39497 
21862 36813 
49936 49971 
33695 36664 
43490 43564 
31163 37263 
6302 30301 
13288 35959 
14301 43543 
45250 48583 
41811 43384 
28808 35422 
8332 16005 
34249 48156 
13653 37267 
7119 18148 
26027 26090 
10915 34827 
21447 23949 
21238 41796 
1367 42470 
40050 46449 
45391 45825 
16826 34295 
5452 36825 
5073 39049 
4098 6108 
11302 34138 
24915 32056 
48397 48741 
49267 49910 
5059 22449 
49529 49946 
15084 31407 
31898 35895 
2076 24178 
9976 10236 
11089 39136 
22213 22506 
24964 36822 
42079 47958 
10255 32318 
21412 42413 
2076 13336 
16018 23623 
36607 43664 
41982 46767 
39341 46117 
12376 20373 
19236 27653 
8656 13603 
10796 24069 
17577 21436 
14967 31455 
24811 29956 
34109 34937 
4864 23258 
14592 30941 
35749 37031 
3189 34643 
36290 38396 
20441 35203 
49232 49634 
49575 49721 
43140 48427 
12948 21835 
32996 37042 
38752 42121 
7770 39404 
44972 45117 
21751 46517 
24394 39755 
46291 47896 
13801 48740 
1801 5116 
38499 47071 
23179 31898 
29142 48766 
3752 19322 
41991 43406 
10926 12275 
33636 45794 
15425 15606 
28622 47771 
24628 41535 
7253 35850 
19877 21105 
21155 25896 
47124 49486 
41229 44122 
4760 6102 
27374 47940 
3301 26639 
48791 49458 
5490 28995 
15172 40909 
47448 49042 
25221 43672 
6858 40430 
35148 39883 
38014 39912 
5073 22070 
9032 13614 
48594 48680 
8968 33820 
48993 49772 
40726 42274 
39895 45779 
23464 28501 
26654 34881 
41919 44055 
39134 39707 
38759 47979 
10683 47807 
10233 27840 
7738 19723 
24866 49759 
3205 9805 
39480 42944 
46590 49598 
45136 48933 
1407 11882 
37292 43982 
32072 40435 
35530 41335 
22223 27452 
33897 45300 
11431 32214 
25091 46551 
667 10753 
28514 29877 
21915 29365 
19895 42186 
16436 22961 
12302 29560 
47742 49480 
18528 46424 
25538 26791 
41499 47594 
33982 44333 
30285 42598 
5517 23030 
19327 20878 
44626 46168 
32919 49963 
45586 46007 
8429 10149 
22789 41424 
42631 49066 
18590 23609 
30686 31451 
24271 33974 
46621 48915 
11503 36161 
46073 48597 
26643 26743 
48130 49526 
4572 21456 
45911 49200 
7082 39405 
7872 28243 
26881 40293 
30981 47154 
17910 43294 
24663 35128 
10663 19236 
43392 46886 
49212 49543 
37105 37662 
9617 27927 
15910 48468 
36558 45214 
45319 48502 
44331 45691 
5637 36278 
18371 30764 
25491 45268 
28344 41607 
6139 24823 
18727 39010 
23378 28620 
3243 47294 
24564 39830 
1939 23244 
19752 45265 
45918 48815 
13 42630 
25658 48896 
18474 40833 
2051 28445 
13154 46673 
815 33121 
38322 44412 
17660 33270 
25167 39686 
3293 7892 
49273 49365 
45849 47786 
46516 48218 
38542 41063 
43820 49833 
47054 48103 
17249 36698 
14629 18834 
35436 40477 
42933 45669 
48751 49256 
39144 44353 
20058 20430 
13858 31373 
27342 30983 
1040 27333 
3365 4271 
42177 47500 
32749 43726 
12970 32166 
33967 39490 
2386 8316 
36586 38411 
3077 19508 
33343 46215 
26846 46109 
536 7378 
36117 48953 
48628 49227 
47708 48265 
21292 36819 
4736 31705 
14085 14139 
13283 22952 
33529 34153 
16211 43473 
47157 49165 
12189 18020 
43273 48426 
33980 46877 
47160 48412 
12080 31267 
28955 44249 
40308 45281 
45098 47303 
26725 34030 
19982 39038 
3747 10525 
33240 42499 
36240 43174 
44495 48658 
34185 48278 
6050 19823 
9889 17492 
8032 26593 
23917 26496 
39759 40598 
43039 45151 
17897 42088 
1405 31216 
42301 44542 
3959 8892 
8893 47464 
3614 40442 
6870 44014 
23269 42066 
38513 49590 
33416 42640 
32449 33002 
20198 26459 
23945 32506 
13886 29964 
26186 40700 
26186 49072 
8415 26922 
3363 8193 
38319 45748 
43089 43544 
25777 41270 
14018 36875 
32748 34456 
33040 35175 
11679 34480 
19135 47233 
35755 45488 
4147 40429 
9433 30724 
47239 48296 
17450 27389 
21669 31401 
36379 39919 
547 8764 
13808 27262 
727 27085 
38765 47663 
39802 43228 
29120 45089 
24546 40573 
14513 14938 
9736 35057 
22285 22622 
47126 48327 
17111 42476 
41361 46428 
28794 39379 
26344 30162 
7527 29023 
2754 18752 
24652 26096 
24912 39076 
43543 49784 
49715 49840 
11711 44014 
37896 46217 
11360 49694 
41673 45781 
37735 42304 
2552 47554 
27383 33968 
15392 31088 
32165 49526 
44594 45903 
21299 38880 
46521 48005 
47337 47548 
30855 36671 
21201 22443 
44054 46291 
49307 49859 
46814 49862 
17989 40114 
1176 29845 
20650 29462 
40505 47726 
39575 42218 
7864 31301 
12700 41278 
16465 36445 
7317 41738 
7336 11464 
4079 38771 
35803 42903 
25398 49906 
48587 48910 
46367 47740 
12528 26419 
21526 29471 
29394 47794 
15876 42760 
37394 48454 
15249 32160 
20692 22475 
32999 48454 
37922 38305 
32945 43495 
25568 40277 
26543 32555 
44390 45793 
22005 46541 
29168 36399 
15956 31016 
21752 40267 
15843 44765 
7700 48672 
13718 26582 
18304 30815 
22273 36142 
15150 24246 
48317 49661 
29649 31052 
28702 37020 
17508 25352 
13820 18417 
46945 49422 
4 11199 
21366 42454 
49046 49973 
31429 44007 
41568 45673 
3180 29300 
48474 49948 
8588 36467 
29262 43513 
48324 48867 
2974 39956 
38052 45676 
16343 26342 
42762 44552 
24234 40175 
10481 37845 
33711 33866 
46967 49968 
43677 47310 
18048 41755 
4603 6726 
7065 37179 
42183 47984 
40268 41629 
44330 44482 
38474 47122 
37676 49757 
49230 49552 
16461 45494 
33830 45001 
26831 43883 
46585 49218 
48094 49168 
11783 46374 
33975 45410 
21776 47869 
895 19817 
26567 41570 
42220 46942 
7652 46458 
47301 49553 
15730 34374 
43865 44919 
28560 44605 
20403 42691 
20896 45129 
16517 28721 
28392 46771 
31586 35984 
40725 41533 
46671 47188 
45393 48349 
27010 40144 
17532 23770 
9694 27526 
34508 41670 
48844 49170 
30224 38225 
9181 34821 
33376 38646 
38963 49510 
2996 9423 
35525 49698 
34909 45793 
49436 49595 
15901 49556 
39032 46656 
37760 40047 
29544 42795 
28814 41644 
4217 19641 
46512 49983 
11747 17300 
20446 22214 
47762 47996 
49041 49578 
35183 49412 
21046 25291 
48884 48948 
37784 43263 
23831 30546 
42932 48180 
22376 22608 
14925 48273 
8824 34890 
32134 47225 
36886 43028 
44700 47800 
319 19472 
21997 37503 
29640 38150 
27592 30132 
6309 42797 
17011 17373 
2222 26704 
27445 34242 
36695 40106 
47013 49285 
31357 41994 
4399 6421 
18314 32888 
1918 8056 
37847 45845 
31077 44222 
19587 25422 
30586 46081 
37142 39365 
46435 49975 
23880 40682 
44438 47674 
7335 37626 
13806 31073 
40842 41553 
22112 42232 
19413 33971 
46288 48678 
24065 47289 
12182 33139 
44888 49894 
41521 45577 
36366 49922 
22411 30142 
19781 30584 
25123 36137 
18904 28944 
10607 49439 
15452 42448 
27197 33554 
45345 45353 
29244 29595 
23078 27056 
14168 20292 
7454 29968 
26013 48132 
837 4887 
27384 47607 
20665 25041 
20801 47317 
30893 32640 
11480 43768 
24419 39050 
8964 13015 
15108 46206 
16364 49300 
18788 40638 
24651 40374 
13568 46428 
33044 37369 
41949 43594 
16537 20717 
16974 28733 
48644 49832 
49957 49967 
19033 41107 
45926 48281 
46984 48422 
16296 49650 
37628 48780 
29426 44884 
33780 40558 
1736 37953 
11000 49356 
43908 49664 
7470 33639 
49639 49958 
43703 45410 
22130 48136 
8838 29822 
49889 49929 
23779 48200 
45811 49670 
22389 49301 
13902 32712 
40601 49527 
37835 41322 
8442 41003 
13954 36656 
48146 49002 
46893 49649 
15091 15741 
20096 33540 
22799 45309 
956 8825 
24945 47285 
17254 30957 
49884 49926 
5777 32006 
33364 44463 
35184 38291 
27063 31945 
7511 38248 
16783 38560 
32564 34580 
15934 36593 
6749 24014 
11578 22582 
8318 26161 
8985 12912 
38590 42293 
10104 32888 
27953 42735 
17380 45193 
18205 40851 
24657 31872 
36644 46545 
218 48496 
10284 44205 
40833 46815 
5085 49984 
36189 38255 
19721 24227 
40847 44168 
45170 46519 
1169 9127 
47882 49664 
11766 18733 
15722 21713 
42212 44217 
46411 47469 
46239 49145 
48757 49305 
16087 49060 
37400 49153 
15569 34736 
3742 33655 
26941 41656 
1677 29424 
9761 11680 
17792 48427 
25191 25906 
21408 29188 
36111 43725 
47449 49140 
47957 48948 
20583 37136 
30001 30680 
45680 48950 
20466 45123 
42907 49967 
6255 26389 
12548 41518 
34665 49421 
22020 45948 
4912 37680 
33214 45499 
20467 31804 
23521 41616 
19257 25941 
25421 35173 
45784 49587 
34646 49454 
45482 46496 
37983 42755 
922 27406 
5127 36998 
18754 23724 
47449 48442 
3718 37928 
3549 22419 
27277 33604 
31562 44946 
12305 34878 
13344 33463 
36474 41477 
17967 28644 
16884 48350 
19944 23636 
37405 40108 
41605 43766 
48635 48692 
21376 43844 
37766 38378 
11025 48002 
46723 49153 
48369 48763 
11061 34446 
39533 42217 
45761 49961 
49638 49749 
44914 49314 
6179 39950 
7795 11051 
37152 44673 
36098 36625 
30286 39133 
17896 35494 
17349 33341 
44285 49385 
19344 39166 
29901 47265 
6093 17113 
20551 31666 
36118 40891 
757 32288 
18104 21685 
48326 49354 
36269 48129 
43555 48111 
15639 40084 
31011 40850 
1289 26336 
44207 44913 
2499 8633 
18311 48491 
41590 44117 
38606 46633 
37281 41865 
42358 45163 
12080 31007 
45834 46962 
20569 33398 
23010 49568 
6964 16482 
21807 29741 
8568 17058 
28440 35444 
21896 28770 
10463 43673 
42975 45050 
35101 35217 
43580 47752 
28739 36781 
8822 21051 
25174 39466 
18632 19229 
1882 19547 
29150 46239 
44560 49544 
3974 27951 
21008 33304 
13465 44587 
31306 46576 
38588 39246 
10052 31445 
9373 9817 
12770 38790 
501 9439 
1408 29274 
950 22769 
19391 49628 
42596 43624 
45520 46872 
27581 31421 
29865 45166 
7767 23949 
4935 29657 
29028 43861 
47049 47174 
20892 42665 
34055 35482 
12450 18847 
39452 43571 
46826 47291 
37130 41559 
15946 48384 
21652 46624 
3395 43693 
47618 48479 
29683 42835 
49054 49638 
32224 32790 
29879 47365 
44513 47802 
26680 49207 
4951 24725 
26723 48660 
31317 36031 
4232 12498 
48414 48941 
41636 48903 
38294 46102 
3123 7251 
6257 46373 
26339 48756 
45830 46705 
19686 35421 
2234 32570 
402 2654 
43365 48828 
1791 5194 
27644 32678 
49848 49908 
45521 45565 
14884 19109 
40952 47737 
48374 49812 
17052 42262 
26811 38650 
40484 42754 
4189 12902 
24357 32154 
19247 33797 
14523 32942 
38909 40942 
33580 34123 
7332 40605 
39981 44338 
26459 37479 
20493 27812 
19102 41759 
46300 47939 
45371 47380 
40587 47208 
1742 13329 
12651 31788 
38123 39779 
42199 45940 
12073 25589 
25078 44510 
31769 48378 
38945 39596 
26755 27327 
47922 48210 
22295 42877 
26529 42040 
17600 29770 
12543 16771 
6921 40922 
16773 29968 
36031 36729 
40641 46305 
26016 37729 
43091 47843 
26793 47473 
41541 48105 
36189 39160 
13373 33991 
15164 37647 
21417 30407 
37521 38848 
45961 48760 
31911 48217 
35044 44011 
38196 43957 
39050 42611 
10833 25862 
12499 41162 
27760 44790 
29436 32222 
9643 31913 
41448 49789 
31824 35048 
8216 46873 
17625 21849 
39356 46428 
48832 49385 
25124 36646 
48264 48721 
990 45822 
32534 45334 
12112 38689 
19436 49562 
25231 46760 
4490 8406 
9000 11821 
8823 34910 
3764 25877 
37990 41228 
2612 19379 
4834 19083 
17643 41495 
45922 47874 
12568 20835 
23336 29150 
5737 9663 
3154 17523 
2322 16017 
1983 45181 
46816 47155 
14312 30712 
21150 38425 
21514 28315 
15626 19747 
28178 35764 
14928 35764 
39271 46801 
12766 41006 
12638 37066 
35770 41691 
45058 47976 
26715 44954 
12713 16465 
16751 38746 
317 24197 
18688 46249 
11073 49646 
14291 32622 
22190 26558 
34192 38083 
17235 21676 
3220 41984 
7163 13428 
3104 3718 
9287 34147 
38804 46382 
42346 48751 
8805 21704 
7392 28674 
30043 43760 
40558 49570 
14114 23029 
18490 21227 
41244 41966 
29641 47671 
43959 44974 
36052 49736 
32228 46082 
8270 31293 
20458 35199 
29900 47998 
13512 31066 
32090 45188 
19687 33948 
45732 46391 
18156 28653 
37823 45099 
26153 34825 
24435 41822 
37757 46171 
48205 49708 
47286 47714 
11596 13084 
48207 49322 
15740 18729 
34748 34845 
6535 31164 
8740 25467 
44098 46380 
37151 39792 
24504 36697 
19439 28048 
11478 16221 
8490 15412 
2409 30286 
48812 49390 
18007 45661 
29574 49446 
47623 48009 
38090 40114 
6191 25669 
27490 30013 
16488 39738 
8992 21925 
7051 27907 
49431 49842 
8205 40348 
5334 47529 
7962 19126 
16169 19290 
16747 42455 
6044 24934 
38998 42769 
31518 44601 
18623 25372 
43254 48090 
22464 44897 
15839 38090 
38249 46190 
10768 32633 
45927 48562 
27125 47684 
42662 47007 
11726 41534 
44861 45782 
630 11520 
34539 45431 
39713 45331 
26121 40560 
33516 41116 
26824 33875 
44829 49619 
23213 28777 
19899 21836 
39265 43624 
23252 46444 
32259 38237 
15175 20544 
12960 36189 
40768 44951 
29940 36920 
6828 30108 
10310 15546 
8843 46383 
3727 44791 
22077 22122 
10835 23795 
43060 47864 
21403 22916 
36999 40831 
47760 48038 
35603 43007 
24342 39056 
1715 29783 
15248 33927 
19652 31658 
13416 46736 
44246 49248 
5343 5485 
2574 43276 
45784 46091 
39682 49674 
45508 46438 
6775 36214 
37571 38235 
28985 31838 
14982 48243 
31902 40975 
37886 43245 
10100 27347 
15441 28191 
7787 22911 
36399 44806 
49469 49640 
30322 48359 
21256 27782 
25134 26383 
43616 47412 
11454 18664 
1107 10143 
8941 45316 
37320 47844 
41949 43644 
11836 43135 
43276 44755 
3987 27450 
32392 44697 
30373 33710 
445 47739 
32959 33031 
38616 40179 
40077 41988 
5030 27856 
30780 40175 
35226 44346 
1762 26302 
10439 23537 
35479 38266 
28116 39246 
25156 42004 
10946 25137 
19746 39557 
26124 47451 
3272 48409 
16039 27265 
5156 27210 
38633 41306 
3334 18741 
5528 44182 
14507 33310 
29566 31921 
8000 22787 
19261 48339 
22415 29260 
44753 49605 
13089 49524 
27127 47504 
49471 49941 
6820 45675 
39736 45575 
33910 36297 
31781 37328 
39242 46391 
36376 37275 
43738 45974 
19037 38409 
25083 34826 
6636 27899 
46518 48798 
29233 36550 
37681 48043 
6824 41057 
1184 32783 
40624 43369 
19865 46865 
17820 27313 
6599 37552 
21602 35745 
41722 45323 
5375 23193 
212 40859 
28725 44357 
1935 23598 
14538 30170 
23539 48369 
33433 49402 
30199 46504 
43415 46985 
12320 44147 
48735 49211 
14900 29506 
26296 48243 
30253 46369 
17255 27302 
7999 30055 
22773 47087 
44567 48051 
41647 45469 
37326 39884 
16725 45581 
42314 44666 
3381 34380 
33768 42058 
3713 13604 
9704 28491 
27711 38293 
36772 44061 
27138 45225 
31479 33673 
40243 42713 
16357 42567 
24252 37052 
17634 36506 
29199 46860 
36089 48962 
24563 28753 
28847 49117 
2646 38990 
13776 39047 
10444 36403 
9511 35787 
16072 40470 
5615 14414 
7268 49929 
40616 49409 
6235 11886 
17764 38594 
18454 45327 
18396 28453 
23327 44479 
9792 19836 
19553 24901 
30032 34660 
24914 31331 
38285 38548 
14547 21640 
38914 40560 
36200 48493 
670 44854 
27560 49710 
11606 39434 
8553 41743 
3859 45500 
5484 47990 
47645 47852 
30881 45770 
19271 34072 
9131 10690 
40958 41746 
4720 34266 
45063 49860 
26055 40725 
32356 40635 
42225 44760 
30279 44798 
7631 47577 
29779 34233 
21795 36473 
8806 38744 
20666 39121 
9156 48644 
47723 49261 
5176 44151 
43191 45131 
9728 35287 
31990 45665 
28033 49626 
18672 32828 
34412 41989 
30235 41254 
10533 12432 
25004 25280 
4234 13617 
9432 45454 
7934 43821 
40616 47966 
22879 27380 
31516 34114 
23716 44245 
26745 38821 
49842 49988 
10178 26986 
20984 37961 
43403 43820 
45942 47097 
31325 49305 
5727 37541 
24880 38696 
37775 42440 
49772 49796 
22267 33031 
25067 31565 
11407 24255 
12466 12630 
13709 42145 
29014 42554 
29489 33059 
14387 35386 
10166 24941 
31157 38276 
4828 16899 
9100 34149 
23408 38415 
25050 46850 
23453 47385 
41262 49314 
31790 38912 
37250 48265 
11464 12190 
49031 49424 
7067 32801 
28654 37471 
44515 48108 
27154 39643 
44601 49309 
1268 25842 
25151 49287 
44787 45767 
25502 25739 
23268 23385 
38360 48539 
40008 43354 
3061 41711 
15608 27902 
216 4826 
37577 48977 
19658 30647 
32106 36288 
27647 43650 
32311 43772 
33858 36728 
8758 40933 
35683 46800 
5834 36371 
8155 42059 
32812 43129 
31552 38777 
42668 42721 
34544 44053 
4979 49128 
6826 22427 
18320 38911 
45705 46838 
24458 38494 
30011 43186 
27205 48860 
46727 48375 
17047 45826 
49119 49537 
24303 27416 
25721 30015 
8823 32361 
33845 47420 
22558 25862 
14010 17765 
37607 43748 
8919 49062 
5743 30765 
31608 44296 
16868 32629 
14018 48327 
7197 10733 
12606 21873 
36097 40671 
42708 44444 
22249 33830 
3098 17771 
41553 49031 
28827 35177 
30030 39585 
7926 35140 
12685 30020 
45731 47591 
46234 46286 
40761 44481 
7619 13494 
20192 24132 
49613 49732 
23618 38134 
11129 47449 
48087 48720 
45433 46474 
49153 49324 
30907 33743 
46234 46721 
38305 45619 
24801 41109 
10137 26258 
1495 43478 
12702 35303 
41923 42279 
8360 39030 
24976 38359 
3362 47804 
19463 29887 
18648 42579 
22169 37643 
36189 44689 
14388 18789 
32511 46006 
14622 37787 
31059 46003 
10786 37186 
43399 48683 
46294 49294 
44299 48388 
24331 28486 
44841 45918 
29760 37369 
17854 26354 
91 40696 
30742 42476 
9497 23422 
33205 42830 
8096 17446 
21356 24434 
15080 47707 
40045 44705 
33124 42464 
11986 41204 
23640 24397 
35065 47969 
20251 26104 
15697 21208 
38469 49708 
7866 26165 
27420 45981 
47298 48751 
9110 14276 
3831 29408 
39339 47946 
6931 18138 
35327 47213 
24468 28809 
34066 44216 
9806 12127 
34287 46622 
45302 45816 
7342 36631 
9602 33984 
27414 42659 
24696 25930 
21575 42840 
25833 33322 
1630 49046 
45449 45560 
9575 39882 
12132 16217 
5053 11171 
30747 39439 
43745 45198 
17654 29309 
10360 20440 
15548 49255 
27149 49035 
25865 43824 
29436 43083 
37604 47582 
1270 5152 
45678 47475 
2009 27126 
43146 47490 
29912 32725 
20967 49822 
33089 35238 
31638 34803 
11807 29373 
19262 20808 
38285 46320 
13144 41383 
49029 49414 
23628 43280 
29306 40880 
38645 41525 
10218 26598 
8981 32277 
21865 38055 
12872 32839 
22944 38696 
14355 34091 
46857 48833 
42989 46293 
28630 30721 
34778 43486 
26439 36559 
13257 30066 
28982 39247 
48394 49859 
10925 42760 
25097 27516 
5187 46484 
47640 48391 
37715 45571 
41731 42848 
29202 29393 
21115 33561 
222 10928 
22056 37845 
11230 38330 
17749 37621 
5518 24326 
40258 49828 
45861 47244 
17718 30932 
16850 44011 
100 5335 
18726 42275 
39719 46681 
39847 46349 
13762 20249 
37335 47160 
13870 24613 
32169 49504 
8936 40078 
23046 30783 
2210 20289 
41132 43071 
20812 30598 
2762 10293 
13006 28608 
31034 48748 
44480 47198 
20497 24643 
6330 21655 
45458 49901 
9390 32181 
32906 34321 
48440 49860 
220 39749 
18757 25409 
11733 21873 
49776 49886 
18052 31296 
2862 9020 
34885 43913 
48306 49103 
36147 47093 
2596 46131 
32374 35107 
40542 46282 
5415 27633 
15380 45272 
36259 42499 
39496 39509 
35463 43055 
49765 49844 
49756 49840 
40341 47089 
47484 47943 
48821 49795 
30089 31455 
42131 47652 
1287 12239 
15344 32717 
31763 32734 
22071 23027 
49439 49807 
48217 49781 
47668 49552 
28209 39863 
49341 49841 
30914 46081 
29353 35355 
5939 42759 
10933 19108 
17788 28425 
32621 43397 
17267 40102 
69 21660 
17018 44207 
28560 43286 
25488 28319 
18760 47812 
11709 45550 
3923 37826 
746 38520 
35570 42267 
46366 49451 
21207 37496 
25743 35384 
33199 44393 
5552 13412 
35609 43838 
26266 41644 
44582 47783 
466 13093 
36491 46209 
46528 47547 
18415 43843 
35019 40345 
10129 10962 
1356 31542 
27490 44136 
27030 31986 
20949 40056 
7667 30358 
32857 43522 
27791 39174 
10029 45401 
5642 47022 
31368 46617 
44298 45225 
12586 18525 
39811 48922 
10191 16359 
23233 39097 
36495 44188 
31501 31889 
15019 48456 
23118 29513 
13806 40817 
44317 45772 
37671 48864 
25193 31235 
4739 5507 
14561 14769 
25629 34201 
4722 37924 
48207 48274 
44906 45105 
48556 48587 
29088 34658 
34219 43987 
36644 42841 
13801 47638 
49648 49714 
20776 32770 
12338 26259 
18419 41336 
4215 39077 
4433 45811 
32575 41876 
16446 39206 
40584 42810 
23600 27231 
28951 40676 
46290 47938 
431 914 
36669 40547 
49332 49922 
32077 32646 
36593 38128 
30299 35170 
49079 49962 
31801 41016 
49015 49022 
13937 16565 
31153 36014 
1434 5312 
47867 48682 
47361 47918 
6267 19190 
21932 24467 
35525 41753 
42691 47709 
14092 43940 
25069 47618 
33240 34720 
13136 27840 
24865 37339 
21684 49698 
34727 44067 
43774 47719 
46655 48386 
9100 26384 
34620 41555 
26254 29141 
5172 12424 
2683 40790 
10970 26698 
6260 20961 
30562 40481 
14808 42926 
28439 32772 
4579 32561 
10001 29834 
45020 49694 
47309 48351 
4472 33939 
4441 16428 
16715 36855 
41335 43039 
6583 45499 
48948 49699 
17933 34074 
47348 47827 
48756 49752 
14698 44497 
16692 17777 
35126 45348 
30143 46093 
14361 34145 
13368 44009 
43445 49486 
31749 35044 
1200 22482 
6898 46583 
14234 48189 
49249 49973 
8931 44409 
18078 37103 
45898 45956 
11553 19894 
46832 49629 
12169 16038 
1475 40464 
14434 15597 
10389 24310 
30857 42054 
7125 26044 
23320 48086 
41483 47463 
6852 28811 
4074 29280 
17097 38019 
43570 46312 
42223 44992 
41047 42443 
28503 43030 
9882 49162 
45746 49978 
22307 45194 
495 27956 
11430 36081 
2004 3448 
41994 47074 
31413 43939 
13570 34848 
43716 44173 
47108 49580 
12074 27365 
5612 5973 
9533 12852 
9831 43651 
35659 45234 
46380 49049 
29757 30330 
15962 25439 
5422 45381 
26989 39264 
35814 45914 
6117 34348 
35809 43715 
18745 35022 
6066 32138 
29761 32073 
6622 7996 
11514 45683 
35205 46138 
43760 44395 
20684 35707 
38323 42493 
49212 49477 
440 11115 
13183 22529 
46171 48351 
26052 32372 
30885 42200 
48248 49164 
2316 48127 
42999 44275 
33305 42655 
6309 27186 
15664 41118 
47703 47961 
17175 49686 
544 46927 
12217 39771 
43091 48368 
36687 44905 
41238 46721 
14041 22536 
35232 44196 
1575 21651 
22398 25277 
40371 41587 
9073 33714 
33410 46107 
12 27039 
39770 43226 
35860 44034 
48208 49398 
21964 41006 
39401 44837 
33064 34944 
6488 26086 
34489 48104 
1403 28528 
17715 20867 
42669 46271 
35414 44786 
43393 44660 
34014 40897 
1596 33354 
23770 46465 
48804 48869 
23416 31762 
31135 48580 
40348 41166 
5190 7114 
47912 48640 
31645 47625 
15055 29844 
20801 39827 
38514 48020 
31013 49339 
245 33779 
3608 40044 
36499 45763 
45910 48116 
38539 41101 
41093 44468 
26809 26887 
29829 39318 
8395 40057 
26213 49792 
44999 46821 
33243 48917 
24403 47161 
3235 10938 
26300 44350 
28398 44346 
31273 39347 
8443 36723 
45835 47342 
6453 8369 
37859 49808 
12394 25592 
2914 44292 
40599 44373 
33148 36323 
43206 45390 
42115 44776 
2865 7731 
12508 49124 
19146 34242 
42849 49574 
26 21197 
8095 48129 
11616 41855 
14235 44391 
2 24387 
9627 45029 
8366 23268 
6131 14848 
7514 46712 
18036 32592 
17401 38458 
47754 48818 
11587 16608 
37251 44318 
31527 41240 
38907 40804 
37631 43102 
32538 42080 
47092 49323 
1876 15635 
18461 42921 
6013 33292 
25621 34737 
8894 21765 
45934 49680 
17308 30416 
12719 27514 
38576 49061 
45193 49318 
21809 35045 
38537 48056 
29742 34760 
31444 32879 
14205 36490 
18743 42827 
36683 39293 
33960 44598 
20608 49491 
47526 48153 
31426 41270 
40834 42371 
21145 32507 
17743 46633 
13072 48509 
37141 45070 
41493 41999 
43403 47648 
19606 26458 
6503 43850 
36367 41088 
42465 49498 
47379 47690 
3813 8115 
34539 35309 
27391 40898 
12997 45728 
34204 38742 
40702 48782 
49578 49698 
40340 48613 
24316 28872 
47163 49469 
18509 43850 
5850 13366 
44945 45731 
4733 17095 
29816 42866 
39675 48480 
23771 43048 
34651 38501 
18107 33288 
14674 27562 
3910 4627 
47473 48813 
5349 35199 
2629 44620 
1347 30873 
45724 49790 
20607 21798 
19769 24917 
19479 21248 
2269 33937 
10128 41251 
32663 36025 
39006 48811 
14504 19783 
45123 48038 
21286 26335 
9222 44259 
22654 34067 
36470 40209 
15668 36512 
35443 49185 
18741 32722 
5294 23113 
21676 33365 
9264 9419 
40808 43986 
27976 30212 
35606 40948 
24644 28112 
46376 47217 
44182 44494 
15129 21685 
10914 27030 
26487 45558 
13031 32442 
39885 43025 
36365 38246 
11870 32822 
14570 39539 
31899 43660 
13462 37830 
17243 47112 
45178 46575 
37956 47515 
38951 42221 
2399 49232 
3246 21314 
4030 24828 
47722 48793 
49421 49868 
10610 48880 
26089 38474 
7222 29766 
5853 33616 
36754 49097 
16275 19831 
4080 42763 
25629 27611 
22884 46142 
2799 31321 
29757 47532 
37762 47162 
35511 48970 
37011 39042 
22281 23019 
47202 48799 
6321 19775 
30637 34650 
13373 27928 
12378 29925 
13242 39982 
5408 39575 
43370 49348 
39299 44993 
34333 48100 
36942 49324 
7084 9076 
38823 43894 
4671 5917 
40900 41989 
17119 34499 
13165 25345 
12388 44620 
14427 27604 
36692 37376 
40261 43866 
10797 18269 
19058 25260 
37917 39695 
38440 41147 
30625 31882 
48001 48775 
32211 43599 
30905 39916 
17099 17720 
25021 30570 
27361 30854 
35821 45794 
12131 19939 
15826 36977 
25006 45279 
19466 27523 
37086 39360 
3437 6703 
25224 45106 
21370 46426 
48166 49216 
19882 43135 
48761 49191 
11474 13898 
6889 47161 
38910 46540 
13789 40520 
48856 49518 
34142 34483 
34732 48917 
17300 22614 
25869 48434 
24267 28824 
38816 49196 
31189 33228 
11174 25524 
26310 41501 
39395 42237 
1016 3844 
42396 44421 
17939 19449 
13017 27250 
26568 33785 
42407 45310 
44167 49875 
3350 18291 
29096 34352 
38775 38818 
32821 39406 
39769 43758 
17929 19228 
17504 22416 
34077 40695 
26100 41729 
15790 37893 
39597 47550 
42092 48838 
19572 47212 
8478 40693 
34321 36097 
38123 44319 
19182 48093 
34984 40884 
3538 23308 
10900 40045 
20389 49977 
34460 39917 
29983 35103 
18779 27937 
31335 38564 
11766 41370 
47706 49252 
2756 47745 
4405 8004 
23321 38651 
1590 31320 
43461 44110 
36876 45528 
21060 22047 
1877 22932 
22958 34729 
3098 29711 
32987 47978 
32552 46927 
897 31710 
46196 47117 
41089 49969 
25170 46605 
34972 47708 
4332 42051 
46732 49827 
457 13880 
35337 37100 
45494 46654 
13366 41856 
32336 43468 
14127 15430 
22199 49812 
7129 15777 
2903 19509 
45800 49604 
47094 48576 
35670 47612 
46563 47837 
35772 42772 
36875 43834 
7696 12151 
13215 44215 
13482 37747 
30227 46126 
40043 46477 
44719 45639 
13505 32977 
13216 37959 
31643 43342 
5028 29066 
16102 21181 
49289 49690 
5630 7563 
47715 49101 
39906 45624 
49589 49731 
7576 38157 
13100 23810 
36881 42043 
26921 44960 
9400 23793 
24283 26746 
3565 35759 
33175 41285 
17940 31253 
46496 48937 
20346 35604 
38769 40628 
14977 31992 
40893 45383 
29822 46398 
24713 32286 
35157 49877 
18523 22713 
28217 49344 
17655 42014 
22550 33904 
21056 34624 
36962 48125 
9192 27318 
11121 31197 
8012 49400 
14267 22381 
25490 29522 
40907 43292 
18717 19050 
19746 41457 
25931 26531 
21074 44014 
35852 42039 
2089 8810 
41959 46941 
3286 24936 
22509 31061 
27599 35430 
36551 38222 
8924 26443 
20009 32146 
34364 46835 
49931 49965 
14731 18913 
23062 28073 
46384 47273 
4994 40713 
25072 39993 
24045 37009 
43652 45960 
46571 47166 
31307 36134 
15006 48947 
1854 21469 
37709 48904 
46546 48674 
39530 49110 
33118 46722 
22997 30070 
5096 40879 
20376 22087 
27126 47428 
28369 42084 
46098 48011 
12046 42056 
47455 49102 
3130 31293 
15246 48532 
11480 20601 
19809 49628 
24309 38990 
25883 31309 
32384 46209 
31808 43568 
41132 41954 
22301 31372 
26184 35534 
38199 41042 
47158 49740 
49753 49942 
16061 30773 
26944 42862 
34902 39841 
42850 44684 
19120 31678 
30353 34433 
13051 32446 
45186 46034 
21242 22646 
24486 24976 
899 20798 
9522 37352 
14255 24991 
27523 36346 
16469 37587 
7784 12459 
40982 41776 
33058 35666 
19075 29296 
12757 21944 
38562 40908 
17970 45298 
7277 27914 
573 30360 
5788 8652 
12079 12864 
21688 40089 
45967 47278 
25022 38950 
18871 39149 
5450 23370 
27524 33982 
38174 38863 
4111 24088 
7003 17566 
7426 32999 
1658 21597 
17864 24791 
20619 33445 
35430 46983 
46858 47107 
43643 46358 
44724 46784 
39528 40783 
29190 48899 
15035 16127 
30067 35648 
32531 42608 
43233 48852 
27819 42149 
36787 37465 
13105 44735 
39177 40417 
19224 24661 
29291 46171 
24155 27609 
37412 49677 
46214 46961 
46612 47122 
23399 28869 
4869 22839 
27181 32562 
47374 48799 
7427 16998 
8516 14282 
577 43004 
29589 35722 
49705 49897 
23138 36714 
43594 47709 
3464 38595 
23428 47870 
16794 29598 
46025 46995 
22194 23543 
31922 45771 
45394 47843 
12825 37662 
34615 43001 
11025 42774 
24148 34550 
141 7867 
40440 43778 
31830 34464 
21839 32781 
40370 40854 
26085 48736 
28429 47652 
43539 46661 
16846 42927 
4260 7086 
45405 49802 
24595 34250 
45813 48922 
15433 49420 
24839 26948 
1373 7754 
24504 37740 
45090 45323 
36997 41477 
15162 23561 
7335 24772 
11275 23332 
7249 37577 
7684 49827 
36856 45776 
35182 35537 
26773 47769 
19285 46019 
3601 47678 
42364 48869 
27953 40407 
34100 48986 
36936 46348 
39114 41995 
5495 26633 
17880 20144 
14462 45674 
36800 42402 
19365 40300 
2019 20100 
28490 44641 
38323 45213 
16360 20717 
22122 32215 
43085 47280 
42502 44816 
5621 13048 
4119 43018 
40289 47351 
29091 31794 
27762 44128 
40549 40681 
16064 39448 
49487 49564 
16563 39689 
32396 40610 
20176 23027 
14409 36548 
21847 36620 
26836 45736 
48973 49350 
10436 20719 
37122 45518 
15447 41651 
1573 9201 
16054 16636 
46207 48575 
16588 36588 
26562 29623 
953 8946 
13500 24377 
3633 10903 
16376 43622 
15183 34731 
19090 48219 
27702 35480 
48985 49598 
46038 49640 
6721 10241 
44377 47454 
30960 31956 
24190 39572 
43123 43328 
31883 37764 
20540 35935 
23715 31409 
30955 44240 
35692 36699 
42721 48386 
22207 27554 
11082 42540 
46489 47596 
16514 39115 
46716 48896 
21953 48414 
35936 38288 
13593 34318 
20584 31270 
11372 34297 
38976 44382 
37629 44876 
15947 33598 
16608 26871 
12164 12889 
14866 49668 
13748 19199 
9077 25698 
47867 48177 
17688 23156 
21290 49479 
22095 33912 
7069 39400 
47826 49571 
18947 29759 
32494 36518 
25853 48665 
3915 21801 
26041 44601 
1785 17309 
13933 16145 
13103 28871 
36039 41514 
49135 49972 
32836 35428 
10895 12789 
32771 32902 
15033 17710 
47213 47299 
566 42148 
14030 34117 
35502 41785 
15199 44452 
3731 15647 
106 34220 
3325 22147 
45614 48771 
30155 46975 
19910 26166 
46828 49377 
32747 37591 
6449 36905 
4522 25992 
17393 42851 
48982 49143 
42761 43943 
1233 6818 
12241 18269 
18344 38005 
26179 43531 
17180 22363 
21085 31877 
15939 41293 
7746 26652 
34913 40562 
2530 7790 
32675 48584 
25710 28162 
16912 34569 
31381 42757 
8757 45186 
34205 37822 
32777 33665 
40835 47709 
33964 44823 
43142 45163 
33885 44262 
14566 22118 
42777 43933 
37484 43253 
22279 37782 
34815 39618 
13275 25527 
45255 49754 
36129 46819 
14633 23851 
29623 45649 
5930 18568 
32356 43260 
42193 44941 
33190 42173 
5523 9754 
27733 31119 
37809 49195 
29793 33488 
47543 49014 
16125 37870 
14409 23652 
12495 30584 
9626 19823 
47814 49170 
42148 46314 
38224 43464 
22058 22853 
43003 49742 
33276 41323 
4305 32894 
48126 48259 
37541 41518 
37158 48653 
46525 47166 
18729 41741 
40674 44243 
35732 43698 
47618 48153 
26486 35157 
26255 31670 
27425 46143 
26761 32380 
49616 49993 
29311 32839 
49212 49774 
41348 48028 
47394 48782 
9996 26398 
34749 44085 
17695 47801 
27059 37305 
2819 7656 
37755 44677 
18581 45120 
21732 34815 
29061 32479 
7961 14198 
19001 37118 
38046 47035 
9739 47189 
19794 44625 
9114 43545 
24287 28652 
21847 39720 
735 38488 
35611 47051 
3335 40458 
10640 12369 
1876 6782 
18753 37512 
14983 17631 
22601 38480 
29710 30315 
27345 46545 
28752 36949 
21628 25745 
3986 36235 
46890 49488 
45855 49481 
34162 42337 
1429 20607 
7008 35628 
32643 39049 
21930 23699 
1549 25530 
10450 38595 
19212 20817 
11278 21861 
40293 45823 
16997 27483 
17895 23520 
10714 20896 
33561 43267 
34927 40655 
37172 40046 
13024 14915 
45170 48698 
27254 29904 
880 13921 
15696 35341 
36083 36096 
33616 35511 
49991 49999 
27746 40264 
48660 48859 
32141 37661 
43224 47114 
26462 48664 
46035 47022 
11467 25956 
13565 18165 
44319 48504 
40120 48674 
11401 32303 
14252 20967 
4946 18727 
15817 18766 
15267 33510 
44145 47215 
26116 27596 
30780 42292 
31312 47721 
25944 34244 
40840 47448 
24901 49958 
3231 22156 
41657 46056 
41413 48265 
31859 40946 
44802 49555 
4662 42970 
41267 41836 
20725 37782 
810 39549 
47875 49077 
49827 49892 
1880 42715 
26902 35937 
44244 48492 
28980 48059 
36905 45146 
5547 6185 
13078 16261 
11076 18900 
42462 48774 
15671 37694 
43858 45899 
24249 27361 
27180 30964 
33773 42362 
47941 48939 
48544 49660 
32591 36076 
40867 46207 
20219 46335 
24140 27352 
15734 38452 
40958 47560 
8409 40004 
19004 25360 
15684 24489 
32562 45917 
4340 9273 
15466 44906 
26780 32643 
30371 42344 
10325 30948 
19990 31616 
37735 46268 
10189 11269 
17584 22424 
28515 32800 
7256 44529 
19730 47462 
39594 49001 
2172 39878 
48240 49476 
17836 36860 
31391 36984 
6172 11040 
37408 43486 
48679 49994 
39209 45872 
23618 31525 
29464 41721 
39460 43970 
13508 34679 
3089 29387 
33775 41616 
38041 40703 
2526 21482 
10342 39334 
15099 48375 
31976 38887 
33220 44912 
36416 47206 
46540 49452 
10562 49566 
23837 25401 
48046 49849 
41220 46504 
23520 30379 
27645 43018 
10329 37569 
24799 47213 
7573 39950 
38093 49982 
3067 20424 
40876 41545 
45698 49842 
14817 33274 
41309 48534 
6582 13767 
14945 43060 
12030 30975 
12666 28634 
47377 48038 
18742 43139 
21574 33291 
12574 48101 
35125 37295 
42216 49611 
42676 43817 
29904 35361 
10204 25138 
19542 47377 
38083 47794 
27811 31699 
25478 37034 
509 47159 
30695 41983 
26090 32263 
8648 30499 
9113 43641 
44377 47829 
4870 40301 
26900 34870 
30249 44344 
2565 30265 
36703 46564 
6393 24940 
35016 46216 
39607 39677 
40321 48101 
27580 36166 
27537 36070 
37744 48890 
30451 36685 
43599 49626 
3628 41690 
22707 48447 
44684 45545 
32920 36728 
5611 44982 
45508 47744 
36357 45928 
1694 38898 
19292 28742 
2759 33278 
22639 34213 
36175 48591 
11390 41918 
14475 49039 
22521 44790 
11241 19834 
17081 44273 
29752 39705 
4362 11220 
38969 42143 
30038 47692 
34080 41882 
38439 40471 
26957 45158 
15216 30764 
47174 47980 
48533 49107 
3286 32483 
15863 46780 
41461 43828 
18027 46447 
40894 46184 
47596 48268 
18900 43049 
7534 37737 
1236 1887 
7274 35249 
34760 45173 
22636 34579 
9119 20186 
36915 47838 
31701 34650 
36810 41163 
26825 40133 
38793 45261 
4885 44628 
30445 42810 
12119 37463 
37039 43738 
21441 37919 
10400 40575 
18042 39262 
30460 34902 
2798 29232 
16188 36914 
26551 32010 
8112 37011 
28600 45830 
25765 44061 
21057 42655 
49029 49361 
25072 28406 
30809 48608 
377 36422 
35063 39363 
12185 18684 
265 35252 
30915 42565 
36972 40370 
45599 46299 
18696 47849 
1521 15388 
48730 49233 
40861 42784 
21503 46758 
13615 26461 
35379 47437 
12063 28396 
26619 33621 
4240 15059 
41163 44436 
2160 32762 
40214 46314 
42452 43406 
16120 43494 
28764 40773 
29767 35585 
49197 49812 
31875 44612 
34774 45358 
22766 41101 
46446 46600 
21022 40632 
41854 44255 
23703 29977 
15843 26593 
49554 49766 
20574 26633 
22776 37943 
41266 46053 
41105 44412 
1309 35305 
6047 16438 
39291 49356 
34406 44312 
37128 43583 
20489 48026 
21865 27761 
30994 45765 
17755 38839 
15948 19233 
26949 30294 
15999 27458 
24695 25132 
34990 38206 
927 33585 
31129 42605 
48134 49865 
5215 47798 
4467 7285 
3139 44189 
8468 32894 
5496 25648 
35744 40475 
8295 23471 
11138 45663 
42852 49505 
31217 42094 
4009 32145 
31457 46873 
41892 43265 
26304 40639 
49030 49726 
23430 39405 
17182 24329 
1198 8131 
40470 47866 
12410 31980 
7907 9006 
32801 38119 
21858 23324 
15728 33884 
42956 44105 
12402 35872 
39592 39612 
349 40646 
6870 47466 
6221 29035 
48602 48905 
48997 49293 
17253 46900 
1013 25321 
9830 45334 
41735 48305 
29929 30007 
23366 25558 
35814 42756 
48708 49054 
33980 37670 
22346 44556 
39048 45261 
40859 48311 
45926 48602 
44528 47625 
9447 38511 
4011 29146 
35 34254 
13804 48954 
48189 49385 
45846 46680 
14422 40362 
27641 28265 
33026 46885 
18743 30803 
46428 48789 
46480 46878 
4574 32756 
20067 44526 
37072 41645 
24024 38375 
29596 34256 
46997 49259 
35273 40093 
39292 48708 
18776 18928 
39522 45533 
38871 39555 
36879 42116 
35059 43559 
43557 49922 
9946 47051 
13104 24150 
49387 49930 
11207 45834 
22842 32102 
27626 30977 
33520 43312 
47177 49424 
46328 47544 
41089 49600 
6 47894 
5940 9349 
47671 48927 
10630 43583 
13646 43772 
33008 39051 
12104 23632 
48411 48730 
28425 49949 
20994 48592 
34707 41684 
37393 45038 
17066 18574 
27213 39821 
37336 42900 
48742 49923 
19821 43610 
30900 36445 
16527 27994 
49994 49997 
9466 34797 
49026 49160 
4319 33376 
36323 39116 
43954 46007 
7692 7949 
16977 46843 
41493 45017 
11778 41593 
10733 44271 
1152 14080 
48481 48703 
23548 40024 
25528 37846 
6825 47235 
18098 27103 
7974 20191 
45489 47543 
36970 41025 
24149 27154 
41958 46720 
17289 48531 
38422 46408 
19303 41572 
18989 46158 
47171 49559 
42478 46972 
16765 24738 
13615 19120 
35340 36693 
14760 37645 
28748 35797 
4753 48890 
47155 47806 
32988 48601 
36852 45930 
41047 47855 
3652 19554 
40407 48648 
30715 33582 
12397 47888 
26200 47433 
20201 34905 
22224 34984 
46201 47080 
41624 49606 
9726 34370 
30152 36733 
5436 16018 
10951 15108 
23679 30692 
36489 45858 
48378 49350 
3893 42855 
2293 27681 
35538 39489 
12393 20551 
19862 30483 
6318 13279 
41866 49987 
8273 22468 
24313 31998 
19205 33906 
20489 35347 
23055 35665 
21208 46512 
31310 35615 
6150 19617 
26530 36414 
11903 38405 
47403 49137 
22479 30148 
37687 41360 
43091 43852 
3823 37259 
19857 37449 
45765 48047 
19642 31252 
46759 47613 
258 39210 
24235 38580 
29597 49684 
42371 43626 
34097 43311 
2420 30774 
3372 17516 
22685 25085 
29098 42525 
46826 48603 
39861 43489 
17203 44796 
36846 38612 
25781 25934 
9483 26494 
33829 49499 
47372 48479 
33866 34371 
39937 49531 
19104 41639 
18674 22663 
23155 34151 
27719 30394 
11520 14682 
26735 46753 
23075 43759 
9567 46728 
9049 47860 
4050 12180 
8695 43324 
12052 27509 
41100 45497 
25994 41897 
25731 39226 
4250 18794 
27508 28715 
23630 28079 
651 29858 
49790 49921 
32797 49749 
29732 34672 
28321 31907 
12679 29847 
34591 35649 
24565 43676 
38638 47162 
32161 37749 
21697 26780 
9153 43308 
13972 18645 
12489 16104 
31720 36681 
13574 13788 
43811 49206 
3931 39917 
24249 46265 
11528 18827 
14936 21959 
4715 7329 
22256 44059 
1885 27240 
23034 31729 
1053 32833 
47969 49255 
6285 32834 
9887 40405 
26711 36878 
46915 48845 
6956 44884 
44035 47107 
48824 49414 
4974 31254 
47653 48277 
2114 35046 
45625 45713 
41622 42669 
44790 45177 
4089 26869 
47149 49758 
14275 40785 
7601 14216 
48952 49355 
25986 30649 
20873 40428 
34000 46203 
43015 48274 
49283 49371 
7935 19519 
23352 28068 
35865 37245 
26289 26747 
20264 45581 
867 40880 
42258 46044 
22771 35187 
25518 31919 
41247 43579 
39570 43495 
4120 29573 
35039 48824 
23893 29001 
17568 37338 
48400 49249 
30288 40504 
24300 40089 
24971 46384 
22519 46801 
8660 45580 
21916 36372 
44563 45681 
10857 34218 
23604 32843 
25726 37091 
20454 36515 
49254 49960 
27549 39281 
32500 38815 
32213 45613 
32987 40695 
37096 38259 
2347 31125 
25392 35957 
20708 25867 
27833 43828 
34501 38903 
42016 44332 
11921 12521 
1088 11592 
47283 49335 
16878 21097 
2721 34645 
19414 22487 
47858 47901 
20294 39131 
19848 42584 
46581 48818 
12102 19637 
48861 49444 
4262 24441 
49336 49623 
27905 42361 
29272 49532 
3852 31390 
41337 43623 
19734 35410 
33504 33707 
13262 32162 
44060 47634 
40028 40574 
11331 17687 
22471 31387 
3588 4496 
17913 22124 
7664 25894 
49372 49730 
36652 44554 
45155 49641 
12642 28606 
9021 48952 
30992 42108 
17978 44819 
1668 9082 
1508 15971 
47617 48142 
39061 39500 
9969 34033 
3254 16200 
38886 49781 
31112 45075 
13310 28188 
8698 22386 
14317 17292 
24027 38925 
48301 49136 
16950 32465 
42593 48507 
19985 26165 
49307 49382 
36635 38444 
44839 46313 
8248 29422 
40991 43265 
7132 18749 
18525 29432 
45693 47224 
23150 46946 
22382 44385 
17327 36065 
20361 36281 
30771 35098 
26288 31537 
44110 45677 
20153 39280 
43398 46805 
20992 48869 
15090 48440 
42647 43171 
14525 25696 
47173 47798 
34478 41422 
22497 29138 
29690 34930 
8206 30109 
22073 26516 
44293 47453 
48104 49306 
3159 22448 
40746 41050 
38536 43719 
18395 37487 
4997 46768 
19859 26227 
7729 34382 
28699 40691 
24755 41178 
9539 28840 
12374 33791 
10917 49048 
44681 46204 
24051 45273 
10594 12558 
43628 44583 
4068 14485 
2627 31223 
12426 48490 
28769 42910 
22073 30344 
24230 35213 
45907 47374 
23150 31284 
42371 42951 
35866 41801 
18975 19414 
8724 11225 
28416 45156 
20418 43191 
23964 44229 
21097 48053 
6683 37716 
21709 34923 
31293 44934 
49843 49993 
20907 34831 
5456 10286 
10303 19478 
25034 29651 
30116 31024 
21627 40310 
48196 48361 
10140 42095 
30012 34450 
48128 48707 
22889 34788 
44740 46498 
43851 49708 
39328 49870 
9116 32573 
8019 35651 
18346 32375 
26824 43760 
11633 41095 
5801 15347 
14192 28966 
18783 31933 
36153 39685 
5892 16755 
23899 42530 
5700 26160 
29659 49029 
376 18664 
42269 43155 
12552 35550 
5259 32596 
10299 42243 
2168 25229 
47668 47748 
6426 33217 
10572 47825 
900 42947 
26729 32528 
2954 30971 
49838 49939 
8841 39777 
15190 47764 
4890 40245 
29326 48717 
44317 49026 
35937 46861 
48524 49134 
38005 45669 
8101 22628 
9931 26744 
7452 46301 
26704 39613 
17323 49082 
38173 41938 
31798 37372 
18963 35347 
48335 49796 
18405 45278 
43255 48421 
31079 45974 
48971 49095 
46860 48823 
13149 35384 
42492 44683 
30388 38611 
26578 28329 
11129 34945 
19226 27614 
28523 45552 
8372 26024 
11450 34781 
38637 44269 
12418 48587 
7894 28475 
8055 28173 
46069 48401 
36208 47301 
39576 48770 
39596 46329 
26041 40275 
32828 34015 
44272 46848 
49618 49712 
12998 24531 
48925 49350 
28977 49874 
38153 44777 
17132 31108 
23683 43577 
24244 27300 
39985 45089 
46703 48238 
8644 8716 
36777 44544 
48077 49360 
13431 44788 
10954 42629 
16436 29176 
28130 47407 
40050 41372 
39634 41538 
48674 48686 
24832 28820 
48762 49776 
26729 36144 
48840 49337 
24086 37835 
3778 28212 
29340 45745 
11028 21300 
27179 31031 
16535 21753 
32023 35798 
33733 35792 
44663 45981 
40219 44246 
35907 42457 
2877 41725 
1571 34606 
39276 44166 
46087 47668 
14246 45100 
42386 49067 
20272 23321 
37056 38761 
3663 22350 
30406 41812 
11549 24447 
1753 27849 
37094 42404 
22021 45701 
36094 37471 
2177 16294 
44303 47426 
41054 43814 
4566 45898 
2103 45838 
47922 48741 
48834 49712 
4144 43121 
18509 25989 
9205 46999 
27178 36616 
9957 33128 
30904 40849 
21673 27129 
9014 15489 
22436 45328 
30883 48134 
16116 39382 
13902 18127 
31387 47754 
2040 19643 
12892 21069 
25769 33693 
22509 25600 
16980 31611 
34230 47701 
26094 47995 
41627 47406 
10876 45328 
18481 37166 
41857 46210 
905 27538 
17839 39356 
20831 33047 
49766 49951 
34734 43917 
23580 31236 
21853 27595 
49548 49863 
47787 48967 
7562 45495 
49709 49709 
3203 18650 
40980 43128 
918 13433 
598 19507 
21065 47112 
19947 23260 
30131 30653 
1219 14602 
17901 18705 
44719 49628 
15154 22225 
10559 16936 
25166 30214 
13283 17589 
4395 24558 
4778 47617 
12458 18029 
525 7723 
2378 38830 
44436 45713 
21982 35947 
42143 43623 
44923 47389 
11844 25704 
28154 43234 
318 39438 
17129 44684 
19504 41373 
48136 48956 
12185 24956 
469 44063 
35271 45453 
46987 49746 
20364 47469 
25289 40967 
11435 12881 
2802 21296 
33170 42659 
22487 49719 
10898 11921 
45626 49551 
2251 25867 
35369 49828 
48642 48703 
30622 45240 
6584 19338 
35916 41029 
13664 46270 
29918 42346 
22374 34970 
38006 39439 
38590 38963 
38065 42666 
31071 33603 
14972 41678 
1985 43807 
25476 29603 
19319 39845 
16333 49861 
49271 49718 
37078 49743 
5452 9841 
27758 39965 
27247 37592 
12474 44998 
34917 47769 
43611 49700 
11188 34681 
16719 18050 
20863 24152 
12301 33676 
2905 18092 
36472 38569 
25181 27860 
42114 48202 
30966 35938 
11441 30983 
9290 49021 
33635 36982 
21991 27437 
28556 38250 
5126 39750 
19086 20552 
43600 48246 
27384 43513 
9340 12771 
18703 39849 
5082 6493 
896 33141 
33432 42068 
13874 47288 
33649 39253 
49763 49807 
40979 45758 
28041 33973 
37753 49035 
35666 45899 
29308 44490 
44106 44412 
5524 33931 
16753 19702 
30881 36382 
36168 40228 
18154 43188 
42659 43494 
3473 25736 
36477 42611 
2539 8985 
37957 44719 
44502 48249 
43714 47909 
13881 35813 
48760 49311 
6415 21716 
30320 37679 
35386 40913 
13662 25861 
28259 31792 
3857 34242 
40705 45680 
45090 49056 
26074 39265 
19940 25608 
23212 28788 
30875 35931 
24729 46720 
12906 28260 
23050 41177 
1327 17789 
31499 36179 
16643 36935 
5361 49923 
12685 28224 
46429 48931 
38750 43101 
40629 46829 
26969 35236 
3337 32239 
29274 33843 
21606 34283 
41958 43870 
47659 49370 
37095 43777 
31628 43023 
25776 26088 
49265 49288 
3853 18573 
38252 40802 
42779 42834 
5575 20034 
9227 12343 
43132 45578 
48868 49944 
16845 31130 
23423 29237 
29655 42546 
23639 29282 
49362 49438 
43882 49880 
2550 30403 
47416 48042 
11915 38790 
2380 18827 
23159 31768 
41890 44190 
44637 45256 
35527 38956 
32773 47486 
29822 37674 
32675 39412 
32979 44513 
11041 38356 
24869 37292 
11703 33908 
48750 49685 
4995 18615 
16574 28354 
46894 48793 
439 35809 
9474 23949 
13594 16066 
18641 45602 
11238 25889 
7081 10423 
38696 47040 
42959 45496 
43536 44686 
26029 47607 
10368 36473 
44628 46077 
42753 46259 
3462 40311 
30441 35746 
43549 44271 
3186 35442 
636 46741 
5724 11127 
21813 42914 
17103 31890 
6407 37569 
47555 47921 
41781 44176 
20141 25349 
21428 39287 
415 27536 
5290 15346 
1789 30934 
5160 38356 
15820 28593 
8848 38883 
8514 25678 
3430 15460 
9866 37768 
13736 17570 
36752 46748 
5462 26889 
40953 42417 
48754 49079 
15823 48936 
34778 41736 
1659 36511 
18153 39017 
18101 46143 
33551 34624 
28956 44861 
4514 42060 
23082 37523 
38627 44058 
13857 46162 
11901 16728 
7164 27860 
43495 46579 
28428 42053 
40240 42195 
39098 46513 
43179 44378 
27502 45931 
19448 45058 
10395 43812 
35736 41349 
15242 30054 
15408 45787 
4457 7401 
43987 44667 
16271 30038 
4374 49805 
19108 43589 
1013 29238 
37204 41447 
4782 14285 
41831 48156 
27971 41290 
19569 42612 
41062 48812 
21918 38188 
27104 34598 
193 25967 
4712 25060 
8737 14729 
14035 25323 
21288 42851 
39314 44481 
36175 41887 
23270 41165 
27805 30706 
45433 48462 
11883 19640 
13023 36921 
30501 49747 
22199 43223 
2270 40642 
11997 28907 
41806 48339 
26328 48749 
19304 20880 
37546 42210 
11844 27192 
45427 49754 
37501 49200 
39809 47172 
24479 28654 
27861 30558 
35233 40680 
12879 34949 
4295 29122 
13492 46941 
8327 44033 
22508 44562 
25644 41320 
8580 13317 
9037 36287 
6566 22910 
20150 43460 
37463 39551 
25825 26761 
35502 49035 
3451 40235 
1273 43260 
21962 37317 
25092 37794 
29195 37096 
42391 46764 
11073 23282 
3594 18225 
22926 33469 
15130 35670 
20822 21141 
45914 47155 
19065 25713 
34439 46315 
17707 34568 
4155 12409 
11524 12412 
27486 34907 
37367 45374 
31929 34134 
15529 37399 
8942 15922 
44696 46860 
39653 46391 
15412 29921 
29411 30105 
2115 6422 
15979 35944 
17996 40135 
42311 49919 
47292 48873 
17417 30348 
42710 43188 
30751 31126 
28598 29339 
38550 40301 
25260 35487 
4130 25796 
36728 45866 
44134 45661 
8853 30440 
38181 41181 
10386 44275 
26455 31647 
34170 44277 
17687 29851 
40377 46841 
68 10695 
44599 49070 
35033 36597 
26871 42680 
19167 35553 
48675 48933 
4221 22335 
26471 41035 
10829 31887 
47498 49906 
47310 49890 
1080 29897 
34937 43051 
19267 39521 
11007 49676 
31717 40077 
34922 45733 
40378 49731 
46069 46955 
2172 39838 
26171 44961 
24227 29037 
3040 24121 
19679 49489 
20094 48209 
15166 26380 
42098 44816 
14959 35732 
47008 47676 
20642 38044 
30599 41039 
22357 44890 
38586 43800 
39578 46183 
14686 17068 
971 2437 
24849 27612 
44344 45498 
47811 49097 
38734 40277 
36183 40350 
19786 20858 
22383 31791 
29765 45544 
43954 45123 
42171 49405 
19665 45680 
1225 43286 
15734 19816 
4459 46459 
35814 39601 
35458 39914 
32574 45883 
36179 46878 
28043 30183 
31093 47902 
8959 36966 
38964 41309 
5143 29545 
2405 5051 
11279 26581 
49118 49693 
23475 25037 
27379 45783 
8144 34600 
21310 31751 
31679 32943 
1022 41094 
39322 48136 
21251 39719 
36979 41690 
25128 49055 
26598 34735 
40048 40501 
43680 45832 
20940 35033 
24295 49439 
42125 49496 
40415 43396 
12902 48782 
26766 40828 
460 44289 
33170 36208 
46034 48235 
26753 40411 
24758 42947 
36063 46051 
39844 46132 
7478 31621 
21031 28103 
40871 45974 
44152 49185 
28074 28497 
48433 49888 
35269 47698 
42714 43345 
44379 49054 
37860 43195 
42502 47139 
25797 46019 
21138 32151 
30566 31881 
2863 45212 
4345 9955 
35415 36297 
24308 34364 
18946 22483 
15180 42945 
37075 41059 
11319 11699 
10643 35164 
42035 43611 
32855 39854 
20138 35867 
40680 44531 
40463 41162 
44999 48479 
32002 39964 
18345 27558 
49411 49659 
13045 34461 
41675 44042 
34925 43118 
34777 38788 
13338 32515 
6420 33866 
33050 36898 
14240 26379 
23100 40681 
38481 38839 
45903 46177 
10202 10820 
23285 44530 
26196 46588 
18737 36895 
34001 40988 
14311 35029 
10341 15499 
36028 49784 
5700 8739 
35773 46640 
49 16441 
281 45520 
13119 29334 
37500 39847 
32215 42705 
4671 48956 
45317 45880 
20285 31528 
26479 45386 
34216 36189 
9219 37246 
40596 41930 
30940 40021 
29605 41470 
32200 45566 
5564 48317 
12642 32114 
48079 48988 
36738 38803 
42944 44667 
28167 29204 
48550 49548 
41120 41125 
41505 44003 
24309 37164 
18069 40729 
24839 25707 
41146 45929 
32076 38488 
17878 30663 
19322 30590 
4886 19191 
17264 17309 
16732 35076 
12007 25839 
17323 42233 
11920 29288 
38963 46225 
40570 48611 
21998 46248 
2808 9259 
42618 49917 
42094 46663 
772 35430 
19359 21821 
21967 31220 
16150 45520 
5342 27298 
15597 36098 
37085 47714 
4360 15844 
2763 9510 
19384 32982 
2910 19384 
3921 42478 
35645 40662 
45772 49836 
11550 25941 
34995 43602 
17680 23472 
44 18441 
16664 32138 
33086 34219 
14640 47711 
24902 39898 
3353 9642 
3964 29934 
28358 40826 
36073 41047 
17491 49921 
46319 48343 
32058 48379 
48391 49711 
10811 49110 
37644 39104 
34428 44083 
16609 22792 
33043 47391 
44863 47715 
44149 48691 
45634 46126 
17766 24068 
45286 45924 
31662 49140 
22905 28920 
43534 45635 
34351 46314 
25499 26390 
19261 49398 
12337 46889 
38333 47673 
36468 41832 
29027 36917 
20971 35880 
10724 19593 
25705 35508 
3337 11412 
8200 40034 
24810 44864 
25340 39789 
21990 34608 
32117 44179 
20596 27081 
38616 41425 
29538 47403 
32625 48715 
17263 35681 
3745 7894 
35877 46868 
31246 36630 
39140 40161 
28640 41783 
10241 12019 
27721 32195 
33116 46750 
48760 49617 
12612 30749 
17421 20378 
36745 39397 
8717 34274 
39703 48763 
41935 44833 
1956 4292 
48557 49115 
38916 39358 
4866 5591 
42566 43042 
6756 37981 
9860 31682 
35389 46411 
17505 40323 
45478 47126 
43100 48673 
22352 30866 
39302 42154 
40367 44872 
14645 33201 
49934 49972 
30128 40356 
12755 13773 
2675 28717 
16030 43873 
24226 32151 
8892 15211 
38421 49827 
4877 16324 
35132 40645 
26218 38289 
41695 43095 
29103 39673 
26855 45993 
44580 49637 
22120 26095 
18350 38551 
24879 25002 
3808 17629 
18387 20565 
17318 17987 
25498 27441 
14602 37362 
5353 24772 
46333 47688 
34352 38340 
39995 47134 
15826 29496 
14870 48251 
34598 43452 
14955 34963 
3960 39143 
49038 49417 
47231 47834 
42998 49893 
43660 48937 
33358 46436 
45604 45871 
17508 20133 
4809 36551 
47026 49255 
47296 47548 
5353 16312 
34746 46194 
19498 49235 
22992 28575 
33475 41548 
9033 17752 
27683 45363 
27665 37350 
11178 40592 
16198 23533 
28716 35309 
34090 41369 
47548 48901 
2878 4168 
49283 49727 
28980 42423 
9406 27372 
37115 45054 
41114 49382 
35794 40904 
10728 27783 
14420 33141 
20037 36454 
13176 45300 
41046 44767 
13326 38600 
37591 49477 
30995 39472 
34499 43344 
24589 36509 
9688 35277 
13342 21903 
32616 48457 
33337 48795 
1109 14321 
16955 27452 
32027 36494 
6889 18342 
10236 32053 
18884 31103 
21693 47721 
42828 44030 
38454 47036 
36287 44972 
35295 47306 
20185 48789 
21512 44452 
46502 47968 
18473 20757 
20062 48338 
35183 38098 
8730 46497 
13175 43911 
5070 33848 
30381 49691 
31333 35156 
1403 44546 
8568 32147 
17232 42335 
2157 30625 
40575 49507 
1874 40446 
43992 46734 
13105 32034 
37787 47671 
46253 49235 
12691 21474 
24833 41144 
19349 44473 
46316 48208 
18098 21082 
14375 17007 
3068 3961 
1317 10638 
38624 47651 
35883 47271 
42622 48473 
43166 43516 
16379 27264 
4244 45290 
35194 42111 
46303 47251 
38514 41150 
17120 45209 
43565 45388 
27193 49934 
16726 35052 
45888 49631 
38671 49087 
45473 46084 
1408 38942 
21112 29291 
4494 21156 
45430 49673 
4035 8640 
20024 21287 
9480 18105 
36998 37066 
29427 47346 
36961 40826 
15058 48872 
23227 23651 
5756 32207 
39355 44050 
22578 32712 
12895 27650 
8116 24675 
14882 23363 
15534 42900 
2704 36324 
23364 34913 
20096 37922 
19293 22532 
47962 48144 
42410 47430 
40082 49110 
32419 44152 
1010 10782 
13129 41579 
47053 49509 
21358 22413 
28477 35781 
23343 37481 
25420 30198 
10891 22246 
31264 42704 
48274 49844 
39001 46112 
11156 48941 
39 42562 
19991 45011 
32733 44571 
11666 18386 
35345 49651 
13591 30339 
8145 41483 
40753 44403 
5702 7014 
9995 19896 
49434 49625 
32630 33744 
20382 37417 
23712 29353 
18826 30915 
34374 44429 
20280 22340 
32106 33876 
24629 45596 
7008 13501 
11416 38501 
2848 22698 
32821 46710 
16910 28572 
2120 2528 
6135 48795 
39687 39780 
25756 26753 
36625 45711 
39370 45936 
32030 45559 
31175 43479 
49738 49823 
33000 46190 
6542 40152 
17966 36601 
46691 49795 
36623 47157 
31854 42607 
18876 48872 
7943 17088 
46115 46518 
2944 3254 
8596 44041 
27869 39729 
14445 48166 
21647 45614 
29927 30615 
37323 44916 
11687 32809 
3020 28391 
25020 41290 
28921 33936 
25058 33266 
28916 37619 
14407 39035 
26621 36691 
43201 48337 
10900 20142 
5876 14979 
12700 33823 
2477 41895 
43043 49103 
40017 46743 
28198 35213 
41004 46061 
13409 42471 
33899 41688 
42577 45770 
41195 43474 
49257 49325 
14863 23231 
14658 43740 
31987 45695 
27404 44688 
33534 38386 
23082 41748 
29379 42006 
40296 40723 
34849 38064 
12786 31240 
49724 49938 
40005 45537 
18296 35646 
35488 36212 
27837 37491 
48650 49097 
6879 42172 
42785 43471 
8384 12923 
17586 44758 
22709 40198 
45264 46578 
26285 47575 
38995 49982 
46560 47299 
8322 26920 
29807 35696 
32800 39566 
18336 44941 
43686 47270 
44872 45263 
38167 43323 
2168 36118 
42381 49638 
47860 48448 
16279 19358 
28565 42904 
35860 40191 
23201 26988 
18804 28220 
34067 37716 
14553 38573 
31523 46593 
49195 49267 
28402 37168 
44293 46652 
36588 47754 
5635 40494 
8949 31249 
1915 36175 
38165 43027 
37968 48277 
26845 27784 
20837 23717 
46670 48649 
42847 49929 
44230 47180 
153 5021 
43162 44362 
36303 38344 
25891 30276 
35470 47931 
47366 47878 
1796 24400 
19577 48593 
48108 48465 
39592 39715 
2225 38919 
40414 41846 
11621 21812 
31041 47101 
7117 40634 
41452 44827 
9385 39375 
39206 43147 
29188 38598 
21949 38630 
7380 28451 
42740 49020 
5884 31821 
19595 39684 
46749 48887 
9230 10333 
35642 45779 
8869 48927 
30760 38278 
28098 29711 
16106 48167 
13374 46440 
13875 44074 
15726 40147 
20049 41123 
27788 33178 
14567 17757 
39216 47956 
9034 47912 
32934 33523 
26638 41141 
12277 18174 
1839 24060 
27986 28833 
5771 26884 
11907 43185 
10604 30990 
48070 48821 
8276 49608 
29123 49321 
14938 26514 
1598 13608 
9875 19815 
27386 30487 
40523 43294 
32851 32938 
30671 46012 
45349 46179 
9469 17554 
24272 24629 
19879 24035 
19926 39008 
21530 34856 
31792 37315 
36064 46505 
5206 45041 
22372 26810 
4072 6365 
48363 49289 
19946 43955 
44371 47159 
43785 45978 
7918 19348 
6301 24349 
21677 24146 
33939 41709 
40267 44382 
13671 37084 
48886 49555 
36491 49991 
530 22496 
293 38001 
20462 48346 
36308 48672 
27222 40452 
47477 49551 
47914 49123 
17473 25249 
12922 47460 
35148 48001 
1875 20627 
41638 46733 
13981 34284 
37970 43629 
18916 27574 
47464 48671 
2754 26985 
30609 30886 
1174 12518 
49730 49803 
38191 39050 
39880 43134 
41988 46397 
39480 42435 
10384 25508 
32923 45690 
14736 26803 
22571 46786 
17776 43294 
20053 30362 
45983 46568 
28248 39280 
5686 26888 
4347 21222 
12120 43354 
46668 48746 
9191 38062 
25403 29375 
22268 41363 
27172 45808 
8144 8619 
26348 31643 
46404 47215 
1459 30591 
1965 14600 
32412 45159 
49616 49688 
22038 24892 
2473 49251 
11402 24116 
24889 48358 
20340 34766 
28216 38351 
45898 49457 
14986 49395 
437 5289 
12800 25397 
8290 42737 
7611 42588 
26396 29987 
43896 46797 
40990 48109 
23778 28839 
9031 10720 
23607 28264 
25593 43104 
27447 48346 
38432 42965 
49198 49390 
26137 46112 
21012 27048 
8001 35905 
43772 48249 
28765 44190 
48245 49326 
28441 40888 
44778 48188 
1380 45060 
42253 42493 
32013 49256 
1187 38674 
48325 49319 
28617 35725 
40244 40946 
35871 49631 
1237 9763 
2520 11365 
9104 33185 
47794 48206 
21149 37918 
23405 38001 
1460 44286 
48116 49925 
8966 37478 
37521 45663 
23646 40779 
21213 46982 
12565 33593 
12134 33677 
47587 48697 
27004 28932 
7267 31343 
41813 48119 
37689 42074 
11817 29608 
31097 33264 
39158 42625 
41442 49288 
10241 24741 
20487 41260 
28797 45911 
5987 49034 
38417 42781 
28323 44355 
32440 34880 
18802 19183 
13635 37300 
37112 43739 
4157 16002 
17772 24698 
3214 25908 
15911 49530 
45476 48477 
15904 30633 
23976 41818 
48118 48156 
28662 47617 
6208 31250 
11675 30890 
9187 10397 
41328 43491 
13759 24928 
30480 45544 
10562 17940 
16241 20629 
2319 44556 
3671 33917 
18369 44588 
13239 48430 
4707 45351 
12462 28730 
35217 45908 
13554 32256 
7526 42903 
35186 47644 
47768 48615 
43343 46500 
37402 49920 
33637 37927 
43397 44134 
41954 47634 
37165 38536 
35554 43670 
49904 49970 
9489 28375 
21745 22369 
39708 42966 
45487 47101 
5468 42787 
18102 42806 
16227 38375 
13788 45554 
7327 13004 
36138 40951 
31532 39907 
9302 28022 
31176 32213 
1818 29652 
32536 46400 
49901 49928 
47169 48506 
48885 49869 
20161 39789 
6083 24136 
38336 46811 
35012 48195 
25550 44887 
13509 26310 
41999 49116 
47051 47276 
428 39231 
25755 45312 
46280 49063 
33470 44835 
11601 33237 
40357 44766 
29668 32356 
47102 47137 
28006 40624 
48233 49731 
2065 37936 
19475 32147 
7401 43908 
20165 35204 
5167 19050 
39584 45454 
29410 42476 
18449 33316 
29750 45417 
14528 48238 
38394 46866 
1419 39233 
16330 20582 
23684 30623 
3120 39217 
36376 41455 
15299 36665 
11847 27386 
1915 3681 
25313 42953 
32520 36537 
8242 44405 
34759 42045 
33602 38570 
4733 5729 
33077 38605 
29019 33679 
39561 39940 
17639 28285 
31611 48231 
5349 22885 
9750 35399 
21006 46827 
46540 49669 
11021 40809 
8730 10393 
45870 49074 
21493 27825 
38015 48776 
14790 44947 
43991 46315 
10822 12604 
25678 35440 
29540 38564 
10893 38732 
23262 36558 
6263 21408 
12248 26956 
12125 16287 
22734 43367 
30028 34127 
32458 48211 
1604 13494 
42096 42326 
14743 16629 
7635 15098 
16534 31609 
34866 36895 
620 2010 
18365 42820 
4384 13860 
6790 34643 
39676 43471 
38595 38882 
22482 23720 
5529 42564 
48507 49841 
3276 4157 
44374 44432 
13750 24468 
37378 40772 
4122 48173 
6749 30966 
27836 29867 
22264 32508 
45136 48854 
7816 11798 
37564 48371 
30182 37966 
12713 22682 
28635 45443 
1564 34171 
40671 48290 
31325 42208 
251 21882 
24880 30213 
42079 47534 
46619 49072 
22196 42608 
2787 20457 
29941 34866 
33036 47219 
38439 41769 
23236 37008 
4956 24257 
4795 24412 
11054 12310 
12970 22431 
10261 14992 
11590 38785 
33212 33920 
31893 40339 
35894 36312 
20748 21274 
6697 46373 
40973 41519 
33118 39485 
14864 40340 
28178 39870 
48029 49833 
22878 38979 
6869 26642 
18496 25733 
49878 49885 
28358 33593 
8427 35426 
45648 46342 
46911 49664 
21466 35343 
15935 18353 
2500 30489 
27383 29930 
24705 44022 
36962 38570 
3435 38326 
6524 18268 
44861 46944 
12255 21151 
29588 37192 
28992 46061 
6983 40198 
47650 49698 
7448 10016 
6623 31033 
8284 34791 
42729 43787 
4788 21053 
45802 45912 
48827 49023 
19113 44627 
22279 44303 
17982 33585 
4848 42316 
13166 43641 
2268 45721 
41866 48142 
22562 30441 
47830 49636 
34530 42000 
19382 45286 
13766 24711 
41821 42665 
12277 44534 
37910 48927 
15791 29430 
41678 42966 
6805 22623 
10236 40688 
417 1169 
41632 43251 
3299 21398 
5997 45923 
37536 39961 
35489 49643 
49295 49789 
40259 46880 
26119 40236 
40985 48802 
23628 34396 
23603 48895 
29584 41028 
18015 29693 
38957 49268 
2563 40593 
45981 46453 
41881 49065 
44935 46785 
20571 39656 
36735 44943 
20756 39593 
49218 49887 
15699 49142 
3235 32958 
14969 22598 
16176 42012 
21180 35137 
9906 30440 
26518 36121 
29694 33221 
15879 31483 
29450 41301 
20092 46448 
10149 19972 
17261 37284 
31423 36183 
26096 49367 
24923 31835 
582 23560 
1995 25791 
7427 39513 
48153 48615 
17727 29292 
21341 45661 
29828 47073 
7468 26390 
18736 18768 
1184 33336 
1840 37243 
27045 31201 
47028 47466 
17552 28816 
39487 46554 
23407 26794 
15962 29040 
26599 26714 
32119 35003 
47899 48052 
9268 17171 
12000 27914 
44500 44583 
13035 41068 
35758 40006 
24608 31691 
14640 19066 
786 47314 
30849 44795 
20993 25176 
6234 19939 
20472 38859 
36833 38823 
17548 42375 
32959 34203 
13919 25778 
22134 38947 
46835 47383 
34614 40425 
21167 25630 
18279 26383 
39056 40608 
39884 42800 
45768 49772 
23184 48939 
22673 46424 
44378 45934 
36377 43655 
13554 49839 
49885 49891 
43065 45186 
39869 47915 
20341 42965 
4151 31849 
31467 44442 
5319 13434 
25611 26655 
15954 34390 
11508 14064 
9478 19961 
13330 38760 
22333 49176 
12803 25250 
10915 29299 
16225 25129 
29394 48962 
1990 11192 
28434 33455 
38481 40030 
24947 36885 
23068 25594 
4146 48109 
40548 45674 
17199 18276 
39312 47353 
4733 42126 
25477 47178 
3991 46878 
19920 27835 
49367 49697 
38858 45836 
23702 40328 
37497 48656 
8107 15661 
29311 43672 
20648 36602 
48555 49175 
11695 48299 
39010 41438 
30588 36797 
20087 27915 
43730 44194 
39801 45853 
24452 49047 
45010 48747 
35147 48482 
44782 46267 
44749 46798 
34951 44727 
16022 48572 
40142 42689 
28523 31687 
23878 30923 
93 19001 
38661 42047 
42688 47592 
5893 44545 
42615 48208 
10722 26073 
372 28646 
16703 18875 
14303 15537 
35147 38308 
37752 39604 
539 10138 
21997 33757 
19808 43680 
26949 36306 
16187 23299 
30210 44129 
29041 40019 
39285 40792 
46244 48019 
2524 2875 
49947 49993 
34809 39734 
5593 13651 
18152 42294 
8090 11563 
7458 38365 
45314 45797 
44994 46214 
33135 47716 
4779 7253 
45334 48327 
4813 12134 
24390 33317 
19518 26301 
41557 45665 
24101 31403 
12192 48059 
16095 43118 
42662 43103 
45056 48591 
21300 31170 
14394 30905 
12346 39872 
5088 37518 
39393 43302 
35651 41481 
21394 37033 
4671 15479 
15126 18677 
53 47344 
30131 44271 
37153 47246 
33662 39523 
23515 43844 
37900 40476 
44682 47718 
13163 20930 
42030 42939 
28693 40845 
16111 43573 
33004 47974 
27304 46227 
27499 42876 
23130 45493 
44888 45225 
13700 17489 
45836 47836 
8977 14628 
128 7279 
22185 42548 
35394 39000 
42485 45722 
46376 49966 
11689 35697 
42459 44579 
30823 39161 
10666 25794 
49008 49354 
521 35832 
8064 47263 
39965 45356 
37493 47291 
14317 27967 
23996 30182 
13367 29042 
7846 20205 
9955 33675 
37796 40671 
36314 40950 
43803 49861 
37081 43357 
30583 33407 
7485 32878 
43275 46444 
17523 24410 
19136 33933 
43526 48510 
32290 33566 
46069 48655 
1622 29064 
23979 45288 
28576 45753 
33400 40817 
29048 36763 
1773 12792 
522 41419 
12709 22827 
42446 46161 
13437 38119 
9308 15659 
25950 29592 
1603 5157 
34069 36566 
8015 20374 
40580 49595 
40301 46202 
17076 48306 
37453 41147 
6479 42950 
10264 20230 
37397 42000 
30941 47982 
29036 33652 
21608 27417 
6861 47322 
26195 36686 
49953 49984 
23092 26678 
5444 45162 
1300 41504 
38153 44695 
11010 28620 
16892 24155 
31587 32321 
20896 25433 
41103 43307 
27171 37645 
37062 47340 
13065 16699 
2349 30887 
4840 47759 
32987 37822 
49710 49840 
42151 49342 
15041 28124 
44946 45380 
41694 42853 
42840 44600 
13254 28690 
18673 23882 
13949 32640 
44610 45347 
21346 32076 
47662 49983 
20367 49910 
12630 47791 
14296 16656 
15426 43590 
3412 36188 
31891 43885 
41192 47054 
38127 42790 
48889 49639 
34474 49585 
37428 40913 
11820 38191 
11156 22194 
19586 30191 
19164 20706 
19368 23192 
34066 34095 
21025 23618 
22194 38311 
26035 49920 
11974 37794 
3909 21333 
48532 49127 
19737 22363 
47513 49861 
14137 34017 
29471 31821 
19533 41678 
43049 44064 
39146 41817 
11270 27575 
4312 31341 
14717 48889 
16094 45004 
8478 38694 
34185 45625 
7283 25925 
24305 26201 
7956 28187 
35808 39732 
37718 49098 
33730 35757 
23305 39243 
10041 45412 
49918 49961 
21871 28393 
21297 37041 
45924 46743 
36653 46592 
3326 10950 
42800 45758 
24931 38553 
30145 33594 
34819 38943 
38904 43937 
29409 30332 
38702 48050 
33221 36401 
7920 44557 
44556 45664 
40983 43378 
29920 32288 
1944 17974 
30765 36674 
29612 36094 
32173 41025 
35873 43623 
46121 47145 
14886 28337 
9475 40151 
5980 49504 
14377 17327 
47681 49788 
24973 43511 
23014 42700 
42826 49745 
26261 49825 
28945 30564 
25114 30478 
6034 16647 
19528 27471 
30275 31158 
4980 41138 
17758 33858 
4857 46793 
17897 36714 
40200 41568 
39786 49660 
36545 47069 
21345 48398 
15688 23263 
12322 39766 
20248 40185 
31273 44250 
40710 47431 
25619 44026 
26051 46493 
38436 48577 
9962 25837 
29855 45870 
19972 41979 
27134 30809 
1368 41344 
8824 9022 
38973 40624 
2943 30567 
40092 41810 
3920 18134 
24886 36291 
177 22603 
25212 44640 
25556 32476 
32253 41370 
10937 31338 
35554 47352 
48599 48978 
11631 21436 
39878 41248 
4888 12775 
44917 49189 
47312 49194 
36857 39756 
44915 45537 
28357 40623 
20026 28145 
24906 38778 
16453 38857 
9938 49527 
18687 37721 
3116 17929 
19122 35268 
386 4174 
41125 47177 
40996 42666 
40629 43965 
12979 22741 
5145 13315 
26500 27984 
30312 39969 
17906 30434 
33065 46733 
41973 42261 
48281 48320 
42841 44103 
5647 28318 
11318 27765 
5544 7148 
39406 49036 
31033 44279 
1308 47389 
45297 49950 
36908 41392 
30058 34340 
30536 45403 
4106 10253 
29117 31373 
37822 45171 
14713 30380 
13566 14307 
40887 41342 
33499 41885 
5540 41922 
22685 25054 
19376 29380 
22367 44620 
9625 15697 
16052 48568 
670 17538 
41643 49601 
10580 11671 
87 40033 
37874 38733 
28976 38334 
39223 41873 
1052 15976 
5830 37854 
12033 22086 
13584 20061 
38020 39563 
6271 37324 
8633 22345 
9046 32427 
45252 45356 
4176 21445 
20749 49319 
15609 22218 
12733 26655 
47213 49678 
540 42120 
26997 35248 
5406 10324 
48433 49146 
15480 31871 
22929 38926 
48905 49339 
38199 49092 
1846 20040 
10392 34731 
12780 30047 
35389 39146 
13810 21819 
2617 49440 
22826 27299 
40678 49236 
21451 42492 
33615 36362 
13157 26345 
37697 39122 
20190 30134 
12202 26894 
3527 48372 
10905 21125 
38710 40315 
8272 13374 
12132 32556 
49700 49867 
7699 19645 
13756 30032 
24631 40057 
2636 17411 
37726 45945 
15742 29538 
7390 46052 
43586 45283 
13196 32931 
31988 48780 
18731 31214 
48451 49193 
12533 43355 
31268 37006 
4129 45308 
35640 38063 
34715 45758 
1275 18889 
26128 31964 
34529 47731 
28213 48419 
42605 43198 
37827 47994 
43452 48379 
12746 44568 
47251 47353 
34357 49707 
7913 38983 
4074 19480 
23168 32079 
25 6521 
32380 49918 
32125 42344 
16230 32943 
45456 49161 
20811 33472 
35397 49348 
19177 22447 
43840 45572 
32220 44978 
21607 33607 
28754 30758 
27321 39991 
33769 41073 
30519 37520 
5546 46725 
11911 11970 
43333 48557 
40273 47431 
36087 48718 
40621 44175 
4685 27484 
28090 47517 
7646 38182 
48627 49553 
18282 21747 
3306 35157 
29298 48421 
25570 43389 
34426 37170 
44899 48564 
28036 44815 
4253 45211 
41381 49855 
47970 49448 
31409 47732 
21852 38098 
18222 42709 
18865 37822 
17706 34119 
22151 40601 
29862 45451 
3555 4497 
164 9743 
31116 33678 
8775 12111 
47279 49106 
36967 47022 
20706 48464 
35746 49126 
33578 34143 
7959 21051 
42330 44351 
7348 46595 
26917 31438 
38954 41560 
48490 48542 
14240 32778 
38690 40023 
13239 26125 
11746 25991 
49349 49962 
16368 43234 
42330 44608 
33129 33509 
49223 49997 
13661 39114 
15929 20305 
4563 11220 
21026 23024 
13200 35011 
40045 40992 
29343 33796 
38239 46546 
7059 34179 
589 9140 
36543 43589 
31141 42481 
1548 40369 
12904 40922 
29200 35035 
25726 32242 
29338 31405 
6538 46794 
39982 41326 
40813 45239 
39866 48465 
33216 46598 
49209 49529 
25017 25136 
34235 49815 
13258 13859 
45280 49627 
49771 49918 
15139 21104 
22757 29090 
29385 49847 
40081 42036 
46684 48248 
27182 29034 
45974 48615 
39243 41860 
47600 49735 
659 28908 
9610 29403 
40731 44796 
22690 49077 
47548 49026 
5433 10532 
33970 38641 
23183 45794 
6693 47031 
17402 48715 
842 19654 
8247 17564 
35638 45890 
47066 49441 
39234 43103 
34890 46495 
49298 49576 
29274 33932 
47784 48542 
40441 48908 
11632 27780 
1395 31181 
29188 45149 
35252 40006 
30654 43062 
20951 42313 
22024 31280 
5034 49510 
6215 23092 
8354 30892 
23324 31219 
33224 41798 
22553 30532 
34796 47177 
909 33266 
24341 28516 
43748 45565 
17965 41127 
9869 31515 
46299 47006 
41460 44582 
18679 28799 
1475 35851 
40642 41322 
539 45226 
41257 49824 
28892 47062 
8423 36615 
804 20621 
6670 32774 
24713 39756 
40270 43860 
36611 38837 
22157 47499 
12937 28316 
1236 31465 
38837 47562 
21678 44215 
28761 29364 
42820 45305 
13097 29921 
12682 26644 
8888 49684 
22626 25191 
37905 47876 
48235 48737 
37432 41462 
21317 36131 
32795 35004 
40508 41814 
43271 45849 
34597 49516 
24222 43137 
10001 22097 
10209 14239 
15727 28758 
9696 41591 
30404 36483 
31911 49683 
9769 32875 
43147 46013 
6883 32350 
21780 37122 
8610 20124 
25961 48216 
19122 47292 
24624 39901 
16530 36763 
43904 45182 
17833 47681 
25550 46534 
9121 26547 
860 49078 
4509 11102 
9917 39750 
23952 48576 
4684 30522 
30806 43863 
4428 20057 
27827 40751 
21344 39368 
32687 43653 
37864 47015 
36968 38872 
20023 46315 
36296 39459 
26768 35280 
29905 43576 
20007 34250 
18180 28304 
48320 49622 
48239 48803 
27109 28784 
33851 47055 
29572 43519 
9693 18979 
9733 19186 
34778 34830 
39382 45054 
16013 39145 
16841 41505 
30060 42315 
6415 45798 
23034 45164 
10439 17968 
30704 38223 
26243 33585 
49432 49597 
3326 4835 
24575 33532 
38813 44870 
31255 42908 
19975 26298 
43807 43830 
18497 45266 
30104 30259 
26443 38722 
16611 27926 
25419 43010 
13060 43210 
3425 35917 
4640 42794 
49074 49813 
37959 40536 
21082 46667 
30330 39263 
39389 44545 
27689 49778 
23587 23786 
43056 44971 
2094 24741 
40977 45333 
33055 48055 
13598 38833 
13355 42393 
16630 36008 
31751 39684 
12590 32497 
17491 44459 
35721 37888 
25301 32186 
9470 19060 
2968 46291 
809 13938 
35764 38093 
37683 49291 
42328 46825 
7310 44107 
17496 23067 
27416 35195 
35504 43319 
1606 30600 
10456 43857 
21151 41627 
14324 15724 
46473 47480 
8236 21481 
27330 31765 
30558 48034 
8905 9388 
30752 37583 
27503 37969 
4349 13576 
30543 47392 
48632 49528 
29444 47453 
30583 42477 
41813 45533 
37851 48181 
43099 43887 
6252 31258 
9587 36161 
18392 26011 
7707 36083 
28926 35971 
19819 47808 
42121 42947 
9769 18496 
37784 48756 
14074 30374 
30649 40377 
13874 34505 
7675 45423 
6303 11322 
44023 49718 
1512 43602 
37692 39415 
25194 30881 
19537 25483 
35411 49273 
17375 23803 
36813 40988 
40728 44421 
1705 47846 
44995 48923 
41256 44214 
4106 31160 
5764 47695 
25327 34130 
11724 44732 
12163 16811 
1516 26170 
37861 39819 
15156 44341 
27904 33722 
36931 42782 
48707 49849 
28703 45941 
26322 47080 
23839 27050 
11494 26916 
18612 41609 
10623 45068 
23837 48469 
5057 35928 
32627 44235 
10328 48126 
32117 48074 
8973 9331 
35101 47700 
24774 32600 
20665 43828 
48321 49874 
45379 47817 
28431 43580 
18950 26553 
43130 43650 
49341 49536 
28859 49966 
27621 49158 
33256 35976 
24836 33849 
16297 34233 
30251 43249 
31197 41910 
36674 45197 
10143 19017 
5961 46851 
9046 17131 
28212 47753 
17466 20235 
46873 48472 
1330 10818 
49577 49938 
14990 25934 
29381 41407 
46665 47172 
41093 45250 
25650 41744 
22115 23434 
43531 48026 
40693 44364 
13692 39259 
44836 45055 
4847 8534 
28849 44573 
4528 46622 
9866 49441 
11135 44732 
30069 46772 
9730 49712 
29470 43439 
6921 46187 
45668 48828 
40335 41146 
4368 31070 
16948 17002 
38890 38902 
35044 35672 
9604 24700 
29827 49380 
13710 15548 
42286 49798 
41399 47057 
36233 38180 
37108 39250 
48612 48912 
22639 31375 
28697 46239 
46938 48943 
1790 14813 
25283 48500 
13096 31461 
8565 9391 
17262 41294 
2989 33501 
18057 49915 
24429 49049 
36439 37994 
3946 33321 
7808 29085 
25954 40537 
39831 41841 
48260 49684 
34830 40826 
22932 35113 
39815 43007 
32801 36264 
8497 14829 
44405 46384 
5248 41818 
20176 31959 
33394 42839 
2267 27303 
16588 29016 
44078 49280 
1279 37102 
34817 38333 
5172 28274 
5426 5460 
19885 29088 
48152 48253 
15723 29188 
25754 37128 
19262 27078 
237 14235 
27104 49557 
43309 48456 
38983 40560 
16141 44646 
30499 38862 
38742 42289 
21562 45475 
49968 49998 
1208 35125 
35143 43131 
654 26158 
44557 49174 
3754 15315 
42461 49232 
43721 47957 
1184 26162 
1909 49788 
18154 25412 
36517 42715 
14089 27684 
21958 47892 
34649 37294 
17948 39510 
11170 44050 
33542 42313 
44298 48348 
30211 30991 
37498 39578 
16856 40002 
35856 43737 
21960 24991 
9874 39093 
28457 33187 
32205 39937 
35135 48581 
34356 38484 
41896 45423 
25377 47032 
6164 20125 
25294 48484 
9344 33878 
33756 48910 
48311 49435 
19369 36006 
28524 43039 
1136 11425 
48674 49095 
45921 49867 
34755 43471 
20750 37947 
19023 37099 
10126 45869 
27691 42331 
2612 40653 
19790 26100 
24402 27225 
12804 43064 
40999 47191 
22204 45707 
15173 48009 
3070 14556 
9998 20375 
14012 23037 
20329 31993 
44384 46614 
47544 47643 
49713 49757 
44096 49437 
32925 35945 
2083 42837 
23946 32109 
39406 48660 
37820 40301 
6207 41834 
34652 49679 
44731 45999 
16458 48735 
14234 41999 
26587 41826 
10045 41445 
17430 26857 
26237 38871 
3440 12737 
42888 43970 
32197 45038 
40828 44241 
7206 47253 
47912 47930 
8496 39755 
25784 41030 
37692 43836 
36995 39678 
25927 47878 
23831 36640 
21393 21924 
43790 49025 
14500 36859 
31969 49209 
13452 17349 
12265 14315 
46536 49130 
35531 39293 
7145 9834 
46900 48480 
28855 48780 
5382 41203 
10331 13594 
39702 47899 
2933 26211 
14095 48717 
5950 19019 
20937 34414 
45910 49829 
31263 37683 
9962 49730 
39084 49835 
40815 44336 
22199 34538 
6011 13825 
40317 44655 
42884 47553 
4512 38740 
9678 48296 
31860 34995 
16983 26992 
41613 47922 
45465 47897 
14622 20308 
26585 39428 
20722 33790 
27538 44464 
48730 48897 
27501 40801 
17768 26581 
121 38432 
17402 49843 
33582 46705 
2248 30235 
27117 32642 
10728 29054 
8420 44334 
4382 5136 
22476 24737 
22182 27864 
34315 44654 
11077 37856 
10551 36328 
22215 44726 
4616 11512 
28549 36988 
34954 37081 
7531 48591 
36847 45275 
44120 45268 
3116 11783 
49983 49987 
49253 49886 
42974 48569 
33421 33445 
32116 42897 
17078 32951 
31795 40190 
22566 38188 
25400 35928 
32793 36829 
18443 37198 
15618 49399 
15086 34571 
31776 41538 
15676 40550 
36589 46384 
6975 47339 
31327 40840 
39852 46951 
21427 49847 
22553 29424 
42673 45131 
8889 44512 
36498 36597 
37351 48102 
41051 48548 
16371 22354 
36473 47765 
33277 35280 
43868 44392 
18697 42584 
25635 43434 
27848 41541 
43696 45981 
1957 24951 
21105 32979 
36733 44862 
16145 47612 
16124 38026 
4472 16264 
18844 44319 
26458 42621 
38316 47419 
17827 36320 
4408 40490 
20266 21784 
37802 41872 
8888 47206 
4440 28050 
46191 46457 
38011 45752 
19126 32952 
4588 47576 
27991 31251 
30641 36617 
47833 49441 
7036 37006 
10493 26689 
18944 40056 
47627 49489 
34551 36808 
40792 44626 
2839 19769 
7523 44929 
35357 45500 
9141 49398 
40589 44059 
20730 29170 
8555 46413 
49351 49777 
40712 46795 
14837 15130 
27028 48012 
29805 30168 
38370 39703 
22033 40890 
10442 18086 
37372 38090 
35027 40831 
23401 31569 
10170 25028 
4527 22044 
42235 42669 
23594 39108 
1664 34704 
38478 40299 
40093 46019 
38423 48659 
11447 33847 
645 36275 
656 30685 
13684 29450 
10170 22384 
10057 40814 
31595 34899 
7224 44665 
30117 30431 
48246 49428 
1187 13044 
17115 24418 
42803 48395 
40329 44328 
2937 24522 
36469 42201 
46116 48527 
48914 49373 
10303 39474 
29764 32217 
6967 33725 
30548 49285 
13405 44259 
11843 45550 
841 31761 
42820 47674 
45351 46860 
15859 33971 
32446 42248 
21091 31239 
9865 31030 
32182 47779 
37049 37938 
39278 46665 
25061 42654 
46231 46915 
44883 48236 
32370 34099 
2998 5271 
47141 49036 
10905 31559 
41648 47751 
43668 46748 
28701 32740 
18043 21577 
20970 26843 
15856 29883 
47257 48101 
10190 47484 
27849 38710 
7893 23186 
4146 44434 
46910 48530 
22178 35719 
3834 9808 
14022 45272 
18942 42197 
43720 44096 
11125 38736 
39734 42889 
40685 44179 
29948 49971 
29146 33896 
49539 49617 
183 35013 
44122 49287 
22461 28819 
30132 45494 
28988 40271 
16705 37791 
5821 41361 
45776 47830 
33026 48764 
25847 33342 
38944 48861 
8558 47490 
42059 46247 
5524 6239 
38296 38834 
26703 35576 
6901 34962 
12968 22573 
39716 43021 
4469 25016 
40221 43758 
17980 23937 
34514 47108 
15343 16524 
27835 31841 
36678 41994 
15161 27875 
40018 41784 
16109 44551 
8938 37843 
32546 43842 
3006 6415 
15681 27237 
37508 45272 
25572 27585 
35253 35679 
43406 48080 
44144 47731 
8489 18391 
21892 44975 
22993 38795 
35716 44048 
32132 47793 
41331 41628 
7641 18369 
14213 35631 
39698 46291 
46136 46782 
48452 49364 
4471 8163 
2363 20824 
43485 44325 
5469 39626 
33305 48235 
47302 47353 
42918 45205 
1528 24028 
40683 46328 
34801 45211 
40667 47557 
33984 44328 
17180 24650 
6246 42988 
32121 43069 
8308 26707 
28230 31488 
9278 33669 
14538 30239 
5459 45678 
18413 30276 
37072 38789 
47972 47987 
31094 47043 
15563 45581 
31188 45286 
27111 39626 
19460 36289 
22950 32819 
13816 46182 
32996 33951 
39078 45770 
1471 38977 
32882 44479 
4463 10215 
1875 44668 
30326 37549 
25533 49685 
47129 49836 
4316 26905 
23210 42444 
35077 39591 
35424 40511 
16731 49862 
44106 44842 
21683 45989 
40333 49870 
25853 36609 
14007 29359 
29113 41008 
16674 32224 
34990 44774 
45809 47571 
28442 46401 
7089 33278 
47100 49924 
17653 46289 
17833 20118 
10159 22981 
43360 44475 
12392 30517 
27258 36894 
45814 48684 
32709 38999 
34031 36402 
36847 37844 
41539 46971 
43061 47564 
24231 43569 
23194 44514 
14712 15015 
9033 10033 
1158 46357 
3558 28487 
12548 47285 
46897 48035 
48283 49481 
35647 48682 
10775 44961 
32966 47078 
38738 46816 
43616 44164 
26916 44881 
23588 45863 
23113 46499 
39659 43135 
29118 42499 
38743 43530 
26542 26817 
16267 30251 
17128 41014 
43418 44624 
20150 49427 
37629 40285 
36299 39205 
31374 46601 
15934 39576 
13465 20940 
24057 32503 
25094 47607 
24023 42461 
14996 30583 
2776 32142 
12983 20366 
42214 47200 
605 31365 
18253 45612 
28373 47488 
47307 48597 
26359 43850 
38403 49306 
43824 45337 
43521 45987 
10229 16249 
34653 46073 
14084 46096 
16586 26111 
11365 41282 
40824 42249 
11531 33831 
10127 43628 
7502 40968 
6429 41115 
4572 47399 
29546 37833 
39477 40638 
32502 49600 
28650 29992 
4292 16900 
9350 47810 
48774 48934 
12922 15145 
30136 48175 
33064 37912 
24631 34227 
8641 39231 
654 22383 
6024 30193 
21424 48421 
9145 16920 
17592 23314 
22983 42971 
673 39439 
11667 22073 
41915 43840 
425 17286 
31104 34365 
32258 41796 
26844 29474 
39558 48846 
36270 38206 
45496 47296 
6832 43014 
24493 46046 
48572 49216 
25137 28779 
33137 39131 
10978 25599 
23646 33801 
561 41414 
22839 43251 
41975 44329 
23192 49566 
36411 47662 
15456 18099 
30501 46626 
27329 33388 
41544 44024 
8771 42224 
10287 37988 
25233 39159 
23125 44774 
48195 49550 
49516 49522 
27953 46834 
14901 19192 
3906 34483 
45588 46724 
15469 29296 
11679 23259 
26473 40285 
42647 48833 
28099 32395 
24439 34188 
24024 26514 
7278 22679 
48183 49209 
2480 19338 
26379 36845 
877 23278 
33510 44196 
18826 34789 
49880 49997 
6550 35810 
10628 42458 
42791 43224 
17254 19655 
4383 11557 
3313 40707 
23740 39197 
39982 46199 
23864 40008 
13774 27816 
1645 35253 
37830 45655 
26183 31633 
42736 46185 
32138 39234 
40655 43705 
28719 33760 
26443 38458 
18378 28783 
11124 40304 
21651 31228 
27682 33363 
17329 42471 
19190 27573 
40914 47611 
21675 39368 
32289 36549 
23924 39992 
44552 46391 
24484 36933 
12183 41928 
37881 40411 
30279 35720 
16562 28722 
30493 42984 
8524 24881 
13811 19252 
48866 49980 
39024 45061 
7642 37060 
23031 37755 
32968 42116 
19877 33781 
44951 45414 
12231 46437 
26559 41803 
14102 30149 
39103 49171 
40863 49595 
24055 44846 
23832 36774 
41669 42203 
42391 44519 
28193 39828 
17237 47446 
28022 36915 
21059 39448 
29582 35757 
28164 44188 
13525 48783 
33708 33834 
40002 42158 
16725 38528 
48708 49341 
21502 24536 
28768 37117 
26866 45683 
15519 30247 
10031 37200 
13165 39189 
17181 20316 
40576 43614 
32474 49529 
4992 29749 
15783 23775 
31035 36950 
12150 29992 
7389 9354 
14758 49143 
23805 29202 
13728 43525 
20596 25710 
5246 45756 
16258 18461 
10708 23942 
24687 25962 
20735 47204 
14538 22828 
27579 36189 
38152 42191 
15264 47466 
17450 22443 
2090 18126 
45961 48356 
38002 40502 
48624 49207 
8093 39418 
5747 43895 
48327 49243 
49215 49643 
45299 49540 
6297 45149 
40139 41687 
9739 44448 
47275 47297 
48007 49365 
44369 44435 
27100 31778 
40554 49885 
21388 44840 
6135 45797 
32998 42580 
3337 38425 
26930 38141 
7698 38438 
23932 48711 
20103 30544 
8174 48953 
1474 25602 
2126 11110 
22242 46679 
4351 8743 
19597 49871 
5495 33425 
36681 46290 
13774 31571 
42816 45508 
31119 38445 
30701 41951 
28321 28601 
9264 21545 
40438 42722 
8947 39028 
32200 48635 
1524 29262 
22644 37516 
27801 46959 
37274 38035 
15267 28925 
8047 17905 
19260 39769 
41341 42075 
2295 10616 
32805 49378 
24425 40492 
28569 31183 
28988 37759 
46656 49217 
48368 49911 
2428 30670 
34405 49672 
35794 41221 
14753 28618 
12566 37765 
7874 19476 
24616 29886 
27842 43199 
21362 28091 
10989 33466 
11888 31011 
45430 46413 
28893 46576 
13245 42016 
16491 33435 
22079 23998 
28833 35514 
34586 48706 
27494 30172 
5453 45213 
17859 38149 
17339 31464 
31466 43089 
12703 39592 
48590 49049 
39747 44109 
33953 45636 
14363 47166 
41906 48556 
5595 31125 
2786 14662 
31854 47519 
37670 42727 
12003 43993 
17978 49576 
7730 26123 
36557 40203 
45694 47108 
8550 12789 
206 42251 
1862 42250 
27176 40735 
33695 48080 
11846 44598 
22000 37794 
24069 35800 
17638 49713 
11542 44283 
31448 37610 
21088 45982 
42733 44518 
8619 31102 
34635 35402 
22640 26134 
41042 49439 
39009 43765 
2279 44348 
26765 33545 
43455 49634 
10585 16114 
32690 48128 
22331 29319 
49647 49910 
44579 47519 
43650 43917 
26308 48553 
12729 42001 
42698 49953 
32383 40194 
11276 36143 
25797 33125 
28532 40563 
38746 43485 
778 9812 
3266 33617 
8153 33816 
46538 46988 
32108 38217 
5500 13848 
15393 48032 
37390 41395 
34013 34667 
27013 43729 
41000 42448 
36535 42816 
8571 28976 
41452 44073 
47478 48096 
35293 46937 
48546 48944 
18093 38331 
965 15478 
32915 37468 
29445 49389 
8152 49792 
934 33162 
9163 24756 
18448 34467 
23399 39239 
31168 40258 
3825 18869 
25944 43234 
8257 18446 
18701 24603 
49467 49915 
14323 33787 
31521 37119 
21849 36594 
49682 49906 
33621 36387 
13021 40510 
30897 48711 
13758 25721 
6914 33679 
21607 24125 
40011 45932 
44269 47322 
48857 49228 
4038 45733 
27880 33919 
23104 49088 
14311 36520 
2791 38530 
6281 22710 
2450 48244 
40168 40746 
37950 47488 
22577 38629 
6043 21668 
38033 40891 
9316 26246 
22090 34478 
28774 37399 
19322 31208 
23705 28414 
32159 37772 
15763 41824 
32112 36257 
699 17440 
13405 30769 
22747 46777 
32082 42067 
33963 49420 
30422 39134 
49319 49447 
9726 27500 
43314 46734 
1539 16569 
2380 29774 
37816 43479 
33644 48088 
49844 49873 
1058 36063 
46145 49431 
9720 14605 
25689 43875 
14608 15685 
9405 21030 
13360 47189 
35656 47725 
18519 39311 
28135 45082 
2415 40749 
2637 23053 
43412 48857 
13635 24949 
19479 46501 
31581 44323 
39310 43838 
8282 41960 
25782 42401 
29789 41960 
35316 46595 
35876 37814 
17798 36366 
14800 42058 
39601 43077 
14090 25263 
27417 46513 
47270 48100 
18604 20062 
12673 31511 
16789 41233 
35402 38709 
1997 18877 
46528 47955 
47708 49907 
30739 35653 
30329 38658 
33199 38992 
5715 39103 
34110 34334 
17897 43831 
21083 39586 
35407 44093 
34871 48510 
13199 40567 
3373 49393 
17689 25911 
34138 37267 
17997 40912 
37519 38834 
34900 47071 
39167 44943 
7577 23220 
28484 42844 
38794 47420 
15048 24373 
48690 49100 
323 3002 
42 33595 
23736 45391 
2847 3485 
41844 46634 
33672 34762 
24323 44493 
15487 23842 
26313 46577 
6654 39469 
23349 36104 
46659 49640 
17445 48274 
37683 47865 
34901 36834 
25975 48737 
30336 36825 
40946 47939 
43338 45489 
14260 21452 
19126 30545 
20448 32638 
19101 35860 
11223 28061 
2615 19433 
1112 19338 
20766 37619 
8646 36793 
36053 38549 
11607 25390 
30788 34563 
14318 15658 
7444 20145 
24782 46566 
16485 28667 
31621 31995 
27041 32666 
44868 48221 
13406 29894 
15123 42765 
29605 36592 
27522 47545 
26224 43222 
21071 34868 
1639 45688 
12660 18792 
29720 37587 
30455 39645 
3492 15445 
26222 49422 
42043 46837 
15393 32598 
21543 42647 
33660 42361 
11672 37402 
31197 41526 
32723 46588 
40568 42703 
7930 30563 
38660 47030 
39187 43222 
14323 46147 
18749 38887 
47766 48251 
4221 8779 
43488 48293 
37758 46003 
26519 32329 
21740 49193 
10330 34325 
8291 19702 
2883 11274 
26374 43274 
846 7454 
2722 34529 
44094 47479 
19406 42726 
36539 47247 
9322 36449 
48494 49779 
20442 24871 
6569 41442 
18642 46312 
42396 49447 
29131 34760 
29914 41070 
36635 49218 
45216 47701 
41216 48854 
24535 41502 
214 14907 
2880 41981 
32239 34717 
8078 34553 
41584 48484 
45499 48131 
18297 48869 
28561 33957 
26169 46900 
31222 33241 
49451 49493 
38958 42268 
27911 45455 
33146 38372 
49098 49106 
2288 44743 
36085 38358 
47741 48789 
11682 17040 
35284 41193 
33230 49194 
7287 19719 
22848 30021 
39399 40310 
4258 41351 
21637 34361 
13207 48373 
11409 47658 
72 3681 
32147 42738 
8815 20353 
16563 34714 
7829 23478 
7606 48444 
5393 43324 
20927 39810 
6096 27865 
19765 40081 
15341 32086 
46724 49731 
42184 45261 
18193 34480 
9497 20807 
42719 48912 
6166 20437 
3012 41961 
40895 42546 
24080 46676 
39182 39804 
14755 39381 
17647 34398 
40394 45382 
18617 44012 
10676 35176 
49103 49946 
21383 22693 
5746 49930 
26512 40615 
42332 45929 
38918 45024 
10327 36899 
784 35559 
9983 37606 
24269 49557 
48276 49425 
35778 39131 
33329 37333 
10478 15588 
27568 40099 
38302 41477 
23197 47529 
49882 49990 
14725 21224 
23137 37635 
44674 45203 
33875 46063 
42714 44868 
1449 23736 
17098 19163 
39910 44469 
31287 46150 
1084 26835 
41847 45926 
30546 44043 
31778 38500 
24208 29595 
4711 17958 
11384 38691 
3014 24932 
32140 41227 
4373 4411 
33016 34179 
49599 49768 
12009 47334 
33252 40689 
31045 47312 
46683 49669 
19351 39749 
37906 38111 
27207 35860 
36639 36916 
34269 37145 
1692 10672 
6490 21358 
2039 6496 
40135 45976 
11826 15766 
1912 18801 
8048 25460 
2962 23534 
35525 41039 
32996 48661 
20498 34790 
37281 48057 
14187 30656 
44379 48802 
44373 46479 
48096 49191 
49708 49948 
24178 43642 
20660 45555 
2616 15583 
37488 38403 
2188 39650 
19957 38509 
31515 49540 
3095 6597 
4112 32162 
4748 35398 
33140 49781 
20541 35268 
28675 32597 
46578 48252 
42289 49887 
3559 42945 
12850 19494 
3917 37425 
36499 44502 
9344 42129 
47028 49552 
38611 48420 
36878 41391 
43810 46948 
28683 45719 
32528 49021 
34264 44486 
12679 25707 
2567 11827 
30175 36323 
28645 31888 
35118 40169 
30039 41533 
13671 29249 
22753 44421 
2754 24346 
41984 47630 
15154 33741 
36062 40351 
16508 19717 
35290 43494 
39526 45498 
31560 38885 
19761 37188 
46070 46194 
31756 34064 
38902 49706 
22332 24832 
15213 36995 
27208 47706 
2651 17839 
15719 37603 
10900 48197 
45006 46760 
9616 35759 
13064 42198 
300 28161 
47956 49443 
35070 44517 
33346 46185 
22528 37506 
37076 45798 
47213 47493 
38170 48805 
30033 45149 
17602 36532 
26578 37369 
39766 45186 
28406 39516 
12288 39325 
33559 41021 
25797 44444 
23607 38731 
47499 47917 
8390 28162 
14490 24653 
9703 44732 
1599 25273 
20125 39520 
6428 33566 
25320 44965 
7518 26087 
32154 44656 
23817 47504 
46275 47113 
19571 41731 
33556 40200 
45184 49580 
40464 41975 
7977 37208 
20985 31732 
40387 46291 
21854 45860 
6280 10943 
42317 43261 
43783 45664 
3402 35539 
26768 36121 
19925 29838 
14501 48384 
48764 49765 
49383 49454 
23903 37877 
26035 45141 
31338 39000 
43422 48770 
32313 39170 
34686 45047 
41225 41737 
6877 41827 
36454 47807 
25307 43582 
34375 40366 
6430 11629 
37993 42964 
45038 48588 
40392 47705 
38313 43614 
4669 19229 
9938 20847 
3162 47300 
46824 49265 
13144 37178 
35878 37534 
26175 43293 
5121 48171 
19964 20289 
37679 43294 
8535 24635 
32822 35647 
29886 42050 
12302 48712 
494 44290 
39632 42418 
11975 41114 
37836 39409 
48933 48949 
7496 12328 
10964 46080 
43676 45841 
44055 49672 
24267 32209 
9594 39794 
28201 36497 
38529 48385 
15935 16767 
47170 48391 
29181 49691 
41249 49611 
16757 20854 
36594 42799 
33787 36017 
27752 32950 
22009 34504 
17150 25688 
19348 20658 
21858 24003 
24820 33847 
29352 45552 
9330 38364 
18796 20399 
4787 26028 
29096 32141 
46546 48143 
4411 10103 
44798 48584 
22903 35001 
23011 35554 
8223 25149 
45165 48582 
20783 48913 
7350 42737 
4299 9861 
33142 41176 
24512 33298 
29991 33320 
10324 45602 
28197 47193 
34687 40809 
6208 34394 
35394 44416 
25270 49477 
14856 15891 
40417 45660 
19495 49139 
17190 35026 
29229 33950 
18923 34722 
34510 34814 
4632 35962 
45227 47425 
14603 20011 
30410 43073 
4864 39459 
5268 13947 
26743 43228 
42830 43048 
44846 48197 
29267 33736 
456 37719 
36518 44357 
49829 49918 
48357 48417 
30691 44966 
29420 42095 
27607 41436 
30112 41489 
17464 22521 
36663 43595 
24616 39922 
10963 20946 
27303 38482 
21228 39917 
41245 45630 
20194 25261 
25507 37136 
9563 28029 
11706 49425 
33818 47096 
49054 49826 
25789 27397 
35307 39531 
25998 47771 
4486 16175 
25653 38681 
31178 38881 
27476 44176 
19874 49955 
15607 23764 
48864 49027 
38017 43631 
14210 24563 
22253 27421 
49449 49666 
12434 42211 
29412 32578 
11780 40436 
15420 31479 
1769 3501 
18257 19577 
8122 28155 
13593 30633 
26473 49366 
268 17888 
21147 29251 
8306 33876 
41265 44109 
20471 39184 
17828 27949 
28291 38680 
24478 42425 
23751 31119 
11950 26223 
41273 46885 
316 38181 
13773 32120 
39827 42328 
3183 30914 
11751 39463 
38943 48875 
46118 47421 
35234 44887 
3508 29224 
47414 48342 
34965 35565 
35619 47410 
13957 36876 
11343 17321 
47381 48334 
2149 10617 
49682 49684 
7790 21678 
14005 21110 
6689 24210 
26856 29686 
25497 36951 
33548 36784 
44195 46589 
10901 36460 
8548 15336 
9331 23675 
11984 14590 
19876 29075 
18480 47623 
41414 47398 
6130 11723 
16421 30829 
29234 36305 
46181 46986 
8206 24194 
14344 26433 
1383 13887 
11451 13360 
32328 35957 
14856 41619 
9537 33884 
3651 34765 
4 11528 
36732 36767 
18423 29618 
21749 24758 
15934 26141 
5717 29672 
32488 47986 
30764 33262 
34444 38239 
4809 27441 
38292 47526 
6306 39633 
49715 49851 
2985 46411 
20211 49060 
15079 35651 
16994 40622 
34119 36821 
14539 35977 
2319 39073 
9533 33749 
48967 49042 
28325 39193 
17303 20797 
16426 48013 
9776 14254 
25668 39506 
15576 41338 
8544 25074 
9920 31902 
11559 48240 
36561 48680 
553 36277 
47927 49397 
30790 36785 
9523 14632 
42094 48705 
41676 49382 
30755 33106 
18694 33603 
17187 40644 
18011 49078 
25927 29441 
19363 36086 
4089 36777 
28482 32094 
16985 26002 
12285 26474 
43077 43531 
45213 46223 
19395 33936 
12788 27981 
34313 43267 
21406 32453 
18135 41892 
16969 30864 
16739 29960 
16696 35765 
4238 10366 
36152 40032 
39287 39535 
19259 46890 
14874 26299 
23967 29222 
21147 49925 
40016 46631 
42695 49444 
40951 41252 
25893 43847 
39806 49328 
7551 17075 
42236 44347 
26337 48025 
9209 11940 
13363 44432 
40919 47305 
706 33616 
25791 32513 
39633 46607 
10369 39968 
520 38543 
3195 27777 
1890 27674 
26035 38665 
34391 41887 
35065 45393 
18200 28776 
41837 46530 
47250 48646 
16130 39004 
34094 41301 
28234 30032 
21026 34580 
22550 40372 
32112 41516 
43188 45447 
9506 32300 
39297 39676 
450 4618 
42457 46770 
25177 39747 
10923 41136 
39444 44881 
20179 44839 
43743 49502 
3878 19370 
40203 43020 
2654 17565 
31852 36620 
36348 38570 
43977 48693 
12993 45430 
2038 16878 
35047 41415 
23013 25934 
20734 29228 
47488 49215 
22213 29200 
7425 23004 
24599 40150 
46965 48088 
7591 23845 
12983 19361 
19359 24644 
43445 46057 
41926 49052 
39597 49149 
3589 29383 
46438 48838 
4231 31487 
44038 48935 
24245 32688 
24454 31437 
26794 41460 
19865 21771 
46146 48301 
35693 35893 
13694 47310 
23329 25561 
24824 46511 
34525 38953 
2017 16428 
4585 24505 
48140 48335 
4311 35874 
14811 29553 
33034 41301 
46027 48379 
42149 46063 
47661 49581 
628 3100 
12955 20794 
4507 33275 
34215 39614 
29324 42104 
30277 39253 
5291 24691 
45487 45840 
17854 22393 
22135 30302 
2193 41838 
38221 47993 
25486 33769 
1498 28870 
10211 21588 
2664 6319 
22735 28200 
34845 37719 
43608 47973 
4798 47481 
48521 48952 
39963 44033 
15454 26468 
30553 49271 
22265 27114 
44661 47690 
48662 49957 
13861 16694 
13500 37495 
27104 45507 
14851 40393 
18428 34072 
35150 46872 
34344 37831 
27398 42484 
33697 49704 
28146 28906 
31351 47038 
15723 24957 
11984 18461 
7229 43273 
16147 17099 
30245 41159 
30863 33665 
3889 19658 
14895 16642 
44490 46301 
16252 30975 
11058 24732 
48109 49464 
43838 44521 
33341 41303 
10180 15258 
45978 46784 
2040 18907 
5680 24043 
30089 34047 
45801 46832 
42763 49596 
19959 27194 
36534 37158 
29144 31183 
16787 48415 
26877 48587 
14953 18028 
36326 45690 
32281 49277 
601 10653 
8343 43796 
24397 46174 
4313 12787 
43281 44325 
27081 36506 
19785 41439 
23686 35832 
14216 48377 
10511 38940 
8162 20282 
11765 42264 
16408 47892 
17569 33750 
18398 46619 
21515 40473 
15957 17758 
9771 13047 
10774 15382 
33979 45904 
47277 48817 
30762 35217 
20098 35967 
39343 42748 
5852 13989 
41205 44528 
5335 11872 
39736 45759 
49604 49649 
39982 46614 
9280 48072 
27439 30288 
43111 47535 
45225 49022 
27409 44939 
5510 29672 
24095 30217 
33075 37592 
31033 40674 
12252 23014 
5536 18165 
30680 38703 
47879 49548 
34432 42606 
22816 23534 
33407 45798 
48148 49111 
43275 46881 
22553 48157 
29242 39326 
32878 36590 
30105 33378 
19384 33272 
35745 39457 
38207 45790 
22623 46987 
7584 28336 
20890 47248 
21311 41315 
38178 45519 
7997 12558 
194 3399 
22773 36333 
1035 25247 
25638 49887 
20494 38632 
27180 48214 
35386 36798 
43830 47094 
6099 18246 
20506 40092 
46445 48749 
45275 46101 
31483 32846 
46633 49942 
27036 28189 
37623 44472 
21199 21565 
12844 48428 
16999 27430 
7765 44188 
48603 49107 
40744 47842 
34250 46368 
25967 41357 
45302 48344 
3245 31067 
17469 37501 
10334 43300 
42635 48121 
25375 27371 
33931 39508 
41339 43027 
305 38898 
9279 31173 
43836 49801 
15178 34182 
11457 34351 
44643 49845 
6801 14304 
36407 38523 
3251 26192 
19142 23946 
27659 40413 
20693 39790 
6515 15609 
13903 36095 
40984 44354 
8775 17873 
31805 38429 
30938 39595 
20050 42481 
24971 27760 
13660 18222 
22319 35620 
22081 33448 
35263 45046 
40330 44184 
46354 47356 
48603 49221 
25852 35228 
1762 3633 
39910 49348 
46722 49342 
14660 27915 
30948 39248 
49606 49922 
13122 28752 
18759 22128 
1252 44735 
43130 44678 
13543 33199 
354 25030 
23296 37034 
27797 42338 
33683 40774 
4462 36750 
47190 49473 
41838 42107 
40492 45326 
38005 44406 
46394 46427 
27576 35644 
19813 45641 
13138 25255 
32007 32996 
45786 47135 
26134 35766 
1533 39810 
43194 47199 
38354 47943 
12809 36416 
49308 49543 
7977 43083 
32468 44050 
44645 46440 
2161 2399 
4217 12054 
32419 44427 
26938 48957 
10345 33625 
28369 43759 
44497 49270 
10548 16839 
20391 36122 
15501 35682 
45508 48178 
16146 27187 
6657 43512 
15278 46314 
19852 23210 
37475 40660 
43445 46624 
11352 21123 
9854 39380 
36684 40083 
23711 39365 
27277 33541 
4781 41898 
42136 49389 
6032 31363 
545 6547 
4002 23590 
19357 40714 
7281 47954 
9396 14812 
26347 42248 
31231 49064 
30890 45200 
29181 36149 
10889 21098 
44229 48250 
529 46295 
28637 32829 
38241 47605 
41265 46460 
9018 48514 
26386 46118 
48255 48755 
32628 43059 
16062 48848 
22712 42517 
37903 40566 
43138 45426 
46267 48694 
24392 29486 
39828 47254 
18124 33957 
45823 46335 
22765 43069 
37713 39605 
44772 48710 
33085 37296 
23496 34622 
12540 18965 
30581 45110 
9312 17629 
40945 42752 
37265 39085 
6462 39988 
35075 41779 
49976 49987 
19101 43519 
49769 49862 
28336 32392 
17029 36646 
32389 38294 
17661 49992 
35391 36395 
25052 44334 
49913 49958 
30451 42614 
32746 33464 
8329 44189 
43023 43618 
2520 37392 
44548 46917 
49075 49449 
11070 20547 
18849 38171 
2650 24508 
43072 46481 
17211 24306 
43655 45585 
15564 20518 
20073 37704 
43535 48838 
29836 39881 
23551 49209 
33895 40836 
49421 49687 
1590 22982 
32721 39233 
33544 45508 
45398 48284 
3070 8545 
21095 41460 
9414 18271 
43512 43931 
44470 45863 
44976 48065 
39530 40400 
49425 49992 
2947 8567 
12872 36885 
11827 44942 
40812 49655 
23017 41360 
2262 35767 
9541 31336 
15453 30959 
41174 46369 
11957 20326 
20891 26832 
2085 30909 
7963 40203 
23602 28595 
22137 48712 
18303 27583 
36314 47067 
42857 49690 
18492 43113 
7905 18802 
34450 34885 
1425 37939 
24005 38958 
41164 42026 
2478 6944 
45922 48870 
23744 38172 
46416 47073 
23316 27974 
46757 48996 
4970 25785 
34029 41041 
6926 44202 
21750 23531 
29454 29914 
31071 37928 
712 37977 
18496 44068 
39452 40861 
25816 45712 
14175 28084 
27481 43996 
39424 49886 
2454 43870 
12678 15916 
43091 43173 
44735 48267 
3255 29298 
39827 40760 
21686 47598 
43895 49735 
3502 46663 
12510 15804 
7732 24278 
44304 48842 
30140 47338 
7160 31640 
24185 40921 
20914 43073 
435 49313 
9403 44996 
18978 35183 
17106 24725 
10331 20583 
16492 46825 
17942 42945 
3639 37881 
8375 23992 
12637 19442 
47372 48399 
42571 43509 
32059 35170 
12507 15556 
48339 49165 
12606 30755 
20313 42118 
7072 35937 
5424 41560 
117 16049 
15227 37416 
49475 49736 
5686 8217 
3932 4387 
3776 26438 
13988 28720 
14672 15528 
33307 47406 
12282 39414 
11996 38973 
43095 49960 
22552 41589 
36750 36784 
11528 22559 
29778 44377 
12634 49381 
5086 44250 
43943 47366 
551 37657 
38748 42739 
25858 43322 
6232 22268 
46513 47046 
11527 45379 
34480 35936 
24955 25841 
13813 40938 
1308 1536 
24505 28349 
29586 42249 
1086 10830 
18877 46052 
27472 32277 
32511 48662 
4863 13751 
37697 41474 
24718 48759 
31962 42253 
21649 31340 
14810 46961 
2060 21217 
27743 35672 
5103 15680 
9483 22803 
2400 23699 
38977 43542 
15647 19882 
25901 38904 
43916 46147 
3530 46288 
23148 25471 
1018 23730 
23655 24292 
33538 45245 
14960 41874 
41671 46496 
5560 36318 
49432 49693 
35219 38518 
25095 47991 
15612 47172 
31020 32575 
45891 49079 
32272 47984 
16186 26537 
38789 44096 
42625 44536 
31685 47751 
1665 4960 
21009 29335 
23359 30743 
41193 42160 
1620 37778 
36560 40128 
9436 30613 
27373 34670 
19344 49535 
44614 48505 
2135 5531 
44678 47512 
47702 47704 
10922 36418 
20060 44673 
22604 46865 
1863 38302 
32426 33099 
20317 39825 
13937 46386 
23661 28368 
23817 27106 
39203 45265 
48562 48699 
11802 26059 
14327 27598 
46510 47450 
39842 48227 
14796 18475 
11732 25983 
5953 27939 
28056 42144 
16398 45729 
28551 29576 
41116 47266 
23254 23756 
17133 40337 
33611 41967 
19052 34582 
39777 47088 
23903 39214 
22670 45070 
16492 38335 
26300 49933 
6752 41640 
3652 25671 
39895 43089 
8662 30566 
43349 46552 
49738 49775 
32475 41613 
16694 24152 
34188 43866 
2158 16326 
11242 19398 
45163 48237 
32428 34797 
24644 47831 
41781 43113 
22969 24374 
22377 37033 
26757 45942 
24097 37781 
42659 47601 
41965 48476 
26589 46551 
17235 45906 
30112 47347 
10350 36883 
40598 41014 
19389 49106 
20631 31448 
26268 46556 
11051 25100 
26891 31568 
9674 30552 
29539 32440 
43321 47719 
4739 21829 
44921 48385 
27865 34816 
13744 16306 
26389 43183 
23182 39226 
39905 47278 
44260 45317 
14040 35137 
42827 48731 
38601 49805 
11977 44728 
42129 47279 
27838 45595 
9455 46418 
38375 42389 
42731 44125 
43569 46523 
29660 30138 
44208 45337 
13700 34238 
24650 26850 
25885 31873 
10014 21911 
26969 42225 
47015 48168 
24081 34448 
17417 42863 
44252 46864 
32326 41287 
26315 30779 
19324 23121 
29331 33461 
30089 47870 
49655 49887 
41843 49364 
36643 47233 
26444 35455 
45322 48318 
42774 43535 
26921 29588 
43076 49493 
11248 48758 
13920 17787 
26173 38187 
5812 42442 
10419 44427 
15926 41779 
44130 47287 
24504 44298 
48556 49888 
14095 39730 
29220 38177 
26853 33891 
99 13405 
37718 41507 
18745 34621 
7268 17002 
26064 28305 
38436 49249 
43986 48770 
22209 44470 
46481 48522 
45937 47114 
4886 38535 
23391 40719 
42934 43685 
48751 49493 
45092 47838 
47314 49383 
25794 37554 
39996 49400 
10945 25270 
42752 45421 
32691 37898 
21696 28259 
37287 38452 
6384 25609 
35416 46651 
6414 25021 
28533 44333 
817 37426 
45358 46266 
8830 36729 
5760 19729 
47557 47676 
27794 49035 
10214 31547 
34811 40226 
33206 44550 
3390 42442 
4621 18945 
10806 16853 
46105 47579 
442 6069 
7877 38567 
40807 42964 
28925 42245 
4664 49254 
44701 47936 
32889 38857 
3440 39810 
13661 29499 
2777 3337 
5506 7053 
33555 38228 
37453 48864 
33753 44956 
39133 40222 
853 2814 
1978 27928 
30902 34147 
19219 19653 
23319 41454 
26282 35078 
34614 47902 
29171 29490 
27173 42951 
27059 48833 
19286 46870 
34990 46241 
27406 32720 
36121 46143 
46486 49994 
33385 44932 
22753 42526 
29211 29557 
33755 33921 
23679 43238 
26419 35289 
18493 46313 
12262 41877 
389 2910 
35619 42276 
43476 43604 
13821 47669 
33065 48388 
41270 49611 
42898 44381 
28014 36314 
16810 49664 
29893 45503 
25176 43588 
20957 22746 
26756 32768 
3798 21210 
6907 20510 
11262 21140 
44840 47573 
22294 24786 
25519 30117 
4595 16229 
24783 37962 
7231 16674 
46142 48173 
41620 48136 
39219 49438 
43043 43447 
3763 41847 
18996 24183 
49417 49759 
27379 30601 
44681 49225 
31398 32245 
1403 6304 
22323 26411 
14436 21190 
18236 33722 
32784 35763 
11275 37816 
49237 49520 
34758 36156 
38278 41113 
31730 37702 
20061 27516 
12357 43605 
49164 49816 
41886 44979 
13239 45037 
43177 47301 
12233 23624 
39606 44360 
17835 45509 
3398 17165 
49123 49329 
41843 44786 
13489 38544 
31760 41827 
16976 19771 
27900 33800 
36364 37651 
7348 16052 
4573 48739 
11197 26305 
39113 45491 
47550 47582 
29418 41463 
30456 42736 
5371 32432 
17098 37779 
19573 47960 
22046 44579 
47952 49803 
41891 44706 
5068 38178 
19317 44947 
47866 48194 
46260 47109 
16697 25592 
25788 30344 
14578 29597 
27369 29094 
13139 43877 
867 14374 
28660 46947 
30653 41598 
25042 36692 
45343 47407 
40621 49572 
3105 21025 
16764 44774 
34464 37174 
9526 21748 
49596 49650 
40410 44502 
18199 45182 
49631 49986 
48516 49107 
19118 22754 
17757 40069 
37837 43259 
14508 37170 
43519 44781 
20193 24157 
334 25099 
38798 48515 
34595 44492 
48161 49994 
38621 38807 
11003 16587 
47088 47164 
47757 48372 
15032 36394 
29264 32331 
32568 45003 
14085 24535 
19982 37916 
6071 7320 
13593 46587 
20739 32520 
1754 43793 
5376 16171 
36735 46620 
2532 39128 
46003 47995 
11901 15724 
26985 35410 
26183 43985 
47536 48992 
7901 42307 
4595 14579 
41781 43983 
38772 44415 
10534 31483 
49243 49672 
6317 26496 
29704 30830 
37982 43133 
12004 45018 
13930 21311 
21398 43575 
26169 27175 
19138 28987 
16957 44769 
19085 26215 
32120 45677 
38398 39606 
27488 46938 
41927 45141 
33064 37897 
15999 45575 
13576 20311 
3822 13663 
19872 35542 
24731 42252 
5290 32306 
14137 49543 
41701 49524 
12540 14210 
7778 15042 
19919 47720 
28766 33254 
20646 23514 
24926 31614 
36928 41445 
8286 40037 
40529 46531 
31177 41955 
45191 46493 
13613 34010 
9313 10619 
25566 37610 
28314 38633 
49365 49882 
12397 33005 
16750 46236 
28896 37146 
21868 22108 
44822 49301 
17474 35631 
16888 26886 
45225 49218 
1216 18612 
44025 49241 
28794 47018 
23443 48289 
38191 42059 
42959 45160 
21558 48125 
48948 49095 
12839 19263 
8656 20053 
30932 38228 
2146 6556 
45574 47719 
28890 35722 
44672 49823 
1120 14406 
21583 44035 
343 23715 
7897 33496 
43023 45978 
2005 26173 
18975 44355 
29000 45739 
15230 18523 
26722 46839 
16622 23717 
13589 32477 
35357 47912 
19211 26383 
32383 48613 
45463 47226 
48829 49256 
18352 20025 
10632 21850 
16270 36614 
1768 12286 
33833 36756 
37488 43381 
4669 39502 
35173 35432 
20605 20643 
32385 44547 
37737 47463 
32626 42933 
35394 39323 
11095 15306 
29317 38831 
3491 13117 
2808 13648 
34456 40913 
40355 41996 
20740 21062 
5824 43417 
26947 28312 
33346 41628 
3566 35061 
25024 46445 
41641 49880 
8427 36581 
43190 43533 
46583 47110 
22163 31162 
5231 13894 
30293 42362 
34719 43742 
32783 40510 
27548 32515 
31731 48379 
34478 39738 
10845 46403 
34783 46483 
20739 22863 
48071 49497 
28686 42663 
29913 31115 
43929 49465 
38724 39544 
29057 33778 
45263 45611 
2589 30009 
47365 47727 
21517 35282 
9580 41767 
27530 32062 
857 27934 
9601 17129 
36627 40637 
46115 46585 
45014 48595 
31565 39823 
30859 37691 
13499 39108 
46946 48897 
45411 48860 
12578 21574 
17723 49592 
36358 41686 
30968 33939 
38815 49562 
35114 49405 
26668 37840 
27561 49641 
26480 37441 
1040 15142 
11723 22714 
19818 34709 
35912 38500 
49892 49911 
29051 36419 
27744 44421 
2767 19531 
48806 49950 
13074 32289 
12087 13957 
20456 29372 
45314 45736 
20416 34014 
45443 49393 
3471 5598 
28364 40900 
7447 20669 
34108 35645 
11684 49584 
21799 26114 
20263 23603 
23576 39974 
47602 49943 
2232 33228 
21018 27413 
47682 49603 
22802 27966 
40406 45483 
10758 29399 
33184 49625 
14586 44827 
24137 48279 
31562 47020 
26815 46408 
15477 29989 
11591 20734 
17416 41378 
22186 46408 
35711 38617 
26453 49035 
37178 40527 
11905 15463 
5492 15094 
32880 47939 
32368 39135 
4691 41240 
11990 27718 
7828 11285 
10779 26015 
46952 46995 
3068 9263 
801 5845 
5943 35508 
4858 13880 
18543 40119 
21839 40139 
10595 34467 
10688 22622 
17550 37902 
44517 45842 
42517 46189 
3948 12041 
33452 38638 
9176 44626 
10690 26405 
13590 48612 
5372 45397 
40265 48090 
17949 38865 
31692 37380 
30015 42610 
44168 44506 
43478 48614 
27027 41652 
21574 46725 
47035 48623 
12536 14357 
33115 46047 
8084 39835 
22744 35214 
28937 33177 
44511 49099 
23486 49893 
38595 43133 
6997 45299 
23361 42659 
22207 39306 
44245 49207 
40223 46003 
49692 49960 
10444 17276 
25315 32086 
42736 48169 
48223 49663 
29203 47639 
46640 47298 
26598 29860 
4632 39459 
29508 31903 
18697 46764 
32041 41105 
8958 32512 
22966 25863 
21694 40413 
21637 36970 
8384 39390 
16686 42626 
23868 27213 
34061 34334 
24643 34748 
46283 47614 
21136 48854 
13001 25858 
39300 41165 
39627 45705 
3402 39819 
31413 32387 
36679 39483 
24508 36349 
27086 35644 
44093 46581 
32833 42145 
3545 28640 
8836 10538 
49599 49790 
5109 16585 
36156 47500 
24157 42788 
22264 47352 
43997 46630 
11403 19451 
19563 42927 
6367 14460 
6689 24572 
45443 47422 
8149 44353 
38450 49897 
38812 41806 
1786 15956 
464 21419 
19860 19895 
33916 44806 
30806 37874 
22625 33232 
28543 29440 
37201 49340 
23073 24657 
14653 36816 
11530 44269 
35002 39533 
37342 39591 
46577 49932 
12990 34210 
44647 47218 
14831 28247 
15530 18746 
8644 25818 
3428 28728 
49289 49728 
23808 40144 
44184 45330 
14291 27687 
4617 30100 
31538 33378 
32210 44250 
20869 42712 
31800 42320 
41831 44578 
31100 39215 
15347 19814 
15867 28274 
9339 16255 
31504 38352 
19871 37837 
38866 47804 
18359 28559 
47941 49642 
41699 48918 
16142 21133 
12124 20611 
37253 38256 
10531 22202 
13324 22609 
20282 31345 
23171 33760 
26850 28625 
8128 47099 
26267 33467 
33260 42869 
34885 42455 
7575 29307 
14730 28077 
2623 45143 
23973 45771 
48002 49501 
33452 39221 
10743 21645 
22780 32168 
20295 28958 
23142 42740 
20195 47375 
40896 44303 
14170 14305 
33038 46892 
17193 38027 
37582 47403 
23967 45006 
17794 36624 
49505 49519 
24576 27446 
48875 49146 
30307 30344 
3296 22844 
39683 46940 
30037 40182 
12439 20043 
5682 13044 
31885 36627 
24633 45448 
1031 7332 
35305 47946 
42105 44820 
20291 34453 
39535 42894 
25448 45549 
23224 29045 
33938 35539 
10407 43600 
37316 48699 
19326 35875 
6933 45067 
22634 46827 
16814 38645 
44156 49105 
25783 40920 
18611 42823 
43649 45623 
5221 46097 
21335 47761 
28148 38272 
31580 39112 
6118 33687 
35338 43508 
47810 47918 
25244 49455 
17545 35029 
1734 17790 
23388 46662 
4738 16267 
6238 14577 
45809 47876 
21692 39835 
19948 21813 
28057 33366 
42397 46604 
5977 17615 
7955 34742 
3997 41039 
4994 26491 
26475 28468 
8694 38913 
41519 43337 
8013 18341 
15443 39642 
9027 30209 
41381 45328 
2862 28283 
41690 42658 
4659 14301 
17465 38976 
30015 49052 
18615 29649 
9846 41690 
33878 37308 
27489 31389 
36535 48813 
8685 28743 
45502 45917 
5228 41166 
43773 48010 
41201 44838 
20207 42308 
12156 25939 
5069 22340 
5817 36490 
17395 43451 
41313 42774 
24880 38265 
36890 48324 
17736 47032 
39007 41141 
20149 40834 
10724 24038 
49599 49605 
9844 24406 
28970 39515 
22565 29169 
30060 48178 
17718 46321 
32621 48883 
5115 43375 
8723 23253 
16133 46170 
8371 20118 
39309 44128 
28301 35484 
1118 22186 
4901 39170 
48736 49112 
40160 42783 
35429 41923 
12729 41290 
29403 48141 
5555 33090 
6490 32024 
18972 33851 
46505 47639 
15723 38616 
6758 12715 
2267 10538 
40384 46253 
36749 39262 
13384 26448 
38394 39708 
49578 49724 
4751 37538 
30131 32713 
21170 35211 
15572 35945 
3159 44974 
29764 35852 
5714 13533 
4682 18044 
21248 36065 
23412 34538 
38631 41891 
20921 45835 
46640 48009 
36605 39694 
40305 44870 
1803 9497 
24003 34069 
13098 37706 
13094 20104 
10725 31058 
11968 14520 
23689 25159 
12858 30877 
29370 39631 
31255 48576 
46526 48208 
7771 8483 
27195 43492 
13727 49112 
36451 44665 
667 20235 
43649 44673 
22920 23480 
11529 47494 
17142 20636 
22459 28030 
44121 49709 
20199 36332 
18240 33924 
10181 41017 
1688 41818 
2228 37791 
36061 49472 
21978 44467 
31416 35743 
14593 37746 
32887 37927 
27275 44444 
13200 36849 
48854 49382 
38361 41639 
5347 31582 
15690 22048 
14735 40192 
38703 47215 
20942 23478 
16766 19402 
18829 40479 
18116 34658 
22279 29656 
41995 45635 
45753 48100 
43015 48300 
13447 28651 
45392 49968 
12843 44261 
16950 18406 
18317 30641 
15568 24414 
12974 25767 
16212 17720 
33193 41141 
5852 43010 
9668 9969 
41829 48964 
10086 23580 
49964 49967 
40425 42632 
4076 33101 
17904 39387 
25445 35366 
27371 27566 
36853 44165 
41855 49647 
840 22593 
16892 22024 
4280 14625 
7954 37867 
34902 37824 
7266 19834 
3471 4482 
1679 11055 
5651 25855 
1775 48414 
43007 47475 
4365 43225 
32702 42521 
17864 35982 
18835 35163 
49321 49498 
21038 22825 
7156 41249 
39495 47615 
47709 49700 
11226 22793 
32267 46655 
40328 45675 
35331 42306 
131 40766 
3399 42774 
2115 15349 
18652 45560 
7414 42946 
11874 45285 
16321 40787 
42607 46878 
49166 49264 
41425 48210 
20684 29385 
25391 31425 
3373 9746 
29214 36512 
32569 35840 
42897 45600 
20548 35954 
33043 36965 
5949 22760 
3158 27349 
8241 17177 
32355 33845 
16413 23180 
9528 20078 
32402 38885 
11729 29115 
48794 49785 
46157 46764 
17044 42981 
49313 49838 
43161 48045 
4792 15679 
449 34612 
48183 48575 
25385 30626 
3763 28729 
28636 34020 
16134 38229 
3154 12382 
17965 27644 
3621 6316 
20514 30293 
15470 38498 
45746 48365 
37090 41328 
39874 49648 
41257 47218 
33352 33707 
38792 46271 
42377 43995 
45467 46238 
35920 43085 
8614 34492 
35077 39560 
47143 49182 
12340 31023 
9109 35079 
36738 37228 
22201 30414 
6356 41128 
23663 39315 
4553 20840 
24552 25114 
1084 15648 
14857 45906 
15302 20384 
45192 45749 
12808 33592 
22503 24974 
34777 42831 
29622 40437 
1656 12561 
10914 39492 
35324 48610 
17626 25113 
34049 46321 
17259 17330 
27601 43011 
48658 49758 
30282 47704 
8528 12047 
44845 47455 
23461 45893 
31891 37460 
2785 9031 
1876 3624 
19967 25243 
17357 34454 
40431 42448 
7560 32653 
43239 43724 
22245 49205 
35316 43950 
15018 15933 
47388 48809 
6846 25368 
9875 15308 
24137 27100 
22913 31759 
23072 48780 
13827 17567 
19072 45075 
13244 18840 
21989 26677 
7990 46079 
24087 37113 
13527 20543 
37271 37432 
25946 48790 
39202 44773 
44814 48355 
12504 27703 
36000 36334 
43449 47465 
44243 48882 
23148 25335 
48328 48350 
33540 40394 
46864 48974 
14043 37741 
29364 30726 
49350 49627 
15526 46523 
17320 31960 
32512 35336 
12258 38191 
37403 48461 
31213 46138 
16447 26186 
27771 41796 
3870 42899 
48093 49897 
23923 49958 
42593 45828 
31812 33196 
35704 49437 
45634 45782 
40269 45011 
22363 39778 
42478 43427 
10535 48747 
44820 49720 
21400 35561 
36156 41851 
46361 47523 
8295 40055 
13170 29358 
12288 39497 
8719 15353 
33061 38396 
36546 39216 
5806 49670 
30441 34368 
713 3040 
39272 47006 
8567 26483 
37646 48629 
25665 37258 
42309 48520 
18908 27878 
3543 27073 
47548 48056 
40810 41006 
46507 47984 
32326 38070 
4729 38081 
25008 30981 
31834 43454 
17201 30374 
23334 24825 
28439 48102 
17963 24384 
13453 41600 
42064 42865 
889 31941 
48856 49186 
30514 33792 
35130 46796 
17746 35801 
38057 42117 
38471 44192 
7230 47452 
21996 34564 
18937 46233 
12170 34711 
15828 37746 
47336 48135 
38598 44065 
17795 26306 
31279 42666 
14244 18726 
34429 48908 
21447 24161 
49322 49447 
30948 41770 
33013 40821 
13008 18187 
5684 12196 
25529 38634 
19226 37178 
4581 18175 
437 19768 
38501 42906 
42061 48690 
12079 35311 
15779 23904 
44718 49267 
39139 49796 
21922 37194 
43669 45164 
8287 44955 
2381 33724 
29702 47309 
40582 46947 
27973 41666 
4701 31795 
9725 12245 
45413 49145 
45657 47666 
21673 44355 
6234 47637 
6684 47802 
49240 49844 
32865 37731 
41266 47678 
23943 40447 
24231 40654 
49094 49264 
15573 27613 
37645 47914 
13332 22031 
34151 42500 
8588 24315 
23001 47390 
28846 32609 
4172 36696 
12386 39879 
12355 33169 
46076 49786 
3139 36505 
3850 45177 
4561 18897 
49611 49902 
10406 46551 
22972 47761 
37558 49675 
21820 41961 
23698 35526 
33322 39973 
34181 46325 
40375 44314 
13107 42673 
39391 47267 
38288 46410 
42797 48050 
2207 28689 
31925 45893 
29639 47212 
23789 28937 
35629 38353 
15993 39913 
38868 41396 
40078 47612 
31069 37098 
14361 47792 
48452 49908 
23281 27891 
49985 49988 
12340 19258 
23077 33751 
11712 15883 
34278 44831 
2197 27046 
1426 25712 
32199 40734 
35084 48953 
36995 38750 
4268 11301 
25014 30271 
10892 12739 
18628 31008 
37931 43940 
5375 40620 
5870 26899 
37403 47200 
41074 49050 
38368 46167 
42537 49209 
47166 48398 
45637 48613 
35331 48528 
42071 43645 
6143 10351 
25466 33589 
40096 46014 
7344 42471 
11076 26676 
31451 43293 
27131 42763 
43486 43802 
35751 40897 
21487 38301 
44545 48765 
49946 49976 
14092 32368 
11694 24758 
38925 46033 
41602 45978 
25540 32183 
10636 13151 
9042 35056 
647 6653 
39866 43334 
18487 36523 
32890 43736 
11624 12000 
3828 21984 
19789 36965 
14349 26949 
43358 48001 
10910 29141 
26892 28619 
6301 21311 
34398 35107 
18384 22823 
29982 48925 
11247 11321 
38304 39263 
1191 45211 
7366 35772 
7811 15221 
14755 29567 
17248 35063 
15019 44215 
15298 24952 
49069 49969 
13897 35216 
18375 39948 
22833 32485 
12449 24099 
28452 31879 
38101 40267 
47016 49791 
3314 45444 
24163 43319 
6038 25367 
46917 48090 
389 46571 
35863 38436 
20241 38370 
19729 23088 
27600 44249 
43500 47199 
23691 30810 
19589 27378 
14766 40057 
44874 47964 
32243 46929 
33385 39852 
23510 30348 
21266 47800 
14266 35010 
11516 49931 
13984 31367 
27053 47080 
18732 29122 
19563 26880 
40430 43799 
725 19515 
19636 35924 
16260 22797 
41620 46091 
15818 27236 
8988 32134 
27697 30752 
30917 40281 
16527 38896 
16668 21404 
39326 46887 
37688 41186 
17574 22435 
31111 43508 
29693 32636 
21751 42720 
5451 7747 
42265 44948 
14380 44110 
2251 14182 
14497 47515 
39068 47702 
29153 36555 
5396 6877 
3453 13000 
3043 11600 
10251 11187 
34882 35527 
7967 34837 
555 1631 
13439 26917 
24670 49610 
24265 41505 
3594 17699 
13924 45086 
43821 49248 
39895 44525 
34720 45192 
28823 43023 
20556 44683 
10677 15631 
16423 34922 
25490 33805 
28644 32252 
20601 30408 
33958 40140 
36128 44973 
10804 21477 
35334 36452 
45448 46994 
47455 47456 
27242 37547 
47712 48142 
6552 19050 
37210 49503 
7392 46766 
42414 42496 
30505 41481 
492 17253 
15505 24198 
36884 49835 
7003 47036 
44360 48580 
7574 10368 
22389 25833 
32136 48673 
5131 19379 
33209 48690 
20273 25809 
35865 47165 
1875 39720 
25255 41883 
15621 46639 
19136 46356 
6197 17912 
37860 39697 
34813 49411 
35294 37991 
28759 30859 
9148 43775 
18457 24088 
12134 39648 
23017 34460 
35740 43258 
1614 21073 
21130 37397 
48643 48903 
277 23405 
45051 45772 
12487 14686 
27933 33294 
16392 28245 
1129 14819 
38360 44727 
33500 44468 
31891 43941 
8518 32633 
45529 49255 
15350 38966 
14271 32750 
49411 49465 
49387 49927 
43101 48883 
30509 44954 
35501 46662 
31188 45705 
27903 38744 
3422 46075 
37018 38598 
7114 10961 
4013 38816 
46837 48661 
39304 44982 
38919 41697 
22420 44671 
24929 45649 
12854 45043 
31505 41542 
1803 23999 
49036 49409 
26787 31058 
13484 43029 
31729 40476 
28862 34390 
23133 47963 
38903 47059 
34628 45604 
928 25978 
33499 42965 
38137 45538 
22818 27096 
40753 48583 
17526 36195 
7313 40261 
29716 34420 
38883 42108 
41119 44076 
41431 49955 
27838 28087 
46585 48518 
7123 27168 
6858 12636 
40624 48200 
33800 39646 
21144 41184 
12194 43375 
7555 18265 
6065 7750 
40520 44015 
37302 41272 
46390 48264 
29062 31065 
2520 3630 
14773 38408 
37264 39333 
40040 46853 
12516 46980 
49889 49996 
28565 32047 
15192 40352 
23195 31725 
23881 34744 
698 27949 
5925 7520 
11205 46195 
7605 46983 
29493 31605 
34570 46400 
25869 29604 
36742 46322 
15514 32108 
3460 21495 
26818 46574 
42848 45549 
9846 45751 
9526 25968 
2813 38014 
12757 27647 
16296 30819 
31665 34170 
8067 17695 
23503 25720 
9181 9432 
46491 48001 
38506 41614 
10952 26457 
48540 49717 
44466 44626 
46193 49245 
4204 38750 
38024 49020 
8420 44374 
41929 42973 
7076 17898 
35736 46865 
40519 44556 
41290 49479 
40374 48358 
41035 44982 
8330 27724 
927 47862 
47526 49945 
29672 48815 
48763 49116 
42636 42719 
27874 36681 
22904 47701 
21358 27309 
37262 48530 
12514 22553 
4102 22568 
21099 31286 
7664 43347 
42868 43509 
32139 39710 
18629 43800 
48943 49371 
32966 48926 
45223 47128 
32526 46586 
46815 47211 
6700 7677 
8955 14160 
27999 29434 
13068 41307 
41204 44317 
26347 35739 
42033 47798 
6868 15961 
8645 30380 
16110 37554 
23472 26035 
24302 34726 
5967 22874 
6765 39046 
143 27772 
40816 49285 
5152 24755 
33731 41119 
9969 40324 
29977 46281 
47279 48430 
11325 22764 
11069 12947 
5144 38790 
32768 36323 
47563 48315 
22932 39278 
1634 25780 
27433 42280 
40959 46103 
17719 21500 
17725 29464 
9162 26302 
3992 8085 
32430 42942 
7408 37408 
1471 40389 
37649 48923 
35376 41259 
25319 46269 
30206 47200 
40840 46113 
7576 34230 
23601 47307 
21954 26475 
10790 48228 
12832 30719 
13457 24696 
40376 43466 
3952 17626 
20223 31980 
10464 19116 
48022 48117 
33018 42584 
29259 30991 
48442 48989 
27846 46011 
10036 30152 
11501 19914 
46257 49238 
4526 8815 
29439 34302 
8733 43330 
31472 46125 
36282 48645 
4977 12010 
1688 32104 
31846 42949 
15601 26191 
23243 40855 
10705 25226 
40885 48905 
39611 41990 
11849 45365 
47049 49636 
17148 21449 
6312 15869 
11396 35758 
12497 25819 
36476 43768 
18802 41394 
7199 28471 
46173 47176 
42968 47447 
39802 40810 
7202 36393 
24339 36981 
2969 21362 
18200 40780 
27137 46208 
31172 32397 
33914 42978 
10741 26697 
32515 44629 
13280 37507 
28688 30621 
25889 27119 
25681 46035 
20732 31335 
33397 43137 
12326 24240 
7272 10315 
13315 45170 
39592 46693 
6105 32939 
34428 42308 
49620 49628 
33825 35468 
40500 49532 
26562 45748 
44222 46465 
47314 49547 
15480 15892 
47486 49014 
6767 29532 
22242 30949 
25304 28675 
25822 36805 
33380 46039 
39211 41053 
13146 26545 
5869 22455 
1832 27628 
31324 40871 
29548 45659 
11219 31982 
47102 47109 
46029 49492 
49167 49245 
18755 33040 
31467 41793 
18960 27591 
42143 44542 
14155 20836 
41191 48091 
24052 49959 
37091 37610 
22480 33939 
41830 45631 
19632 41430 
13937 45321 
22001 35914 
48128 48198 
15206 24669 
19200 35768 
7508 14627 
22998 49865 
27381 39747 
39803 42791 
12292 37065 
11208 15918 
30860 31212 
25121 39802 
1315 17001 
40474 42354 
37214 43883 
44586 44985 
7732 8326 
36747 42338 
42686 43736 
33082 44765 
12495 25329 
36319 37578 
39329 42630 
49259 49644 
45127 49697 
1 37827 
45634 49305 
7592 22996 
39905 44157 
6382 40237 
39251 39455 
39664 48185 
36042 36228 
7408 40223 
8552 12598 
20811 46511 
21976 28913 
12982 46222 
7830 35166 
41437 41484 
16176 30966 
41272 48632 
16181 23374 
48778 49008 
27114 36919 
5667 13672 
35434 49843 
47017 49348 
36756 44387 
28587 38605 
35371 41093 
29233 32942 
14435 30408 
23842 29186 
22296 43713 
24122 34729 
4557 40955 
19652 29984 
38919 49661 
19993 32899 
5086 5995 
42009 47983 
9967 30316 
34249 34488 
21024 45234 
24255 36563 
30035 33070 
8533 17336 
13776 21595 
20980 37402 
47435 49952 
13619 36989 
9192 42291 
8534 47091 
33424 42032 
17806 23937 
17220 18874 
43823 45884 
49002 49664 
38519 40557 
31423 38130 
1917 10922 
635 37948 
25120 45722 
11586 48873 
9644 32679 
49867 49968 
22867 43581 
10495 13387 
7089 43528 
33113 37451 
8307 49877 
20019 26410 
38209 49811 
34951 47853 
28207 47921 
38420 47725 
43450 46526 
28224 33319 
3394 6635 
46689 49246 
47502 47700 
31746 48651 
32824 45025 
1910 6894 
46791 49277 
22510 24469 
29905 41083 
27861 30394 
23540 38268 
3761 6018 
19262 41086 
7616 23515 
16200 41107 
11214 41231 
33409 41364 
38474 44553 
24281 48028 
46603 49443 
44401 44731 
12268 49434 
44797 45896 
34879 46320 
48164 49148 
30387 48429 
28490 48501 
39681 39688 
25408 33749 
7234 35042 
35636 44475 
10791 31295 
24761 35737 
9115 37835 
13961 21964 
17935 18709 
27212 49446 
11894 37397 
11562 22482 
18630 24142 
44328 49219 
44736 47025 
25139 40663 
9834 26883 
33566 40780 
12920 32744 
49448 49718 
32846 32948 
45571 47426 
46867 47606 
1013 25511 
47783 47987 
44265 48369 
36678 45507 
10668 42983 
40492 42206 
32175 47814 
18636 29214 
29571 31192 
33043 48875 
14783 45710 
10780 45037 
988 30292 
10024 35953 
17033 24362 
44353 49054 
46915 49298 
43598 45506 
44738 45460 
29207 49925 
507 23330 
7410 25647 
25319 42352 
43340 43837 
29183 35944 
7614 14713 
44088 49958 
47175 48471 
49719 49793 
5156 37562 
8433 34786 
43497 44079 
2937 11529 
42095 45341 
47790 48647 
11919 31950 
27458 47456 
49113 49270 
48204 48311 
33308 40677 
50000 50000 
20409 33019 
30079 39014 
39210 42296 
19274 48232 
33133 43204 
39899 44612 
46285 47497 
34422 39887 
35495 45478 
7796 13352 
23802 46990 
11119 38153 
10131 41855 
20127 29628 
30946 49556 
31538 44116 
10874 25074 
9401 41944 
49322 49835 
23612 39261 
28081 44161 
32827 40855 
3753 28226 
17685 23864 
17987 43938 
3859 32531 
27131 46283 
22237 35097 
3797 25112 
9540 12020 
39581 47048 
35230 48774 
30212 33318 
40503 43907 
47520 48655 
14888 43033 
37320 49935 
34894 42731 
4953 10886 
2522 7015 
28334 34067 
4426 9969 
3839 19946 
19048 20619 
40587 46837 
12413 47946 
18954 41616 
49222 49415 
747 23386 
45479 48579 
44887 49927 
38208 43784 
27404 43356 
7942 32635 
45878 47007 
9713 31785 
7993 26518 
2349 22676 
46932 49089 
38779 39365 
7197 48280 
2715 29666 
9144 14776 
5996 46106 
42156 43459 
45459 46761 
36919 43930 
1052 25817 
33091 40760 
40209 46389 
48682 49157 
16794 46569 
5988 9739 
21802 36069 
16569 49070 
31744 32347 
21856 36705 
5570 7179 
14299 19260 
5898 18246 
14486 45733 
2405 44211 
876 26676 
24276 43474 
41807 44861 
40623 46731 
2628 21440 
7691 30743 
6199 19720 
8730 38268 
10880 37879 
40738 41636 
47663 48363 
36768 46251 
22686 48494 
31312 49008 
22649 48162 
5527 42652 
14533 36040 
11562 22332 
49908 49939 
8868 32518 
44956 47817 
49014 49533 
21917 47297 
16088 21161 
40144 48255 
20562 49562 
18198 30145 
5977 18131 
40591 41630 
16848 46356 
12768 46188 
13562 27674 
23508 25548 
304 44364 
26317 40394 
7239 26381 
18809 28599 
28289 37139 
24019 47491 
13331 41405 
12873 42969 
26684 47493 
4432 42954 
8538 48941 
9416 28395 
42355 43358 
4140 10233 
21499 32464 
43567 48291 
34717 39401 
11560 37401 
42216 46161 
14171 15062 
21136 29479 
14923 37529 
9602 14711 
42959 49088 
30441 40077 
5439 22709 
22552 41398 
7267 7465 
22922 36965 
23753 41270 
5180 11171 
47445 48222 
5767 6176 
32130 35949 
31099 31128 
45123 49723 
37430 38108 
26598 45709 
28564 48489 
15661 36479 
15054 16057 
24777 42111 
20718 33271 
13534 37416 
602 37443 
35026 49035 
11482 32909 
45919 46725 
19969 37292 
11905 28621 
24257 43280 
3409 29885 
35287 38392 
4616 25908 
31856 37368 
3501 10506 
8965 31296 
23737 33058 
32784 36020 
9521 47551 
14151 24519 
23158 46325 
44479 47444 
46228 47414 
1722 12427 
2208 42790 
17128 31717 
44639 45322 
39972 43926 
12655 43655 
32284 33076 
31805 44118 
27490 29809 
12922 44351 
14212 37136 
22467 40476 
23190 42543 
46769 47890 
22927 49381 
5629 33608 
3561 37475 
47497 47611 
12685 23714 
17024 26644 
10549 24294 
49566 49724 
11277 38673 
27714 40410 
26399 48780 
25715 48279 
35047 39283 
25689 27667 
48452 48532 
28830 39249 
15998 44046 
26650 30405 
9608 13972 
22583 43804 
23894 46779 
32255 40592 
42068 48681 
35840 35934 
45338 49099 
2432 18391 
35637 41469 
25203 25636 
44918 46374 
6744 44882 
29622 30524 
45538 48822 
16921 39577 
44577 47886 
16125 47002 
28237 30212 
12263 23247 
18292 25892 
31107 42498 
49346 49777 
6388 10427 
24881 36084 
22371 40555 
1227 15068 
18649 36173 
26637 46194 
8316 35931 
21834 34562 
5880 29677 
26468 43086 
9246 23206 
37770 39240 
27049 39044 
17799 18362 
44629 49844 
20761 40145 
9618 27502 
769 17103 
31016 41003 
27516 44641 
47405 49869 
49540 49928 
35897 36081 
21412 41008 
35861 47180 
27537 30151 
21388 36523 
20237 41545 
7423 13965 
49728 49965 
18474 38244 
18333 48110 
36852 39204 
49066 49075 
44581 47295 
29095 49701 
10127 39860 
31913 39096 
13282 19847 
29069 47467 
37166 46524 
49949 49967 
34159 37100 
559 3392 
16640 23145 
28658 41695 
39377 39405 
4820 9077 
30992 39779 
7180 14748 
41231 49675 
40362 47946 
7146 38417 
373 16459 
12270 30668 
20409 35083 
7887 29624 
4544 24616 
1254 36237 
19105 29762 
23361 34920 
43560 48029 
7984 10695 
28932 49554 
38161 47445 
47618 49957 
38030 40747 
40654 43185 
20095 44350 
25500 36889 
15333 42470 
19651 37586 
41476 42977 
38618 40283 
35640 41215 
3844 11069 
12087 31172 
9251 27897 
38331 42288 
34999 48946 
39918 43381 
6072 25077 
27986 44535 
31895 43008 
17266 26194 
17907 37361 
4994 21216 
4851 32787 
26791 40792 
3605 38146 
13432 37329 
20660 34337 
34347 38628 
32057 46517 
22603 36369 
31513 36017 
20928 44082 
464 6275 
16239 46566 
29080 32017 
40627 42827 
38863 39528 
8033 38221 
47536 47642 
40603 46574 
23597 25275 
4714 38549 
39500 40811 
24211 49985 
48014 48549 
32512 37764 
1342 42440 
13472 22251 
25313 33321 
4043 47432 
5816 39798 
25448 26930 
27415 47475 
25999 35659 
38147 48976 
1764 25685 
45515 45549 
47054 48671 
29008 37655 
24145 48577 
31749 34202 
3794 35007 
20710 23625 
22286 46244 
9632 22779 
15429 23164 
45348 49866 
32190 44383 
14598 37429 
43506 44804 
9703 17030 
25222 48964 
27297 37425 
46278 48468 
16930 17313 
44263 48973 
45699 48470 
11083 31129 
24918 44953 
30636 35243 
19097 41880 
38221 41726 
3319 11763 
16253 38800 
42692 45727 
48837 49625 
34242 39094 
48908 49973 
43291 46112 
44563 44572 
30587 32274 
25528 31956 
16129 34180 
43814 45257 
8050 48499 
16953 36898 
13773 47416 
18438 23182 
30639 38228 
37859 45466 
37535 40209 
8860 47450 
18674 46450 
9861 17074 
8221 22727 
712 24682 
36004 39680 
7649 23960 
1603 4278 
21159 32464 
18545 30481 
27459 30631 
48771 48948 
43916 45746 
29182 35659 
30828 32130 
16599 17882 
11812 16904 
27315 42600 
44716 46829 
22619 43704 
31975 44124 
45510 49954 
32263 40601 
26816 32930 
7257 33285 
20484 27164 
48132 48803 
7903 42297 
31818 32225 
49087 49818 
14101 32583 
45784 47211 
15656 27015 
10102 22187 
1032 19561 
14082 35823 
1287 29130 
48297 49557 
39538 42261 
38281 48915 
3664 30447 
11733 15899 
26087 41338 
29359 29444 
42067 48329 
11600 32963 
33887 37272 
34220 42465 
3468 33683 
27195 28725 
37279 46007 
23905 29510 
9203 24500 
41988 42141 
15967 30755 
24097 24272 
9854 14558 
29651 46752 
37329 47567 
48062 48900 
6664 28876 
37787 40980 
17713 44218 
2374 3394 
41791 48805 
40103 40956 
22660 44981 
37815 39717 
10840 32975 
39787 41487 
34094 45166 
44275 44907 
21201 45706 
36596 37210 
44627 46567 
15596 25359 
16907 27619 
3279 33632 
20694 46288 
24104 38033 
23940 45574 
26584 35388 
30179 35403 
24511 42944 
23576 31127 
3993 25384 
38067 49702 
48852 49868 
3669 26040 
7457 28258 
28842 43401 
12316 43506 
31460 33857 
412 42714 
40753 49622 
16857 27410 
21091 21490 
2683 4240 
38024 38731 
21021 31935 
562 19727 
34304 36676 
42300 46094 
27823 44527 
46638 49657 
39518 49961 
13761 34369 
30182 40404 
39441 48100 
27198 49874 
26829 44177 
48674 49517 
19393 24643 
3179 20465 
17898 49843 
8560 37549 
4853 45063 
20609 46604 
19204 32422 
33184 38819 
46895 47288 
14921 20533 
49440 49601 
20537 21457 
13621 27630 
28312 39199 
28198 47898 
5380 39285 
26951 48111 
26409 47985 
43761 43768 
17519 37618 
4957 6529 
35095 40743 
10976 17251 
37615 43855 
16957 30888 
43092 43475 
40915 44741 
16373 29081 
47983 48829 
18309 49304 
43717 46843 
37039 45960 
7994 29479 
5705 39678 
18541 19603 
27420 40294 
44418 46141 
41918 44643 
47274 49420 
1506 8752 
47996 49315 
534 10532 
38177 48597 
16677 21499 
3954 21468 
35626 38771 
188 27504 
1092 49148 
46478 49972 
28771 38444 
31695 39552 
35145 49344 
40583 49871 
34692 44369 
35825 45076 
47695 48140 
37601 46213 
36324 37302 
47390 48907 
7813 23893 
47589 49400 
24533 39352 
1141 23226 
2467 45626 
18358 33278 
29505 40000 
663 46540 
43724 47934 
28177 49517 
17023 33982 
11871 36555 
2596 43574 
42278 42542 
43225 45101 
8096 15678 
49675 49711 
24241 37263 
12131 29007 
43637 44753 
5343 25260 
31570 42585 
32984 46285 
8199 46519 
35782 41630 
43531 44532 
11499 29595 
9617 12945 
3812 4121 
47658 48148 
27031 46405 
10722 15013 
24493 32821 
37904 40877 
48294 49209 
7029 10572 
15157 34636 
30729 39551 
2917 14940 
45975 49669 
7499 16794 
48130 48266 
12660 35819 
36245 48125 
13694 36029 
37379 49159 
46817 46828 
47206 49892 
33644 34241 
30356 49218 
47389 49388 
35304 41137 
38306 45413 
18737 45704 
6796 14819 
46668 48176 
8906 25227 
48833 49615 
19034 22222 
27733 48522 
7107 34126 
28623 33216 
41589 48629 
15269 30300 
5110 33656 
25993 33356 
32611 38549 
13214 45465 
29862 31102 
38516 49243 
40142 45597 
32067 46719 
7798 12177 
26419 45723 
29181 49131 
28665 47941 
42649 49422 
42655 47862 
17933 39060 
44268 46039 
39306 49660 
46276 47443 
5687 38186 
39150 42784 
3411 19132 
34511 41135 
1841 40945 
17108 49950 
36650 37756 
20376 44514 
27087 46704 
32141 43075 
7132 37284 
507 45855 
46538 49547 
41620 42351 
568 32769 
24125 49126 
49690 49847 
39587 48121 
7858 29127 
8440 21017 
27122 43465 
10569 18052 
48718 49343 
13454 32063 
6929 11157 
17045 38103 
48702 48882 
14240 36636 
3563 17339 
17436 27886 
10999 19721 
28985 37844 
30936 33126 
4506 24866 
14352 23552 
46001 49171 
8929 29071 
31327 47787 
5453 13366 
20844 32791 
44603 48206 
20137 29240 
36244 44015 
8342 40897 
45426 47788 
8116 31337 
35942 45414 
34079 44324 
16167 30881 
26884 48788 
2437 9950 
18335 41742 
41188 43974 
35168 43449 
18924 33306 
27140 27950 
2423 16331 
4946 47187 
13538 27482 
128 34077 
31285 44638 
30698 32890 
12132 43785 
14125 15575 
47865 49041 
24623 25880 
35302 39703 
35199 41194 
28569 38307 
10884 31500 
28959 38062 
7271 9500 
1216 31691 
33219 34509 
11086 26301 
3348 41391 
11299 39522 
28327 38510 
4822 18253 
10789 14790 
32341 37431 
47000 47615 
48669 49794 
37709 38154 
11302 15290 
5612 18419 
9711 45564 
47314 49277 
21289 45801 
9449 33912 
29699 43541 
38881 46758 
46592 46803 
40553 44561 
22529 36555 
34216 35355 
6232 46716 
33390 46743 
29941 46892 
46663 48593 
43685 45156 
34264 49719 
46714 47214 
32827 48248 
11663 22276 
10795 32161 
34019 47865 
7896 48286 
33759 37047 
16174 19521 
15536 25432 
32510 40699 
16569 35007 
40575 45755 
47482 48629 
34090 36779 
46614 47699 
13974 46921 
4093 32808 
20236 42511 
2617 30953 
1186 27605 
46134 49775 
1851 7027 
36573 37652 
5842 11478 
9265 15617 
26199 31242 
342 43400 
27044 40997 
16029 39865 
9895 18492 
7099 24590 
17458 30669 
28816 43573 
26810 42864 
43632 45652 
8850 20602 
26337 44648 
49356 49424 
29704 42598 
19974 47118 
12754 38402 
32512 34462 
24387 49417 
27422 36450 
45611 48103 
9372 42175 
41007 45062 
18500 35491 
18487 38119 
22772 24852 
49818 49912 
417 37132 
46321 48621 
47201 49301 
26986 32755 
30857 35867 
26915 28129 
16965 20285 
23151 43837 
47783 49968 
37595 45071 
36297 48827 
3062 42281 
18244 27456 
31638 44543 
27876 48834 
12475 38733 
26983 29543 
44217 44815 
7831 16294 
45441 49059 
20994 32179 
22426 37663 
39416 48113 
10385 26679 
19944 49478 
15924 42579 
28720 43910 
7216 13196 
40314 40825 
31802 48312 
20659 36994 
33054 44674 
30339 44517 
47619 47804 
39558 40907 
47034 47441 
26910 31462 
790 28693 
36280 48560 
20829 42375 
14269 17103 
18355 48217 
30848 36053 
10058 48514 
44907 49253 
15184 23492 
35972 39304 
16071 43998 
23947 33320 
42755 44235 
30732 49230 
15200 16978 
30422 44426 
23243 48208 
24589 26958 
5069 22423 
16270 47921 
46849 47733 
21952 23886 
329 31636 
28201 38806 
13067 22174 
24788 48546 
21334 40583 
46640 49491 
4014 43866 
9438 40283 
41958 49517 
24693 30646 
11772 14418 
47180 49609 
40266 45685 
2591 15969 
42738 46242 
2651 46147 
36863 40948 
33816 47097 
32535 37329 
49795 49874 
19605 46582 
29690 46493 
6722 42214 
6747 31471 
40294 43538 
6833 35467 
32069 35469 
39745 41753 
38600 45871 
6493 24675 
23845 32314 
46222 47094 
47574 47714 
48409 49696 
13643 22876 
5192 32556 
26979 49129 
10180 42764 
42647 45240 
19442 49301 
43820 44186 
25726 41990 
34014 45711 
38676 48337 
17299 26296 
28367 33698 
33128 44192 
26751 46851 
6660 40565 
49546 49592 
7822 22660 
13349 41943 
11780 30165 
24526 38173 
1910 15368 
25902 45833 
25868 36324 
34225 37124 
289 40135 
35169 44105 
7364 48117 
8502 18595 
22404 39650 
23573 41192 
48260 49475 
27697 46147 
28264 37702 
4890 37689 
21122 44733 
36617 41430 
8546 44532 
16472 29768 
5166 34693 
3145 38302 
22309 23496 
25555 36701 
48635 49430 
11365 37232 
48377 49022 
38963 40732 
998 44686 
48986 49314 
19670 20811 
39409 48132 
5598 12708 
19216 28386 
9443 46647 
21590 47244 
25153 42280 
28274 43560 
20415 45075 
35428 40677 
588 12330 
22644 26601 
10503 34472 
44565 48641 
12561 48518 
42703 49625 
48831 49701 
42061 48672 
46817 49044 
32389 39512 
6571 36286 
41849 46818 
48056 49913 
21116 29725 
42986 48256 
36088 47543 
9343 23857 
38885 39105 
458 29544 
42679 44864 
30121 33204 
27918 48156 
25587 34855 
31300 34110 
16087 33205 
42093 48609 
21896 35395 
29883 49665 
32750 34229 
20177 34654 
24587 32989 
27350 46391 
44968 46357 
42125 49470 
22699 35438 
2826 5148 
37067 45337 
18085 30522 
737 26107 
31871 49338 
49286 49293 
18288 49901 
28267 47247 
45757 48088 
22312 28939 
47798 48328 
41931 47246 
33397 48975 
16932 40915 
23485 38234 
33006 39041 
10887 17449 
25775 48220 
2542 16069 
5478 46724 
35036 42639 
25843 29539 
19237 39011 
2335 48658 
20565 30644 
36151 49544 
4430 15924 
6513 40138 
37658 47449 
7623 10840 
30658 48722 
5126 19084 
14247 33570 
48543 49936 
12927 35980 
14638 21598 
24138 29618 
31659 41117 
29101 33219 
32933 33546 
8124 16764 
38390 40609 
30253 34039 
34498 47629 
18623 23076 
3374 44354 
23687 36523 
28262 47881 
10124 36878 
25026 46528 
17942 22518 
25390 33681 
9042 19838 
1841 24333 
32675 33952 
2573 40574 
18409 33061 
45542 46694 
39721 47847 
46606 47205 
38769 42882 
5621 20966 
28814 47250 
25124 29975 
8647 13666 
37467 37471 
42306 47484 
29616 30809 
1778 5986 
25565 48881 
13260 26416 
14113 20069 
38296 39722 
42455 44561 
40065 45993 
33257 45241 
18939 32116 
47456 48554 
43186 48193 
24511 48347 
28830 33671 
8052 29980 
15177 16447 
30859 49397 
32996 49522 
30711 39456 
16020 43723 
41137 49224 
44502 46987 
3909 11061 
11737 33127 
36019 49194 
20169 25478 
26696 32589 
20949 22225 
41475 49774 
10376 27762 
5971 35473 
31240 46436 
22181 24210 
25240 37799 
5747 44913 
1352 48834 
28803 48136 
40524 46614 
25220 34979 
11234 11875 
35046 44678 
13191 19437 
27463 43819 
39136 44228 
17271 45419 
36149 40739 
36408 41965 
48354 49772 
8401 17507 
25941 44874 
35759 47542 
20395 42238 
15550 46563 
12333 42856 
20055 46434 
28473 41422 
12227 42579 
19861 28237 
31434 35223 
34545 49580 
10467 45652 
42523 42527 
48982 49126 
11901 40156 
4226 42568 
27803 36358 
6145 35873 
40962 41098 
23382 48643 
8564 26702 
5095 37954 
26085 40691 
15942 43679 
18916 37458 
7337 26735 
2115 35851 
42151 46586 
16103 46167 
18774 19121 
41585 45441 
49034 49371 
20379 47016 
22559 27550 
8801 41692 
49582 49994 
19413 44849 
27081 41143 
18545 27795 
38003 47079 
47101 49856 
32321 45439 
44047 46766 
4967 47827 
11459 22997 
42673 45253 
15370 19622 
34238 40777 
7327 11755 
34727 39045 
47490 49663 
35263 45071 
42022 46027 
37510 47617 
35808 44539 
22 2584 
12434 13464 
15741 41135 
1689 45043 
40206 47109 
23875 42748 
19114 37341 
37225 43925 
31772 39744 
40346 40557 
24912 26570 
12034 21955 
7339 10963 
5719 17237 
10598 34062 
31436 46381 
4054 11770 
2436 42489 
41599 49443 
23236 34328 
41578 46800 
14876 32190 
37237 43582 
30684 33978 
9792 28656 
10880 49745 
397 46535 
34739 34914 
46792 47149 
30502 36159 
20215 48553 
49302 49913 
42589 48898 
21809 31560 
22384 27106 
21968 35243 
39987 41206 
1885 45814 
14972 20070 
11784 45551 
37584 46814 
49213 49501 
8831 32065 
49425 49805 
4665 23705 
30211 30573 
47492 48854 
28141 47527 
33713 39747 
16734 34232 
41471 45691 
10926 30071 
10973 27554 
25592 35271 
13507 39544 
20938 21879 
46048 49490 
27917 33296 
20621 26799 
4054 31174 
10022 25303 
41586 42879 
11505 30754 
48663 49554 
11518 19168 
39627 48858 
49703 49861 
22475 44202 
39262 46997 
49357 49448 
2716 45148 
23504 32670 
39992 41999 
30808 37516 
1904 6116 
21020 40531 
5429 6381 
45179 49315 
18295 49530 
35225 41167 
25749 38808 
16814 47015 
12756 47257 
28158 43881 
34965 41945 
6740 28428 
45025 45706 
5278 6294 
32180 33094 
45050 45776 
25023 29504 
35664 45537 
22876 31344 
37883 40454 
26443 49405 
12164 18690 
36621 41054 
2504 12284 
20369 22232 
20887 37650 
30113 30710 
2631 34351 
39303 40763 
34350 47584 
12044 23986 
25898 49566 
6289 17546 
40665 46066 
27611 47927 
14965 26497 
39528 49184 
29356 34331 
47340 47999 
16157 26062 
42744 48192 
47110 47375 
33428 34470 
32893 48762 
44082 45330 
31871 39052 
43286 45215 
38772 47234 
40877 42365 
44248 46144 
19875 20171 
34727 47835 
19738 39356 
29616 40198 
45086 49168 
10276 15493 
2490 41772 
15960 27922 
41119 43491 
23030 27628 
16266 33322 
12061 17914 
49281 49545 
49287 49766 
27637 41380 
35954 41799 
11834 23951 
316 28230 
118 15946 
23746 41573 
17028 23478 
577 48559 
28773 47618 
39221 42309 
21581 22529 
40478 44368 
48000 48444 
31386 49242 
8566 32310 
39034 48698 
3702 35334 
42496 46301 
18403 19678 
39822 47798 
16413 38968 
5631 41683 
19906 38121 
8904 40358 
4961 17551 
28630 29801 
31517 32304 
49110 49181 
6816 41096 
49631 49945 
28551 39663 
26740 47513 
5069 47086 
31775 48792 
47659 48867 
13452 29538 
1544 14821 
24428 36225 
20530 37669 
8689 32160 
19626 45799 
24511 47687 
13681 36422 
44756 49312 
20445 42936 
45170 45826 
43382 47461 
38694 42766 
36409 43672 
370 13496 
3335 47873 
17443 30284 
18872 38430 
23238 48825 
102 24380 
30899 41997 
32323 35667 
15367 43717 
25206 25772 
12150 45204 
44578 45613 
38495 48289 
12117 42548 
14863 24167 
35683 41301 
25595 39734 
12355 17257 
41328 45632 
7855 10170 
47176 48668 
36054 42877 
4128 26095 
32926 48249 
2187 7362 
7181 8580 
2088 35923 
16851 48268 
45622 47188 
10856 46196 
3918 8670 
41279 44371 
49847 49951 
12037 31246 
13861 33633 
46161 46584 
18250 41027 
29712 29800 
44943 48655 
27135 31306 
18837 49362 
28465 29733 
43352 48186 
30803 42207 
37421 41515 
33895 40835 
5939 7402 
30764 35671 
2596 27067 
24309 34849 
2581 43418 
48032 49990 
3968 27093 
23105 25079 
31605 35635 
9739 28817 
47186 47279 
26246 39365 
32688 44494 
7728 42232 
49605 49642 
38618 41930 
19963 27011 
35073 46464 
1075 48146 
17247 21382 
41850 48961 
38076 39230 
32075 49911 
49269 49921 
26774 30900 
1089 45990 
32176 48249 
12240 39892 
13043 49764 
46474 49570 
37566 37714 
8475 36601 
23901 48373 
31586 49666 
23106 38601 
42890 47909 
17278 38953 
25886 33588 
7866 41050 
49422 49898 
41670 48917 
27976 48545 
49926 49998 
42802 45062 
45101 48343 
37961 40263 
37071 45910 
40379 47214 
29085 38266 
45597 48821 
27131 32886 
15557 40977 
9611 40780 
48888 49840 
39545 41299 
827 30108 
43717 50000 
4172 46725 
17469 42764 
17036 31146 
11553 12878 
21311 46437 
5871 42887 
46986 49643 
34728 43928 
35412 46705 
26719 47740 
23933 30556 
26630 33368 
11916 40052 
24657 47605 
17913 49849 
38485 41384 
41730 48139 
36171 40863 
44704 46849 
7894 41027 
12319 40172 
33987 35242 
46395 48903 
5191 13412 
22168 22257 
38481 49732 
11279 45210 
33826 38443 
32605 38138 
30358 31503 
23714 28573 
13244 24340 
26601 46214 
32038 33542 
29661 42686 
34892 43894 
33260 41045 
34562 43726 
19675 29811 
22078 36558 
36185 41725 
24943 35704 
35765 49340 
21279 27564 
8130 43119 
25476 43757 
33714 42756 
46996 47441 
12455 24563 
4713 40696 
45673 47750 
42655 43367 
27831 46481 
13264 24100 
17486 29376 
27294 27510 
49905 49937 
5656 6186 
3129 35567 
45340 45877 
47988 48982 
42789 47739 
16462 44091 
2330 28611 
36396 42866 
37285 47400 
38512 47898 
20092 25082 
44443 47801 
21877 44330 
44117 47167 
21946 47375 
14745 15912 
48311 49146 
12592 25350 
45522 47679 
8218 42162 
44480 48932 
12265 34068 
7033 16757 
9569 43072 
2328 43353 
37312 47722 
43281 48844 
45507 49564 
2207 31685 
7970 37433 
41765 48738 
33040 39067 
1448 4893 
34871 37344 
46333 49087 
26910 35325 
11203 23916 
38861 42938 
9860 32379 
13249 40068 
3605 11944 
21899 25824 
35385 36266 
17773 25795 
10317 49417 
35583 39941 
650 22489 
17811 48170 
46519 48041 
36868 38049 
13836 14741 
2986 31703 
27369 37418 
17062 45257 
12729 22174 
39448 46931 
25216 31213 
13190 45683 
4102 33307 
22856 49942 
30155 48333 
31666 33861 
19987 48628 
38064 43636 
24939 39116 
48804 49219 
45991 48771 
5423 47061 
548 16445 
27585 33823 
33894 47808 
27427 30532 
23302 30286 
36262 41814 
43273 47043 
18866 26423 
30583 31772 
9608 41661 
38991 49895 
16209 44650 
30516 48448 
4585 49744 
1185 26565 
16911 45704 
36989 38437 
20280 39920 
3555 21328 
20303 22423 
12828 42734 
8313 11560 
18102 34604 
8797 36417 
9310 38315 
13915 38781 
38238 40856 
1555 4608 
15239 21966 
23205 39579 
8540 38632 
21479 49991 
3691 22387 
8903 22461 
3590 8580 
4739 7730 
3284 37010 
41634 48252 
48598 49385 
35595 48491 
10871 14795 
349 40968 
11567 25539 
42218 42897 
29961 42828 
29074 47936 
11558 13238 
21327 42195 
38053 49696 
24655 40558 
35376 45925 
42208 48212 
12827 29209 
17281 36229 
35587 44918 
36006 47630 
43790 44102 
25253 26382 
27392 45858 
17141 23490 
49978 49993 
46626 48136 
46392 48253 
13322 21203 
7847 35900 
7987 30417 
6455 11155 
30845 49178 
40954 47308 
7543 26530 
21657 43707 
7697 28561 
11564 33842 
117 26491 
11316 26612 
8251 36592 
22321 26778 
17671 21699 
16592 44354 
38693 49915 
48823 48836 
12392 32345 
1933 2569 
38285 44252 
47994 49086 
18647 25407 
42631 47509 
12345 35195 
15966 21293 
34720 41181 
30632 31570 
32831 37597 
25398 49201 
49328 49624 
38049 44745 
26340 40388 
8449 14429 
18951 38903 
40860 41789 
42701 49293 
46007 47226 
29424 43751 
34618 38240 
31157 36274 
44690 44775 
12672 47110 
12151 37438 
31601 33966 
8596 47148 
14982 44956 
6382 33692 
35732 37027 
25334 35685 
2961 24073 
48615 49322 
24356 29548 
6532 12386 
11067 17818 
35550 44428 
29262 31346 
22880 47330 
47970 48306 
44168 49125 
39083 40974 
42910 48978 
22291 41889 
24389 41281 
319 11741 
25370 38795 
32289 39959 
40172 49178 
47483 49187 
19404 26330 
10202 13696 
36387 37104 
9969 28205 
8477 25002 
613 3001 
28724 44755 
30986 41441 
16536 48701 
34294 47119 
49814 49960 
45192 49795 
26736 44849 
24669 31444 
37783 40099 
21743 33797 
48268 49458 
33434 42297 
8278 37047 
16380 43507 
886 13784 
33877 34617 
45551 45850 
7123 25752 
11918 47554 
46422 46905 
7698 13716 
6689 33382 
37737 43078 
44146 45030 
35364 48950 
22259 41677 
11288 21344 
3045 36255 
3897 31719 
3863 18468 
36400 41299 
7018 7964 
39959 45452 
19522 24391 
7095 39267 
43144 46793 
23094 39024 
40956 43709 
20594 29678 
6900 18014 
39387 49373 
295 49284 
12454 15013 
43486 47865 
18195 42014 
10548 32078 
15484 48335 
27211 49042 
7468 49060 
3531 37618 
22716 46137 
15579 25866 
28829 29325 
31644 45728 
26439 44258 
46926 49066 
43193 43320 
21670 39807 
4338 17703 
46762 47018 
2895 14186 
47858 49403 
1173 9191 
38164 47769 
10173 16212 
5832 38502 
3251 17937 
2699 16047 
23884 47713 
36530 37507 
46904 48688 
9273 42037 
14372 25517 
18345 21172 
18421 44947 
16422 47720 
38581 43235 
414 30665 
36712 37368 
39618 42804 
18356 20421 
23017 40442 
9141 45065 
48723 49525 
38874 47578 
20555 29329 
46910 48222 
44209 44979 
2060 10651 
31046 47681 
30139 39468 
1704 39791 
851 32778 
35804 44790 
47002 47557 
12427 35564 
41713 44990 
6898 10204 
10975 29094 
30477 48892 
37503 45471 
17455 25148 
21627 45743 
40625 41033 
28864 44486 
28106 45555 
9204 47628 
21635 34606 
1558 31149 
9248 25665 
4858 45746 
1392 12815 
47904 49881 
42577 48757 
14472 38092 
41376 46473 
29459 49376 
6597 41406 
13674 39529 
25276 35884 
11169 27354 
47280 48322 
4010 41378 
45398 49082 
12906 27381 
13801 23027 
37074 40732 
11769 12137 
24650 40487 
40883 46920 
26001 40209 
8945 14343 
34613 41936 
26201 47719 
9416 11020 
12721 39021 
46022 49037 
17278 46302 
5830 27877 
12941 36844 
4451 34337 
32640 32992 
45461 47233 
39498 46088 
10804 48333 
24073 31133 
27397 28482 
14855 23580 
31675 49858 
37125 37958 
26257 39188 
41438 44433 
35150 47604 
40621 48770 
22696 23052 
5566 20176 
7348 25991 
42728 45614 
8803 35312 
7361 39575 
6472 28835 
10635 35171 
16748 21513 
6515 45015 
8566 23828 
34621 49847 
21298 25079 
14188 22170 
10432 19230 
13037 28939 
46467 49067 
35290 44099 
9817 42414 
2452 29633 
17206 37142 
44346 45492 
46704 47232 
6502 41968 
37452 38675 
15973 44036 
18656 21081 
3381 47428 
8786 38155 
26493 27186 
25635 41351 
32437 45967 
38042 42084 
31730 49548 
21476 35510 
12426 42987 
1615 38041 
11905 42278 
42333 47433 
44218 46813 
39658 45735 
29404 30773 
828 44776 
10302 26440 
14989 19006 
37347 45665 
29432 37916 
32952 37505 
34330 43411 
25609 37897 
41196 43238 
24654 31023 
41143 47954 
19901 42793 
39626 41206 
39715 39895 
4754 29844 
28867 29176 
15740 27908 
24375 44262 
11625 28206 
1544 43148 
42999 44775 
21865 34447 
23675 27619 
49097 49776 
17355 25057 
28843 31604 
38765 39918 
45870 48823 
23366 49675 
48242 49510 
24332 39258 
5738 21348 
35465 39184 
100 871 
42632 44154 
14601 47551 
13581 34082 
14850 39786 
42879 47519 
16964 27016 
38936 39654 
5447 17654 
8071 10841 
26815 33988 
5626 43124 
42093 49528 
5448 25970 
4519 18535 
22101 36609 
20357 31007 
15281 16090 
3947 13564 
6919 12917 
14008 45305 
1422 39645 
47961 49382 
31144 36626 
39413 48739 
42897 47575 
18971 21581 
18548 35003 
4006 18665 
28934 42103 
6109 45916 
33322 42293 
31008 42819 
36929 49473 
307 42860 
11742 28106 
47791 48938 
43951 46872 
8397 21427 
26413 29744 
32765 39601 
1205 48773 
12018 24642 
25393 40951 
26057 29098 
26369 28962 
42435 49620 
15447 39555 
47923 49352 
17280 31652 
3138 20294 
712 28953 
47983 48974 
20715 25367 
14248 42791 
44024 46218 
40359 45310 
36780 44216 
39618 49751 
35516 44836 
14794 24107 
35919 47803 
11435 46096 
6763 23097 
48766 48842 
39549 47338 
23244 27408 
19601 30559 
31095 38571 
13951 14484 
7954 43310 
38396 48491 
477 23117 
15731 35399 
36885 45153 
44991 45668 
1690 16376 
15330 15767 
22045 48619 
16665 38949 
6228 17800 
1854 17271 
35009 35662 
26892 45816 
26924 47291 
39540 41762 
13810 47616 
22098 41649 
3097 32068 
21386 27278 
40303 42720 
23027 26832 
26697 39793 
18781 27624 
12519 43416 
43737 48204 
26415 33772 
4734 20785 
38117 44637 
13767 32021 
25082 40217 
20384 44196 
12700 37682 
20290 33637 
35322 37554 
33865 40892 
26764 32069 
38735 39047 
777 26881 
7267 27309 
45548 47800 
11507 34318 
37937 46959 
8077 49853 
42904 45081 
48127 49758 
14036 48040 
25328 29543 
32724 46172 
5875 9367 
23203 27247 
24891 46631 
35098 40868 
45759 47743 
34028 46839 
29231 41697 
13756 27112 
1168 11272 
2160 28735 
46419 48967 
43231 46736 
18240 27023 
4718 8927 
30282 42415 
37799 45550 
47483 49595 
11226 35237 
43224 46705 
24236 49010 
49388 49852 
2796 35512 
30461 35395 
43204 45655 
19084 44022 
49504 49919 
16124 17288 
23931 44772 
192 33169 
14629 38837 
36549 36715 
4791 36658 
21488 44516 
20171 42118 
2102 9114 
29849 48959 
32912 41514 
6713 24645 
36044 42149 
1088 49243 
16645 33080 
44417 46743 
9233 39463 
3434 20961 
27695 29502 
34162 36650 
38504 45031 
14449 22553 
36601 40298 
18678 34783 
1457 14548 
9235 9985 
31116 31250 
19496 34741 
40274 44156 
5729 16090 
15980 17287 
41973 45998 
28753 47156 
24793 27355 
40251 42212 
16706 38226 
18377 39911 
36957 41127 
14792 31828 
30828 31251 
20063 29767 
10773 30296 
1977 40035 
19925 38125 
36348 48116 
27663 33985 
18710 44195 
23231 46197 
30507 33906 
14646 40166 
26545 35368 
47768 47836 
46587 47997 
17641 22213 
19687 23649 
45940 49823 
14491 31470 
27783 31254 
111 33292 
10585 15794 
10720 23132 
32733 43954 
17348 41170 
19688 21462 
2426 29935 
27119 27582 
11254 22814 
22129 33983 
16677 20023 
14835 22177 
36226 42356 
5264 33921 
23983 31769 
35330 41375 
5275 21336 
20038 46115 
20697 34111 
9492 23929 
26001 28536 
40360 42233 
41432 49388 
5481 37213 
10158 34138 
27111 35150 
37811 43127 
43647 46697 
45552 48724 
35656 37376 
44461 49011 
45440 49168 
16761 35092 
48199 49195 
10885 13326 
14246 18354 
17025 42927 
43529 49717 
16877 43098 
3749 14257 
5707 46277 
28716 30590 
44311 44767 
49332 49650 
39847 43809 
36960 49701 
34625 41609 
49808 49837 
47047 47436 
3249 5469 
31672 45817 
30294 31336 
31576 43388 
33095 37490 
27396 30266 
9647 15672 
31352 49321 
20537 32828 
11256 47835 
13815 26066 
15927 40959 
36208 44511 
41197 49680 
22634 24634 
11658 43184 
3564 5247 
37177 48447 
42739 49347 
40155 41041 
24706 31025 
5941 14075 
4976 39772 
2394 36116 
21229 24514 
22740 46549 
17903 33344 
19296 44003 
8049 40266 
7651 12060 
14994 46005 
13993 16035 
828 30529 
49144 49559 
376 7652 
48932 48965 
36605 37023 
34288 39653 
45379 49793 
37846 39017 
6581 20141 
2951 6700 
48303 49360 
35257 46012 
26442 44944 
20809 46776 
16519 33793 
4179 44032 
38010 44806 
21817 31529 
47566 48235 
18712 37895 
1559 25888 
28593 32006 
29951 31883 
24715 25229 
7449 34513 
44140 47167 
48227 49066 
14021 29548 
49360 49590 
14817 22630 
11336 12885 
25311 33731 
29447 35692 
32655 35900 
7072 43935 
45156 46705 
19824 37555 
27938 44282 
45538 49314 
21595 41829 
37621 43199 
41153 44047 
28904 33251 
100 29547 
6797 30653 
46280 49684 
49756 49844 
20059 32095 
4549 18777 
318 10887 
15169 27164 
13076 28089 
19595 26373 
18361 37207 
6346 42667 
43268 46276 
49238 49475 
37758 40128 
48225 48635 
18111 23931 
1545 41346 
24437 37451 
601 2876 
7431 41336 
29635 31011 
21420 31366 
13042 46661 
29944 39766 
3264 5970 
3488 9326 
13047 27615 
23896 34560 
43247 46037 
10197 10822 
29920 36326 
37172 43409 
42003 47899 
23952 35849 
13215 49884 
35800 37262 
32154 38244 
40212 45288 
6423 33056 
14359 24561 
42510 48029 
27922 29342 
34311 49711 
48542 49278 
23440 30012 
28585 30454 
21911 38271 
5685 31947 
39610 41399 
26583 29063 
35883 36099 
14724 34575 
16606 39764 
46122 48774 
49445 49488 
43790 45941 
33347 45476 
32590 44408 
19752 45039 
6242 37892 
6727 40625 
31031 47011 
2629 15884 
42159 46340 
37714 39672 
12008 41139 
38482 47086 
11007 17655 
24106 26968 
18232 40387 
10313 12031 
30550 48563 
497 23756 
23906 45232 
15474 44738 
48116 49006 
36699 46632 
25028 44023 
39938 45268 
30349 33546 
11319 18489 
38246 43961 
8896 47505 
33275 49019 
1664 44833 
11735 17617 
865 22584 
28972 33101 
6876 40298 
38806 49475 
26489 43242 
27684 39728 
9060 34356 
16324 44239 
21023 21127 
33615 43982 
6115 6407 
45605 46050 
4641 9338 
5445 27087 
26650 34570 
40499 42770 
20538 29614 
22537 49553 
25521 35219 
20321 36608 
1969 36727 
41127 44016 
17397 47337 
31084 44291 
18744 32591 
15090 19351 
11146 37116 
2142 22467 
43657 49709 
20765 43835 
7406 45157 
4511 11487 
23373 32173 
36854 42966 
2325 16011 
19532 25705 
49834 49926 
47762 49439 
19480 34984 
18763 32930 
35172 48431 
1614 43164 
5211 31736 
46628 49462 
28499 44644 
19805 23282 
35696 49161 
18845 44195 
37427 41346 
45621 47420 
29298 37362 
23508 48492 
9952 27609 
9801 45145 
4658 13649 
36487 40468 
10751 44493 
15823 22167 
32917 40771 
5219 26417 
19327 22898 
23770 33028 
39301 48507 
13036 29526 
3515 48734 
29723 35319 
28683 48546 
6969 23963 
17230 49103 
33796 34949 
1022 4645 
37945 40293 
5058 48034 
47090 49728 
3475 17601 
41187 42241 
42360 43616 
35439 37129 
38866 48553 
32477 35013 
10838 42642 
2581 19524 
2151 32743 
12546 36035 
38400 46462 
26114 39217 
21200 25830 
911 45583 
41236 48215 
20497 21231 
29180 40560 
28140 32258 
46936 48465 
36814 37682 
15522 40888 
21735 43647 
22756 38894 
30049 42879 
5769 46297 
48469 49978 
38747 38844 
49788 49894 
17047 25561 
44818 49701 
15434 15748 
38452 47775 
24658 33352 
12665 30664 
12855 19830 
26261 35928 
274 16431 
33657 39375 
8452 36400 
10461 16358 
48831 49251 
17625 35892 
33528 41387 
32495 45233 
7862 13657 
47095 49190 
13930 30538 
34195 49532 
2253 42668 
42962 43149 
42959 46329 
40634 45820 
29562 46509 
10907 27146 
5208 7295 
18725 40512 
40742 47362 
46017 48183 
2017 30994 
2702 17296 
31817 47193 
12314 18423 
6612 32714 
4180 46519 
37041 40942 
10116 44001 
4241 20654 
29050 34985 
27511 29943 
27923 43256 
26274 30119 
22072 36779 
7454 12882 
48323 48376 
21614 27436 
37973 48233 
33124 34928 
44206 44592 
33769 46824 
25092 35932 
37662 49815 
6611 6856 
1791 31282 
42592 48399 
33757 39680 
16093 31785 
7959 40419 
12157 33026 
36050 44800 
26557 46052 
41067 43538 
14810 39093 
3175 28314 
20662 49107 
42142 44890 
22183 26497 
19408 31956 
12858 35627 
27249 29392 
23876 45511 
19643 30615 
26896 28105 
19540 30035 
3199 21083 
19508 23711 
30237 38388 
40044 47350 
7328 22286 
29441 47496 
6062 18653 
20419 29985 
22280 37211 
39288 49471 
25430 46919 
4620 20032 
10607 10903 
4694 5197 
6443 41239 
18860 31588 
5879 42142 
2003 14452 
5950 13870 
27775 48933 
26730 37980 
27745 46459 
33424 46414 
25229 32467 
3204 18952 
12338 20930 
23279 39885 
969 17394 
1935 14929 
44646 44860 
31139 35290 
21116 47810 
37083 40659 
31762 43788 
22229 36138 
48792 49489 
19608 47690 
23831 41664 
10399 42166 
21018 24241 
7984 21760 
34501 38868 
30277 30854 
25964 35035 
44859 48990 
21485 37686 
49340 49837 
6970 40177 
16055 30327 
46742 48925 
12168 28355 
42185 44299 
22014 38067 
13327 35018 
38603 46261 
30237 30704 
48210 48618 
45830 46016 
13110 22072 
48031 49454 
18100 31981 
45913 48826 
27990 35878 
43880 44560 
17496 28271 
37905 41351 
45770 45783 
15869 33158 
25629 42734 
36160 36896 
49855 49936 
33411 39515 
11908 21102 
47476 49424 
10812 27669 
3428 3622 
19162 24555 
41151 42394 
39525 46847 
13795 33682 
21238 44968 
18067 30645 
37997 38801 
27053 37540 
28911 48123 
1958 5224 
39172 47021 
3229 37396 
11017 30691 
49652 49795 
18663 44549 
13786 19127 
27932 48549 
29033 33359 
20624 21384 
35468 40641 
45619 48004 
48918 49023 
45348 47300 
15281 33826 
20759 24331 
49314 49953 
19780 20726 
9112 35767 
14381 30588 
26143 34208 
38802 41945 
34933 36424 
32288 45435 
19130 28488 
1502 16883 
5837 19888 
27902 40586 
49470 49991 
36716 42209 
29263 44387 
32153 40978 
25951 30576 
9464 27284 
41052 49689 
18195 44222 
43183 49065 
15210 21757 
3324 25814 
39889 40199 
3164 49789 
45144 47603 
6564 8829 
1811 38769 
37876 43370 
45556 47005 
32881 44519 
36103 49468 
13834 30314 
39502 49287 
32970 46240 
28590 46843 
44114 49445 
18083 38825 
24431 31932 
25506 35517 
2480 39449 
38499 40248 
10222 17849 
11483 18067 
16650 33557 
41694 47313 
48093 49170 
31234 34464 
20781 36254 
43832 46702 
37958 49340 
18833 44397 
34163 41579 
41473 42759 
12632 27111 
6760 32429 
45786 47487 
37485 47391 
42407 43229 
43238 46052 
20899 25445 
574 22302 
18377 25437 
29784 30210 
45970 47057 
3472 49263 
38366 41176 
4673 28055 
5601 26616 
45290 48695 
16602 49692 
47962 49053 
41721 43635 
29818 31178 
14574 30799 
14744 25895 
32793 33566 
45270 45658 
6244 29845 
821 16017 
17080 37360 
15869 33216 
46982 49253 
40698 41864 
23757 45077 
18195 28887 
11962 15543 
7197 39226 
45393 46017 
6408 40178 
47970 49178 
1379 23432 
8760 24728 
4091 34449 
47171 47749 
3312 44903 
44366 45569 
42357 49956 
17936 31631 
35634 37867 
33964 46300 
37457 43053 
22282 29594 
16587 41544 
45034 49071 
11089 45291 
18969 33437 
19312 38347 
29900 45353 
34877 49377 
3863 32607 
9772 21228 
46063 48437 
8955 27245 
27133 46523 
17384 24339 
28020 37496 
32597 46615 
30387 32627 
35654 38940 
34454 47730 
14843 39492 
35565 49837 
10616 36673 
19741 44085 
49275 49666 
28824 35956 
20107 27024 
20137 23666 
10623 28498 
10605 16990 
49096 49984 
35784 43629 
37029 38670 
18428 49297 
19532 29423 
20966 33715 
36323 43991 
45745 48931 
27763 35795 
20945 31791 
26784 35527 
35974 41745 
49275 49767 
7862 14388 
35984 48536 
37900 40635 
12913 22165 
7727 15253 
38272 46037 
46148 47547 
46951 47803 
35691 43311 
269 26060 
1501 49339 
20992 39116 
23976 28405 
29469 32342 
17548 24966 
36992 47067 
10459 13383 
41744 43793 
34155 49078 
23859 37122 
44345 48963 
7698 43455 
41218 49615 
30753 42807 
2374 18405 
25232 39642 
42825 45442 
17070 17770 
1300 40162 
18240 37746 
24787 32514 
3917 11042 
4645 22260 
29874 49904 
18891 34858 
6181 13060 
35817 39861 
30866 36527 
3367 9466 
16321 32143 
30105 35228 
28076 47093 
26138 49915 
44312 49455 
23306 42502 
45902 46814 
39933 47054 
32472 41364 
26455 40755 
7040 33520 
457 3952 
36935 44168 
43176 47206 
33690 34020 
8364 47547 
5319 30322 
41041 43611 
37435 49617 
25761 28717 
13090 25150 
6364 10591 
9547 44827 
28758 42750 
27796 32447 
23257 48172 
9039 26009 
41835 48168 
32701 41957 
1620 5923 
26897 49850 
46872 47511 
35264 42910 
18987 30219 
37766 42634 
30003 34923 
5283 40339 
11789 25156 
6944 16515 
35386 39782 
21015 30251 
20315 41428 
39080 48139 
8703 34574 
34105 46183 
30780 47004 
5322 34781 
14619 47775 
7219 20721 
34998 39467 
20084 32936 
36932 38780 
42677 44032 
44960 48050 
2496 32258 
5442 10910 
28867 45695 
8741 41459 
43179 43677 
23676 44636 
15461 21674 
2858 15217 
15372 35639 
67 32240 
18936 27986 
15519 44458 
40335 46182 
29566 43708 
37777 45855 
44614 46136 
18656 23988 
14977 15696 
3163 22378 
41185 47505 
37601 46578 
7920 31030 
5727 11542 
3712 7158 
48699 49614 
45503 45786 
35594 46793 
3240 19592 
19536 29553 
22440 43476 
29422 40712 
22387 35382 
27065 38659 
23189 31488 
25776 38400 
33337 42375 
32681 41923 
49405 49845 
16099 45959 
17304 18951 
4128 41529 
8502 49744 
12467 25835 
13286 40572 
39619 39775 
31484 40487 
36031 38619 
47037 48121 
44868 47902 
27570 37156 
27300 44602 
49060 49909 
6483 43595 
46561 47621 
14359 43305 
34434 39671 
31246 32128 
5146 22720 
46929 49493 
5616 28757 
40746 49468 
12873 25366 
46593 47218 
2897 3793 
34572 44625 
16521 46964 
36082 36466 
15688 37184 
14933 26878 
28204 36161 
26133 29287 
25994 34645 
14819 27229 
49611 49612 
28569 37590 
34835 49520 
1595 14851 
47194 47869 
47954 49326 
33893 39975 
8110 34700 
49857 49894 
13358 19252 
49238 49434 
42456 48507 
18514 29296 
43685 47810 
43084 43380 
35318 48481 
9397 35104 
13763 28066 
21701 29385 
1446 5169 
27655 48228 
38999 49622 
23832 43031 
25733 31120 
25397 42200 
6116 38458 
13956 18161 
6056 7741 
46242 46383 
18152 48376 
34729 37749 
13275 40485 
45362 49292 
46690 46809 
15784 24146 
40065 45540 
6234 37829 
10333 48245 
37001 41076 
31968 41999 
11143 46735 
23276 25016 
30666 32833 
48343 49622 
42621 44097 
20079 49115 
36090 39326 
6500 40419 
24180 48474 
11430 38550 
36109 49498 
27997 34476 
21079 49540 
16601 42112 
3558 13615 
11294 32315 
35899 45409 
37465 45120 
37589 40973 
40663 45194 
42662 47843 
40140 42862 
5427 16799 
43985 49827 
33321 41395 
47656 48168 
2527 11715 
40386 48512 
8214 15398 
5567 35909 
40077 41920 
31392 33548 
42555 45550 
22348 26442 
8742 30669 
13422 38014 
28944 41839 
47824 48327 
43630 46900 
34800 49417 
43197 47003 
6131 28287 
17939 38706 
23568 25750 
13616 40064 
8332 36582 
7587 45050 
18857 46724 
44113 46089 
40238 40315 
13442 42084 
19822 42947 
11632 28610 
26571 46977 
31014 31280 
34814 47715 
31182 41902 
35003 43028 
2547 3905 
35467 44765 
40032 40201 
24068 32939 
4428 35568 
35404 46601 
12629 37280 
10319 44771 
27784 47172 
17230 37497 
28652 46290 
30080 48555 
14495 29190 
26476 32663 
20737 46778 
37758 38978 
30959 45030 
6466 15795 
43780 45811 
24728 36139 
6440 7379 
3171 26174 
26886 47936 
46924 49978 
36505 47404 
17993 37074 
34705 38308 
41580 48860 
12729 44832 
47948 48580 
25674 30363 
20009 21602 
11704 24003 
38198 42357 
23005 43385 
16299 42764 
37008 46536 
18371 19881 
33994 42428 
36107 47499 
49034 49465 
24103 48018 
6378 33002 
10886 26410 
1766 16468 
3692 38957 
44608 44967 
13730 19399 
20726 25020 
12878 36583 
30070 40082 
28134 28999 
21659 22186 
18023 24664 
20753 37701 
7145 9063 
9074 32027 
26489 33258 
45826 46718 
38996 43097 
42827 42846 
19904 31145 
25631 27923 
42632 45155 
15900 41284 
15609 29306 
31282 37308 
9810 49028 
8153 24991 
29538 40601 
25038 34302 
25453 36812 
31764 44448 
30501 34998 
22429 41466 
20798 34595 
30300 34196 
25573 30683 
13652 35106 
4219 33219 
31862 37200 
13069 27711 
12609 37252 
3298 28333 
29787 45360 
23251 41054 
45636 48306 
31954 46182 
2132 8357 
25476 26866 
3480 46893 
16007 40237 
8801 45705 
10123 49848 
14292 24829 
44784 48486 
13746 24599 
46671 47139 
48973 49931 
36333 40611 
25639 41784 
34187 40045 
31182 41790 
21045 39126 
9033 45625 
31005 46307 
24913 29697 
16137 29200 
41707 47436 
1438 29926 
31083 31808 
10686 35310 
39642 41096 
1328 21558 
31300 48509 
8271 46189 
34868 43139 
21371 46145 
27430 43790 
32462 42818 
10989 35145 
8734 34867 
16681 33986 
4927 5485 
30866 41508 
39077 41178 
21234 45328 
15966 17822 
44155 45300 
23844 49486 
2311 40480 
1004 5466 
34188 40068 
19533 23349 
48117 49554 
30441 45773 
39231 47607 
7093 40783 
34341 48751 
47032 48775 
41030 47463 
48192 48204 
44546 47896 
29434 45794 
19904 46608 
1116 30140 
912 28332 
33422 40508 
12312 44807 
20332 25916 
29084 43640 
44834 46126 
49900 49933 
15304 36542 
16626 37219 
7700 47440 
21093 22039 
6613 12857 
29551 29853 
49211 49803 
30678 35253 
9321 26339 
16767 42754 
21658 40226 
38176 48868 
47288 49925 
21838 30873 
20308 37746 
40070 48978 
5412 49493 
43399 48560 
35710 47541 
11665 28060 
23876 36281 
44583 45506 
16203 22030 
26072 27365 
37176 41092 
4007 40977 
39060 47127 
31648 35434 
41728 48446 
32016 41309 
19399 22264 
19931 38478 
30737 42039 
26926 34001 
14378 24033 
38240 45324 
29270 30345 
26350 35733 
11364 41745 
39531 42846 
44483 45221 
10448 22460 
39235 46868 
14465 43765 
12960 21897 
38865 47397 
21856 33058 
19526 38115 
38921 41845 
37522 49431 
22659 32189 
800 34984 
21968 27775 
34720 34907 
21088 48246 
19088 31185 
48970 49989 
15017 43247 
41438 44620 
23276 31443 
43207 46587 
34328 46638 
24571 34931 
22793 32482 
1604 17099 
26930 34806 
44288 49550 
36135 47878 
32378 46262 
25448 35107 
48907 48907 
12453 31663 
15957 17230 
25139 44223 
9996 14395 
31988 47860 
34972 35842 
19821 39554 
12473 25065 
7251 25847 
49753 49918 
24142 33895 
30968 33337 
7855 42128 
17412 22222 
40496 47813 
2526 37613 
47191 48296 
35564 46911 
20443 33078 
7580 37897 
17892 26127 
13023 19440 
31771 36507 
24573 26893 
1249 12869 
33216 41402 
26544 32817 
16738 38618 
37216 46167 
3143 4606 
17145 23694 
42857 47920 
35315 48804 
14080 32056 
37812 49273 
18525 34023 
48613 49776 
40445 44358 
8401 17684 
6620 44992 
29014 32753 
9604 20077 
46793 47901 
4078 39785 
41913 46006 
44598 48495 
13031 21339 
11686 44476 
2370 17290 
44531 49950 
49260 49375 
1302 10193 
9759 48080 
15463 16406 
19621 28330 
9662 39833 
19938 34448 
10938 21063 
18804 23940 
17834 31629 
43352 48126 
42891 46259 
14159 41471 
37739 45855 
4533 5393 
6718 13768 
29957 40345 
5216 15632 
8695 22125 
20604 39143 
23959 29270 
44716 49371 
424 9779 
38126 41412 
31542 44214 
25783 28572 
28919 47307 
33538 44541 
35543 40472 
2957 20256 
827 21842 
25177 30847 
26838 34016 
31582 43682 
47280 49477 
8270 48142 
35742 36956 
45091 45980 
7595 28286 
32832 46448 
31348 45021 
35146 47703 
34937 47483 
20232 28947 
24991 27061 
13335 39107 
27156 42400 
9588 37953 
20303 29162 
8567 42072 
48461 48554 
29454 48902 
38875 39938 
18961 45461 
47048 49956 
15851 42699 
37940 47598 
37412 42232 
33030 33371 
13593 13635 
43451 47112 
17547 31353 
19282 43899 
23340 48230 
2313 11886 
15341 27887 
21401 44827 
27695 44533 
7436 36384 
10707 35141 
20336 25065 
36852 37474 
38624 42583 
44345 45284 
25473 31284 
41164 46251 
13529 19434 
13867 35837 
13561 25500 
2252 27340 
4257 49846 
35359 37906 
35978 42777 
17416 35968 
39680 48271 
39153 45461 
14574 46327 
49649 49822 
15490 32948 
43502 44797 
7037 38304 
1879 11737 
26326 37306 
36127 36839 
49401 49602 
16872 38933 
18811 25806 
15119 37297 
24048 39694 
30265 40408 
43117 47977 
40197 40719 
9728 42431 
22968 31389 
10223 24514 
25124 42259 
8512 18244 
34098 37594 
14060 42149 
30001 36216 
40048 42181 
5701 48901 
47724 49720 
41832 42705 
3156 11786 
27273 36847 
31561 44059 
8035 42614 
13484 16420 
28370 38370 
18179 38719 
6525 46040 
10995 27590 
39162 47427 
20836 40552 
24740 32472 
41630 47102 
49783 49905 
12933 36153 
20594 49293 
40614 47204 
48827 49835 
19313 22447 
11638 32297 
10711 46005 
47904 48328 
36332 47877 
47746 47944 
21629 43134 
1865 29356 
35569 37853 
44898 47323 
39865 45159 
36294 36756 
4106 44455 
6057 15846 
25279 43617 
32775 43738 
38741 48680 
1893 33054 
44251 45253 
20731 34265 
12238 13607 
1835 38397 
11367 44870 
5922 28214 
39971 48438 
23225 40240 
3741 6194 
15182 43241 
43055 48789 
49092 50000 
8187 24534 
43227 45989 
11949 38453 
43329 46243 
16686 23832 
49051 49338 
16370 39086 
34766 43907 
36648 37009 
8467 14385 
48564 49398 
20772 47391 
23350 33527 
24561 43874 
10827 28008 
14309 39121 
13340 40559 
42526 43772 
16495 17742 
48629 48849 
42019 48959 
11000 16712 
12470 18180 
3338 42934 
30825 41166 
11299 47129 
35270 41305 
14079 26207 
23783 44476 
25153 35024 
24026 44846 
40010 42439 
45157 48864 
1437 17407 
11063 29822 
32668 45724 
38311 38830 
35237 46111 
11172 15021 
9309 30288 
26833 31879 
21361 23349 
39355 49120 
9707 28382 
48144 48908 
8701 20671 
37947 39692 
2833 32825 
15326 25515 
3957 43191 
17347 28182 
34177 41772 
21975 40122 
4530 48695 
18972 24451 
4508 33500 
31612 35509 
38541 44528 
21192 47852 
23552 34275 
42178 48926 
22400 37707 
1019 43977 
10709 47850 
33767 37236 
49037 49233 
12141 14537 
37793 38753 
2280 31241 
746 6669 
47351 47558 
37069 47562 
48871 49038 
9117 29228 
23117 46498 
1369 30567 
12697 20459 
42035 46749 
30731 38859 
45257 49448 
34828 39392 
34217 47148 
9542 21583 
46735 47960 
49179 49399 
23361 46876 
41226 44928 
47464 48887 
10945 19662 
41997 47369 
45486 48932 
17477 30440 
43752 44739 
15053 47400 
20683 48280 
14352 30136 
29267 39246 
13061 41628 
15786 49508 
14929 36899 
46649 47444 
35261 37398 
33457 46886 
15848 43547 
234 15922 
36436 47229 
47957 48659 
35460 39734 
44883 48008 
12280 42361 
41777 46642 
34391 41886 
37483 45586 
48884 49287 
18312 27086 
26946 41884 
39581 41283 
47987 49356 
25610 28772 
9087 45737 
11759 27645 
597 19012 
48520 48563 
31329 34967 
2567 15747 
49722 49905 
6110 10473 
32414 41657 
2267 6642 
31549 49005 
44217 49724 
20868 48453 
28565 49303 
7812 39515 
34619 39977 
48790 49157 
19414 48858 
40377 45486 
13568 43290 
16914 49016 
20536 36188 
40455 41562 
49915 49946 
34928 44476 
49742 49986 
21715 40672 
9439 21930 
27469 28656 
12249 45189 
18846 37829 
36086 38935 
22318 38804 
36177 41787 
48220 49695 
33725 44537 
15563 46022 
16762 29057 
26242 30153 
35304 45878 
2982 36404 
692 32249 
18645 31647 
43124 47057 
49437 49485 
16907 40848 
8821 39904 
47016 47968 
14883 29181 
33837 48822 
11577 25474 
31117 39125 
17220 47911 
38005 45649 
28938 35303 
22004 45300 
5154 44295 
10936 35771 
49637 49716 
38686 48135 
9503 38639 
46638 47710 
7046 28781 
29848 32409 
8158 13018 
13328 36995 
40999 41067 
21100 43257 
45142 49748 
40962 49357 
6585 28069 
47632 49536 
33052 48335 
18489 36505 
32209 48170 
10087 27659 
20029 49483 
37042 39337 
15244 49904 
27651 45721 
10780 22219 
49096 49540 
7806 47159 
16021 17065 
5430 6992 
39524 40615 
17760 38693 
25158 48358 
2242 27678 
17997 43246 
21649 48266 
13337 42613 
48086 49163 
46213 46407 
14857 38976 
19573 31802 
34366 38615 
18669 35365 
44931 49523 
21920 23703 
48606 49103 
11028 47778 
20089 26636 
20312 40527 
40950 48265 
20597 35323 
19847 37746 
25545 45065 
13998 42037 
41665 45359 
10946 42196 
10954 21104 
14979 17442 
31568 42878 
31126 35914 
12036 48179 
16812 48434 
25947 37436 
32880 42094 
26870 36982 
42490 49691 
20183 47306 
31291 36201 
5186 46132 
32004 41168 
14919 15362 
18692 48531 
16125 26439 
26361 29012 
42992 45676 
18106 24719 
12109 44297 
9328 29318 
27217 31547 
7507 30088 
47236 47849 
38604 46592 
32339 39335 
1024 14448 
13001 45209 
33632 34728 
25922 39228 
47687 48753 
26102 45800 
23996 34509 
6188 41622 
8423 12681 
40053 41166 
4133 34643 
30885 42388 
23682 43034 
17375 20534 
11634 18105 
12493 40540 
43289 45902 
12321 38439 
26547 27405 
16518 38444 
7603 48093 
8778 32873 
5914 8544 
28573 40350 
38190 48861 
43544 49199 
30850 33028 
42722 48375 
9512 39897 
1232 35144 
38140 47367 
15033 29402 
16303 40403 
778 38652 
25771 31556 
27460 33404 
39403 39867 
59 30123 
18158 25857 
36451 37473 
35836 45287 
25045 47637 
17404 26221 
39148 40775 
8216 21035 
8375 21624 
21414 45732 
33910 35781 
4681 26810 
5621 17161 
17694 20211 
21331 37575 
26233 40775 
12722 23641 
13480 47818 
20887 31489 
17991 44233 
49719 49991 
26906 32992 
8900 11497 
35381 41874 
37739 47708 
35557 38569 
46713 49426 
30631 41621 
46903 49444 
8904 49936 
15795 31403 
34788 47495 
41814 48302 
16812 25343 
43947 49359 
25843 49207 
24879 26994 
14966 46971 
15441 22275 
49770 49790 
7422 36385 
29436 37350 
40505 43784 
40456 42902 
9546 44933 
49437 49505 
26251 40298 
46601 48578 
34306 40997 
31584 49091 
45575 49305 
45124 49552 
207 27664 
2635 44284 
33876 47790 
15593 41606 
39313 48014 
30904 47238 
45566 47262 
39319 47065 
33136 49773 
48289 49374 
24772 41854 
16029 19967 
30577 31436 
7387 19185 
32578 35217 
6841 37870 
44024 48557 
32734 34921 
23598 35603 
531 39164 
5465 26460 
39977 42739 
34573 45465 
15384 41903 
31778 36209 
12107 45095 
11193 26033 
49490 49541 
4712 24461 
28222 32412 
4691 43626 
14999 37554 
27220 44841 
31995 40998 
27237 31691 
27034 30339 
18052 18092 
4072 37911 
27453 36968 
45601 49183 
2469 48084 
3789 39287 
43245 48082 
20295 32820 
43942 47878 
48108 48523 
44190 48332 
22294 41056 
25291 45420 
43395 44022 
8384 35792 
32206 46185 
20704 46956 
20239 31104 
41564 47946 
17619 43241 
29628 41687 
16099 39199 
8151 47656 
15636 35902 
23429 42417 
47032 47794 
22732 36536 
890 27106 
34086 40041 
43150 49995 
38305 47756 
31610 35326 
36808 42653 
18314 38038 
20580 37138 
41892 49754 
2666 39795 
23783 40681 
46700 47728 
23060 31677 
28761 45712 
8191 11146 
5077 27304 
30325 46558 
43294 44495 
20897 28506 
4616 28729 
13240 15311 
26446 43503 
31896 46365 
35094 43053 
30571 39251 
39953 42263 
3732 37286 
24773 35599 
49835 49913 
22734 29686 
15727 21622 
20995 34494 
43208 43299 
6674 23925 
19832 44954 
24985 26567 
41519 42589 
4242 43277 
44986 47040 
12763 43179 
38060 43892 
5431 46009 
28345 49991 
22754 25452 
33350 44958 
26859 31784 
4598 44349 
40279 49558 
25943 27323 
10006 17758 
42547 47944 
41119 45048 
46806 48016 
12981 40559 
37267 44618 
29911 37108 
18085 30345 
39160 45064 
37804 43890 
32945 39107 
24596 39559 
36221 46559 
37590 45836 
34899 39820 
34486 35123 
27860 46450 
46881 48937 
27323 30381 
18084 21498 
35126 46625 
46846 48457 
21372 26884 
23274 26261 
20264 44431 
9103 29092 
37751 49767 
18370 21023 
27042 43010 
21435 32899 
45449 49442 
43089 47512 
24760 25555 
33221 49482 
33411 43436 
39458 45513 
31995 38478 
33986 39020 
7328 30913 
21836 23393 
5624 45566 
14673 28306 
13601 18716 
19121 30104 
23225 29753 
14128 33157 
5011 23664 
10918 10949 
29061 34708 
48264 48974 
34017 39689 
30318 31368 
203 13357 
31871 41017 
9957 27874 
34098 36975 
31281 36114 
36877 41386 
33967 40308 
29586 32326 
43510 48271 
13197 43165 
11671 49444 
49105 49173 
4763 43390 
20350 33454 
16780 28738 
42293 46938 
46619 47036 
2622 36621 
15684 33161 
26532 44406 
21962 47269 
48924 49766 
582 37560 
5607 34070 
9866 36788 
41501 43075 
20833 26910 
17128 30914 
19958 21582 
21423 47389 
6733 26736 
35580 45985 
9172 35016 
31938 36956 
10491 29227 
44480 47461 
40043 40719 
11978 12850 
20869 47029 
5537 41563 
48342 48822 
39526 42250 
21015 26296 
10926 12177 
3903 47382 
18170 41296 
26874 29689 
2957 29963 
15781 26295 
36933 39639 
49837 49843 
20836 48734 
29974 34862 
43550 45715 
26940 32014 
43236 49617 
39571 46694 
23863 47405 
31383 40129 
13508 36851 
3010 49510 
31707 43622 
4257 15178 
6108 17035 
28430 32089 
17429 29357 
47802 48049 
41681 42508 
11837 27921 
25721 47652 
26391 39338 
7303 29866 
49788 49793 
22622 35113 
22737 47332 
20876 27481 
38305 47288 
17175 48509 
42159 43299 
33240 49075 
19690 33969 
38672 47312 
19723 41944 
15241 32144 
25926 30049 
13768 16332 
7147 7619 
39578 43150 
19628 23492 
40010 47848 
736 6429 
40877 46933 
32447 33866 
2431 7134 
32715 39305 
19175 28213 
12583 35978 
22360 40778 
45762 49100 
38442 45690 
47477 48585 
21358 30951 
25023 38416 
12455 12658 
963 24366 
24223 42918 
911 43799 
17256 45294 
3608 15533 
7576 20972 
6162 49402 
36359 47212 
13556 24308 
45629 45773 
293 29767 
22181 33174 
7164 38385 
19406 32309 
33878 46630 
30288 48965 
6377 38968 
38484 46244 
42067 45199 
32196 43798 
13465 15061 
39118 44034 
27399 47977 
41202 48040 
2401 40610 
48649 48753 
12025 41209 
7103 39896 
5886 22123 
2808 31296 
12458 35307 
28530 40591 
33831 47666 
33165 42342 
8302 36497 
5471 26199 
32814 46348 
15373 47025 
43242 47599 
12184 30359 
8040 32099 
29421 32243 
25739 44286 
20107 42729 
49198 49253 
3697 42601 
24225 39503 
12585 44572 
13529 28568 
38886 49057 
37939 45674 
20373 48948 
32711 47689 
9242 17510 
46065 48972 
6654 6737 
3397 35598 
35051 46266 
39936 48072 
3900 22306 
22193 33572 
21869 45167 
38015 47661 
45572 49484 
32148 39267 
34173 40326 
41132 42145 
14399 42950 
24887 49336 
583 4007 
29513 43942 
24906 31652 
36262 41399 
48272 48335 
49949 49978 
6023 7628 
5047 14229 
361 5478 
11704 41439 
13762 32434 
12926 15769 
19402 46870 
47282 49855 
11485 29196 
2101 15581 
49826 49973 
43136 43698 
37324 47329 
21256 32780 
9134 45583 
21187 29824 
13960 48479 
41857 45699 
30086 48395 
40055 43674 
12525 42777 
12487 17044 
48824 49450 
23418 41538 
4161 18925 
3926 34072 
18884 32866 
4490 10752 
46701 48258 
46965 49124 
47637 48046 
17657 33323 
20126 25115 
12964 33495 
25243 48214 
43161 44911 
9698 38524 
40348 40491 
22419 28900 
13678 40653 
42323 48113 
34402 47474 
9465 32300 
36100 49884 
7628 47439 
25291 49413 
41987 45009 
3829 20735 
23364 47525 
28486 40707 
6331 23143 
901 45023 
34694 45125 
23590 33920 
44343 47328 
31327 34161 
37796 39358 
9094 15288 
46885 46885 
2017 39230 
26198 35713 
45051 47884 
27880 32161 
29424 47649 
29912 35795 
35477 38053 
24533 49504 
1589 9109 
46065 46990 
42797 47832 
27184 48771 
24391 31862 
15400 41400 
27738 43140 
43515 48671 
40267 48740 
26740 34555 
44331 48859 
44002 48228 
10155 38836 
38926 43804 
22815 41226 
3713 19616 
29278 40482 
28709 44603 
44089 45517 
24925 49359 
2792 26088 
15463 19662 
16713 43895 
22562 47244 
19646 31840 
6275 42520 
20960 37409 
25626 48213 
25339 35218 
83 41900 
32896 46438 
44610 47427 
26139 28523 
39054 41317 
33867 43239 
34282 48134 
47611 48721 
19050 36808 
49846 49884 
45731 49903 
15408 42010 
7910 37597 
14929 19086 
32923 39379 
37185 49691 
21976 37145 
45084 45195 
35868 38432 
3503 4780 
33564 49227 
27926 36299 
4870 35338 
15023 30572 
8839 28022 
38626 43940 
22377 38418 
15347 20573 
35177 45408 
22454 46060 
34229 48613 
36073 47294 
42180 49026 
27638 31734 
4254 49085 
49348 49728 
318 28715 
23283 34512 
38495 41710 
28095 43263 
26381 37230 
17468 19549 
14306 25870 
41601 48985 
38129 44934 
39846 48635 
25197 32308 
33574 46707 
26126 27298 
29914 43524 
10423 31995 
27320 46815 
22755 38104 
23382 37573 
30505 46682 
47993 48584 
44848 49727 
19842 22238 
26566 49051 
4630 27327 
2623 28758 
45428 48709 
45864 49687 
20539 31485 
3556 9681 
19018 29741 
24515 45859 
4387 42455 
34195 41160 
13155 15686 
26274 39760 
20512 25730 
5756 46056 
16975 44060 
3453 18502 
21110 38376 
4509 42151 
9872 27838 
24607 47365 
20107 42343 
16512 44177 
3236 48583 
49140 49842 
12801 33403 
4920 23494 
47264 47350 
43072 49521 
47931 49970 
20367 47684 
33964 39836 
45645 47325 
45857 49360 
31164 42315 
23567 28660 
38079 45609 
47654 48728 
43328 49579 
25736 38162 
3132 30144 
10002 25135 
27870 39429 
27480 29924 
46998 48107 
1808 47884 
18029 35890 
46039 47345 
6012 23106 
8249 20189 
14427 49968 
12816 15341 
44731 49326 
34076 43713 
27438 49519 
43373 48601 
42787 43789 
32454 40096 
5482 30192 
47786 49518 
1450 46174 
40635 48134 
7063 21177 
21238 42914 
32405 48980 
20321 32481 
17635 40011 
16902 49916 
44874 46820 
14993 32527 
14279 40223 
19539 41963 
44286 45328 
14680 48769 
46315 47937 
19987 28535 
42861 45073 
28657 32144 
48041 49701 
22421 35605 
40364 45699 
41645 44840 
49746 49750 
37292 44853 
7475 22911 
28074 32498 
43380 44791 
30257 47100 
38366 49246 
17456 25965 
44879 46077 
33743 36727 
19101 41094 
26549 44507 
288 22630 
4295 14969 
46642 48952 
44879 48583 
33087 40743 
4321 9790 
47274 48426 
1719 17322 
12578 42673 
46590 46756 
22197 42889 
41147 41442 
11974 47060 
13950 42356 
19904 47375 
4671 17361 
30319 30498 
5669 26943 
48421 48516 
8096 29511 
31572 34156 
30619 33344 
14209 20149 
48286 49731 
27163 28829 
6161 6724 
20352 44353 
44895 46793 
174 11521 
17641 43496 
44938 46223 
34692 38038 
33565 44619 
20241 42793 
5533 9928 
34405 42407 
23763 35861 
16818 26954 
42389 49555 
7271 47431 
7665 11352 
28065 40562 
25188 27932 
17704 41446 
30889 46311 
35522 38676 
47141 49589 
30859 30989 
3403 42151 
28410 37144 
16232 48790 
23429 25166 
3917 45106 
43774 49866 
33172 39581 
27251 38557 
34100 35930 
43728 44712 
20491 20982 
17802 31003 
36477 49632 
9823 22036 
6923 41996 
1060 19936 
47442 49707 
34711 40045 
37299 46173 
10003 45469 
40474 41637 
19220 43587 
48673 49060 
20305 34125 
16210 28770 
8222 14889 
30159 44163 
41252 41933 
11816 19961 
10510 42012 
3723 43682 
4340 40641 
7001 34163 
19532 32442 
33179 48143 
6831 32261 
3591 37672 
12709 13077 
2563 21369 
29869 34932 
36815 47266 
25140 47330 
47733 49897 
12847 15704 
47632 49993 
47312 47479 
25761 49996 
14416 34220 
37809 43207 
38313 49362 
6051 11883 
22722 26882 
46913 47410 
7945 33228 
31770 47289 
33799 48585 
20614 38061 
16125 46640 
15712 20968 
27963 37654 
18422 28156 
27302 32825 
49867 49985 
26386 42038 
49658 49777 
7551 33681 
7737 30276 
20337 27553 
1444 25495 
8179 9358 
7873 27809 
26713 30322 
27119 48427 
19474 23711 
13327 45576 
24841 29968 
49947 49949 
45644 46985 
4830 14869 
49569 49615 
12022 38680 
32961 34320 
11443 12842 
23940 29614 
31368 42340 
48604 49945 
24076 48995 
40697 42989 
7891 26955 
45804 47981 
12842 34248 
11289 42679 
49828 49836 
1449 18892 
6281 49711 
45909 46350 
21788 43009 
4180 34780 
47559 48969 
47325 47760 
27411 47648 
45737 49227 
46406 47288 
27881 37412 
46406 48465 
28146 35866 
9851 43416 
18607 36261 
48146 49147 
27468 46238 
24990 43823 
49126 49477 
26548 49502 
22069 22502 
27091 28842 
44709 45360 
891 35401 
2596 6552 
26929 46605 
5093 29562 
7540 41179 
13376 33703 
45551 49821 
9738 38061 
6659 29987 
49066 49731 
28749 38292 
47006 49965 
8704 46005 
35750 42404 
26969 39217 
12367 46052 
40077 47576 
5290 25619 
19587 40767 
19912 29846 
26964 44826 
34983 35509 
12262 12871 
43182 46273 
13450 33976 
25785 38017 
5126 10474 
47331 48545 
12515 32300 
44597 45496 
43657 45735 
14791 39726 
23579 30164 
33623 37504 
40504 44225 
27541 30823 
48125 48434 
3528 27726 
5473 9993 
27525 34155 
6675 48421 
11320 39609 
15425 47861 
1100 13179 
22213 46873 
18665 37666 
30189 35343 
34424 45109 
16774 31753 
3393 25038 
46292 49072 
15580 36551 
46399 48801 
39346 45145 
22045 28098 
19052 33251 
11774 24116 
19367 41870 
32821 46036 
31803 35699 
38063 45082 
23095 42431 
411 20775 
43199 43386 
1289 49421 
12003 37594 
43227 46127 
7852 17264 
33260 39681 
23026 30970 
40745 46615 
41151 46868 
33637 46673 
2991 39669 
29793 35118 
26089 28458 
20699 28045 
39609 41738 
37290 47371 
48100 49257 
6936 36391 
18306 44979 
26034 40675 
36340 45107 
40110 41878 
25467 47798 
17749 24767 
46155 46217 
28561 35649 
13033 23248 
10349 34703 
41172 49386 
23115 27909 
33300 34944 
21929 25288 
2926 22779 
24656 33622 
10053 38104 
26224 47683 
42633 48596 
37278 41794 
9188 46747 
12889 44212 
46897 47179 
49224 49391 
35115 37577 
31387 32622 
25689 26555 
11760 39063 
21171 46785 
21359 41973 
7916 46576 
5747 35601 
45545 46209 
10159 41940 
14824 19968 
15128 40453 
30043 38621 
26761 39715 
14122 34338 
19704 31820 
48781 49269 
47435 47563 
49020 49415 
12817 46457 
5968 7358 
22150 33713 
20051 21833 
12022 46149 
49380 49813 
26889 40735 
7876 36832 
25503 30901 
13951 32358 
22983 46375 
38045 46703 
23080 31574 
30074 40506 
17383 37028 
24527 36373 
6170 35141 
47794 49682 
19487 30282 
11626 27883 
29445 40875 
31527 38041 
38414 49937 
30100 39255 
36666 39974 
3653 32593 
1930 28966 
23492 46660 
13313 24603 
4435 15134 
1370 42252 
4247 9199 
1762 27947 
49721 49818 
17120 40044 
35937 43951 
43071 46325 
42811 48853 
7753 49698 
25998 39728 
32322 43682 
24538 35670 
36643 44211 
21720 36842 
17600 32518 
45081 48727 
26384 26673 
16844 35186 
14932 25386 
27235 45388 
48080 49066 
31735 36393 
8560 34801 
21872 34995 
13961 28400 
16091 41614 
46409 48533 
23339 46615 
1552 46455 
3262 39269 
28056 45780 
43534 43887 
13134 13421 
45346 48393 
13380 25310 
41074 44132 
22621 39294 
35372 43605 
6570 35713 
11526 19296 
43543 46297 
4411 19126 
38542 45054 
650 18035 
7494 14663 
31492 43403 
39120 49371 
42249 46868 
23020 40839 
41902 46990 
15342 32319 
40503 41494 
45096 46012 
9902 32253 
42287 43070 
19935 43305 
35374 38314 
36382 41031 
31709 46322 
24531 35384 
22625 22948 
2353 16574 
6815 19347 
41197 49623 
19430 30124 
8662 18494 
27269 31689 
27237 31318 
47193 48052 
45277 47467 
9593 44848 
42607 46663 
12925 22040 
48814 49472 
43287 47661 
35033 49500 
17180 25365 
42524 46288 
25168 26958 
27589 46195 
31221 36460 
10730 18223 
42464 49647 
44373 47685 
10401 23142 
23912 47637 
36131 48796 
28136 38461 
4004 14371 
9245 46355 
48179 49023 
19245 35395 
33845 39110 
1048 46797 
28103 31817 
23533 40840 
29008 35663 
34488 44321 
7893 42624 
20823 46262 
45310 46183 
38716 44147 
5369 35210 
3817 27639 
100 42159 
11407 44901 
44333 49443 
20131 28359 
27347 33884 
48458 49709 
16456 38871 
372 28326 
15141 47705 
9201 29877 
19903 28375 
7845 13421 
29170 46915 
19713 26078 
40412 47382 
43385 43619 
16704 49388 
17108 47953 
43134 44952 
27508 34845 
32059 47575 
18490 46683 
1284 8724 
22720 38678 
35601 46972 
44532 47112 
40030 48639 
10800 22470 
44178 46593 
7261 33066 
24867 43330 
21618 28944 
5718 25581 
43716 49074 
47998 48040 
40760 47008 
10519 36462 
14883 32221 
37817 42298 
40474 40768 
30503 43162 
36165 46690 
5999 12667 
41386 45328 
6613 28396 
4061 25504 
12714 22750 
9966 21467 
36207 36813 
49511 49992 
12292 13537 
22501 29143 
41134 48586 
44679 45700 
41334 44391 
13 28457 
15039 25534 
44248 45943 
40500 42794 
37135 46577 
18420 48935 
22901 49087 
13423 35883 
4227 24391 
23196 41374 
11802 45824 
36139 36894 
3711 28951 
14430 39388 
24264 36693 
3547 23983 
43952 45280 
45907 47492 
18741 29123 
33556 35460 
4429 49649 
23939 34054 
45871 47878 
9568 45421 
4971 9131 
44851 45202 
16250 49244 
30346 41660 
1910 48075 
2797 21458 
9607 10519 
13383 38099 
26522 49770 
49116 49946 
44893 46940 
46139 46333 
18325 37758 
44493 49075 
12392 38146 
37618 41818 
33065 43184 
20318 32367 
39606 47723 
45770 47059 
25976 32177 
22068 33166 
32944 49487 
2667 4056 
2075 39912 
2878 10921 
33526 36443 
3975 30886 
22056 38469 
16953 47723 
19888 47908 
36465 47862 
27401 28478 
15355 38856 
27665 37523 
45154 45254 
45371 47884 
30384 33234 
43539 44828 
21935 22881 
35420 39983 
13290 28502 
47768 48455 
13160 16265 
43593 46919 
9136 30862 
8864 15818 
43011 48859 
11304 24304 
29324 45726 
34715 47213 
43004 47762 
9709 16667 
46631 48158 
48341 49975 
10820 12182 
38775 40506 
28801 49734 
34774 38175 
41257 41922 
33795 36076 
9959 24753 
34969 35398 
16906 30297 
6613 30528 
24171 32104 
37869 41752 
38415 48290 
23902 34786 
17765 46962 
4818 27546 
31663 37314 
2407 36394 
16212 42923 
42807 44550 
12117 41157 
47267 47717 
7962 44918 
30199 33204 
3177 24254 
336 860 
4224 19140 
44370 45708 
46873 49848 
783 46807 
3458 30101 
20145 46792 
25764 48544 
34661 38958 
35272 47427 
33845 48212 
13929 44931 
19897 38671 
27279 43613 
2386 37486 
13306 30729 
6840 33246 
28521 45280 
35939 42493 
42791 45465 
28271 33199 
782 12816 
21457 42256 
20363 47566 
12441 47614 
2749 43822 
4051 41528 
7264 24950 
37605 42219 
22496 31549 
7102 17241 
15508 36661 
24395 39892 
38403 46539 
48325 49899 
14751 23644 
29751 31753 
34239 34545 
30205 33590 
6631 43380 
41794 48762 
4564 25059 
12557 18413 
48952 49004 
29949 36335 
22689 27575 
37861 44332 
47274 49300 
13858 23972 
45301 49957 
7464 28067 
10997 36165 
1937 20907 
20072 35014 
40218 49997 
6390 35031 
11380 43976 
23870 33997 
28280 49577 
45914 49940 
9745 34827 
13245 39782 
18421 34495 
45628 49990 
43683 45425 
36273 39586 
40888 47627 
12316 20173 
14417 18805 
28652 44321 
47643 47655 
39836 40581 
12831 40222 
18017 30210 
22071 42811 
44635 45566 
28766 47299 
44406 47730 
43525 45120 
21125 27717 
14209 22394 
48529 48936 
15304 26942 
46507 48146 
36644 45147 
3250 8319 
20301 27273 
5952 46517 
14773 43399 
30184 43392 
28051 28638 
34481 42879 
15124 27836 
46239 48102 
27633 29767 
48914 49663 
14900 22040 
9332 15281 
2163 8832 
41447 47183 
37029 49444 
25058 43596 
20740 26035 
27120 41093 
15417 37787 
30161 41477 
20827 32942 
33002 36980 
46889 48675 
24717 27089 
37157 42349 
42023 45946 
10862 25525 
303 20454 
18331 38692 
9900 37338 
40334 47451 
9633 10943 
15092 33741 
28645 39793 
39451 49205 
16393 42676 
18673 30735 
21364 37259 
44936 46952 
1427 2883 
22758 38133 
11708 22519 
44183 49889 
39435 39918 
5176 47276 
21576 26813 
38044 44189 
31321 48839 
3585 8183 
18060 39667 
2043 20147 
49842 49932 
18241 35218 
43081 47278 
49490 49970 
36206 37952 
15679 33936 
44345 48930 
35368 49970 
4354 17230 
28213 43309 
44213 45996 
2849 31704 
7574 48783 
19056 29043 
22970 42337 
45498 49886 
20122 23386 
44437 44505 
29450 38851 
7437 24331 
46817 48503 
40781 48597 
15140 29172 
31394 34392 
20662 21224 
4400 33021 
2649 3929 
32285 40423 
25515 28789 
31696 35754 
17084 32470 
34873 49049 
5592 33605 
3195 3787 
12451 41716 
17770 47934 
30490 34282 
12076 35953 
10509 46135 
11993 23307 
13299 44150 
46956 48736 
18922 22279 
14901 18671 
26422 42960 
10548 47036 
23113 28656 
31533 49519 
30890 44189 
20783 43866 
49968 49987 
46996 47383 
47825 49161 
42138 46178 
24311 36657 
15200 15403 
29860 37803 
5673 24851 
16094 21091 
29113 32752 
4044 39491 
4171 47007 
7483 13045 
31830 45889 
34419 34455 
15796 38016 
48427 49362 
22359 44820 
17562 47045 
25214 27948 
32017 42710 
25725 34976 
17310 32235 
40 46017 
40349 45648 
8716 27724 
7675 13835 
49485 49615 
43056 48926 
29942 30645 
28035 37471 
32066 33696 
45650 46737 
17932 38911 
32424 37645 
11127 25925 
42168 47186 
21033 48384 
17504 27145 
36254 39772 
14029 19023 
9955 29032 
14102 38063 
22447 25717 
12012 35967 
15449 32961 
38024 44072 
8948 25816 
46105 48108 
13514 46370 
25957 43883 
21955 34098 
11085 44288 
6154 6931 
33771 43541 
2614 15084 
3504 9422 
6990 18617 
47936 49038 
16237 26334 
35380 46589 
16792 33541 
11742 15308 
21971 33041 
9241 45187 
585 2183 
25650 33903 
47939 48473 
36213 47985 
15233 31933 
10710 21760 
48641 48672 
3210 48266 
7439 38986 
45209 48699 
8627 12049 
10320 19695 
23728 23997 
49616 49946 
39885 44690 
16463 18588 
23435 44128 
25412 42574 
32220 35154 
18444 45986 
42331 43336 
22418 25681 
45805 46712 
14148 37500 
30900 36817 
43216 43656 
4785 19611 
27577 36003 
37511 45684 
15900 22066 
39886 44634 
23530 48315 
40570 41526 
34282 49630 
19602 39261 
40545 45078 
40624 43807 
44916 47775 
6827 44307 
48815 49229 
12508 13239 
9572 9649 
37381 48797 
45359 47227 
31997 42549 
30511 37318 
13020 23553 
13921 45635 
15849 41866 
2251 26761 
19650 30710 
20069 47450 
16152 41861 
515 26029 
9436 12575 
42652 43021 
40411 44153 
15873 22550 
44655 45311 
48418 49486 
21132 46213 
13721 36382 
6550 30601 
15460 40176 
29419 44576 
31371 48150 
5059 19483 
153 31902 
16449 31584 
36253 49733 
9910 26390 
33612 42698 
42070 47407 
16407 41436 
9391 36449 
19869 26458 
34046 45582 
20708 43981 
31403 32777 
34177 39029 
29683 37555 
12201 23253 
15392 32040 
28142 47463 
39065 46635 
19789 44971 
34804 45579 
9148 23282 
6004 49794 
33167 42349 
2058 28609 
45071 49336 
17048 44995 
8268 45162 
1377 12890 
14676 26176 
42974 44735 
8896 38637 
44297 45785 
21098 32694 
42404 44895 
34917 48163 
34449 45707 
41127 47128 
25278 42660 
14100 46749 
18153 23075 
12438 27825 
6143 12776 
29674 40085 
18626 33337 
4862 35722 
49574 49824 
8308 23812 
12803 29465 
25255 39028 
9209 33396 
25084 41753 
8425 48666 
3268 27057 
15404 20914 
44103 44215 
44756 46048 
23223 48533 
30213 35268 
9061 16027 
42290 43429 
35261 43511 
36656 43153 
16442 34040 
25541 45370 
46212 47897 
45620 49002 
16706 28057 
20758 28693 
17806 35137 
43072 43186 
13379 23578 
28176 41334 
8353 48648 
20328 45255 
28428 32853 
40680 49297 
19375 23304 
49505 49736 
6243 22376 
31714 46438 
47998 49375 
44081 44543 
19198 42164 
11758 11792 
2834 34543 
44860 49931 
45618 47082 
29212 49536 
16515 28881 
17995 49051 
23291 29988 
37286 49857 
47737 49706 
11325 33607 
15878 42606 
40621 45263 
49745 49862 
6969 29945 
26817 28937 
31021 44984 
8965 33636 
15412 31555 
39594 49953 
37616 39956 
4334 23224 
43519 49238 
5598 13631 
44093 48043 
672 3084 
4138 46142 
39290 48163 
15337 32958 
11550 33053 
16014 44762 
4197 38933 
42874 49597 
9139 42524 
11264 11931 
32589 44864 
31167 44006 
41115 47544 
45825 46765 
37726 37807 
41270 47798 
18549 26451 
39691 47756 
33317 43713 
1445 33146 
20251 24488 
43494 47499 
2002 31508 
35379 49569 
11946 39158 
7511 20536 
17796 33791 
29447 39453 
17693 19789 
31428 37116 
28763 35111 
7973 16673 
41877 49689 
28007 38078 
12463 22755 
21239 36770 
6423 29215 
44364 46633 
30786 49549 
20615 20660 
20916 26244 
31546 41261 
5584 43448 
15045 28682 
41415 49437 
30344 36183 
48929 49968 
14578 44104 
8990 28322 
21155 31432 
49551 49633 
14047 19541 
20342 48247 
17200 31652 
14589 48646 
23368 47066 
770 4533 
27095 40047 
45021 47480 
8822 13192 
28714 29517 
14905 30213 
6228 30216 
18255 29659 
7774 13652 
35277 46532 
12864 35452 
34318 37966 
1330 14203 
45808 49871 
18439 26984 
47254 49168 
27978 30345 
41125 46952 
23187 44207 
16755 19701 
12488 38159 
32636 39128 
26641 29109 
5792 27564 
48913 49547 
37322 38299 
38222 48242 
6256 20122 
11407 20625 
41095 48155 
24017 27309 
35172 48416 
7721 34827 
34350 38918 
18790 42986 
14819 38445 
25541 39891 
2219 17167 
35791 43246 
29046 37567 
43382 48638 
41664 46460 
8627 15392 
46347 48940 
7414 42091 
33797 47725 
25888 49164 
28918 46566 
23673 49781 
46460 47183 
27383 33216 
28636 43835 
31694 44199 
23338 26665 
32420 46264 
25448 25865 
28818 38370 
49867 49881 
6706 48186 
19997 39378 
2466 48497 
3394 32165 
47676 48298 
49888 49974 
9195 42581 
4823 38804 
47579 49521 
49681 49748 
46052 47774 
43252 48779 
7304 23117 
29626 31786 
12169 44236 
34000 38151 
13668 37922 
20240 46871 
34978 45933 
29770 30541 
29359 36998 
27978 41646 
41012 41432 
22436 29862 
20471 45284 
10095 35005 
46971 48287 
35263 41081 
44590 46155 
37360 39368 
28896 48764 
35930 47346 
39311 40865 
26788 35623 
27823 39394 
46801 48856 
16997 27707 
20128 39488 
526 23592 
23842 49314 
40701 41434 
12038 28876 
37450 41134 
213 33638 
41465 45442 
20084 42132 
27375 29859 
38198 46088 
43799 46120 
34544 44598 
5609 33970 
39157 40552 
12192 42410 
44672 46888 
18449 30914 
23130 24068 
47777 47829 
25795 47911 
27601 31061 
19634 32963 
21732 23537 
44408 45017 
4603 8136 
2513 44672 
3575 39921 
27086 42407 
27458 43815 
2929 44590 
21448 28192 
25823 35129 
48012 49079 
30752 38872 
41675 42234 
20696 25679 
27633 36382 
17898 31314 
4629 35532 
19316 30195 
21946 35872 
8661 25834 
1598 45816 
1006 33759 
43922 45321 
26363 48945 
25759 27534 
5933 12339 
18001 46949 
35244 38904 
44573 45250 
22072 31405 
26477 33648 
26137 48697 
43611 49563 
25302 36030 
27732 46501 
22422 32100 
40622 41002 
19724 49586 
8022 43472 
42026 49093 
29080 48619 
46632 49972 
22616 34634 
48532 49067 
40843 41268 
12442 18943 
27685 39969 
28669 43094 
14063 24223 
27701 47672 
15300 43015 
43820 45414 
2686 12897 
46515 47747 
39462 41732 
8959 49124 
29767 39902 
43174 45991 
2140 10893 
33739 43676 
16569 38129 
7216 14895 
14836 19845 
11589 34615 
26854 27447 
36027 38353 
43242 47046 
30260 30352 
6656 16775 
2663 5020 
28921 32246 
39065 40254 
28794 45436 
44806 46122 
18970 28666 
6918 19734 
48245 48813 
14693 18224 
13959 31314 
5514 49812 
19431 22451 
47936 49775 
20337 31706 
41242 44931 
34813 48127 
25888 42296 
6327 48638 
8194 28679 
43127 48927 
29668 30913 
45760 47618 
11440 30876 
13907 45639 
36162 42112 
42558 46592 
1543 17035 
963 13378 
30240 39845 
39954 43761 
14274 44314 
7531 18267 
9857 25503 
35116 35214 
258 42824 
11325 28633 
14422 14494 
32239 49122 
3502 46003 
31433 45598 
38018 39408 
12427 49231 
34766 41111 
14592 45753 
96 20567 
5956 30519 
31018 39307 
35506 38110 
13981 47131 
41960 46341 
33701 35433 
1072 42520 
20193 43995 
48688 48723 
25940 28433 
41447 49296 
21072 34866 
29198 35051 
3972 38969 
46471 47241 
18853 28062 
46526 48360 
37880 39121 
24072 46591 
37611 44932 
2051 32242 
15812 41172 
6790 8948 
37903 44673 
46979 47014 
21915 36102 
44998 48369 
17630 25569 
36361 39075 
13484 43618 
8839 37496 
14672 43011 
9696 20185 
10457 35580 
42197 43436 
14042 32359 
8800 43444 
15471 36359 
46327 49979 
40845 47024 
40094 40106 
10575 29875 
48994 49135 
26679 35563 
8747 37506 
15962 49332 
17304 47288 
19938 49350 
34083 35075 
42518 45690 
7210 18895 
40123 43482 
4004 21072 
35115 45938 
48693 48791 
36089 47530 
29341 39997 
20290 43479 
17381 45594 
42861 47510 
44032 45228 
22250 46200 
49703 49740 
22876 24395 
3267 46521 
821 42144 
10096 14931 
15732 45064 
13316 15039 
41217 42588 
15236 45400 
36619 40801 
40465 44408 
9780 32376 
12999 49036 
20934 21294 
7638 10009 
27423 30169 
40452 45265 
29503 31155 
33846 33908 
9989 36894 
34027 36306 
35405 49219 
19391 28951 
2134 23036 
47876 48320 
2375 32476 
41160 42473 
44313 49322 
11379 32241 
4353 41357 
11825 17783 
25943 35342 
12030 19189 
37339 49352 
19663 22341 
26304 27393 
24470 47361 
16846 34991 
24859 36276 
154 45065 
29421 36347 
22010 43114 
48603 49604 
8240 48620 
1900 40360 
26311 32345 
7531 35686 
27866 31874 
12014 35282 
22326 35264 
28006 43770 
399 19539 
38212 43499 
9837 26438 
46332 46887 
32814 39264 
31158 49330 
47139 48787 
18474 21790 
10251 45551 
8710 48202 
19810 37717 
6913 47925 
22858 44567 
12256 41911 
47231 47773 
19968 43212 
42454 43050 
37500 45259 
49298 49435 
768 13470 
11475 11655 
7241 13054 
11889 16897 
969 30140 
24289 43438 
33931 37319 
11560 18308 
13637 25859 
88 29621 
548 9847 
20433 40465 
17256 27208 
18858 37120 
44006 47258 
17786 33604 
34116 47411 
23112 32058 
12782 41642 
33625 43883 
2081 31323 
29767 46749 
28044 46159 
46675 49839 
12522 21083 
7723 46293 
13180 29913 
43587 45302 
31007 31054 
27269 38704 
46561 46726 
24914 40340 
43257 47288 
40834 49748 
10201 14656 
11486 12014 
11764 40874 
35381 41575 
13192 36483 
37060 47336 
10526 29783 
45134 48489 
46800 48532 
674 10125 
48345 49293 
46180 47778 
23427 49935 
22337 32505 
4874 41186 
41827 48085 
37048 41684 
47670 47730 
17047 42139 
27017 38557 
19276 44530 
40531 47022 
11604 47624 
8099 37771 
41680 49101 
6837 29893 
21851 29062 
23620 35648 
34364 46867 
14504 26159 
34295 48670 
26379 29158 
37647 41757 
43922 46080 
28212 30917 
26397 26786 
594 28281 
41059 47725 
37122 38366 
30533 37868 
35797 47103 
39179 46246 
167 24792 
47287 47490 
37262 44633 
5504 48868 
21199 26763 
32341 41382 
26119 37314 
12207 42433 
2075 21396 
41694 48114 
12942 37993 
5437 7373 
27340 38648 
24575 28700 
21546 41995 
41964 47664 
48917 49588 
37862 48753 
39493 45940 
16868 34286 
20164 49686 
10287 30155 
28586 49052 
17965 35597 
35243 44217 
581 39759 
4405 4837 
41987 49972 
48870 49056 
19344 34374 
46605 46782 
25208 26590 
42845 48564 
9739 16192 
43929 47394 
33935 34912 
3297 36264 
19204 30596 
38154 47413 
5423 13191 
16244 36158 
39345 48628 
2428 23094 
27714 48988 
23928 32788 
99 22970 
741 14329 
19480 40552 
3276 22857 
23156 33395 
27676 34524 
5941 48492 
32093 49434 
26034 46660 
38341 45985 
38276 40709 
15134 32363 
42230 43969 
7760 21252 
1765 10970 
30297 37941 
37019 45399 
17044 29643 
993 8580 
43912 47293 
23817 46090 
36189 39325 
35160 43140 
17783 34504 
44729 46800 
7281 47279 
46155 48707 
40917 48676 
8192 17992 
48678 49224 
8337 42638 
42853 43733 
21349 29639 
21288 49747 
19468 28447 
37033 41585 
24694 36907 
37784 40763 
7900 31057 
13551 45428 
22142 25556 
44446 45233 
7554 20687 
35416 38027 
35456 44989 
5461 13353 
39160 40762 
43350 43847 
31358 39623 
9884 40605 
28657 38399 
31529 33951 
8217 40796 
43626 46453 
27447 32914 
19265 38558 
31597 46830 
5532 28695 
12050 38745 
31551 36870 
40581 48445 
22744 46564 
1543 16049 
38159 44726 
45039 49284 
34020 42406 
48604 48791 
2280 30027 
10838 20201 
7321 44471 
38653 46613 
771 11779 
45909 47644 
4090 19197 
45145 46869 
10154 40451 
15390 45487 
27061 29660 
25996 40611 
25152 30806 
1264 38352 
48570 49524 
29450 40592 
709 1706 
40539 43104 
30648 44152 
37930 49482 
46729 48300 
31674 39593 
39913 49960 
7888 10102 
15511 38328 
4129 34164 
39990 47422 
38669 48264 
8079 39272 
10602 38672 
35444 39121 
38050 47438 
28297 40693 
38582 48166 
19068 38384 
41384 45739 
47862 48128 
14921 49011 
46134 49537 
3426 4240 
40916 43785 
14892 44419 
16779 28995 
44113 49988 
25481 25725 
2816 22816 
47693 48369 
49748 49987 
7431 26642 
10489 44695 
23656 26434 
43614 49890 
23257 27831 
25556 42862 
8139 40861 
5886 8362 
6358 11166 
22663 45726 
1532 16297 
46732 48717 
18823 34894 
9695 9710 
24307 45934 
35668 35672 
42141 49803 
3530 49983 
23112 49781 
45922 45956 
11031 28734 
1733 26912 
19220 38943 
1310 47830 
25504 48978 
6510 42838 
38916 47140 
16383 32931 
10844 16493 
20446 35019 
46427 48352 
18064 44569 
39677 42286 
25061 46750 
17727 46683 
17624 48408 
4550 16997 
16075 42713 
47390 49175 
21266 31503 
45220 45552 
14631 19802 
38345 38714 
12132 26329 
44793 46928 
11916 28725 
14220 35253 
6987 37653 
15253 16734 
34365 44601 
35141 41446 
46503 48611 
8895 36814 
18248 40326 
5982 43959 
26227 29395 
18066 37796 
41509 45189 
46624 47947 
40736 49517 
28443 37651 
46917 49637 
26808 42071 
26445 32900 
1843 9485 
19078 22653 
33438 49987 
4706 12232 
41649 44707 
19760 46465 
20363 36583 
38795 40885 
33365 43897 
22075 49736 
24766 28769 
13570 25408 
44402 48889 
41146 49974 
13282 23857 
7340 10864 
44280 48005 
36387 37561 
36811 38782 
13108 41587 
3030 48342 
36821 38884 
3911 45529 
42004 42350 
1787 4321 
26970 28201 
11726 16652 
30494 39018 
9524 33999 
18369 19147 
38753 40675 
6003 42644 
33649 49442 
12910 46972 
28109 47662 
17596 27200 
1490 28790 
36409 37379 
27813 29397 
18388 21934 
17333 46202 
30322 32724 
24518 47395 
22473 24620 
24704 45574 
15841 48794 
7827 25109 
10054 10549 
10168 29284 
485 4201 
39075 42659 
45382 46223 
30107 43156 
21090 36405 
39004 46447 
8519 37758 
48262 48309 
7294 33144 
40672 47589 
11063 23803 
1760 17501 
36107 40548 
16582 47760 
19464 45668 
44481 48142 
27137 43002 
24747 49582 
27164 48045 
18562 44044 
41013 48052 
14013 48938 
45907 49117 
31497 48251 
29523 47375 
16886 27499 
32010 37576 
27796 39232 
10637 17181 
39015 45409 
23422 36845 
37975 43204 
14860 18003 
19198 49220 
44360 48482 
43227 46272 
29121 37535 
5753 20629 
25442 27572 
25537 49594 
31160 41406 
2471 7605 
17265 42075 
30660 45114 
13268 21586 
23511 33461 
29705 31393 
14466 36057 
2981 18372 
29859 42748 
27964 35816 
26973 32682 
10427 21017 
3298 36911 
31272 36509 
14745 27557 
22898 23904 
44120 44268 
34014 42449 
49945 49945 
15446 45421 
33501 45793 
20870 48109 
42265 43039 
23521 32154 
18541 19835 
39392 41392 
30285 47796 
10987 23218 
30186 49173 
44662 46515 
18835 35061 
38310 40600 
16819 46257 
39806 46468 
24331 44148 
3454 28542 
1696 38834 
46291 48392 
2093 3597 
38058 48105 
29045 31966 
14101 49519 
28619 29023 
619 12395 
25775 32990 
46869 49326 
4996 43623 
32745 39669 
19103 48423 
33563 34351 
38004 41080 
44261 46217 
8984 10882 
30644 40233 
18125 39821 
29426 47033 
19661 24183 
47974 49947 
12992 39706 
42299 44423 
11089 15073 
14414 35033 
23350 27378 
40986 48746 
23571 44189 
37404 48027 
30225 40317 
42299 45239 
18236 24810 
24829 38834 
6113 26103 
14157 46675 
41690 43294 
38452 43264 
16662 41622 
4575 13366 
23405 43586 
1732 4694 
40806 45852 
6613 29268 
7286 43131 
44191 47581 
45257 45990 
513 16257 
31667 40208 
25979 44978 
14270 46215 
26892 45633 
45367 45425 
10676 43084 
41687 45630 
10319 35417 
36972 38566 
47266 49117 
44516 44875 
23509 39863 
15040 47874 
20189 41740 
47697 49858 
9489 35305 
12723 40580 
21596 23391 
40988 45727 
17007 27797 
2500 48665 
8728 25415 
37653 47540 
1967 24243 
15103 25912 
46256 46404 
45898 48630 
23692 40185 
17808 44412 
17531 43424 
7934 25517 
33358 46130 
3541 16627 
32784 40194 
6710 38151 
3293 4681 
30461 41025 
19111 39909 
47961 49042 
22031 29329 
41424 43719 
4653 40525 
42885 44360 
34503 35434 
5125 27908 
4761 36388 
38451 43142 
12827 18938 
4878 36793 
11623 32267 
45936 47162 
8402 41306 
33457 43057 
20779 34264 
13266 27530 
6129 13725 
7868 9594 
35351 45036 
44200 46029 
2419 19860 
2627 7731 
13430 39837 
44977 45269 
12035 13993 
14178 24438 
26150 34505 
48680 49415 
49290 49970 
28694 46658 
39439 48936 
5648 36238 
9157 23337 
32824 44004 
17 8471 
36989 39469 
17684 20798 
36177 46523 
11021 36234 
668 41053 
2754 17205 
3686 16966 
1532 13463 
29854 41659 
47246 48265 
44396 46765 
22161 46510 
25792 28584 
35956 36354 
17889 39025 
17899 26041 
2749 45786 
27409 46451 
17320 36991 
30286 33118 
17206 21309 
29448 49674 
7065 7844 
4485 7262 
21997 30153 
36459 46201 
18731 48288 
8957 37862 
15178 19653 
37963 48678 
3001 8762 
38708 41532 
32132 40093 
22902 36300 
12933 38547 
2121 48101 
35072 39922 
36580 37082 
265 39138 
3352 38134 
27075 29450 
29210 37091 
34605 46448 
15260 37448 
16369 36760 
18010 18595 
18938 24377 
38479 40728 
37061 38152 
12118 14418 
20800 27946 
26325 35314 
29209 35758 
33820 45523 
35649 47614 
28228 31726 
28551 35492 
33853 42883 
44910 49297 
41914 48120 
3408 22667 
32665 38870 
15692 33977 
48942 49292 
9507 28506 
43413 47304 
37683 41492 
11835 16296 
25314 28734 
29722 49727 
1334 6818 
11878 38210 
47476 48096 
1548 17860 
32622 33168 
43919 48742 
45567 45799 
16222 41036 
6802 38591 
43256 47352 
16471 20366 
21423 44753 
5736 49374 
3973 26975 
34996 46319 
46237 46403 
14670 21559 
37121 37449 
44461 46711 
36400 48524 
49683 49699 
1902 36400 
8268 24297 
1765 11964 
21720 39584 
4210 8544 
26882 27197 
32913 46896 
49569 49621 
47617 49549 
26200 32596 
10808 27504 
11360 29394 
15990 37859 
22496 26669 
38552 46011 
8739 13424 
7225 49334 
43340 44108 
24552 37826 
26743 44748 
11372 17759 
43135 43650 
44014 48781 
38162 38711 
37984 43704 
45392 45833 
19936 44876 
39381 40472 
35910 36627 
32286 37997 
16698 49089 
4837 32980 
11831 28602 
7940 32029 
2026 5385 
11729 44126 
18948 44945 
2701 25341 
20625 31190 
6747 47987 
22646 32998 
35624 39705 
31792 48537 
8322 32874 
21836 34832 
1464 23750 
18072 37589 
20158 45693 
10749 24992 
47135 49352 
12139 19504 
13088 30433 
10744 42124 
44242 47684 
10335 29760 
28730 29395 
44458 49415 
2237 18536 
38130 48096 
36209 40759 
22308 34902 
1742 40510 
10278 32709 
22098 22693 
31098 34330 
43045 47196 
9423 36310 
8385 11426 
22553 29661 
2611 48737 
42767 46900 
37931 49286 
4739 25433 
30057 45697 
48643 49704 
532 39740 
48796 48836 
35034 39673 
45836 48122 
10919 31771 
8387 32787 
5069 31744 
23686 47021 
10970 17201 
38981 39433 
23730 32919 
45565 49287 
26754 27887 
38219 46012 
16453 31697 
41368 48642 
21612 47990 
46386 46595 
25045 34158 
40065 42228 
35057 44742 
7070 35980 
42895 47807 
5556 18565 
32793 41211 
6186 32246 
11840 46428 
5709 49808 
31347 37341 
349 45873 
6979 27001 
22379 31377 
32383 48072 
23688 45072 
12220 23964 
40693 47160 
49180 49790 
7221 22415 
30516 42529 
27119 28741 
18615 32249 
18062 32372 
7058 19980 
48874 49015 
25292 42978 
22819 44096 
25837 47974 
9974 18394 
9035 35028 
12061 13246 
15499 40718 
47244 49124 
47735 49812 
7720 22297 
18946 40916 
36911 49425 
47502 47653 
16030 30135 
4355 15051 
27064 32925 
45810 46315 
47062 47771 
13679 20052 
15309 46322 
32594 36293 
14739 37429 
15899 40496 
33774 49242 
40674 46080 
17457 26459 
14314 36019 
37833 41032 
36334 38597 
28745 36791 
45201 48710 
4901 5095 
8581 34852 
23753 29673 
33282 34111 
19794 45433 
5409 7589 
33482 37071 
38235 42513 
49283 49728 
25291 33112 
46291 49453 
21893 23326 
30446 33276 
4197 29398 
47749 48796 
35258 44334 
9511 19565 
45343 45792 
15056 32095 
109 21951 
9097 43215 
37854 44575 
39322 48789 
19001 26539 
49311 49609 
43441 48070 
8118 23784 
29601 47824 
9524 20849 
34619 41859 
45511 47850 
18178 47973 
18614 31948 
7904 15819 
47730 49051 
16300 47696 
17839 27330 
3087 23027 
19540 37688 
2300 28286 
15084 48875 
5290 19743 
19577 34513 
6631 14933 
34149 41897 
36702 46405 
22781 27228 
21432 27261 
39654 44797 
30207 34743 
8041 19713 
31222 45960 
12067 16565 
43189 43943 
15176 49702 
31055 34900 
11945 28310 
3392 44495 
23616 26584 
49043 49047 
48024 49815 
38178 47935 
36045 48658 
30922 34314 
36424 38381 
43864 43889 
30737 48837 
26325 35271 
43446 47767 
33006 35387 
37916 39175 
8090 44354 
17871 35178 
24282 32434 
16228 32027 
16027 29835 
38735 43558 
40011 41300 
22661 33983 
18853 19604 
2383 12360 
15337 49281 
627 48334 
26887 34766 
13239 28794 
29823 31276 
43916 44162 
15689 43853 
14901 31934 
6534 9221 
2560 20926 
35629 44942 
38167 46127 
44961 46885 
45765 47692 
26733 32169 
18345 30960 
16521 41585 
9789 17498 
44481 45386 
41549 48544 
3330 38786 
35750 49848 
24499 40680 
44953 47062 
10601 29478 
25306 28032 
7704 28052 
14784 18203 
35208 39368 
8156 34707 
21096 24475 
17781 22616 
5945 28290 
22991 46660 
25089 47553 
27354 32784 
7734 46761 
15427 30317 
2632 30326 
19327 28983 
24749 45247 
12286 23786 
40748 40839 
48004 49682 
29527 33161 
41384 42840 
5076 30277 
13236 28230 
43205 48710 
21803 30085 
4312 9570 
33059 48059 
49462 49515 
27864 44709 
35624 41096 
27000 29361 
4721 16945 
19530 46491 
8522 14135 
30543 39469 
8829 9469 
49682 49788 
35774 41295 
28195 48628 
4746 38695 
26454 38190 
33892 45239 
30046 47314 
27000 49629 
41416 46077 
16255 32086 
24412 31771 
45216 49974 
14854 49969 
45444 47193 
12606 33126 
41589 43951 
11107 23953 
7394 8676 
46243 49335 
9712 30574 
21160 47489 
44831 48912 
11249 31041 
949 47676 
18808 40728 
33374 46129 
11160 30770 
7140 14893 
23804 47646 
2424 13809 
28585 44891 
18654 47764 
41780 43134 
14145 25558 
19451 40247 
10451 17802 
15342 19312 
22297 37460 
24372 48620 
41166 46790 
14542 19015 
11346 28672 
3408 17339 
5057 37694 
35665 37366 
44551 48875 
47124 48490 
26161 48755 
45516 48833 
41687 46466 
32580 37014 
39672 49886 
11006 32570 
40912 41382 
35342 42375 
1918 3509 
39671 48253 
17659 35457 
6296 15220 
18788 45325 
20886 30260 
31646 33120 
12155 28050 
17560 34300 
13100 23367 
3507 39479 
37468 44111 
26611 45610 
28756 29879 
16177 41678 
26670 40155 
47091 48981 
10267 26022 
14742 28872 
17419 18938 
12129 34612 
35565 48534 
31733 40345 
30119 31236 
31208 45706 
13075 21265 
27250 38436 
44474 49453 
49105 49280 
42650 49359 
41084 45108 
24577 43980 
24344 30178 
26361 33130 
3383 47904 
13092 34188 
20164 29594 
5177 42162 
26981 30046 
29883 38395 
25456 32941 
839 6581 
22210 22826 
32042 40979 
28098 48705 
19462 49421 
26358 30314 
35229 42202 
48473 49874 
7283 32192 
2869 38615 
9531 19634 
5651 35393 
15231 34882 
41764 49322 
3945 29258 
23920 27047 
29423 34683 
3437 18307 
43332 48223 
19743 35907 
39993 47059 
22400 24752 
4146 40453 
2483 39570 
25509 42495 
27962 48490 
47798 48064 
35443 41311 
10735 34729 
8520 42220 
39481 47686 
19155 28121 
41954 45651 
2454 47692 
17803 46100 
33278 38544 
617 13819 
35612 47676 
33707 42753 
45974 46357 
16873 28659 
23897 49223 
37276 39348 
3155 8538 
19385 45041 
8429 45832 
43586 47791 
24559 48999 
41336 41475 
36534 47670 
43831 48228 
21844 35581 
31278 40320 
47162 47660 
15223 16215 
5170 30629 
12353 28145 
20592 32942 
39663 49216 
42173 44612 
30125 41407 
14364 38080 
49028 49567 
6423 9688 
45659 49609 
28182 44397 
7215 17076 
20694 23664 
27209 44769 
4153 4220 
33870 34322 
41760 45457 
15745 26994 
33419 41908 
19201 48827 
27706 49287 
27839 32111 
34091 34707 
29540 34099 
9726 46863 
37547 38334 
9713 12221 
3165 34295 
14131 29250 
37747 41620 
48382 49655 
49482 49822 
17358 29857 
47408 49170 
41021 45193 
32452 43946 
49514 49539 
23936 29000 
40656 46881 
7845 49294 
43093 48943 
27937 28017 
44596 47220 
37205 49962 
14139 40890 
28147 33327 
40224 48897 
28183 43805 
38945 42299 
11169 49200 
44409 46920 
36153 40590 
1454 22812 
42089 45927 
35737 45116 
34086 42583 
19218 24705 
20656 23565 
8828 34930 
47884 49865 
17056 22889 
21568 41043 
5317 49674 
22208 41922 
38073 38282 
16094 26912 
39344 40452 
26178 43007 
26973 48933 
9250 25996 
19640 19679 
8171 24550 
13555 14701 
8963 35526 
18875 30433 
22587 36269 
37382 43756 
16876 33894 
17242 35784 
48287 49488 
25908 42496 
38489 39108 
13345 43202 
29542 44994 
29790 30005 
41058 46814 
45022 47508 
49868 49959 
44809 49830 
48130 49624 
17441 20392 
21718 25506 
15507 40355 
46553 49884 
48865 49850 
21721 32909 
4943 33333 
20846 21494 
17866 26535 
9185 46850 
6749 28726 
35425 47512 
44989 47061 
2647 49312 
19898 23424 
37870 41160 
48708 49602 
48445 49777 
10680 36964 
11005 45459 
14689 28197 
34228 46654 
27048 32403 
4047 31733 
27217 48066 
28762 42057 
11792 12435 
38004 41518 
34201 37237 
24095 35883 
22167 45176 
28971 32623 
48329 49664 
18721 39184 
21593 45929 
9122 46381 
923 20229 
47101 49181 
14264 41910 
26936 47102 
20338 41106 
32016 37504 
7484 48410 
23729 48189 
2021 27119 
42709 48635 
18466 47344 
7963 26178 
35694 49832 
47532 47746 
355 46880 
31950 34013 
14211 29838 
32400 42692 
49882 49929 
10313 14528 
11113 41642 
12960 35802 
16214 21273 
47591 47716 
15779 40013 
48066 48957 
42801 45514 
36183 39594 
40528 47453 
34917 46021 
6484 33779 
12312 14558 
23936 41662 
5937 21749 
37312 38259 
26770 30223 
2284 12160 
29049 41844 
2852 15464 
234 4909 
2910 28988 
18401 41406 
33163 44788 
41968 43959 
7768 9485 
20778 40181 
28564 37274 
41849 43095 
3610 47440 
45669 45992 
33196 35279 
30365 36307 
41258 46107 
7749 8751 
39567 46000 
28514 37424 
12633 46138 
26659 29738 
17258 29243 
44360 45566 
49177 49378 
21985 40027 
41299 44896 
1136 11655 
35462 42721 
15301 28337 
21811 46681 
43987 49911 
41699 45489 
33069 39137 
36296 45108 
30793 31261 
42987 44125 
26698 34740 
44328 49269 
6500 47803 
40021 43832 
1607 13883 
10809 12814 
20708 38018 
3005 38347 
2171 38452 
7203 35266 
953 23920 
49897 49924 
10802 17848 
10042 30868 
3121 10567 
40388 41645 
10585 29442 
39114 47797 
19773 43973 
6240 34415 
15181 40424 
7897 45228 
49867 49907 
12641 15511 
6572 47755 
6758 7776 
5699 18161 
5176 10062 
44893 49687 
42058 42202 
12778 35394 
46423 48412 
1879 43704 
28686 45613 
32989 44575 
5390 11090 
6321 32748 
21743 22846 
49212 49681 
1308 29167 
33394 39870 
29314 33624 
41494 45799 
7623 25655 
49522 49743 
1436 26536 
38625 49594 
6278 33901 
12256 19575 
47290 48210 
26248 41922 
11685 31622 
42779 47391 
20908 48709 
49034 49216 
514 43519 
37087 41363 
2429 19989 
24054 35995 
42008 44249 
43494 49148 
25848 25924 
46251 48716 
47514 49002 
4501 15228 
35591 38463 
31205 36729 
25043 43150 
6872 7641 
22250 38873 
25007 49134 
26539 37929 
8162 45713 
17588 48077 
30670 49305 
31642 47603 
22301 42874 
39780 44234 
48242 49561 
14197 25051 
41198 43067 
1345 12878 
36859 40683 
5330 29134 
2598 37779 
44517 44942 
37945 38517 
25404 46720 
8597 11349 
32473 35039 
17509 21143 
36210 40614 
558 46503 
26218 46583 
4192 46412 
26295 32174 
45452 49739 
10128 16606 
40247 43260 
44678 49844 
25920 34367 
17232 18345 
8014 23809 
17010 37479 
28131 48615 
20389 42856 
11561 16700 
36103 40270 
1140 4066 
46060 48020 
30668 30774 
45784 46095 
41378 47661 
31649 35038 
19347 35279 
49676 49818 
30137 41727 
12009 15474 
25794 28379 
18047 27383 
16641 25180 
35174 45917 
30105 43298 
27523 37363 
33906 46044 
38023 47381 
29015 47720 
24786 38041 
29872 31686 
25011 29202 
48727 49909 
18532 46277 
9577 13605 
3190 49640 
45190 47572 
8872 46346 
26637 39678 
48682 49157 
23449 36369 
30245 36706 
999 41477 
196 35516 
3764 46812 
34176 41784 
11441 41705 
15586 34061 
33008 49893 
38737 48111 
6479 48692 
974 38271 
7624 20549 
46671 46725 
44706 48970 
48518 49752 
17446 24517 
2363 37490 
5591 25468 
29496 38579 
48806 49534 
38273 40953 
7620 21181 
16178 46912 
26459 27066 
6007 36251 
34851 46959 
40902 45007 
13464 28743 
21384 27951 
12509 12674 
880 12982 
27740 36553 
36435 40265 
1720 10786 
939 1126 
31869 46359 
35956 40990 
32499 48938 
20051 40202 
19014 25886 
31513 40667 
36439 47364 
35418 36369 
44963 45445 
24336 48358 
4621 16843 
46726 49903 
15795 24510 
23065 49079 
8858 33764 
17723 19714 
40533 41116 
17984 34293 
19549 32905 
21305 30583 
24620 36233 
41648 44929 
32303 42366 
30209 34316 
42084 42409 
14485 34129 
40977 42798 
42146 45478 
49657 49747 
3551 4562 
15208 44858 
40921 46776 
49869 49992 
30907 40762 
30917 45492 
26965 41665 
34689 42835 
25778 44951 
23951 38440 
43295 49767 
44638 49249 
6321 42842 
5634 41795 
22372 36891 
25331 45697 
31409 36383 
18030 45169 
22221 29035 
15216 30184 
13468 44307 
45042 47295 
4515 46134 
33357 40315 
27267 40020 
22293 23122 
21228 35731 
6762 24087 
44074 47514 
37250 48306 
40188 49717 
41781 43883 
46846 48302 
30409 32192 
42743 47516 
11441 33857 
2660 37183 
43079 45880 
47487 48237 
42232 42851 
11953 40790 
22658 40013 
47349 48495 
43268 46670 
25771 35005 
44108 44982 
3068 16613 
22323 34689 
11938 36522 
28392 37018 
33657 49817 
8238 14091 
25031 49090 
40935 48689 
91 25944 
7520 42293 
33478 43919 
41334 45844 
33873 46901 
27433 45771 
19952 26450 
3564 4615 
49454 49649 
19246 39182 
1229 14165 
25711 43310 
16970 38532 
4180 25473 
2189 19099 
41869 45021 
30831 39927 
44995 47832 
35554 46692 
45774 48797 
29322 37530 
30156 44807 
35068 43212 
30544 35655 
38138 40389 
45007 48742 
17806 35675 
23413 24339 
10663 31035 
26226 37212 
35766 36442 
1671 36850 
16347 30753 
33004 39919 
12263 22404 
3504 30969 
32848 34402 
12381 30918 
38719 39097 
15441 27217 
35582 46591 
20111 36904 
32231 42479 
8555 38812 
47810 49701 
42210 48696 
33980 45958 
15980 32621 
16653 40057 
44819 45504 
18199 42702 
7168 45448 
49823 49862 
30542 36339 
23007 47932 
9912 44657 
41983 46932 
28389 46953 
48831 49084 
5910 49022 
41166 43172 
35534 40862 
11154 26371 
6831 17297 
18598 19883 
48738 48821 
49057 49323 
11658 46228 
24422 27239 
40669 47046 
3759 23831 
38974 45952 
5955 44983 
11455 43774 
18231 31973 
35020 49133 
27526 39397 
42253 49982 
25896 29409 
28010 36253 
4329 26843 
6244 7127 
41120 49396 
42420 44387 
27513 30346 
13007 19949 
18041 23935 
38948 40700 
39431 45120 
44849 47981 
14941 23369 
6083 12641 
7802 43490 
46700 48617 
11547 27559 
20933 21724 
33806 36435 
44484 49604 
15628 39517 
33432 43522 
2905 32253 
2258 40271 
18129 43688 
36822 45513 
38433 42640 
8703 38121 
39349 45865 
34416 37133 
31118 36163 
26141 32298 
45985 46821 
42776 46287 
1029 15411 
41553 49338 
41753 44189 
1220 40611 
24223 29217 
43135 45883 
42655 44598 
32034 40833 
20016 34451 
36613 42027 
14305 37660 
9058 25995 
49809 49920 
33234 43510 
37314 43982 
21752 46330 
39745 44635 
49400 49714 
10084 19968 
44792 45355 
29639 40626 
20138 20366 
49069 49641 
30602 45622 
15002 44824 
45878 46789 
31853 37823 
19176 33723 
33759 49190 
40461 45246 
31710 43352 
15089 16068 
10710 15365 
37446 41179 
17876 37885 
24773 32413 
28920 44945 
8557 33796 
37985 44651 
2665 49594 
32222 45535 
49537 49594 
9292 17463 
48371 48820 
18617 35274 
22941 46663 
21788 37872 
26833 44522 
17818 31636 
29022 46436 
22201 36443 
4912 9443 
19738 33240 
36699 39548 
13747 41665 
8088 14051 
49846 49885 
31464 43828 
39576 47199 
22444 24489 
35502 47532 
36634 45643 
436 22088 
14441 35951 
4510 14147 
33163 38289 
18319 39657 
36926 42179 
41266 45061 
4794 24784 
19376 37269 
26474 45658 
16300 17172 
27771 41758 
25904 41661 
12484 31738 
28276 49966 
12674 44140 
40875 43470 
16596 42693 
15840 40399 
23097 38506 
23308 29461 
17110 24227 
28978 47146 
32924 39185 
25970 43646 
49801 49830 
18685 21734 
49242 49890 
21946 43470 
10422 27582 
38942 47868 
45971 48827 
13958 35330 
16628 43529 
17415 33736 
31497 42973 
27687 35518 
47234 48766 
21881 37332 
28912 37866 
27452 40254 
2457 13669 
29441 45046 
45727 49791 
24854 48602 
4050 28102 
40404 46747 
34137 34272 
34674 45754 
21060 49787 
14926 45183 
25920 38840 
38197 42502 
16253 40501 
48503 48528 
25843 38750 
45482 49046 
47047 49819 
45263 46189 
18551 39003 
8932 25725 
1585 43926 
31118 32612 
2559 11507 
49685 49750 
23354 45834 
29371 34426 
5063 24814 
27497 35494 
3299 30700 
30359 33775 
33318 37364 
40068 49183 
2201 49614 
25184 49724 
35390 36490 
20716 43993 
3221 10454 
42914 49214 
48620 48942 
40584 48598 
42950 43738 
27065 31203 
32229 47109 
21156 48634 
49042 49631 
19200 41401 
40710 43706 
11851 32054 
13256 26628 
14971 31129 
39634 45201 
39744 45843 
46587 47052 
42474 48157 
25051 47002 
39973 43640 
33315 36913 
29854 43187 
44283 46715 
21339 27744 
39843 42866 
4737 43687 
42084 42805 
37044 39714 
12185 25335 
38321 47060 
5004 32127 
47524 49242 
13542 28491 
3535 35180 
15598 19475 
41836 48867 
7953 47212 
47988 48138 
21473 26318 
45917 49866 
46686 48487 
21489 30884 
8990 38275 
48038 49172 
42220 42475 
27143 46351 
18618 48130 
35240 39850 
46474 47585 
46815 47498 
43086 47824 
20915 44428 
34912 36340 
46570 49864 
21835 27128 
42292 46323 
15418 22741 
27891 29650 
46 20849 
14473 22482 
18921 26364 
27444 40388 
46511 47930 
35619 36483 
25009 42244 
39409 40471 
37869 49347 
27382 40542 
23733 30946 
32675 37398 
46910 49556 
14016 25647 
28740 42758 
29725 32899 
10218 23688 
1330 34108 
4454 45010 
14192 26443 
30813 35320 
6644 29404 
8865 12684 
26881 48026 
37257 46230 
39135 49037 
29315 41486 
28728 43132 
7601 7621 
6173 48467 
10356 49609 
4686 15426 
45477 48596 
43665 43705 
48216 48377 
3701 47816 
47014 48223 
30058 32706 
30313 34086 
47823 49261 
35575 49461 
16207 19706 
38750 45190 
25116 45993 
41501 42331 
30077 43760 
32759 44941 
450 2478 
31412 48861 
32784 33045 
25760 46907 
39718 39824 
5068 11396 
25488 42498 
37980 48468 
28651 31366 
23463 40467 
48315 48882 
15909 31092 
43498 45483 
39331 42584 
6220 47406 
27315 34083 
15633 24710 
48323 49250 
551 2202 
36892 45292 
27486 46453 
22755 48180 
49524 49735 
48321 49838 
6041 33564 
37841 48299 
46899 47984 
18596 44738 
9302 22397 
38350 49807 
22185 25219 
36159 47935 
42585 44135 
28063 41591 
6948 14807 
29147 35101 
44995 46362 
39019 43002 
21830 36229 
1917 33985 
1305 28616 
24561 40351 
41364 46551 
4302 49575 
10109 48452 
9672 22316 
2100 44038 
39999 48071 
37697 41293 
9773 37508 
25213 39781 
16797 36418 
41123 42129 
49339 49756 
46457 49944 
12037 14732 
38254 39283 
44159 45378 
38021 44676 
5111 11278 
39470 39512 
7019 11366 
9131 21921 
19281 49384 
24656 47627 
24095 36646 
13284 39224 
11687 37171 
39299 41000 
35147 38424 
967 22639 
41058 43082 
30898 34472 
47858 49851 
41687 45588 
7934 37493 
43679 48686 
1284 28322 
37655 45742 
46644 47079 
27124 37899 
32188 44914 
34450 45399 
29764 34747 
7680 26856 
11022 13006 
45782 46162 
40518 43067 
23565 26664 
34248 41180 
16129 37153 
41567 46441 
21340 23021 
9354 22794 
7020 35425 
20522 46164 
30389 38643 
30935 46722 
16730 22369 
35212 41018 
42465 43783 
31771 45097 
38504 41767 
45718 48706 
24708 26010 
38899 46222 
41662 45708 
46574 49793 
5135 24571 
18170 35943 
46457 49263 
18376 19741 
26973 32967 
5349 10582 
26979 30985 
16699 42999 
23758 38358 
6957 8410 
21655 30720 
22610 35727 
34911 49207 
24350 41840 
47195 48049 
25805 43064 
17080 32333 
46720 47937 
10120 26825 
17775 33884 
16538 40668 
6529 23895 
22848 26025 
20375 44370 
15119 26210 
47091 48318 
49316 49997 
48148 49431 
4146 16052 
49403 49570 
14500 28341 
48170 49282 
11048 29782 
18079 28827 
12592 31538 
47468 48251 
34336 43046 
2030 33004 
309 5787 
44497 46274 
16082 41608 
21053 46780 
48543 48720 
36459 48490 
29920 39050 
15546 38261 
17375 35095 
45049 45904 
13747 31648 
30869 45189 
28325 39985 
37909 39694 
8800 21445 
8602 18470 
29654 43227 
33640 47286 
36290 39905 
27853 42624 
33020 39050 
30343 35272 
26161 46125 
42418 46011 
38875 46567 
5784 13417 
33607 47784 
8097 14199 
28727 36891 
8853 23456 
55 3141 
10114 38547 
31620 48238 
48711 49543 
12241 36783 
37484 47162 
30722 44887 
33829 39207 
44920 45791 
3738 10302 
2704 46379 
10215 34130 
45926 48944 
46724 49243 
29626 44253 
6004 37991 
41519 47206 
26339 28261 
17374 22321 
23941 29776 
38143 47346 
4012 27125 
40840 45216 
49565 49911 
5667 41027 
15234 21937 
21051 28439 
5276 27808 
19396 42286 
5276 13509 
26311 47591 
7738 12078 
47390 47610 
36182 40349 
14987 36801 
9163 16571 
27492 32638 
43838 44544 
43465 49374 
36349 40697 
16279 17572 
21077 37171 
30201 49276 
30138 30408 
17666 34388 
46830 47941 
26690 38938 
604 6144 
24996 47012 
14114 44012 
35603 49652 
28881 40666 
15158 19262 
14044 49760 
43707 44829 
14635 15444 
3847 7182 
13985 28134 
11476 38004 
49953 49999 
7447 40252 
43081 47472 
47380 49384 
12074 22239 
25983 34659 
41877 48061 
19998 46796 
7152 18171 
40018 43414 
29813 30653 
27236 47455 
33551 33660 
37742 40037 
10012 39539 
263 5914 
4362 46468 
8450 28433 
45718 48499 
37953 45088 
1262 40087 
20768 22341 
15521 23880 
14237 47542 
41128 49077 
41998 42355 
38540 45575 
4230 15738 
21855 39797 
7328 34311 
8445 11821 
3476 40813 
47729 49726 
44755 44860 
1364 27604 
38418 42775 
26605 48573 
17910 31575 
24732 41640 
18659 32295 
37909 45669 
35273 36825 
21252 27048 
29808 35827 
16520 21510 
28162 49078 
42527 47837 
7200 36890 
15671 41999 
6207 21917 
22652 48273 
5358 28000 
23745 33127 
45560 47647 
9165 41319 
28174 38847 
15171 17242 
6930 30918 
11826 34439 
15925 41703 
6073 38190 
17463 46254 
32216 48669 
22862 30672 
18326 40522 
9013 14125 
35886 46271 
12081 43708 
2281 41360 
8060 35061 
36887 46967 
40874 43616 
14339 14953 
16506 49886 
11412 13876 
15773 49337 
36003 43329 
23031 36450 
45417 45561 
35612 44269 
656 18843 
38111 45123 
11472 18043 
22731 28077 
39903 43271 
30588 31557 
31584 40795 
39582 48372 
40649 47274 
42538 49477 
25132 27548 
24501 37373 
10313 32011 
14643 41776 
20279 44679 
40215 41491 
28251 49800 
12861 44862 
29053 32418 
31850 43976 
8651 11063 
17186 42493 
20994 24135 
16299 25975 
34238 39325 
13031 35822 
35368 48965 
46605 46798 
22932 41993 
25840 36543 
15808 21989 
9516 27401 
4859 10880 
4030 42232 
48015 48222 
4230 19032 
42719 43835 
23166 27452 
29195 49404 
42308 43533 
36270 42812 
48839 49253 
34469 42495 
24976 36672 
9245 43692 
31375 42230 
37451 40335 
1926 14530 
41193 41748 
3793 34642 
8354 45874 
23404 43121 
13336 24288 
29619 49193 
15554 38491 
45325 48235 
34650 46287 
5207 45521 
