75000 75000 
15050 43321 
41067 48977 
2035 44324 
53176 72420 
21388 33383 
5864 31666 
18099 70790 
4690 11362 
18950 54005 
64611 67603 
52574 56551 
40177 51845 
30775 47883 
64595 72604 
66699 73318 
16219 62765 
15541 41675 
45930 59766 
59572 66623 
21070 47288 
31141 51393 
9770 28128 
28537 56144 
34609 37204 
59531 71368 
19553 58771 
16978 29120 
40863 56215 
29228 47806 
4976 32392 
32630 63855 
52366 61820 
72353 72439 
21995 47182 
70541 72484 
70599 74596 
74945 74970 
3162 34581 
71133 73075 
21336 58041 
34774 59665 
5620 9333 
55788 67874 
36581 47223 
63752 69640 
48538 72065 
49914 68473 
65224 69060 
64390 65968 
61402 66369 
31806 62211 
15974 29470 
3376 44943 
43309 64016 
36503 74069 
40185 43252 
60023 60999 
46514 47049 
603 53543 
22091 24180 
19801 48919 
64994 71294 
14321 34152 
62952 67179 
71365 74289 
38206 59302 
62471 71838 
11993 63448 
41414 53255 
66865 70462 
46240 74815 
31721 59575 
10316 71444 
8663 52538 
68524 74855 
64613 73992 
21412 39663 
29726 53192 
18229 67453 
19525 37034 
47276 48501 
22096 58132 
23085 49556 
18808 36296 
42798 55759 
57853 74375 
49944 54575 
27748 37762 
72088 72906 
46517 47836 
5094 62378 
17416 28577 
53612 63638 
12394 26961 
73379 73490 
29023 56590 
31057 70488 
61156 68732 
72528 74039 
46785 53769 
41385 46616 
34643 49899 
51168 72053 
59027 72907 
47054 62818 
59529 68776 
41773 72724 
52155 74994 
21341 47794 
19333 56107 
30896 51955 
62262 65147 
38764 69228 
68812 71953 
8440 69325 
20809 36418 
23386 66217 
68663 71006 
16300 50209 
46890 50994 
44994 45735 
10415 33082 
73056 73949 
27289 64368 
7942 11611 
976 45192 
30315 33602 
43744 67379 
43730 74299 
25817 53481 
45301 47811 
15179 64479 
31930 51455 
27492 64700 
32141 59833 
68586 70224 
17882 70625 
17748 21227 
54249 67498 
35231 47058 
4600 74946 
36452 64705 
71040 71366 
73723 74419 
29194 33054 
67583 74241 
26185 71339 
61764 62940 
34111 48618 
63967 66498 
19802 69384 
29611 62402 
46573 61149 
36881 52914 
45814 69530 
40503 56446 
52 25080 
29141 42948 
822 4264 
58008 74424 
59540 67188 
64129 70519 
15767 46587 
10655 52120 
27777 30044 
52737 63688 
40838 66400 
23987 46086 
15285 46681 
62600 67479 
72871 73985 
68641 74203 
61667 70058 
68367 69722 
14982 65510 
31733 40818 
44236 48426 
35172 57862 
39366 56534 
69476 72214 
39917 53272 
42227 64757 
45925 72146 
40931 66144 
72793 74710 
33519 43026 
59700 69413 
38523 53311 
8760 10508 
25299 36768 
61393 71440 
60772 72830 
5395 66622 
58845 69855 
34317 69336 
1588 52413 
15918 49642 
40205 45952 
63161 66189 
66045 73368 
20929 55588 
16904 48604 
73301 74250 
6534 23331 
49863 69927 
3702 51148 
61419 69797 
18791 33124 
50143 57964 
11091 60034 
53546 65508 
11311 59538 
41744 44466 
44439 47727 
49997 62309 
47352 66476 
29081 60662 
20719 44124 
32146 40984 
21765 35177 
2273 2802 
67561 68986 
64059 71339 
56434 68783 
25122 54825 
57887 71353 
43152 60846 
38430 69015 
48342 52590 
44513 52692 
32031 67477 
7664 67087 
4101 32023 
68035 74069 
66523 69861 
44163 67046 
51453 73263 
15474 54949 
63328 64695 
10488 29198 
71294 72772 
43106 54024 
64802 69239 
40266 59551 
74961 74978 
64469 66175 
56217 64388 
58579 59285 
1910 63254 
27682 48641 
24882 41755 
20551 26749 
19768 59309 
32833 69567 
50155 55551 
4093 29644 
11241 53706 
14160 42271 
17234 55917 
70963 74233 
69133 74477 
60360 64351 
41364 63605 
42087 50978 
73332 74835 
16729 68050 
35913 68723 
52312 74646 
62955 71724 
25095 71780 
61740 61901 
17622 34628 
36662 54989 
42443 55386 
14021 64138 
74421 74574 
66138 72885 
38284 60334 
42985 54036 
67306 70510 
8356 74893 
38453 63297 
54394 67105 
2814 17467 
64597 70591 
65515 73735 
44569 53729 
2612 43119 
22016 37232 
55237 67482 
13832 38110 
37891 73077 
28454 64713 
66302 74169 
71147 74775 
38066 72951 
19947 64199 
21041 66388 
71633 72930 
14778 29435 
48620 62503 
44805 47708 
37242 49426 
30675 35172 
59292 64159 
5274 5822 
1381 27936 
15131 67359 
68473 73200 
73836 74595 
65366 72685 
66268 74999 
54506 71879 
13845 57378 
27624 39066 
49922 49970 
37166 71837 
12292 42300 
64355 71527 
36932 39525 
68258 69195 
13521 61680 
37026 56581 
44042 61030 
20516 60559 
38313 40440 
29130 30548 
60815 72509 
60480 68131 
48359 72092 
59486 59922 
62973 70580 
68750 73643 
26099 33178 
18836 49759 
74062 74892 
9666 10829 
47138 73158 
40981 68072 
44444 49922 
56078 58671 
36716 73895 
32448 71921 
29445 47558 
63571 69155 
6453 51298 
35666 53412 
63917 67487 
33296 40281 
16528 35567 
29629 42000 
74514 74601 
10386 57345 
57668 58211 
11102 57093 
64029 70089 
66493 74611 
62778 63789 
31552 47371 
6767 65426 
67053 72712 
46945 57986 
74445 74480 
52388 70762 
12500 58900 
25727 74118 
22905 46495 
61365 69106 
15837 35457 
36691 60494 
66434 71132 
60313 66372 
57315 71699 
68604 69447 
43165 50500 
69222 73338 
45475 73005 
13805 74363 
6553 39846 
62962 64930 
59861 64610 
20047 70046 
21546 74662 
26147 30280 
34449 55879 
6882 55146 
18235 35423 
65117 74041 
37615 38916 
41387 65161 
39312 50999 
58037 58274 
52592 70822 
57922 74511 
63758 72758 
32083 41579 
6496 42938 
24087 54318 
25740 73928 
55408 70589 
17332 49904 
33522 58692 
44715 51000 
50216 61355 
62790 69725 
1064 25204 
57465 64387 
41829 72392 
18436 61691 
65312 68183 
51916 55942 
49868 63621 
46684 70410 
4196 32860 
46634 65785 
22226 64945 
32672 41368 
50187 63986 
4835 64072 
31647 71784 
22204 41458 
71760 71774 
68681 69664 
24899 71400 
32702 67056 
67326 71327 
17263 61517 
27610 31044 
21644 43089 
36314 73026 
7830 18297 
57213 57769 
41878 59544 
70590 70771 
48936 63708 
59390 62507 
40732 41394 
53545 69512 
30137 48660 
26188 59365 
74700 74744 
4896 60486 
23632 49005 
31267 36740 
43653 64687 
8885 67533 
73380 74977 
19530 45582 
36427 56085 
40705 67629 
36347 39960 
32174 43480 
12884 29687 
49873 61609 
8364 53487 
59182 67180 
34356 56144 
37402 63613 
54832 74615 
49610 63465 
9041 49340 
67955 68227 
41535 63382 
71887 73592 
30587 56714 
8156 49084 
9966 37702 
8021 38322 
54364 63243 
46566 63126 
52251 56570 
26198 54405 
19860 70704 
29677 59242 
14700 51595 
47056 72276 
64669 65701 
28318 43872 
69806 74969 
60904 72027 
55780 63245 
51721 71315 
22890 30842 
33191 57402 
48739 69307 
24404 57415 
3930 26190 
7476 61089 
56974 69812 
69762 74862 
25672 58954 
30138 40159 
12747 13730 
74249 74925 
49412 49447 
3330 3765 
71404 74219 
46595 72019 
34001 45724 
29301 74452 
23243 67092 
25271 26301 
44545 53757 
68869 72904 
67724 71134 
62971 68594 
43424 44578 
58066 68202 
63564 68817 
21713 49305 
63021 73105 
24049 64939 
48846 64202 
26342 69640 
27379 72574 
30020 56446 
59881 69678 
18174 67479 
57463 64042 
9491 13687 
57198 64010 
25489 37332 
2835 42035 
63275 64041 
68847 72073 
10175 42772 
7256 20060 
61376 64202 
48000 56139 
66604 70902 
72875 74014 
12487 17889 
35520 58987 
63668 66591 
30790 69179 
69442 71986 
18624 59573 
53807 73358 
68329 70665 
44725 68574 
60389 62264 
2515 33195 
57665 60176 
20164 43495 
72751 74079 
20965 23694 
60688 61823 
11003 56220 
54361 68575 
14106 59578 
44869 64536 
9758 69065 
31564 45039 
18486 45662 
18220 35447 
16778 46625 
44077 53648 
67344 74190 
6333 27211 
23029 68592 
63593 64905 
23840 42406 
50467 64912 
54395 73346 
32365 56581 
42389 61778 
66509 67190 
49328 65361 
33983 44025 
21235 41879 
64887 69342 
4771 24065 
21859 55451 
50598 74322 
16748 46412 
15355 34740 
72066 72587 
12688 26970 
40120 58427 
54917 56050 
70402 72966 
56111 56498 
16231 68466 
54422 64462 
56926 60758 
74681 74813 
34468 45583 
72732 74298 
19838 68519 
74402 74624 
15782 34370 
61572 68559 
41300 74092 
65599 73274 
20276 39617 
30729 63095 
41334 52823 
55442 61886 
15073 39224 
25009 30185 
31786 49529 
19976 59192 
69628 73902 
19339 33859 
32928 44751 
8052 43648 
205 20509 
34109 39663 
21577 52713 
25481 74652 
41468 51457 
45975 61031 
31258 61224 
24146 29588 
68457 70310 
43150 70875 
53811 74630 
40887 64250 
66719 70774 
51334 57251 
10695 37973 
22300 74788 
65572 69829 
28984 38256 
62301 66948 
62092 67932 
26911 70188 
39228 66519 
9507 44507 
13064 24035 
40551 57182 
20402 62584 
14642 65875 
50886 56795 
2251 31088 
63681 65320 
3637 26662 
7566 54174 
3351 72274 
29603 74424 
71032 72810 
10927 21767 
31778 68742 
56225 68278 
36834 63689 
35177 36407 
61955 73966 
35688 66208 
24645 68698 
36904 55992 
7845 34560 
15672 20761 
69844 71801 
14072 52104 
8288 29557 
72778 72898 
29237 74599 
39094 49138 
37762 47204 
49516 54723 
10882 61253 
59112 65002 
19158 63727 
6354 69166 
40900 48959 
36105 63884 
68347 69388 
54625 62783 
19444 68572 
16030 47986 
12992 69574 
45910 52803 
39576 61689 
69067 69620 
35680 65606 
9341 71517 
50575 73732 
48945 67013 
72627 74748 
4385 48567 
7919 55727 
61011 73178 
14767 30356 
52577 62501 
4884 7199 
17328 49885 
30616 60075 
5832 37910 
20606 39850 
61205 64405 
23137 66044 
29588 57889 
9150 9226 
32818 72590 
21737 57030 
43487 51524 
35318 45332 
6610 41678 
58627 70309 
62449 62838 
9312 59190 
53117 60406 
28937 61566 
18651 59513 
5534 5562 
982 19909 
73838 74132 
49428 64995 
31445 69726 
56766 73024 
39276 45229 
70141 74118 
39493 46306 
38152 58225 
68795 71976 
13061 34818 
2710 73911 
68430 74279 
53947 63719 
58823 60216 
18537 49574 
63855 74570 
24689 66665 
40932 71903 
5089 58765 
60108 73994 
22867 61902 
54600 59859 
18305 71405 
74850 74964 
25067 72189 
15453 20565 
68356 71783 
6755 40750 
26409 71514 
52487 68129 
69659 74737 
67340 73536 
24406 51941 
25591 72075 
67232 72977 
8288 17126 
22962 28114 
144 35528 
47301 52271 
50521 54528 
48948 49815 
6735 72896 
36140 45001 
10745 22194 
31954 63170 
65700 68251 
41694 67292 
11735 12893 
54771 70050 
29956 52047 
58362 61381 
1208 32242 
40212 57683 
36860 69489 
32497 58562 
42060 42791 
73514 74330 
71491 72894 
73743 74900 
30740 55043 
33046 68244 
1995 32095 
29922 68626 
23759 42308 
31746 46371 
74454 74627 
62913 68277 
59989 66865 
60584 61468 
72521 72852 
47325 54279 
4618 42072 
443 49639 
28023 35663 
28573 36831 
1409 67893 
32212 42199 
9215 38368 
36808 71227 
60830 70155 
10544 21045 
49639 58995 
18773 27853 
69763 71026 
72967 73839 
19221 36582 
69737 73336 
43915 62919 
16183 68269 
30315 33525 
27475 73730 
19614 24071 
44585 69040 
27476 54910 
8089 61524 
49566 73303 
4203 38993 
21439 70041 
71209 74753 
69619 70952 
1269 25749 
4302 29852 
50409 60269 
23242 44268 
45476 56164 
35318 61163 
18649 48635 
2992 4305 
46332 53079 
50542 67266 
52685 54498 
62420 66842 
38140 51393 
60058 70161 
37016 51746 
69812 72126 
48431 71745 
28132 63961 
19599 38100 
73523 73555 
50538 69940 
48737 50278 
8269 10491 
50704 54520 
55366 62218 
32438 43581 
22794 72929 
41553 41610 
33670 46599 
13502 62804 
7751 53822 
74639 74884 
35215 69967 
36464 74932 
16568 19222 
15126 24984 
11639 30838 
40793 70334 
27993 30126 
65081 73134 
58257 60338 
42485 69067 
48909 58260 
42595 47026 
46630 64965 
50129 71713 
57057 60826 
70636 72949 
6344 23211 
67046 73008 
53592 67127 
62969 66168 
65123 67200 
18961 47486 
26442 52676 
66006 66826 
66585 69053 
11983 62468 
61479 68296 
31728 71132 
10401 70239 
31879 33273 
71561 73203 
74045 74871 
51231 62153 
26117 35406 
55741 60741 
47306 62697 
57135 58740 
6174 44271 
6897 70798 
7804 23933 
52351 70224 
69581 74757 
6937 9810 
27085 50299 
65565 74281 
42532 53411 
15543 71730 
33805 61395 
71245 72581 
14130 46256 
12844 66764 
69520 70344 
25597 38926 
17848 35871 
1090 12736 
69256 72435 
57757 58051 
33827 66104 
57129 62953 
36496 70710 
11006 59851 
55680 74958 
27960 38575 
66810 67363 
18963 29265 
27678 56218 
48047 74348 
7870 10085 
18525 21866 
26013 66636 
20761 63361 
6444 40497 
54139 65606 
20282 74422 
47356 70294 
13680 32133 
3086 72965 
15733 20729 
63418 73918 
43366 74277 
18154 55279 
51337 54878 
21767 24536 
32162 73473 
8692 14284 
3952 43065 
53620 71071 
14760 35018 
52922 59481 
40650 67510 
51789 53045 
32058 59546 
50567 60721 
65521 71089 
31040 43427 
4824 14143 
69229 70431 
2994 28520 
52931 67771 
14927 60217 
74754 74910 
6496 34564 
20515 37286 
19200 42874 
51255 71999 
67692 74257 
38369 52784 
18698 72748 
3619 25913 
65553 65899 
51687 60116 
38636 40195 
47034 53275 
43835 46851 
1330 60439 
29061 47222 
44401 67919 
58495 65964 
28562 70716 
22645 63312 
38503 63940 
73130 74965 
41449 72492 
4314 30449 
60 62952 
67672 74798 
73842 74952 
40808 63897 
17538 18221 
14184 19848 
28728 54321 
70374 72042 
6180 37217 
26912 55250 
74715 74828 
6628 40329 
5598 13329 
55900 72317 
70551 71949 
40990 67468 
34723 42375 
63365 67415 
16375 59773 
56671 57226 
17282 44300 
11615 14543 
73488 73640 
39178 60523 
9478 57575 
41880 69101 
41707 65835 
40748 63442 
47357 53236 
28987 72590 
17080 50934 
10459 62940 
49069 54312 
56887 58072 
517 13550 
56225 74211 
69541 73514 
35932 53599 
30024 69084 
60729 68650 
5991 21409 
6018 12940 
560 46095 
32067 55666 
411 26698 
2415 59268 
67019 74813 
29259 66061 
1089 16138 
20024 39273 
28571 48579 
31793 47145 
8633 42774 
70748 74807 
70001 72009 
38362 56919 
28424 68657 
10825 54832 
52100 58648 
36968 45582 
42808 73460 
11365 59668 
1674 70252 
39538 64065 
39394 55568 
35149 64723 
17033 67113 
68158 73563 
42374 56692 
10333 47435 
7075 12329 
65673 67822 
59988 60684 
50913 68189 
48351 58399 
59021 60237 
13854 64440 
6905 68546 
64775 70979 
37549 72527 
69955 73647 
14428 49300 
58312 71556 
67227 70036 
42671 49191 
51174 63030 
27952 40070 
19597 23041 
73772 74348 
24519 73926 
22108 64552 
42416 47038 
13055 15467 
9458 14672 
53105 60779 
22244 70985 
65090 73196 
14195 47801 
65298 73303 
1972 48854 
49286 54574 
30442 53374 
49104 73215 
70888 74149 
4412 28255 
16672 31398 
24239 59941 
58686 65647 
56084 72108 
25827 51734 
44352 51716 
42846 64643 
11111 39589 
16155 49680 
57419 58752 
9484 54422 
8130 73805 
7054 46212 
400 7735 
42030 42072 
59599 66963 
63679 68105 
49895 50732 
8957 31842 
50472 69228 
68006 74865 
59866 63079 
66545 66619 
20536 30228 
22355 63013 
38682 52906 
65138 72938 
45239 66956 
64061 66465 
37331 69594 
42707 44366 
54523 55374 
13405 62815 
36097 70834 
50107 65279 
49435 49446 
44533 68398 
38996 67040 
32657 54750 
15149 62226 
33020 38170 
12547 31553 
65891 72282 
53179 69455 
24341 65480 
12310 26885 
42406 69365 
48194 57697 
67245 69425 
4690 70429 
61293 72184 
38049 74454 
45428 63918 
39415 52324 
60738 72891 
22625 27138 
59925 71955 
11511 17400 
71591 72742 
72037 74569 
66735 70976 
67877 73684 
72038 74347 
31857 70375 
14603 69754 
34496 44118 
14549 57437 
56090 58014 
6430 55626 
1551 51863 
7056 47772 
49323 64915 
48174 69067 
9020 38959 
10848 58609 
47429 58365 
39200 45338 
37977 63468 
10153 36383 
13563 34627 
37798 66256 
42342 48150 
51947 62614 
41963 64302 
16188 19799 
68750 74216 
40708 50389 
2782 51311 
40273 68088 
26274 61594 
54861 67995 
21121 57281 
40423 63434 
39288 50408 
11782 49230 
18872 50034 
13632 50507 
14839 66932 
53416 72627 
41702 68018 
49418 71780 
46023 50796 
72181 74412 
32711 40957 
46228 63973 
71180 73944 
36734 52881 
24082 45278 
21616 39915 
44411 62728 
50840 59117 
48865 66589 
46936 66409 
9514 51087 
8985 37528 
38318 62175 
7042 26426 
33288 68297 
45796 55371 
29801 60910 
5293 59265 
38484 56410 
56468 59746 
45805 64680 
10534 64656 
52061 67091 
36601 55102 
54382 68706 
65657 72527 
19830 55444 
16022 28129 
18772 45934 
37781 58339 
51763 55137 
24028 52569 
19574 24230 
31707 48688 
57407 57859 
25803 57363 
20046 68747 
10260 19406 
74274 74914 
72765 74853 
57800 72888 
27974 42580 
74256 74755 
10103 38752 
47558 59157 
9606 55563 
14613 23344 
32786 46196 
47805 62154 
69643 70796 
51063 52959 
13912 68555 
74025 74296 
31453 48591 
7426 25437 
63234 66383 
22711 62857 
8868 10050 
34131 44991 
1377 33218 
57224 61731 
56054 66809 
59195 65624 
23223 33690 
51576 53500 
58702 64537 
40081 43534 
11746 45027 
3812 51336 
35881 71867 
17417 44864 
48420 55055 
73757 74278 
67732 69420 
16016 69349 
1921 2165 
5930 61000 
21543 50843 
10666 60153 
27430 61930 
19573 33256 
10775 18422 
69954 71845 
26041 58420 
43620 62937 
72476 72720 
7143 31732 
22955 30994 
72203 74031 
600 66976 
69082 71588 
74940 74970 
17704 34017 
73515 74201 
36448 63781 
54636 64258 
29055 30631 
14281 74223 
31619 58139 
57317 67984 
50304 51088 
15590 59144 
52865 71453 
47752 55692 
54028 72270 
70001 70844 
46706 69174 
60595 65924 
41933 61605 
40292 57396 
17961 72956 
18335 64149 
41624 45432 
48231 68839 
15984 69517 
40541 73465 
3038 44423 
52013 65445 
22474 52117 
69459 73305 
72855 74400 
45548 46713 
60640 73867 
14300 34688 
47750 58831 
30163 51337 
45500 70509 
42748 53703 
23224 25280 
41899 42915 
32948 37020 
13677 57358 
64787 72788 
29572 48950 
47115 74624 
22884 63985 
22163 63740 
73780 74394 
15196 59644 
637 60429 
15361 56896 
24240 58231 
3889 35769 
44459 67217 
44090 71319 
62057 70735 
50237 61873 
41834 69547 
65875 71104 
66812 70741 
2800 6677 
27529 65913 
17135 50880 
41396 51110 
71768 72260 
9678 47038 
60361 62884 
62448 72848 
50555 70409 
1394 51843 
45253 46489 
15704 69430 
37759 54759 
24738 73654 
56954 59193 
36813 39740 
27356 48537 
52377 62728 
2568 54526 
73320 74100 
20793 67456 
47505 54242 
28873 36526 
58520 60710 
26915 38533 
13185 68335 
39497 67317 
61129 71344 
8997 9498 
51439 70265 
42925 45963 
17649 20506 
53673 55566 
55223 72372 
19458 42384 
64696 69793 
49697 64066 
60125 71007 
65762 69116 
66795 72153 
12092 72593 
17573 48180 
9561 47877 
21564 71249 
4555 13809 
52381 57374 
54580 73487 
23378 64078 
4078 25280 
72361 73353 
36624 39194 
72296 73734 
20917 72870 
752 15248 
14835 42983 
49765 60156 
42798 53249 
47750 62258 
19621 54272 
41514 69805 
36802 65826 
28840 40215 
49240 70835 
22668 22876 
31853 74111 
2872 65365 
46229 67198 
17583 27271 
65204 72712 
14092 23695 
5205 38718 
17202 61052 
1342 41533 
72244 72723 
61072 65693 
68534 73730 
7041 10652 
50911 67818 
38148 47099 
61659 69264 
12160 20912 
27120 57900 
19854 64282 
17290 48146 
19175 43731 
43360 73839 
34702 67506 
24837 44288 
73453 74845 
49496 70735 
67484 68855 
51674 59107 
40907 57111 
42936 44661 
48717 72559 
34832 41363 
25226 48317 
58303 58464 
52393 58993 
71431 72753 
190 61402 
74263 74317 
58193 63138 
50894 63997 
7856 66504 
36822 41534 
2602 45316 
49425 61830 
37902 67493 
57001 64844 
32451 49592 
24287 49267 
23860 37038 
49992 59529 
17671 36839 
15554 63601 
36740 55111 
60271 68711 
60357 62203 
41572 42914 
37946 45003 
59482 64975 
47491 72633 
68530 71126 
37211 43971 
66070 74431 
64367 71395 
34972 51244 
50847 61331 
26875 53880 
73008 74362 
31575 38539 
11584 13652 
5109 59438 
64068 64555 
66806 73144 
445 36172 
48727 69091 
51992 55797 
33017 33125 
25072 53068 
21730 58526 
19138 51325 
41847 61664 
70695 74138 
73348 73400 
74187 74550 
28079 58499 
45073 62501 
64277 71336 
29082 37188 
58219 73764 
22892 53502 
7851 14144 
71761 74212 
51074 61350 
57367 68183 
13946 57454 
35235 54775 
35874 62560 
56185 63118 
50154 56271 
37126 43751 
9309 64489 
18731 48225 
34520 66367 
24438 71891 
54285 59288 
33811 70216 
71823 73531 
7521 17498 
5674 40261 
56541 57140 
14796 58222 
59842 72123 
45148 49180 
19623 20767 
21997 72965 
73268 74620 
18725 23530 
34889 52797 
71606 73076 
33874 53758 
26910 65012 
43784 62205 
47962 54619 
73247 74728 
5554 44578 
29207 42505 
54601 68806 
25538 35350 
28662 71197 
52291 73022 
35295 60588 
46721 70856 
4642 68978 
50374 61241 
8394 72492 
74983 74991 
10420 46459 
53114 55369 
53639 72988 
26304 30935 
58255 58382 
34472 35725 
50955 52732 
30427 56827 
58970 72566 
40495 57042 
48719 55434 
55001 70781 
63979 72111 
18312 57704 
61772 69384 
30757 31280 
27623 39251 
66563 71116 
60602 61618 
37871 74744 
12503 63874 
71561 74753 
24653 46942 
39076 50703 
59195 73647 
57588 65407 
66418 68697 
40316 74757 
56233 65325 
64096 69085 
55206 61968 
7664 14569 
55399 72035 
31078 52226 
64028 71319 
19009 26734 
21301 53094 
60391 67441 
55083 67403 
5272 48946 
47547 58396 
68983 73057 
46616 66680 
30227 56183 
39561 59536 
49702 59519 
12529 71788 
51698 61244 
10758 66838 
1820 7259 
49028 62881 
64315 66847 
32772 61023 
9764 48709 
64954 71555 
6882 50768 
71279 73916 
34115 70929 
4373 71503 
14802 14930 
73622 74654 
35587 51926 
3835 6388 
45101 70671 
18808 53969 
4024 73762 
42002 61770 
28963 62032 
49683 74599 
28142 45693 
36989 37137 
33012 70276 
15263 40949 
600 62750 
31657 42623 
32422 73705 
57660 59471 
30344 50088 
72793 74803 
54794 61690 
28414 32174 
31302 74099 
59496 59883 
54477 63730 
4068 13375 
35225 63167 
59148 67545 
19274 74337 
40699 64989 
73820 73875 
23555 28165 
38341 63028 
56130 70436 
63906 74883 
45165 56916 
47454 57564 
37013 70029 
70767 72186 
58903 65576 
6290 56222 
29343 60893 
55783 71362 
51186 67523 
37287 42873 
59142 62064 
72675 72921 
43765 59788 
37190 66305 
62400 74730 
67882 73670 
69724 70220 
65606 71425 
67787 69557 
63811 67928 
14305 32840 
36790 57328 
70579 73680 
43286 49949 
40991 64869 
38846 49481 
38425 63777 
72626 74463 
19819 48292 
45319 73390 
42372 72477 
74159 74624 
60607 70644 
55080 58314 
53697 64238 
45342 52998 
57456 71774 
33544 73175 
61445 68238 
23574 71576 
11635 35037 
8892 71986 
21372 58723 
46852 68896 
66997 67907 
1245 38500 
29310 45461 
12054 26304 
53869 61964 
66735 69243 
36715 59767 
56260 66644 
29026 57563 
3701 61585 
15489 64631 
4996 55692 
72211 74246 
30199 38833 
56879 61129 
28421 63124 
61775 62501 
70685 73630 
18097 42065 
6152 74916 
21674 39778 
66046 72063 
47198 57938 
48524 63899 
31695 67991 
41997 67984 
24793 41360 
28953 59159 
42990 72615 
57832 73398 
32480 47834 
74374 74767 
70116 71906 
59064 62764 
13199 24006 
14205 69804 
66134 71320 
29613 36418 
5387 21016 
70659 72275 
20712 56434 
30593 62105 
2095 65483 
51336 66113 
11780 43480 
28889 47364 
70821 74155 
2219 25084 
62821 72524 
68777 71721 
32007 37019 
63662 66272 
47958 69420 
10559 41329 
63047 74232 
13885 16117 
7210 29222 
59214 72416 
15587 27526 
8399 26997 
22128 28641 
641 43598 
61634 69836 
5122 59125 
24474 30790 
41940 61217 
74003 74299 
21032 47439 
261 10027 
64717 69088 
33055 72388 
10341 36800 
11045 25988 
57312 72103 
52802 73713 
25763 64068 
65779 69175 
64168 67246 
50132 70513 
23300 43750 
32642 56028 
38964 44767 
67488 69373 
17342 58379 
17980 38764 
30838 35386 
16527 22910 
36243 43615 
20612 50628 
50893 58597 
24542 63457 
36164 57150 
41107 47475 
44184 52162 
58146 62185 
63758 64498 
47334 65969 
54554 71325 
5763 46296 
6065 27705 
21938 70988 
7688 29301 
47524 54780 
31838 66372 
54036 55749 
29391 61355 
27059 29147 
38132 58747 
16313 51679 
21728 69264 
65840 66096 
51987 59813 
17960 65429 
35630 40473 
68967 70171 
39986 54867 
74088 74819 
57310 61065 
51271 59496 
71688 72865 
22717 26186 
36411 40459 
63852 74585 
26453 33954 
56769 63672 
11776 13502 
25407 59702 
47934 71065 
34476 58084 
21376 31523 
53397 61749 
16353 54967 
6949 73018 
20298 49944 
59376 70295 
38712 53949 
49141 64543 
16773 44229 
55079 60709 
55603 62973 
54429 65463 
16528 49227 
45362 54046 
124 67925 
39301 43450 
52022 71795 
43308 48209 
73682 74562 
60908 64823 
1971 18048 
4966 14208 
25027 61305 
70232 71743 
44949 63453 
46345 66045 
73233 74942 
32995 37845 
17771 24761 
36756 73144 
12872 27645 
61497 74019 
53564 56671 
16948 38688 
13331 69949 
774 7272 
41519 73320 
68382 68891 
35319 64319 
20568 47573 
16305 27715 
64499 70052 
50715 60825 
30634 41374 
18418 25556 
592 72625 
48799 62927 
3282 74516 
7085 48633 
266 1724 
41627 56128 
31425 46953 
60927 64512 
34850 70211 
58230 67560 
20905 55854 
19245 42024 
49176 54737 
70035 72461 
10751 13026 
28329 47626 
71349 73476 
47444 56726 
62298 66225 
20813 74754 
19991 68720 
39841 59797 
5571 35283 
4139 28439 
74895 74944 
57003 70506 
13142 46242 
57061 61182 
9810 22790 
17428 47355 
66276 69769 
3263 62116 
64611 67336 
26232 67293 
2719 17944 
12593 25211 
23585 67402 
22995 34702 
65998 73772 
54155 69619 
2571 35131 
7522 50866 
19028 66127 
1870 54112 
73664 73761 
10036 21965 
32587 67660 
31684 45131 
30590 44245 
70509 71505 
42779 69506 
28285 43587 
15478 42710 
9370 59255 
25056 59648 
47586 49952 
35022 64514 
8017 31175 
26715 28417 
72633 73887 
21572 62700 
20203 63019 
18097 25226 
21295 41604 
33902 53164 
70737 72032 
1258 22292 
65186 65966 
8394 11605 
72151 72638 
11655 54364 
34940 52413 
16370 46919 
16993 27300 
74321 74721 
48121 57292 
66328 74189 
8718 23592 
3325 58401 
21346 60017 
23065 59726 
62969 68796 
23980 59280 
37860 51129 
30269 57274 
5801 25184 
65495 72473 
9263 33517 
12477 42651 
36166 58600 
1678 26453 
61594 64063 
62077 73265 
72316 72652 
65828 68125 
1744 66003 
27279 54369 
59145 61720 
54530 70230 
26308 72732 
16313 74939 
16398 68469 
51254 60944 
48362 56643 
29086 66112 
1707 52125 
15490 50310 
73974 74395 
64414 74685 
66926 69418 
8210 70609 
73835 74713 
26490 55659 
47639 55725 
45303 62113 
57712 65666 
6646 67987 
44508 56352 
52692 61402 
37251 70591 
65299 73172 
35979 53077 
50077 62516 
62464 66986 
20828 62938 
41471 67063 
5558 67866 
17836 44918 
20774 38167 
61148 68778 
18138 35019 
42240 54438 
10786 50802 
1168 38708 
21678 21945 
8176 72900 
55145 65167 
15967 63063 
43298 62436 
15488 54725 
4695 23551 
53597 58831 
23051 27916 
16140 32074 
25843 54605 
73383 74635 
15095 21518 
51191 61462 
7475 46938 
48207 66924 
58016 71748 
31516 39411 
14896 36707 
3103 35894 
25716 40592 
21370 41537 
5310 17971 
67712 68256 
34204 41622 
69547 72274 
22410 23622 
22864 73326 
18969 54553 
33526 68067 
54710 69725 
21702 51466 
23333 26426 
17825 42049 
24180 64333 
52618 56046 
74174 74791 
56186 67092 
60932 73946 
6375 42264 
41389 46467 
28701 61237 
38743 59829 
74114 74943 
17923 49862 
52916 65564 
19882 64368 
5567 11864 
53973 67904 
25945 34099 
54895 55902 
44067 68859 
43531 52134 
28438 72098 
31583 55296 
68578 74090 
31930 71235 
32335 64729 
61548 74979 
6620 27609 
62281 74162 
64618 73084 
43252 46727 
10229 68109 
9645 22536 
26204 66582 
42718 44059 
50321 65513 
20114 28886 
70883 72954 
69339 70763 
66248 66262 
70813 73969 
54850 60337 
62727 67727 
20078 69541 
51250 70698 
40530 52043 
60710 66566 
18629 53544 
62721 67223 
43317 54801 
45206 54280 
56103 72200 
19513 59868 
7484 30886 
18235 70771 
59068 68677 
48892 54251 
41233 56279 
63328 71558 
19958 72994 
10115 70051 
56891 73394 
65587 73144 
38016 73793 
23339 52994 
34738 48461 
18849 19171 
2316 47694 
18082 48717 
25194 40957 
45298 46038 
43965 55711 
47360 55202 
39192 51468 
46386 54416 
56279 70515 
69136 74026 
71201 71628 
47137 52322 
59008 72148 
16918 38222 
58321 61843 
26091 35639 
7088 63717 
16391 66033 
3644 42223 
61257 74290 
65360 66352 
37959 50144 
36284 60232 
18770 64060 
26197 42151 
55234 63840 
4962 32994 
27530 42933 
72316 73639 
39152 46016 
46816 58021 
30228 35919 
37579 55528 
37988 55773 
38839 58856 
18629 57312 
35504 49737 
15872 67860 
12008 73640 
2867 25381 
65364 71293 
23906 49998 
10678 41921 
17231 35360 
51696 68813 
69857 74536 
58616 68436 
64264 67395 
37941 45899 
71982 73177 
21623 50632 
62008 66407 
50611 51227 
44645 60034 
45121 60098 
64606 68188 
7533 31104 
57878 64156 
1948 32257 
39553 59605 
70849 74883 
20498 44538 
20571 27912 
58502 74261 
73935 74718 
3450 60908 
56253 68244 
29488 53874 
58700 73219 
72677 73495 
55723 58236 
12019 73299 
48154 49533 
60700 63272 
24763 49289 
38784 62295 
50530 70142 
1390 62046 
32945 39781 
9814 57769 
2682 10608 
62238 69266 
195 22496 
9854 22410 
57698 64436 
1297 27109 
61113 65287 
66236 68778 
53590 74175 
27375 43423 
50221 63976 
71835 73006 
43718 45447 
29848 35336 
46642 58830 
4872 8125 
18881 52185 
62579 64619 
18987 23142 
52367 53024 
49784 66380 
42973 71312 
23614 25553 
10026 72639 
74957 74979 
5476 48962 
22319 61622 
15207 67665 
32144 65565 
58996 65754 
62718 73993 
54977 59143 
7152 56643 
36506 57125 
50575 59552 
23893 50221 
74736 74827 
57795 63959 
24603 56906 
69003 72177 
33423 50268 
45550 57668 
20994 37805 
54766 74145 
52939 57571 
35181 68400 
22384 57661 
3850 39615 
38893 61700 
45610 55344 
48010 61841 
52743 71209 
13703 61294 
50742 51701 
70036 72791 
3500 74095 
31147 68823 
58954 74431 
65564 71322 
3506 11599 
73314 74020 
57852 74596 
41678 58734 
61403 66203 
59693 74776 
64152 70552 
14007 31479 
40470 65710 
49286 74018 
61789 63457 
55236 58507 
12463 30134 
64061 68455 
18085 36776 
10843 38217 
2726 14111 
3800 68918 
6594 13344 
63733 71454 
49282 72805 
11243 66727 
34734 36844 
7973 30865 
52470 61925 
35038 38515 
67635 69674 
54203 65287 
24280 31143 
65828 67103 
29974 68548 
4222 16673 
41734 61625 
62127 70987 
53389 67858 
24417 27964 
29639 57889 
9652 22505 
18143 25490 
29931 37853 
12518 30729 
72846 73410 
37130 73005 
36920 57324 
28005 71971 
22570 61545 
39603 70756 
45755 54530 
25701 41283 
70903 72606 
29858 31881 
41083 42252 
71231 71379 
37465 38466 
18188 36884 
23983 39206 
35336 73641 
9177 55068 
31607 65392 
72381 72924 
50381 61959 
63202 68207 
43941 67821 
57835 59744 
26125 61420 
9419 70836 
1944 46978 
4755 61279 
29132 71668 
26512 44163 
48555 62799 
4011 15017 
41701 52681 
20170 23061 
14189 50389 
15092 27500 
9298 30898 
30271 53518 
17194 27194 
69631 74535 
25425 55468 
60929 61686 
41886 51051 
15303 46443 
7048 27561 
70857 74249 
58854 68906 
32311 41269 
54052 68898 
9534 60018 
25420 43344 
51335 63689 
31595 49976 
30959 72440 
29741 47960 
42659 73130 
28070 53536 
35613 38979 
39540 55133 
67332 74963 
1316 65001 
59238 61925 
7782 42012 
7197 21694 
41017 57877 
65610 71137 
48685 59030 
35046 65631 
47549 64447 
64798 66092 
30013 45798 
34896 59350 
60660 67098 
39622 74184 
50048 60861 
67526 67963 
26678 58077 
34747 62100 
10780 73003 
3852 10973 
40800 43468 
53855 63409 
51708 66167 
53859 65440 
13649 62947 
6943 8783 
53578 55692 
55366 56191 
17962 51662 
26827 37362 
17814 26914 
12858 62076 
66553 71581 
13546 45703 
43089 72499 
19239 24704 
68602 71122 
985 46760 
19789 57109 
12977 60453 
41162 42670 
57340 74987 
20606 46332 
64547 70760 
56002 70557 
43190 71555 
44676 67952 
72881 74885 
11027 61836 
7544 55209 
60165 71974 
69078 73685 
3937 60297 
29555 49912 
47443 58188 
19778 44872 
39417 69220 
45579 63335 
285 32597 
12394 54224 
57309 62899 
36290 67756 
14819 46378 
63661 68978 
8298 56050 
68012 72621 
43252 55658 
20306 49281 
74037 74712 
32625 47502 
70281 71296 
20102 23272 
61171 74862 
19440 61796 
19914 57486 
25424 32151 
15914 70752 
16487 62840 
32278 38280 
30797 32373 
12764 18752 
23190 37210 
19938 55047 
64716 68285 
57926 67897 
4774 52479 
4643 23626 
73524 73607 
36211 73301 
39421 53151 
53024 72706 
43311 51517 
24312 27236 
61760 74037 
26821 68321 
35635 74812 
16001 21589 
17421 45733 
56522 70346 
10576 10628 
70334 74379 
23869 64227 
39849 58073 
70757 72294 
31994 43469 
34784 46662 
47681 49597 
7243 60568 
50479 59156 
33725 73500 
60757 65057 
41107 46965 
68273 71093 
37574 60697 
20740 43851 
52791 70362 
66041 73074 
22964 41651 
59867 64430 
51293 72590 
3398 58374 
15282 31937 
18178 68489 
34752 50037 
21272 43262 
63957 73915 
50162 74971 
16435 58219 
48558 56981 
6073 13261 
3667 39696 
55015 56072 
59206 62120 
62196 62390 
74951 74976 
66384 69908 
60311 68039 
49316 72914 
26497 43935 
35203 41367 
15694 74507 
25695 44074 
23255 47548 
45856 47584 
40467 46893 
52164 55013 
51743 74977 
57089 71326 
52964 74347 
9625 55645 
68457 70384 
19404 21036 
20398 50851 
24703 60532 
65264 67171 
59767 61857 
19402 30738 
8887 21910 
29739 30017 
39764 68842 
21 16472 
31487 57655 
56883 74786 
64401 69390 
15066 55686 
10641 52851 
65023 74125 
16501 68373 
62203 66635 
35196 39881 
33824 72811 
60486 63517 
44502 51261 
51627 62863 
50892 52411 
11049 37357 
11669 14709 
18154 49726 
24875 74979 
27626 41231 
40253 52229 
20982 54411 
18817 71391 
68905 70699 
13272 47735 
62088 67613 
49872 59126 
67324 68269 
63446 68058 
35946 64313 
55701 56342 
46030 46372 
62673 72033 
70428 73533 
63155 73430 
74400 74880 
69102 70503 
38320 44464 
68983 73726 
33921 39687 
55859 66983 
61111 70779 
8382 28920 
1399 23044 
67437 68763 
43010 50029 
45078 70830 
18526 26120 
10446 46117 
58448 70656 
57868 60150 
44222 56352 
47849 55499 
4312 32561 
69157 73461 
29548 30015 
44117 48945 
44203 62514 
65117 65937 
72571 74742 
16782 16813 
57901 71958 
32784 67295 
11668 26512 
21749 38048 
13211 47031 
66224 70113 
7113 9848 
54011 70959 
69808 71271 
11504 52542 
46094 48538 
33614 43669 
19389 70749 
13795 71078 
13818 35430 
71656 72752 
63903 65066 
45139 59779 
70116 73986 
65021 74642 
34610 42024 
31614 46249 
28407 35017 
5284 72736 
31082 46330 
28388 38010 
26358 68585 
49154 51986 
14163 35248 
52338 69963 
65120 69688 
8103 46313 
52029 69221 
44462 72107 
30704 52211 
50457 50671 
26137 30116 
2245 37679 
39971 45102 
43260 58351 
45184 54956 
30715 71384 
71774 74155 
64773 71114 
15596 17331 
35647 38744 
38127 61564 
22296 67637 
54729 59717 
46842 50930 
63548 70795 
64149 74544 
30298 55261 
9188 12206 
35182 51091 
74831 74864 
10540 52593 
53919 74688 
31908 31940 
64387 69894 
27724 35770 
25748 56152 
34958 71880 
39760 58903 
27863 50595 
37228 60158 
28510 74233 
46066 49019 
53082 68045 
680 38171 
1337 25884 
38939 58836 
70486 72462 
74896 74947 
44189 47533 
9003 74673 
30217 58840 
11615 51678 
15348 17749 
748 22961 
57451 64564 
73629 74833 
21863 55437 
58109 66347 
43440 74166 
15065 64793 
69365 72624 
8990 20738 
36714 72078 
35216 47198 
57033 72975 
24606 51094 
46846 52428 
2994 61700 
31268 67443 
20790 40797 
19066 23973 
64672 65704 
3810 6080 
9395 27386 
58227 68341 
38990 47636 
603 16040 
34416 73856 
64091 74938 
59551 65545 
27706 58134 
59001 70978 
11076 53012 
24270 54255 
23502 56575 
21679 53075 
15673 59647 
4871 28348 
54454 57963 
65251 68102 
68371 71025 
39099 70006 
44473 69988 
17948 68206 
43435 65775 
28984 46497 
68493 70067 
19998 21869 
1002 35591 
46470 68882 
60017 65171 
9812 9962 
45895 57987 
33859 67758 
72141 72724 
46762 47806 
26802 34927 
70163 72978 
1919 55317 
44545 49087 
6987 36285 
2988 54763 
41232 47118 
19716 74129 
54356 62315 
61122 73097 
48414 66041 
26613 67044 
25801 71023 
29060 63470 
17404 36742 
10959 68676 
27892 43196 
51047 70255 
40816 61497 
18511 66546 
8346 49759 
11660 59415 
73272 74449 
74101 74247 
12453 47171 
27579 52664 
59389 67445 
72444 72645 
7905 39839 
32283 57031 
13430 55258 
74354 74950 
14921 24704 
41539 47796 
13756 28778 
46953 56659 
60306 64716 
26941 40901 
64866 73195 
71704 72887 
2417 8042 
23852 53814 
57850 63759 
34999 38730 
14164 28121 
65810 68020 
37564 74350 
8589 69029 
54423 70354 
53532 71891 
11230 42350 
52787 55096 
51367 68627 
34935 46985 
11222 64739 
57975 62968 
18594 45781 
37899 69819 
17759 23561 
7142 40404 
10392 57124 
8154 52514 
69355 71282 
6043 54004 
52044 70579 
14852 39271 
32496 54226 
39388 44409 
71410 72590 
19002 44864 
8684 18815 
38453 52310 
69751 72238 
65538 73703 
54732 58776 
56514 61172 
38091 64795 
893 69773 
60675 67202 
64803 71683 
27990 69165 
54132 59881 
73893 74153 
68453 69837 
49156 65288 
74090 74902 
59713 73083 
35136 41288 
50868 72915 
33783 43448 
60113 61911 
37803 55245 
23691 67552 
50207 67207 
19023 41534 
45671 64024 
62886 74797 
19982 56764 
40568 47859 
40019 45391 
12275 21927 
2061 65860 
47672 59708 
74724 74725 
3782 4015 
17688 37324 
56910 72566 
22095 60836 
31583 49676 
60692 69100 
319 17999 
62540 74939 
41851 53391 
13410 35717 
33228 51721 
27189 28836 
2875 11819 
28122 57762 
62219 69902 
17839 47255 
21515 56247 
689 57655 
59226 60614 
25974 54728 
27688 46623 
58021 62372 
7650 18899 
7094 20840 
21544 71809 
4160 6351 
20112 62870 
16545 38274 
14069 72942 
73353 74683 
7989 56547 
19002 72756 
53926 57686 
69495 72988 
23592 68311 
7687 67430 
3905 44017 
3966 24026 
19722 74588 
880 22527 
22921 35386 
25869 26834 
13169 66329 
69849 73516 
33210 62857 
25423 31338 
56604 57057 
71492 74293 
43552 57114 
14610 66973 
22965 47044 
41371 48003 
9163 55889 
34314 39374 
38489 65592 
519 56996 
48223 69033 
58273 65821 
40093 50901 
7653 42122 
16827 31695 
26556 37706 
54216 70695 
24868 68233 
74409 74683 
57864 71421 
54856 71600 
71006 73506 
42769 65390 
4910 6039 
73575 74444 
66909 68092 
186 10179 
45871 63179 
43601 67968 
55859 66837 
46585 60592 
34920 69232 
56402 57257 
40684 48084 
469 39213 
250 50203 
38738 54487 
21934 67674 
36837 45687 
71267 73940 
65171 65582 
667 58686 
60735 63638 
50671 68065 
58348 62611 
5790 10421 
1048 39953 
9867 56460 
56152 64772 
11601 21394 
15894 45908 
52552 54593 
16240 56386 
53767 59294 
47045 59455 
44063 56682 
20643 57862 
65412 74974 
17432 69900 
57184 67371 
55300 67274 
27427 52543 
37728 72664 
72030 72471 
57069 62400 
34260 40782 
44197 54999 
1487 52725 
10289 12426 
28617 40089 
34340 56361 
34628 47520 
70675 71249 
12908 18317 
59622 66700 
56925 59636 
44851 74789 
36647 69932 
5639 65121 
42931 73140 
53317 55041 
47914 65866 
45632 70902 
28981 61657 
57916 69919 
71723 72807 
73081 74287 
958 19927 
17845 29443 
2088 42056 
35904 40549 
6261 16859 
31456 69397 
25292 32312 
34978 60577 
31191 40666 
34105 42127 
32423 36713 
25642 72819 
18919 61295 
53334 71440 
44587 59813 
7290 27873 
37949 58140 
49999 51099 
73380 73779 
60066 66913 
40148 64884 
53018 67088 
51299 59406 
26314 45299 
15905 72490 
56650 57340 
4480 33709 
53880 65129 
20826 44550 
50543 58106 
53589 63659 
73739 74088 
41487 71779 
20918 57205 
24533 52361 
42770 65677 
6550 32173 
74102 74209 
74049 74264 
38431 50871 
10065 63374 
48719 57665 
47911 72414 
33289 53700 
68484 72592 
54888 74631 
22369 72119 
11442 50977 
15231 33177 
47377 65000 
7608 59020 
68382 69002 
56212 68608 
45572 49165 
35585 51916 
30726 63487 
29636 41404 
57390 71332 
11592 58975 
66845 73012 
60140 74043 
58184 64000 
26322 64141 
51909 73811 
58742 70457 
17264 55334 
54204 74481 
27227 67096 
23766 41203 
4840 37910 
53646 74162 
72018 74035 
1070 24244 
31890 45663 
10795 18909 
24219 52668 
21559 51844 
54684 69449 
68239 69546 
29055 32732 
17095 28857 
48834 57849 
71566 74961 
27799 67331 
44860 61570 
66558 72821 
13042 74794 
60249 61358 
26162 40663 
8016 33929 
55810 70877 
19282 50557 
64021 64110 
7453 9189 
49 49568 
66715 70932 
60672 66149 
52255 66743 
6800 40180 
32304 48068 
23532 29070 
23403 36679 
30397 60619 
40508 74365 
33526 72926 
49889 54785 
15214 17490 
57917 64345 
63289 73211 
40505 73022 
21603 58247 
36341 69614 
28969 46236 
8130 41703 
26154 34175 
73683 74939 
957 18708 
50304 57541 
51725 55005 
49728 60901 
9880 35928 
74683 74827 
18647 48620 
13378 32732 
39746 55045 
20032 58503 
49646 74406 
6847 30901 
53520 71145 
4811 54205 
42869 72133 
32400 55339 
5680 38787 
63049 65344 
22811 47139 
51122 69135 
65888 67215 
39157 70992 
47702 64505 
46435 60994 
51412 58862 
64547 66245 
45882 55644 
71906 73508 
69526 71544 
14794 34945 
38789 52073 
28089 31141 
41639 70557 
68979 74553 
30506 43577 
24666 31733 
3144 68071 
15011 59073 
32904 59126 
4101 56881 
30213 36611 
30148 62209 
52989 66812 
31461 54697 
63869 74401 
16681 18098 
25767 65675 
8720 22829 
71021 71340 
63033 67801 
72855 73424 
55758 68834 
35573 50894 
68822 70107 
38363 51273 
11894 34764 
23812 30725 
19750 28821 
12683 58000 
3526 35459 
16103 17525 
59384 72870 
67411 67446 
73957 74058 
55004 61770 
30707 48504 
47372 50899 
58205 67782 
39219 72196 
437 32385 
63966 69337 
39795 66039 
45082 46461 
15759 54519 
36100 47145 
14099 16800 
42399 50644 
59087 59770 
50489 60195 
45251 53562 
12376 73170 
59304 62130 
3457 63663 
45915 46373 
10440 35489 
22909 56560 
21612 29041 
28001 66602 
49631 52706 
11240 44360 
35292 50005 
33877 66200 
16713 32463 
35390 70446 
13168 54544 
5951 20961 
12375 19238 
38533 54985 
38894 50655 
46868 56076 
47870 68087 
18679 47648 
39149 48592 
61178 72276 
54012 63903 
73929 74553 
30245 51715 
23015 41726 
22391 44839 
55337 57962 
48036 57265 
26077 44657 
12116 42187 
3063 9810 
31605 74370 
39003 55669 
64431 67142 
18686 61465 
9880 67195 
53650 54720 
18919 19990 
73573 74163 
19640 41715 
23505 58311 
57394 61347 
69589 72748 
744 20505 
34406 74028 
5292 13909 
55159 70253 
60327 61577 
49007 49321 
45444 72375 
10095 74601 
17427 53602 
39540 50485 
26910 42555 
65818 66771 
2107 32711 
34595 52948 
729 49161 
28425 54125 
57553 60222 
13948 43063 
53223 59926 
52834 62247 
64444 67963 
23306 31104 
2770 14592 
16633 30200 
56437 59508 
12660 66044 
11885 52622 
54702 74362 
15417 41588 
6612 74851 
16995 20692 
32935 68847 
38577 63059 
39486 60306 
47335 50497 
43196 68798 
20611 36380 
70203 74846 
11856 28748 
19980 21728 
24887 71877 
42515 61922 
55913 67700 
29709 64137 
23422 70630 
22478 63928 
25023 36215 
48939 73819 
36802 54381 
15604 29255 
66677 68812 
57569 61091 
3553 36038 
35046 52888 
17455 23709 
44187 52694 
65901 68100 
46515 65931 
59270 67848 
66380 69525 
12393 64136 
42896 65489 
63600 74935 
28440 39307 
70506 73389 
72961 73829 
58217 73171 
6101 38114 
71060 71718 
59977 74861 
3453 66706 
36603 73368 
45830 54043 
36452 67087 
36876 40401 
7989 11915 
56614 71857 
44891 58757 
13396 45484 
55770 74097 
54861 54966 
39266 52167 
63890 67900 
18174 68613 
49407 73732 
57862 67235 
61057 64531 
38939 58036 
24265 48282 
69477 73026 
36165 70467 
6693 10298 
22095 27904 
42921 59709 
10965 52705 
18227 43524 
13520 63743 
46256 70285 
63939 74785 
70634 71215 
37185 67511 
1102 65883 
36783 44449 
15990 53340 
4123 43998 
73839 74256 
53562 69770 
11 7730 
28869 31986 
38832 60930 
63702 67769 
25593 32292 
71465 73643 
59361 62871 
57206 74041 
13931 37239 
43764 62998 
73922 74918 
69212 72457 
45994 59974 
54475 65144 
72266 74901 
24699 67327 
72236 72887 
67283 71498 
35656 60933 
24632 73729 
24908 46880 
50432 62437 
9246 34701 
70984 73864 
14393 71139 
57690 68668 
48380 56029 
12709 71722 
7483 38642 
9704 25009 
18535 71921 
59648 67726 
57554 64298 
38762 67484 
31725 47696 
12064 68932 
13705 22857 
28017 61065 
11844 39190 
9635 52351 
45090 53761 
52713 63782 
41817 73525 
23395 58473 
53076 68111 
10127 19341 
70881 73967 
61773 68001 
62481 70462 
43801 44698 
68080 68375 
26115 66764 
69613 69952 
64714 69984 
36951 47115 
49551 73345 
24694 26296 
21407 63332 
31029 46667 
60995 70582 
55180 63285 
48500 53188 
13120 61496 
33433 42212 
57007 65728 
30066 39309 
67381 69637 
5708 23006 
44534 67656 
5814 62629 
30288 48690 
8237 15041 
50002 65898 
37984 56640 
57802 65910 
25220 30201 
31671 37272 
2503 42179 
64654 68793 
31280 63600 
74457 74688 
16777 27948 
28301 32913 
72188 73531 
13726 67336 
37312 39941 
54341 54717 
25594 26609 
58295 65439 
51534 73382 
51042 74100 
37703 48417 
45489 45935 
50119 68258 
72585 74940 
16506 72032 
35026 48473 
49202 59503 
13931 53607 
37868 74814 
27448 62677 
43502 51485 
39232 44942 
12433 66304 
13238 51329 
71980 74620 
73481 74521 
19147 52891 
59379 72687 
58604 74394 
65339 65851 
24491 55434 
49865 59977 
47677 59210 
45257 56498 
17351 18892 
28262 31580 
42993 53330 
40533 46777 
59721 63078 
38069 59415 
15428 52952 
28151 35470 
12940 58626 
32789 73728 
7982 73775 
17370 57425 
10428 17426 
65519 68867 
31875 70094 
23506 34900 
69596 69898 
10902 35577 
11605 71878 
52179 70185 
2403 74962 
64627 74532 
73350 73596 
29306 51117 
5132 71818 
28024 63192 
51981 70107 
63806 69546 
5201 33244 
42933 61129 
11726 33973 
32777 62851 
66461 69622 
56025 74668 
58710 70692 
4542 15729 
22062 62858 
43904 51735 
54226 62735 
51516 71481 
5072 29761 
23596 55061 
46417 65206 
37952 42156 
48156 67273 
39700 63028 
17510 25859 
19530 42398 
20247 26345 
7441 74376 
40548 48573 
62753 64507 
10816 73647 
70695 73054 
32748 49914 
45735 47937 
60177 60352 
49396 67571 
30631 35123 
13833 35154 
59720 71729 
72375 72794 
46804 58918 
35111 46919 
2646 35195 
60627 71819 
46362 70965 
767 70499 
64011 73223 
34516 43877 
14096 15397 
12648 48448 
68663 71142 
71056 73684 
36211 40749 
23779 50204 
44228 44402 
69828 70714 
1719 37528 
62194 64477 
61731 70935 
68814 74012 
58468 64421 
27386 31513 
56618 58473 
73894 74494 
6833 16817 
32636 58190 
25609 28715 
48672 69452 
13388 64921 
28064 64636 
589 16813 
28798 35346 
38122 56368 
64851 73440 
7696 20412 
33380 55437 
44543 71671 
18341 66886 
5280 18198 
43891 63337 
23144 62206 
32983 60246 
63313 72047 
49530 61449 
68267 72726 
70132 74208 
62667 65857 
35629 49964 
57278 74978 
26534 37508 
53163 54900 
32392 54739 
45490 72374 
19306 31542 
26558 30110 
59893 72104 
5054 65450 
71307 71791 
12998 60714 
17963 36548 
14255 15463 
70994 73442 
683 74072 
23338 27457 
12626 35310 
7840 57799 
20994 45003 
17560 44260 
28191 38959 
19027 74005 
10601 63967 
23685 56845 
20292 50071 
69482 72820 
28730 67329 
59373 63644 
62565 65693 
10647 40609 
26203 59445 
66553 69281 
54626 59041 
51371 54260 
45188 66452 
67147 69467 
41151 62276 
69220 72883 
33637 73489 
39619 72629 
65508 74607 
46973 66164 
35646 49846 
61588 64344 
68366 74798 
25867 38002 
51991 68099 
19837 37548 
31318 62181 
39637 65487 
51886 66889 
34247 73077 
47607 61180 
29021 47430 
70911 73538 
55691 58679 
57757 74370 
8394 54877 
28730 29781 
19351 26456 
15453 67802 
46054 50787 
74553 74581 
18192 53922 
14016 31787 
33684 36696 
73211 73274 
53024 56487 
71514 72715 
57069 69997 
30372 37021 
39562 65102 
24443 30086 
39387 44852 
37429 49863 
52848 56573 
13827 44145 
3590 30329 
44364 63009 
27758 43740 
21376 70432 
59994 65551 
32308 73807 
20984 31883 
36158 55682 
11492 74187 
28509 59432 
18299 45877 
66284 71486 
10194 29767 
38868 71692 
62402 72410 
29805 72923 
66732 68713 
52706 57237 
32556 62838 
1726 12462 
29666 60446 
47237 68125 
73271 74656 
36585 70526 
32561 41302 
15615 71256 
37658 68296 
30163 47751 
58156 68054 
41565 65671 
23970 60141 
51946 52908 
6442 28116 
69875 73954 
13757 20043 
70122 70332 
67611 71743 
53326 64057 
26761 51247 
21097 23758 
532 50610 
51418 52734 
52286 54143 
55959 64772 
68283 74967 
15913 55298 
46365 59780 
74587 74687 
73438 74116 
60650 72900 
45220 59667 
50887 71748 
68012 70378 
23776 70743 
10817 32319 
14347 15492 
40523 66543 
30219 30246 
65138 72011 
3622 29036 
60122 66057 
42763 68757 
59689 61859 
34324 43440 
56058 63896 
27555 42025 
6208 73244 
51188 60315 
64341 69654 
19679 52627 
47967 50014 
58418 70307 
53129 72222 
70350 70832 
27005 41554 
21498 53628 
57276 69727 
14219 65286 
73993 74399 
24392 54286 
9345 55057 
1630 9809 
29384 61785 
29159 30419 
46257 72129 
29623 34142 
24183 63787 
64771 69083 
4764 46741 
18827 45697 
30018 57742 
58220 64124 
32703 70363 
61957 69450 
20416 27487 
67302 72529 
54929 63306 
7252 44826 
32815 43524 
51563 70009 
32893 61203 
28468 59596 
13505 70214 
40136 45066 
25554 31800 
43942 49014 
35062 67576 
29710 62224 
35534 61692 
9470 44244 
6325 69390 
55831 64657 
73117 74672 
4351 16646 
67407 71724 
11172 36210 
74593 74643 
19843 40448 
25730 33804 
9307 49580 
1720 8023 
65345 70742 
42458 59828 
57778 65049 
59554 66469 
65817 66929 
21111 44625 
59948 69526 
14940 34603 
33421 60921 
8303 54927 
71438 73863 
49924 54801 
7576 69223 
4654 67823 
31923 34931 
28899 55260 
45649 54890 
3491 8117 
60905 66827 
25173 35461 
18035 62884 
49382 62670 
21680 52246 
39357 42591 
35982 51774 
66146 73740 
60053 65027 
9124 66335 
56579 63603 
9051 51144 
56986 61490 
55237 62679 
50516 68209 
11182 74830 
61456 68806 
19581 31458 
39118 45206 
20940 64378 
42286 49261 
32064 35258 
65179 67528 
47278 58024 
78 19835 
8153 54784 
4567 14821 
28531 50568 
279 42996 
21064 41092 
30677 56950 
52027 74041 
14891 28230 
50531 60185 
5739 64546 
22022 29796 
920 59373 
16207 16244 
58341 62211 
52942 63259 
22874 56031 
38651 64445 
69478 72624 
9384 71309 
31235 67844 
71455 73377 
11440 73303 
46748 64466 
14172 36802 
48335 61485 
45673 70495 
38034 53193 
24148 56857 
14649 45318 
21309 73783 
7812 20442 
44701 53360 
27210 48726 
23634 48849 
21057 52958 
6127 16486 
26612 67709 
47761 66596 
6038 59942 
46139 65786 
45848 52171 
12406 38772 
16061 71340 
7147 74385 
29371 48893 
29361 36304 
12733 62388 
28616 63372 
73427 74541 
45412 47630 
46437 58434 
15984 63441 
29228 70142 
13496 55564 
57664 72358 
26983 65021 
22808 70204 
20345 48219 
55598 69036 
25015 52684 
8045 65637 
65468 72802 
19600 62408 
21020 34330 
37156 49496 
20234 28688 
19078 66368 
70891 72787 
37336 70353 
65385 73664 
48192 67188 
72931 73062 
5877 27788 
46373 63671 
56899 58971 
69830 70566 
29561 57701 
60622 69708 
35413 59426 
5464 31696 
24760 50726 
71595 73013 
40973 43186 
22284 29035 
21491 67666 
47079 59721 
8105 34132 
2601 23754 
10025 64821 
33027 45704 
57048 68470 
4660 11804 
71497 72951 
47553 51167 
56107 63927 
64875 67729 
12895 52483 
63638 67060 
22753 53535 
50340 59384 
67508 72282 
3826 65281 
13208 53156 
30386 43867 
62307 67237 
8417 37040 
62569 68384 
42774 72066 
54715 69021 
49694 66915 
70940 71953 
25465 55084 
4347 4521 
14092 51515 
22309 26043 
13288 38954 
48464 70500 
50879 69683 
57061 65959 
47552 54606 
43047 53203 
24907 74752 
49414 62933 
29926 48105 
43707 56304 
56089 59145 
45444 58765 
44350 72703 
19095 51432 
60864 72577 
64777 66289 
57066 63684 
55166 72669 
24410 73967 
68311 72322 
35234 63243 
23191 35288 
36533 48980 
59021 67071 
20044 68774 
58783 71159 
57597 65278 
15672 67753 
4988 33700 
72949 73772 
23367 53979 
46195 69947 
447 56965 
17858 48467 
56663 60511 
11529 28417 
65068 66884 
28021 72636 
7866 55273 
24974 49670 
27789 28009 
24620 36881 
49317 71922 
21542 45430 
39987 68470 
36943 47817 
52069 64338 
52208 55496 
18634 41437 
9577 12580 
268 54591 
65568 65682 
26221 28365 
52545 58040 
18172 64270 
22219 23423 
70271 71419 
71240 74524 
1779 24543 
8615 22548 
13185 15524 
52296 62446 
40691 73171 
26884 67073 
25940 48319 
29245 71363 
55075 73676 
73235 74398 
38230 47729 
16477 55569 
12094 73248 
54104 63700 
9668 65452 
69950 73094 
33630 50938 
70836 72033 
37652 73255 
41178 49488 
50780 52948 
40875 73714 
1280 40527 
13421 32906 
47579 73403 
17815 51986 
59400 69417 
62311 66324 
44639 63896 
38255 44142 
33701 52880 
45981 62402 
62579 69553 
62992 74228 
49218 55393 
25402 69032 
56117 62124 
19203 72357 
18551 31875 
21977 65574 
7045 13566 
40709 63454 
10399 60551 
32754 44840 
17342 44677 
26000 68617 
54460 61816 
45593 53716 
12504 23062 
61989 66346 
45912 54188 
37986 74649 
45738 71477 
73531 74445 
56119 57036 
65249 69914 
61501 63508 
57589 73183 
47974 67224 
70675 73874 
27533 68669 
57893 63376 
70727 73038 
71184 72372 
73220 73719 
29612 45574 
69198 70619 
21088 22142 
42711 72431 
68290 73019 
30944 51770 
73583 74840 
40592 48974 
70500 73680 
43683 55093 
23099 40178 
11224 62335 
46305 67605 
59679 64778 
47193 66163 
52438 64164 
11052 20304 
21235 64160 
46791 62373 
25016 59368 
33203 58216 
13527 42135 
20902 29367 
42613 53078 
60844 65306 
375 61179 
31879 68908 
58579 59661 
45636 60099 
61143 71416 
20274 64268 
51096 69042 
65467 72867 
64133 65572 
25767 30639 
45666 64486 
26774 69630 
50250 73195 
15712 48903 
145 22973 
24211 44084 
26287 65736 
44300 50368 
56222 72421 
17319 73360 
38468 53261 
19047 42329 
32379 60922 
41908 59917 
44873 73775 
20966 40572 
31684 64865 
53077 68673 
14115 43123 
66077 69880 
62719 65669 
21009 56573 
10083 52289 
16180 73412 
53517 61310 
11908 61263 
3116 24265 
32049 71120 
73335 73907 
54908 66647 
20526 46388 
25503 47391 
946 36946 
69816 70643 
49992 63234 
36668 68970 
63629 74036 
31535 60119 
34468 40112 
9925 14320 
34386 52344 
17354 34686 
29282 51012 
57916 58153 
39510 44249 
46409 63515 
7010 73693 
63431 73219 
24029 59848 
43142 66129 
19936 45011 
12855 53292 
66704 67236 
72273 73857 
16442 46250 
70609 73001 
68195 70522 
69329 71816 
21628 71224 
13511 47936 
39362 46374 
58175 73680 
21387 56321 
3441 28171 
46517 67975 
12797 69806 
59301 59724 
14101 62411 
53055 66111 
21815 56960 
28115 61821 
40600 62168 
8411 38728 
51486 68105 
30940 62902 
25703 70833 
22154 52482 
15865 17910 
22576 45691 
5230 23191 
941 1847 
15537 34764 
36241 55434 
11364 21033 
11903 21360 
54247 55376 
11836 35910 
44777 74984 
43604 52773 
8962 15905 
69566 70264 
53494 62836 
14858 37720 
17102 58440 
55210 67556 
5513 45302 
15657 57804 
11755 13159 
1862 65903 
4505 33163 
61340 73724 
67236 73352 
43877 49668 
18537 73670 
44623 51855 
34759 59499 
25180 72574 
12672 62058 
35255 70043 
70196 72063 
16953 57324 
39618 66340 
10906 66645 
22862 44106 
3804 35024 
9469 20001 
13687 25997 
35210 51987 
30649 68706 
63875 73298 
55126 69514 
28136 70605 
73351 74552 
31035 72200 
42036 52395 
11108 19736 
3143 55523 
70617 72943 
3937 71252 
16271 67982 
59553 66858 
34937 47908 
23502 51809 
43352 62808 
30466 46708 
8199 26409 
45082 45399 
3626 74625 
20953 48466 
52164 56998 
74695 74704 
63989 71193 
46468 52731 
68791 70650 
41103 72445 
36991 68055 
897 61747 
46061 62939 
46124 68052 
45545 69046 
12636 54496 
680 43322 
16268 65790 
74142 74599 
34936 38323 
11722 21739 
20066 60861 
61273 74995 
28630 74740 
11884 13349 
24824 31997 
5856 14993 
47581 70476 
377 16441 
16575 71090 
38091 41695 
15596 15624 
74296 74835 
44013 46485 
42174 49500 
69584 69605 
18078 31014 
18699 55890 
34919 55654 
56443 65993 
39456 69090 
53442 70879 
7669 58369 
68213 70688 
13938 67430 
10616 66340 
20555 35416 
47569 51844 
21467 54685 
13950 62200 
63365 67973 
60755 64437 
58786 74414 
25807 49268 
816 65623 
68469 71432 
13083 39886 
51510 55374 
28300 43153 
11231 24643 
45591 62450 
23545 70270 
28312 33956 
61017 66692 
36354 56805 
58529 59859 
32260 61892 
37367 59941 
50465 74913 
50649 71972 
53981 66036 
47256 48785 
62873 68202 
34259 43412 
49042 74705 
40347 46317 
62137 63389 
62562 66241 
7318 51879 
63752 66080 
14547 65404 
46622 47265 
49827 52578 
41526 70145 
30198 55935 
42477 59789 
14990 38505 
3802 54098 
38950 68696 
10057 71520 
31524 46598 
19237 56003 
6170 19552 
39870 59607 
55873 64709 
22155 48594 
38268 56536 
54868 57257 
7444 39819 
29546 39170 
68391 73538 
59493 66447 
9906 19436 
39737 41270 
8743 49548 
36678 48054 
54881 68981 
63613 70935 
39696 73128 
63456 65538 
54451 63069 
2773 38345 
18103 72521 
6327 35599 
70225 74470 
56265 72024 
60716 65298 
45198 70699 
72040 72496 
3644 51022 
9732 46678 
8087 39381 
48301 48767 
15253 36420 
25975 72135 
36569 69314 
18519 42414 
46227 60161 
65443 71509 
64987 71367 
2817 71767 
26519 28926 
12537 66148 
67571 71884 
38876 68901 
5121 68292 
70637 74866 
33124 50083 
28137 61101 
50917 53342 
74830 74845 
55086 59965 
49503 50510 
52982 70459 
34167 46860 
62456 69188 
23368 70229 
44323 59543 
72185 73011 
7798 30176 
528 26641 
10768 16075 
31779 68159 
8748 17274 
19910 48999 
40471 56140 
22369 53390 
10351 65708 
11921 30903 
3092 58069 
61540 74166 
16877 73271 
43335 46651 
51737 51864 
1124 61790 
1685 74529 
46141 50791 
52050 62204 
35935 56859 
63039 65047 
7235 42022 
9202 50389 
7643 69478 
13930 22118 
50106 53666 
53760 67857 
21003 52034 
56446 65602 
38728 70155 
38014 58399 
60387 69830 
15076 57665 
74467 74492 
34277 52801 
58129 62828 
54334 62517 
30191 47103 
26154 73075 
13378 71052 
6917 47712 
30617 55319 
20669 41902 
50849 74505 
9209 74973 
8608 33951 
40186 69985 
44755 68498 
22677 50334 
42391 45058 
62689 66722 
62091 72668 
644 73619 
19100 19341 
33342 47613 
26699 73842 
43344 45301 
57590 66656 
50900 60943 
6764 34719 
2783 70145 
20375 58082 
67613 71473 
33058 59528 
4172 53575 
21012 67632 
3930 68824 
66439 74684 
36198 53812 
15885 59639 
53254 66828 
35949 49443 
26354 57853 
62893 69356 
8488 38794 
41066 71837 
6501 56608 
73097 74222 
40413 59548 
8282 16721 
20169 57321 
32792 42948 
73532 74602 
2599 68315 
36353 64736 
47091 52038 
25673 41568 
53140 72213 
54511 69241 
44004 51149 
8483 71691 
46411 49022 
46957 74073 
72443 73202 
53410 72739 
63696 73712 
25743 26199 
18596 62059 
45462 64323 
70492 71463 
38465 45197 
10632 18514 
74241 74480 
25212 38668 
99 6149 
4477 53020 
37768 43699 
63808 71051 
28802 37357 
32646 60204 
22915 54618 
61126 63142 
69413 69802 
10162 45582 
56184 66688 
18655 42646 
65625 67733 
50496 51323 
56851 71030 
14688 73044 
25758 54662 
69224 69989 
50931 73034 
69393 70103 
3217 59522 
33883 44154 
57560 64200 
26641 53107 
37406 59394 
66369 72311 
8864 36186 
9426 19492 
16165 36121 
5557 39656 
39921 66597 
68619 70716 
23985 54828 
70202 73048 
36428 72388 
10411 34382 
9112 60634 
61456 63775 
2114 36517 
32123 73465 
49994 62673 
46688 73482 
72747 72986 
36906 67860 
69009 73607 
9799 53795 
37618 45914 
42384 47608 
66872 69767 
1873 35188 
45945 48435 
68871 69701 
53514 71354 
16287 23781 
21868 43745 
63515 67690 
19094 63036 
22414 39964 
35300 69854 
58651 59950 
4826 55031 
61886 64470 
42857 59249 
12657 53045 
46307 72606 
35392 35781 
18443 43230 
62405 67888 
57471 71446 
38314 45519 
74189 74219 
44711 50011 
73575 74180 
37462 51363 
59077 68535 
53054 63521 
6862 10363 
11441 60462 
45574 51209 
48297 49987 
65016 66984 
73884 73997 
35188 42592 
29493 64851 
36960 57606 
9554 15041 
52888 64905 
67958 68561 
34114 58267 
38312 44995 
37788 39345 
40111 60033 
67681 72500 
59245 62047 
14675 17968 
61209 72893 
53489 63339 
36772 54917 
50732 51001 
55252 74963 
73179 74332 
43286 71081 
2333 71014 
16413 67853 
61967 70050 
58772 71993 
34709 60723 
2114 42161 
35227 35334 
39739 56526 
4532 44062 
15322 49018 
20743 62071 
70775 72790 
68310 72556 
54353 69865 
8400 62547 
57534 63818 
6398 27901 
73728 74888 
18063 29316 
23181 70451 
10275 13443 
20253 41215 
4477 59223 
37295 50187 
19990 32557 
66535 68650 
69398 72606 
23162 61126 
18491 68212 
44404 72489 
28306 51213 
9554 37841 
9274 58442 
43588 74614 
31141 50574 
74535 74543 
15798 58656 
73383 73624 
72547 74870 
34495 48598 
32627 65319 
48553 63455 
33315 66036 
20113 60498 
59552 72655 
2318 42202 
74830 74917 
17029 21349 
21658 26049 
67135 73379 
43985 45157 
16957 20518 
20037 71998 
29630 61601 
22024 22419 
51344 64837 
55988 74684 
2680 23740 
74341 74529 
54299 72819 
74737 74963 
47405 54785 
18253 73056 
62948 70260 
45183 73589 
5158 56674 
29571 37299 
604 41168 
33239 49439 
44847 54061 
33835 72463 
13706 61594 
66705 71490 
69442 72441 
74376 74410 
43422 63841 
50603 73195 
31931 34569 
23362 54151 
48890 65368 
9432 70412 
14688 23092 
19260 52982 
35363 38000 
73009 74912 
12076 31023 
60883 72353 
14513 53746 
62643 72333 
23302 60637 
4873 18284 
33607 63682 
1275 36484 
36591 44185 
1392 42156 
32211 52622 
71047 71085 
27844 41162 
53434 74488 
34843 63518 
20532 51656 
34978 45593 
37727 66290 
7089 63430 
43596 45823 
54966 62876 
13255 23684 
69939 74892 
33415 62429 
30284 61570 
70207 72605 
38692 52846 
40109 56699 
72436 74519 
55748 73051 
48085 70967 
2653 68698 
28603 56331 
52290 63081 
45907 70255 
59604 69140 
4691 16655 
26956 71518 
27605 57200 
58192 59271 
43786 64528 
17866 20622 
16210 30464 
10341 74417 
7397 13528 
20820 57562 
15973 71272 
52781 53608 
58602 65654 
38159 73498 
67673 68765 
34424 54406 
49961 53403 
64340 65309 
44205 50748 
59256 67039 
70790 70863 
65178 72504 
7536 30720 
30133 74872 
10655 32112 
45251 54108 
36313 59492 
49157 57855 
55663 61604 
39174 65527 
37309 53721 
56764 73730 
18539 30208 
48959 57680 
27665 71364 
26960 68635 
17243 28256 
21419 74684 
46170 50848 
43860 60222 
9658 19903 
19394 45177 
8338 45215 
4938 9951 
56518 58964 
1850 40639 
18284 31719 
59556 64254 
22415 23969 
40170 47591 
26578 53637 
28623 33306 
35148 58168 
14611 44758 
65743 73696 
72558 72779 
48715 49390 
74481 74538 
11 1358 
62361 69407 
13043 23631 
41151 42092 
50038 54953 
3214 8417 
28356 66111 
48591 49225 
3438 65809 
39334 49170 
45932 55099 
18582 51928 
37646 72778 
11009 12389 
50404 63984 
15593 72296 
47310 61125 
38969 41982 
63634 63752 
64950 74602 
73043 73113 
73137 74119 
14033 38203 
143 2779 
26389 72172 
16539 71237 
46190 50804 
73080 74584 
60447 66692 
5222 34578 
28101 33091 
527 16863 
70678 72215 
54691 66962 
13518 73556 
3470 56568 
12628 27944 
21426 49229 
4680 44328 
28976 67529 
50275 58527 
36947 50092 
24510 44329 
57231 68924 
61808 63524 
6955 56449 
67733 68309 
32495 73474 
26932 42113 
53876 73797 
27425 28418 
66671 67636 
9584 24984 
56220 59848 
55897 71591 
44445 62397 
71636 74291 
6053 12373 
10241 36879 
40833 47148 
11766 71192 
7090 50653 
25066 69730 
71518 74695 
1825 20000 
27659 59389 
3038 58840 
23379 55132 
73552 73897 
57320 66371 
33006 35099 
13827 45595 
31833 37720 
45342 71710 
9164 16288 
4256 57808 
9392 27792 
37262 63470 
44629 53913 
71372 73701 
40545 69092 
59781 60476 
9479 13701 
19934 23852 
27076 31706 
74661 74854 
5111 23444 
24758 65384 
37392 60916 
26458 73468 
21612 50872 
18716 61012 
33650 45603 
48790 53931 
29120 68125 
45887 53857 
39083 57001 
50695 61886 
70575 72871 
35981 36837 
6403 61055 
21947 63640 
50838 59125 
38841 44758 
29962 59265 
73174 73515 
24426 67881 
33407 44294 
64079 69247 
21254 45862 
42543 43349 
3999 20802 
15705 57712 
25746 71328 
13163 31454 
33848 60789 
6265 69685 
53505 69452 
10945 63656 
65650 73634 
62618 70432 
65623 73053 
50487 53166 
39012 61854 
31334 57864 
29170 62950 
71585 74231 
9954 42535 
66575 70134 
472 30775 
39921 51519 
18690 28032 
74359 74447 
32823 42046 
11088 17996 
154 64765 
21349 50987 
53832 73929 
50453 63417 
47977 68826 
16263 17886 
13931 48534 
52207 61619 
68299 74343 
18891 54865 
30766 68331 
5644 46270 
74861 74995 
44721 53121 
50810 55798 
9224 9314 
50179 59913 
47484 68965 
26027 46048 
74638 74641 
36197 62605 
52289 55546 
10882 20733 
46453 60920 
2523 28112 
13756 63330 
12565 54992 
26498 60932 
41177 62028 
52045 73255 
34513 59317 
2499 52558 
13468 60213 
17968 71339 
23905 35171 
29627 43757 
37350 52316 
47602 53244 
46133 63195 
47483 72609 
56970 62368 
38715 38796 
3105 48040 
43266 50561 
64717 71536 
2614 7334 
36669 55879 
61966 72620 
17246 25875 
37635 56473 
46331 74081 
10425 66828 
2172 59775 
62656 73761 
6331 70502 
11980 23551 
73380 74745 
68408 73212 
42112 47814 
40104 45502 
56109 69223 
39307 50957 
9291 9549 
74977 74993 
50275 56759 
12561 12627 
11189 21462 
13315 19341 
28214 36091 
46561 53393 
65793 72321 
44286 53945 
22351 55419 
49520 68682 
66406 68256 
66627 74492 
30870 42891 
24825 53023 
43115 54816 
33685 73692 
21432 69675 
15268 35719 
72893 73793 
69213 70362 
9653 15098 
58892 60733 
60209 63035 
59172 66513 
53916 68601 
34038 59352 
41560 46179 
55854 63734 
42427 54906 
17025 72219 
22634 36989 
63875 74656 
16327 49257 
51711 52483 
63480 66321 
61899 71283 
39912 45399 
70162 71073 
6334 33573 
59915 65764 
41932 73605 
27890 68338 
53238 74317 
44865 70142 
72350 72601 
69718 70435 
28562 72282 
23909 61536 
24558 51425 
65070 74600 
44643 46623 
47580 61681 
11997 22149 
41900 73923 
45454 62060 
31202 59702 
29058 70425 
65674 67547 
61549 65056 
62601 68747 
15322 48728 
47896 70019 
70558 71731 
58668 62868 
31112 69740 
37774 71741 
6969 36324 
15498 53041 
35443 53988 
73395 73717 
6539 63359 
16715 42118 
44847 73387 
38624 50057 
58201 69067 
3057 61074 
58119 71783 
42653 59349 
68976 69129 
29076 29137 
49787 62749 
52292 54246 
24472 27712 
55474 63693 
54924 65912 
69345 72574 
60133 60477 
57931 72412 
29782 51723 
25370 65734 
32862 52319 
60350 73325 
6999 58906 
9219 45461 
25869 67457 
47139 48757 
38397 53070 
15583 33715 
34576 48444 
33102 52839 
45005 51081 
27960 57626 
52668 73611 
63800 68176 
46822 60919 
84 52624 
69047 72625 
21583 60852 
28254 51245 
64659 69147 
64435 69724 
36988 44317 
61611 74756 
70411 72898 
14357 20988 
59376 67768 
35382 66762 
64608 64641 
35222 59502 
2719 20254 
38003 73966 
20403 71676 
41405 45171 
37912 71018 
53435 63956 
67132 72691 
17768 42137 
71722 74625 
9273 38271 
20676 72701 
65458 73058 
64534 71989 
56048 70909 
70599 74301 
72246 73897 
15543 48604 
15822 35986 
40074 47349 
10442 60025 
69279 70879 
36889 40162 
56697 59023 
74792 74930 
3280 24491 
28587 56281 
15948 20037 
13126 52571 
17398 39824 
8596 25759 
35218 50606 
61511 70855 
51001 69343 
54365 67799 
27474 51597 
53645 69791 
50818 69020 
59322 71372 
57832 73519 
22000 38851 
74384 74826 
39960 46072 
29159 65770 
54035 57291 
49706 64663 
54409 69964 
59017 61215 
28891 72431 
49204 73725 
66947 72283 
47371 59276 
45647 56675 
55851 73114 
62382 67021 
38602 40147 
65470 69579 
12764 45800 
16902 21048 
54111 71549 
3706 6201 
10530 45748 
57791 64081 
18052 35185 
2455 56754 
32706 44648 
21513 72189 
54588 66280 
68287 73709 
26806 56457 
67587 74360 
28751 73289 
13695 35496 
60402 65886 
69924 74545 
20304 56155 
49035 58739 
33820 69185 
11223 37047 
36108 46143 
21402 39084 
22236 67795 
24520 44900 
39819 61627 
49217 49824 
36199 67009 
48866 53042 
64560 67232 
62335 72120 
36036 52154 
64977 71316 
42833 67697 
63165 74653 
39064 51265 
71383 74448 
38192 67036 
64462 69409 
42225 47889 
72236 74263 
34372 48364 
52964 73461 
23225 65357 
33824 72209 
43000 72561 
12535 43125 
37322 65043 
61813 67331 
33151 63620 
25474 59330 
19840 26593 
67571 72928 
3596 38613 
3057 58136 
32009 66657 
27878 72876 
26267 43221 
43750 70862 
14842 51005 
25388 35659 
8692 69095 
49851 51306 
55292 58416 
39041 45308 
22264 24231 
51753 70278 
46053 53931 
51668 63306 
9618 40353 
33973 72688 
58053 67468 
65783 74940 
73746 74348 
35532 54001 
53558 69346 
44005 72729 
53738 55091 
41195 50624 
63008 72696 
55541 72078 
35571 63756 
23692 48594 
6962 47266 
51044 67020 
690 37838 
19271 21231 
48651 71601 
298 62721 
38431 64074 
68294 71356 
73848 74399 
9151 15166 
12 44822 
63046 66063 
18787 56709 
59090 59913 
38731 55765 
50330 73369 
37350 47747 
23167 47564 
45298 74315 
45579 47912 
23126 41988 
53238 64059 
37610 65370 
28227 54501 
4525 57383 
43763 47736 
19939 71568 
74886 74993 
38477 69396 
50961 51958 
58706 62600 
15411 34554 
40623 61653 
73291 73752 
11486 37926 
2024 46770 
3734 34301 
46697 67846 
47038 57791 
1494 74707 
16927 31525 
70546 74275 
18649 25749 
36244 54944 
5081 12764 
37515 63990 
5517 32312 
19848 32993 
54833 66114 
67800 73866 
39747 61983 
32948 64422 
21706 64073 
41235 67066 
39325 68815 
57725 67199 
41911 72482 
859 32502 
62677 70763 
2310 72016 
31871 41255 
21447 36367 
51730 73057 
19329 68722 
51450 66213 
19782 64464 
39989 72917 
70643 71919 
42279 47626 
41935 43247 
18351 29048 
5814 40091 
74735 74756 
70127 71352 
5649 59993 
73618 74553 
61391 63301 
38855 66469 
55378 69842 
27416 62267 
35867 72163 
49740 61383 
48168 57638 
41762 74731 
69476 74473 
31627 45469 
5039 15070 
61358 65667 
33170 59959 
55161 57885 
51652 62125 
5217 25463 
31815 45150 
57390 62489 
64012 70756 
18810 37953 
71443 73360 
27734 31037 
51968 65306 
42495 57716 
64211 67413 
12044 23785 
64147 74412 
43214 54118 
38235 46728 
26533 56876 
22363 50300 
63864 68400 
43502 66202 
47612 61155 
29238 52301 
13678 41209 
13813 35217 
10856 34454 
8404 40570 
1696 9628 
61017 68124 
16596 18204 
44781 64446 
21476 47995 
69553 73470 
31134 37168 
43635 74295 
27621 41207 
30442 64916 
29272 37582 
19490 48792 
32741 35662 
62277 64005 
34144 57247 
31853 69733 
19279 55329 
10783 46233 
30985 73326 
70225 72136 
20178 34504 
25381 48792 
5527 22436 
3817 25176 
46239 61272 
9534 72698 
9994 14016 
15619 57862 
18432 49728 
18755 28723 
7262 18837 
34749 40671 
54742 70338 
66468 69554 
50354 61478 
57349 57468 
5980 42715 
67968 69647 
59298 59673 
54116 55941 
24524 32818 
16179 16999 
2922 54348 
1354 31179 
4249 31566 
835 68192 
54037 74239 
63193 72625 
69969 74709 
24108 31662 
73254 73490 
66232 68547 
47937 63648 
23422 51655 
38914 61318 
68271 69027 
31146 33226 
59302 73877 
20018 38393 
55828 65835 
38179 65292 
46588 68571 
199 66273 
67690 73606 
34985 43473 
44427 60642 
1651 57138 
41159 45213 
66980 70598 
30859 49811 
65657 69047 
17408 27430 
68973 73372 
20393 52265 
50400 60433 
43696 60860 
25534 71693 
27768 50227 
9053 58227 
67073 69500 
62225 71560 
57242 62772 
40243 72321 
69990 71165 
40591 48290 
64222 64489 
20166 42741 
4293 33925 
2059 64422 
74790 74934 
2178 31756 
56954 64544 
63285 66730 
46368 49943 
1332 21300 
42299 54547 
17751 67546 
40705 48089 
68853 70408 
4440 60509 
13752 22881 
31942 35675 
8887 40034 
4603 26224 
68527 73881 
45189 67866 
2881 52495 
53754 54998 
54798 63933 
54591 55322 
4640 6009 
27588 52920 
1990 55180 
62465 73901 
28130 55016 
36854 46435 
33986 73187 
14925 37463 
62207 68575 
43296 51479 
55123 58438 
9163 70577 
12644 28438 
54517 56956 
20127 31807 
44311 51883 
39663 71972 
36423 66920 
62890 68080 
74482 74507 
59640 61412 
71898 73542 
71440 73499 
52216 52593 
55927 73418 
50845 56378 
1512 49550 
34395 74917 
50357 57012 
59316 74348 
62452 63834 
11808 73740 
58436 60433 
63211 68724 
13625 29452 
56180 61726 
69511 73062 
24562 74453 
14440 30044 
48853 63394 
18176 35949 
55578 72808 
16818 36813 
56193 61949 
23676 64960 
64181 74736 
25657 31882 
65261 71161 
1754 61136 
30597 35991 
49963 53809 
15722 50895 
30096 45683 
68372 68962 
17789 21152 
26630 68158 
25469 61276 
54097 60157 
73451 74989 
41584 67064 
53905 74414 
28480 62027 
8732 72464 
52738 71404 
44642 64337 
36812 62892 
45743 52534 
23576 72062 
22864 36273 
16717 62116 
31049 62093 
36709 45121 
53060 70212 
44748 46268 
51627 67256 
25953 73175 
58351 64434 
70476 74529 
45085 72796 
7867 11976 
16853 23310 
15856 57528 
6680 20212 
24552 34400 
31908 51594 
52454 58897 
51035 68159 
4920 53336 
58556 74124 
41026 46932 
9168 72708 
74470 74980 
63463 72689 
31560 53056 
68077 71884 
38371 63360 
4767 30085 
18289 74027 
52304 66721 
2249 58608 
67081 71724 
74055 74451 
57569 73534 
50161 67499 
11605 59290 
10113 21042 
73455 74812 
26148 46812 
49296 58572 
31057 35918 
60850 63884 
71851 73952 
61408 62785 
6583 59685 
69543 73408 
19552 45416 
13133 33977 
9630 32942 
47480 54367 
49938 52333 
10011 18820 
60277 71486 
28919 62476 
73340 74179 
4395 45695 
56723 71971 
63747 72432 
52047 69317 
21090 23338 
32052 57351 
1960 57913 
66070 70565 
44516 62862 
40939 53883 
64191 65009 
52172 65597 
8575 19110 
29572 40550 
15568 55784 
19348 56582 
36862 39677 
66588 69449 
71683 73785 
47423 51884 
47155 72382 
8914 36098 
53017 64794 
19601 30912 
73279 73525 
12517 37949 
33379 49033 
32752 54840 
26411 37436 
62125 73250 
27114 29608 
2265 49217 
47989 61350 
34814 41060 
65110 66929 
71002 72491 
23841 65960 
42413 68410 
67667 67685 
66649 68134 
24973 30952 
19383 27834 
12058 65572 
25179 56018 
69023 69256 
64548 74627 
14809 54731 
59268 72019 
23576 62793 
30609 60206 
318 50866 
39905 60850 
1459 35205 
35266 42137 
30826 51782 
5252 24568 
17389 42075 
10834 33837 
34771 64255 
59946 70952 
51104 71627 
10752 23159 
29532 36519 
58595 65360 
33996 43137 
71454 74784 
7854 9682 
1575 16164 
2170 21619 
45309 65682 
47237 49346 
19270 21129 
66417 71152 
39130 60795 
14238 37618 
34689 60380 
66131 66469 
20822 70587 
1142 34042 
20251 48291 
15026 68584 
46767 57876 
64037 74808 
15744 22056 
65218 68176 
47749 50523 
13663 60085 
41282 48626 
2697 9020 
57770 57952 
55426 66216 
56366 71686 
12758 56260 
8779 40595 
14580 57444 
10430 34854 
38220 44682 
63703 64044 
45599 57159 
33311 38485 
70402 74278 
21424 35697 
6247 56700 
74628 74951 
10869 42024 
74317 74474 
61333 66646 
64163 70167 
54512 59678 
55792 74408 
20233 26993 
58361 74302 
43774 62896 
30175 44379 
72973 74042 
29320 74642 
52385 59814 
206 72603 
51069 69097 
30905 40362 
74933 74966 
65996 72022 
16628 24324 
64147 64240 
1152 22103 
6555 16583 
46956 68493 
37083 40800 
71484 74170 
66824 67703 
49203 58266 
26388 34682 
24540 49982 
44070 61043 
21840 24318 
12138 24642 
58407 63208 
65768 71437 
4719 74607 
2826 61034 
61036 62846 
56019 73557 
22835 22964 
15866 54015 
11929 25407 
10472 74462 
8804 64443 
55979 67522 
27756 29398 
45730 68495 
21029 38445 
22494 44955 
73630 74354 
19074 24201 
72467 74847 
70693 74978 
60878 64226 
57577 69058 
35055 67668 
10183 43024 
72732 74442 
57349 63587 
8681 27754 
63481 72332 
13041 33766 
28982 54418 
21763 67849 
66132 70797 
50771 57639 
40359 49898 
66098 69821 
7902 70837 
30054 54083 
39324 74769 
45106 53783 
3362 25597 
10229 67368 
56976 61451 
48544 63849 
66176 71657 
40306 56495 
23871 41928 
64593 67723 
55448 73626 
45585 48943 
58253 67884 
59168 65783 
29588 74509 
956 24584 
37866 74644 
35689 42687 
8316 19430 
30301 41977 
19596 35783 
72594 74419 
2195 12890 
28664 42670 
9623 28793 
73328 74884 
5778 47393 
8862 42430 
19695 39436 
38609 60640 
12182 37479 
31068 69327 
4402 26395 
28100 48404 
64396 70912 
23771 45940 
37421 38332 
49483 69808 
41117 58276 
57791 68560 
43133 51814 
15117 19276 
49485 67319 
31526 53416 
13636 71838 
50391 72326 
56067 56429 
4114 38165 
21802 67996 
18502 53247 
17999 71743 
17894 60995 
45258 55474 
65599 73770 
30551 42155 
41843 51616 
68124 69896 
22959 40077 
45141 71851 
57305 68607 
2965 4821 
17490 60577 
70612 73197 
28916 73203 
50266 51517 
22018 57749 
3167 50801 
60764 72191 
74745 74908 
65177 73224 
44565 67704 
32469 33226 
37305 44429 
62711 74596 
44270 72176 
17668 66266 
58825 59005 
31662 50897 
7136 43785 
56878 64452 
24919 38948 
66282 73925 
40297 61158 
32086 41028 
42837 63428 
61547 64166 
9812 34476 
57312 58723 
31222 55355 
33948 62781 
12919 44943 
64219 65313 
35162 51573 
7077 66200 
63226 66182 
51962 62432 
41444 43177 
65240 73502 
6129 50312 
13056 20978 
69816 69832 
61423 63381 
58869 72870 
28306 48176 
51079 70962 
55151 63154 
45388 64216 
4276 48759 
62007 74811 
45655 45931 
21035 69260 
40620 50306 
7466 55966 
32960 60151 
24609 40603 
43182 59488 
45691 69829 
42634 47177 
71347 71950 
31907 36193 
26258 45487 
12172 37072 
44841 63776 
11838 23361 
68833 74107 
33485 58383 
47616 74850 
46930 71423 
60312 68130 
8359 61174 
21284 37145 
54663 67204 
25686 53387 
48659 55628 
3360 5393 
40000 55668 
56775 58293 
53800 61400 
42988 62478 
50323 59584 
71022 74054 
16196 26413 
32332 52181 
45080 60481 
58053 70865 
53999 72169 
16592 35182 
1784 26516 
54047 63505 
29065 66826 
33496 62924 
6067 21548 
24581 66700 
1200 39381 
20199 35116 
15095 15571 
37259 54047 
70380 71450 
23891 66263 
28150 70348 
53917 73609 
38023 62326 
22585 66393 
48033 56500 
32739 72616 
6373 19067 
43616 65176 
74230 74259 
54251 63811 
51980 74950 
16546 32577 
65358 73626 
38121 73577 
19551 56559 
9976 46902 
54816 58802 
36765 47600 
6216 56126 
45926 56961 
17397 44799 
59631 62782 
19635 28821 
7940 64888 
11228 20415 
66173 66416 
24575 49849 
4083 13699 
40607 49532 
16919 60489 
5513 21151 
15007 67269 
11605 13277 
42637 43268 
31901 68432 
16180 41102 
23881 33253 
22295 54491 
39501 50026 
57251 70325 
11685 70167 
73742 74616 
12841 61707 
71271 74949 
50773 59779 
3358 6020 
7626 73848 
1367 45563 
54881 63288 
74224 74929 
16133 25300 
40634 73047 
68482 72875 
35312 47069 
43938 73487 
58698 71887 
3082 15412 
69265 72719 
12994 57455 
22010 46671 
70438 72053 
14100 47603 
32465 38160 
32753 45809 
39653 62524 
67825 71374 
4072 42145 
4005 18968 
50282 51420 
39300 55562 
9764 52609 
65681 74231 
31566 43789 
11454 22109 
10522 72515 
69736 74034 
10384 46430 
53746 56608 
74108 74325 
30170 58188 
57976 65178 
58229 74598 
35976 64485 
58662 64436 
19115 20530 
47558 74961 
25477 55816 
72541 74744 
60558 73047 
45672 51698 
49180 68653 
55430 62152 
56476 64059 
45298 74519 
20920 66631 
68259 70035 
36842 36855 
23447 41758 
56561 61604 
37488 49187 
34139 63011 
19848 32088 
42222 53756 
71162 72431 
63171 63237 
31680 39877 
54274 60525 
23424 32637 
34783 71698 
14294 27693 
49786 69014 
11612 63811 
70678 71434 
59235 67675 
65944 67442 
10730 20571 
18431 41400 
22704 54433 
64098 71573 
5592 31462 
10954 65133 
58216 70764 
59061 65596 
4490 26352 
20616 38542 
48349 59519 
46447 74012 
6384 72476 
31040 32535 
29654 56729 
53184 64155 
64950 72141 
72197 74008 
35879 35958 
61451 73523 
56587 64666 
32556 53845 
4814 12356 
68781 71574 
32687 56993 
51209 61756 
22368 36196 
43242 72171 
34071 39750 
61168 69226 
42926 63526 
50403 68544 
19763 55767 
47438 48731 
63732 67073 
44129 68604 
39982 47405 
28073 43157 
70066 70377 
70609 71559 
66298 72521 
38143 63577 
56790 73052 
69915 74592 
59956 64169 
48002 62840 
44469 51258 
5957 27982 
36109 58708 
38500 45744 
30378 69198 
74877 74907 
50624 64722 
37467 44672 
18728 70763 
37968 49455 
51090 68890 
56917 72653 
13969 32923 
47904 50541 
54238 71739 
60572 63822 
62355 62355 
23090 53483 
70352 74534 
4623 47376 
17900 59978 
8450 22279 
19798 31842 
705 15314 
8328 30779 
16733 71996 
32011 54916 
24774 70671 
35023 46045 
37019 39312 
43784 64803 
16038 63847 
35359 53148 
61318 70343 
12576 28369 
39863 73544 
32527 42844 
42190 57500 
17759 58452 
72392 74736 
71909 72075 
20318 49748 
32891 36506 
51469 53373 
66829 74821 
3487 47953 
6910 22416 
49542 61997 
65179 67579 
44648 51505 
36415 72865 
30515 53575 
46406 53864 
64823 74502 
21991 58089 
234 58881 
27728 34313 
22187 30196 
42342 64791 
63694 70108 
29205 63406 
53557 66866 
15621 50692 
34444 35007 
58007 73356 
6352 43454 
37351 67183 
69681 69702 
20777 40539 
54349 55680 
11886 29108 
41109 50748 
1191 32786 
6432 72094 
64522 68515 
57768 61898 
29365 51893 
9144 40113 
49733 52180 
6095 21413 
55885 56223 
60422 72651 
68139 73372 
67491 70726 
54934 59865 
7386 32369 
53117 63671 
21708 28092 
22146 39355 
33500 69849 
52533 70444 
50220 59350 
45091 70677 
72562 73548 
32343 36039 
67284 73923 
17976 23354 
48079 50302 
32231 55311 
65949 72327 
48495 49629 
13987 74744 
58325 74243 
26094 55894 
49166 69249 
28620 49749 
6087 24549 
11215 11592 
40748 45744 
57498 65897 
66270 69706 
63212 74114 
37406 53988 
74660 74712 
72671 74937 
10700 46198 
52511 74149 
46760 52112 
11304 44952 
37820 53187 
67866 70716 
62531 65878 
40822 71034 
49780 59499 
19081 72380 
21823 59480 
50990 71265 
15889 39560 
45516 58901 
27324 43424 
1499 56595 
41933 73667 
64675 73140 
57048 68037 
71247 72257 
37542 50315 
19999 41658 
36596 72539 
10549 42498 
13709 32370 
19760 44516 
56887 68952 
29029 51884 
6157 66909 
65128 69383 
25699 64964 
54078 66994 
22953 51847 
58507 64757 
55015 56781 
39346 55522 
58347 72338 
2751 41023 
42211 45814 
7023 66822 
29949 57759 
74580 74616 
23651 47211 
73179 74380 
43090 50123 
34759 42983 
70957 74562 
64477 65133 
41119 48352 
66858 74935 
24040 34527 
25711 63634 
32875 71236 
7223 29553 
17283 32698 
28450 64661 
26578 64573 
66652 70615 
50359 64572 
71294 74543 
67264 71059 
29732 50382 
67665 71208 
30173 46942 
28100 48020 
39540 61767 
55802 62654 
16034 20070 
25076 54280 
62858 68148 
36211 48037 
31592 56272 
64960 74885 
31759 72658 
46456 68760 
9612 28804 
62408 69419 
34791 64792 
47677 49917 
70835 71322 
44906 61309 
23720 32770 
21486 59298 
18432 29737 
3714 71697 
50064 74846 
6321 27537 
21381 48514 
17854 35736 
46351 69273 
73226 74379 
21350 59296 
57770 71464 
15747 43822 
31443 45830 
59438 62497 
61884 62078 
59949 61549 
44077 73885 
49913 54664 
20813 35096 
34385 41745 
46283 48344 
46951 63175 
9018 63278 
17052 54045 
10916 74740 
73194 73279 
3302 38255 
25733 36900 
67202 71661 
28419 47484 
64548 69940 
16718 27448 
67043 68847 
10915 74464 
70343 73374 
48132 65917 
21197 51488 
49925 68204 
22669 69419 
52472 72842 
74602 74986 
38734 45844 
5446 10728 
18248 72368 
19093 61388 
66490 74956 
34768 62634 
66048 71250 
48446 65934 
11049 31039 
4885 17186 
55954 70165 
70576 73041 
23467 67489 
39601 49206 
16220 39700 
3913 53173 
31373 39640 
3443 24404 
57044 58640 
25587 66293 
46637 66640 
12437 14708 
31096 69672 
13544 62690 
7604 66936 
13185 56051 
8656 68374 
51522 70451 
4721 56303 
65068 69890 
5025 71505 
55104 66080 
44051 51335 
45957 46843 
1683 71753 
25161 31827 
3344 17468 
40757 68140 
57774 71785 
58643 74746 
55821 57281 
57696 63747 
72792 74184 
3181 23113 
72955 73702 
4387 65773 
49080 55221 
40712 66159 
48438 64994 
19809 30346 
27331 34039 
58834 70230 
5764 30907 
37665 71536 
60210 72435 
16831 23438 
45395 70159 
31795 73575 
19466 36874 
3658 67999 
46385 69238 
54731 70959 
29835 52199 
3058 28511 
13156 73458 
38110 63771 
69982 73558 
501 64066 
21881 26390 
19602 20161 
21983 42453 
71049 74546 
40991 45867 
41501 53087 
2818 68295 
14334 39657 
17041 70807 
12202 21895 
44943 51433 
69791 70168 
69748 73948 
3453 60137 
10147 31956 
5074 39065 
48173 49796 
3329 22321 
30789 73463 
55012 73149 
31880 61149 
26213 48990 
16556 29938 
70795 72514 
31423 41272 
41261 65272 
74183 74512 
26631 67531 
60817 71476 
27159 38366 
52352 63734 
63757 65359 
42904 45927 
19978 24994 
30969 47901 
65661 73667 
52274 69668 
42715 65661 
10198 55070 
72264 74267 
62087 72301 
55900 63350 
69185 70656 
31584 63715 
362 2052 
67630 72398 
33761 55055 
40990 54066 
35618 61304 
37162 45263 
41826 51767 
50481 68816 
8917 63496 
56396 74709 
17393 45035 
39079 60434 
24982 71539 
15905 40264 
66659 69603 
68280 70402 
42074 65489 
31499 33173 
45759 48006 
74787 74818 
53704 55793 
21644 46571 
46447 66546 
25722 45118 
13397 59100 
62197 67777 
26891 66798 
62044 74264 
55138 71834 
71597 73309 
16313 35191 
11957 14006 
10681 49312 
12755 17209 
28521 52431 
64148 68091 
51792 69257 
74208 74808 
44705 48943 
17327 26918 
51952 63198 
72298 72666 
17144 56004 
31300 50434 
22221 45885 
21600 28870 
10240 50850 
9630 38179 
46662 58642 
48012 48238 
29536 69995 
34131 50638 
59139 68837 
27398 65236 
71315 71810 
19625 33685 
45462 59504 
43962 51433 
35809 52444 
59505 61436 
8473 19982 
73106 74921 
71794 72263 
44842 57837 
22553 31885 
21135 43582 
17222 30102 
5280 62463 
53557 68478 
57127 57227 
37901 57452 
48417 59552 
48674 52490 
53889 59543 
13679 36108 
55971 70026 
17257 20414 
8647 67809 
38949 54020 
70690 72039 
57402 63866 
37144 57330 
37569 72691 
50105 50700 
58890 71908 
47617 69592 
45219 54950 
18998 29856 
3753 23690 
44207 67533 
12079 55815 
28732 35820 
9925 65958 
39000 45584 
72309 74874 
56838 63857 
2348 42698 
7399 17080 
21050 64647 
19249 21560 
56228 70128 
71108 74887 
21803 53047 
9902 41173 
42626 73518 
16389 74590 
55615 66667 
33392 48326 
34164 40944 
33020 47878 
11771 71009 
14901 54088 
21706 58057 
53482 65173 
426 39738 
2825 63636 
31424 54969 
37255 68704 
48909 67980 
47874 52605 
35919 61040 
49998 66139 
49022 69761 
19811 63442 
42925 50048 
54340 67327 
42684 51656 
61812 64634 
24720 73368 
15601 38016 
27219 43949 
4525 28359 
67066 68969 
19248 35998 
59345 66554 
7457 23312 
18806 40741 
31518 61717 
49102 65488 
36575 58079 
64037 71880 
73862 74471 
37494 54873 
19120 29480 
44523 55809 
66866 73735 
30596 67397 
6844 39112 
11440 70428 
31779 55691 
22295 33610 
11919 65701 
54673 61090 
16270 28294 
66723 74139 
11614 39343 
4019 58370 
44124 50407 
31768 39500 
47191 74621 
1649 8521 
57241 69666 
38427 43234 
1062 15855 
23539 32004 
16212 43648 
62999 65347 
36558 54867 
25267 33561 
33939 35472 
48700 74441 
26467 45554 
22275 69986 
14576 20224 
40342 47195 
71293 73820 
24239 41294 
48791 65186 
497 70039 
9298 15342 
20650 49331 
63142 63501 
49424 60522 
49678 68341 
5022 19978 
28590 33599 
73361 73709 
66118 69253 
69214 73811 
74582 74931 
23124 58011 
23249 32635 
28454 73246 
50571 50617 
29120 60153 
51079 55585 
72751 74558 
10501 13152 
70987 72251 
8940 57147 
54042 72965 
6108 13762 
66273 69720 
67272 73468 
47249 71959 
63037 64754 
61452 65634 
24648 57007 
53499 71979 
28862 44731 
36586 38565 
5409 54396 
1162 39629 
49609 60802 
20563 56141 
10941 28330 
67786 68897 
36690 53930 
7544 22955 
44680 68499 
2128 70062 
30217 31785 
4048 19589 
55279 57884 
49170 59754 
12284 50996 
19776 39323 
41611 71768 
29902 44438 
42274 47734 
52040 70553 
66676 70168 
32702 43273 
62287 74858 
14585 37725 
23511 29412 
67631 70887 
38668 49089 
62663 69325 
31502 60425 
68399 69480 
68707 73400 
44599 54350 
70923 73151 
42123 44285 
36703 40125 
216 21893 
62895 66399 
18867 24499 
26833 39409 
6433 74579 
8545 42940 
30124 34398 
10382 36909 
74128 74838 
51729 54761 
62998 72786 
49955 70398 
46984 64224 
24968 59349 
61481 73721 
32880 60309 
28351 43490 
29458 40720 
71651 74887 
38203 62069 
14537 31449 
58686 72256 
16728 24857 
39322 49196 
20009 59048 
43715 66541 
37819 56243 
5946 60539 
36622 55183 
66216 69203 
66224 68267 
65509 66165 
63323 71792 
43880 60646 
8735 56961 
58197 68988 
43323 53004 
24099 39096 
58079 65866 
660 8852 
64130 74434 
10098 13687 
68374 73294 
35523 62322 
71459 74101 
65139 74247 
55969 69561 
1763 66232 
11939 44009 
62564 73171 
3942 43658 
9283 38696 
47475 73993 
72670 73731 
63862 69904 
60197 69011 
18267 38907 
13628 51512 
33953 67132 
29631 49014 
5986 43980 
36415 37809 
57456 58808 
21025 55455 
10619 35207 
71111 73549 
37270 38347 
35573 73974 
40953 46895 
31733 37140 
9755 52844 
48187 56725 
44556 49727 
70953 72727 
19340 34573 
47405 70735 
7608 21364 
67526 69983 
35096 72054 
54280 58383 
22801 27821 
2660 48120 
43060 47453 
5240 31001 
32137 74330 
30431 47430 
61538 74018 
8406 8744 
51475 53427 
66552 67975 
63432 66608 
13192 43640 
36451 70909 
72212 73932 
12820 37473 
62911 74812 
62760 63009 
184 66208 
49984 69069 
53237 70193 
66001 70060 
36664 60666 
66119 74205 
71152 73338 
54721 74299 
25478 63243 
74159 74162 
29787 52069 
41165 46656 
13292 18788 
70848 71756 
19103 22603 
70583 71474 
17788 20408 
10881 22057 
66350 67842 
64263 69310 
74586 75000 
37281 70695 
65622 72460 
6412 68158 
53054 69074 
6593 7346 
7276 44712 
67625 71776 
2487 49138 
29749 34902 
6858 50276 
19937 71661 
33118 46511 
6871 44525 
46189 62191 
17982 27753 
6448 34001 
12302 34090 
30990 71739 
17033 67904 
51341 65369 
53402 55546 
28349 56207 
8900 73700 
644 23469 
23823 43793 
74721 74730 
42001 69505 
19410 32281 
42329 58166 
16311 53395 
24068 39589 
48083 73921 
63237 72047 
30503 59196 
28053 32332 
70008 74596 
43167 69994 
39454 68734 
32470 67985 
64010 67653 
26096 57311 
32870 50654 
16011 31265 
53929 61549 
24309 48917 
16087 53876 
15072 41634 
62685 71201 
31758 36390 
69663 70054 
19353 61038 
34699 47075 
6690 41177 
61469 67426 
95 70928 
27528 41594 
69476 71388 
35256 70808 
21654 59286 
40392 68700 
65295 69658 
6801 61182 
16083 17234 
35342 62649 
12914 45362 
36901 62994 
33327 43493 
31404 66765 
65479 72219 
41851 42291 
28655 55621 
54754 70735 
18651 33056 
61586 62290 
58199 69603 
54832 72179 
12045 41530 
10943 20581 
66436 73127 
540 29497 
5906 71540 
19792 58983 
34570 73017 
15988 20427 
39841 74472 
34280 37184 
61119 68970 
34522 35731 
35229 54761 
37886 70455 
14916 59942 
5482 46467 
59880 62211 
45221 48509 
34947 60859 
42058 66947 
16320 61391 
45995 62320 
35425 40188 
40641 57348 
18415 34152 
80 21202 
53171 59644 
3005 23996 
28746 61650 
64600 66916 
17714 46756 
73253 73888 
70132 74946 
3441 43120 
73738 74261 
18019 24651 
56304 60553 
10007 50844 
14473 73408 
10004 51488 
45870 47884 
3425 60512 
11658 38240 
12326 60453 
3022 59527 
59968 60990 
71686 73036 
74336 74609 
28174 66157 
37717 52078 
20106 22628 
60692 68280 
73905 74152 
31380 55541 
58609 72002 
24687 33298 
44891 60117 
50652 64766 
27893 31031 
8395 41421 
56008 57599 
3258 36455 
2779 63673 
13255 70451 
27443 43616 
49681 72239 
60568 66143 
11271 49013 
60285 71948 
33221 70506 
62526 67707 
29166 31722 
5372 62975 
31604 32702 
11508 30717 
31776 57590 
10213 16399 
1629 36584 
46526 70673 
26565 31702 
73558 73621 
742 13527 
68538 71766 
40291 40519 
6482 20757 
35510 46866 
72048 73943 
506 64278 
66952 71214 
38228 39717 
70316 74111 
6291 22163 
72433 74423 
7753 52607 
37366 39858 
30688 68886 
45885 58873 
33469 42602 
71727 72316 
61097 64357 
39487 39805 
67701 74046 
55498 70670 
2210 7780 
54844 59888 
52693 61805 
45285 59978 
37766 58033 
35697 71942 
30920 63948 
56377 67919 
52647 57959 
11460 37430 
63514 67911 
923 1797 
12853 34911 
27906 46563 
22477 52493 
5991 29906 
12345 20647 
8014 67249 
24982 61093 
45187 47883 
4806 54973 
55695 61195 
39854 48628 
30047 46067 
74146 74726 
49265 67717 
57765 62534 
22447 52104 
9661 44432 
69165 72495 
3152 41636 
34017 62157 
7061 8286 
48228 57153 
56863 70780 
6721 10096 
30528 43617 
52064 69345 
43257 43596 
32853 66749 
67299 73173 
4659 35989 
51906 72307 
14154 18660 
59775 73600 
4172 66230 
29642 68245 
44725 52136 
5525 43459 
33745 58916 
43468 61387 
74837 74943 
10392 47052 
68280 74214 
41406 48534 
35435 47902 
35849 58511 
59180 69500 
14181 21001 
24654 42598 
73939 74656 
62778 63986 
6031 46787 
56202 74621 
9794 25856 
4169 10478 
15307 61269 
69216 74576 
45176 53791 
81 20549 
69212 70571 
33538 60909 
65372 74378 
24944 58251 
42251 58847 
12727 39661 
37016 56313 
43842 46716 
35089 60902 
50528 72051 
10121 40201 
20235 52871 
68954 69236 
8929 43526 
71740 72656 
26411 28313 
4023 54615 
21714 59304 
51558 72453 
3410 22659 
70303 73654 
50752 53525 
48235 69092 
57311 64747 
500 40549 
44312 55364 
11472 13315 
3105 6951 
31248 66060 
36197 53319 
70751 73224 
63438 72402 
25710 56540 
31265 49708 
70132 74420 
49327 58647 
64290 72360 
12914 19428 
59035 69372 
42303 54554 
46401 54753 
66898 68934 
11326 24908 
48592 58644 
51782 58664 
9230 16903 
35541 56377 
72810 74570 
47016 65066 
61303 68403 
20792 60222 
22611 30470 
60765 73986 
21888 28652 
8927 44901 
6885 37108 
55777 72296 
35519 62469 
22967 61129 
36504 51549 
36404 61369 
31494 63863 
70590 74289 
2946 29193 
49476 60771 
53844 57539 
67352 71597 
26368 69308 
4624 52872 
20091 58464 
69981 70137 
636 68606 
51085 63212 
12320 65302 
21323 74334 
60690 61711 
16600 48488 
16689 53977 
1331 20089 
16934 52129 
71695 72990 
46361 47415 
9778 33215 
1774 38785 
16719 69024 
44068 72044 
14452 56785 
54175 67907 
55186 62934 
68911 72340 
49057 70752 
66323 74955 
62619 62916 
1311 37656 
50449 55154 
47164 56321 
30376 37002 
17585 38456 
73504 73676 
67212 68485 
60790 65366 
60190 65690 
28145 57315 
58386 70850 
69426 71002 
27550 70778 
30973 62163 
1973 14600 
48760 60712 
65394 70182 
32638 34120 
1416 1597 
48312 68526 
59615 60396 
52415 58211 
20117 32367 
47382 60125 
41370 56533 
60532 69579 
24017 42580 
3616 66228 
46724 73425 
15337 16964 
45470 61755 
24166 59712 
2736 63000 
48537 52689 
63021 67683 
58015 58786 
25812 63358 
21597 52080 
28823 34122 
24719 25492 
8487 58051 
25272 65286 
53156 74641 
9471 35285 
2868 37492 
16580 73836 
40098 44053 
74326 74913 
32093 33282 
20680 48273 
29881 65260 
55400 68318 
69158 71154 
11791 35904 
49423 50145 
69250 74213 
191 37866 
61233 65460 
65217 72788 
72335 74838 
69959 70203 
24509 47350 
29930 54722 
67582 73354 
28533 59652 
731 1381 
54938 63116 
32133 43102 
73995 74493 
29394 64740 
1020 66754 
45452 54842 
54800 71553 
38125 47746 
39733 44806 
33676 34059 
1943 34020 
31646 39395 
13727 71988 
43384 54557 
59610 64484 
36728 44918 
16428 23611 
44055 45221 
58679 60038 
13659 26845 
14402 62552 
34021 63033 
35561 54496 
41320 65428 
73956 74169 
9371 38700 
36749 73285 
7199 43424 
8282 72223 
54119 57075 
3329 16777 
28574 34837 
65820 70540 
51847 74335 
11484 31652 
52534 59274 
40866 53871 
51508 66064 
26334 28488 
36088 55865 
23466 48524 
36130 41113 
65005 72111 
45473 57822 
20414 60774 
62869 63591 
69084 71231 
291 30386 
69746 70692 
50971 67383 
58855 69290 
17136 33433 
10998 29093 
22633 57700 
44606 68134 
50397 66206 
62864 72243 
52377 68099 
40877 43612 
74425 74459 
69577 74990 
58067 61403 
41011 65696 
15000 49073 
72955 73459 
26202 51765 
22829 71170 
21938 26448 
55968 60773 
54932 71038 
18635 45470 
7935 68966 
71113 71924 
24965 66350 
43007 70781 
5391 41339 
71798 74863 
4598 18929 
9802 32090 
59813 72612 
20019 57643 
22621 67414 
19851 40358 
71852 72441 
15476 45004 
34819 64894 
30000 62990 
43590 59721 
51807 56959 
24156 37360 
68377 71542 
6532 58920 
74810 74988 
39112 40527 
50769 50795 
41363 72160 
38785 65122 
33155 50857 
59332 62123 
40365 51281 
63889 69361 
5598 35891 
67263 70466 
8719 15631 
29875 67479 
34998 55131 
73189 74836 
46742 56171 
36530 50271 
72384 74211 
26757 63014 
11451 21787 
32041 64640 
73469 73535 
8441 23909 
47779 52014 
4231 70125 
20733 70471 
24514 29701 
42832 58577 
24132 56448 
19361 27392 
11862 50776 
29779 73526 
39036 68014 
61342 63011 
66483 71003 
36566 73668 
63179 63205 
33577 56395 
47061 58582 
8658 27561 
38176 62558 
53159 73914 
18401 54143 
48861 54637 
31049 74304 
10506 55959 
21413 47293 
64985 67580 
57787 73231 
23890 31032 
22646 28784 
6985 58242 
48896 71622 
33144 72338 
34365 55789 
26280 34191 
36296 42531 
16516 33657 
23770 45626 
65081 66600 
53862 57571 
67969 71058 
64223 64688 
19265 29110 
62405 71323 
48729 55994 
51857 61840 
11821 15327 
46783 55566 
5415 45387 
4451 4808 
65453 73333 
28174 29616 
16329 65470 
22243 35760 
17828 64363 
56531 71960 
16197 20902 
71144 71205 
49191 53236 
49642 64938 
4495 47261 
72564 74359 
15017 22081 
22715 57118 
25765 35748 
46925 53372 
26981 57852 
34023 44540 
49348 51671 
58862 66646 
59178 70022 
5374 40945 
31726 33525 
10412 13721 
50308 74519 
10542 37057 
21181 45628 
72513 72661 
13272 26347 
28615 32077 
70902 73635 
62244 74073 
44329 64332 
44956 60467 
59900 72845 
60055 67999 
68694 73652 
51061 66809 
13643 55284 
10587 55862 
8408 62613 
19802 70597 
47169 69094 
50246 50718 
21718 68533 
23544 38357 
35382 45196 
69953 71828 
55477 65097 
58670 64994 
9771 23531 
73903 74239 
9752 32294 
56321 72646 
7496 71216 
50579 58405 
68594 69108 
24476 25264 
34865 41795 
10729 58170 
64667 74238 
50160 72214 
50585 68476 
37471 60169 
38547 61381 
20460 37721 
39982 51244 
61170 66880 
58509 69754 
38524 39178 
8940 46391 
62290 64584 
34889 65318 
57726 58417 
7209 52294 
61911 72750 
9344 61806 
56395 74409 
11262 60531 
10518 31276 
55914 69303 
33511 73318 
55622 67409 
5666 47980 
41797 56571 
6488 22622 
64487 64507 
30628 71343 
37898 48355 
36626 69539 
64119 70319 
73904 74939 
53449 65327 
34005 74639 
17933 30280 
66547 69195 
64702 65385 
32622 69305 
7177 42150 
13978 52483 
31113 41422 
63965 66467 
56204 64438 
10327 10488 
61220 63387 
42451 43802 
14292 38012 
25959 40564 
2879 43313 
18390 53119 
16491 25411 
28392 35863 
1730 51870 
54975 57478 
13968 29186 
4525 19552 
3010 30575 
54811 57979 
58658 66550 
46847 74784 
5551 58825 
26590 49549 
32927 64886 
41577 42552 
25723 37674 
22088 59825 
71309 71715 
25589 67048 
37657 40260 
11392 34987 
19888 69353 
41474 57234 
50138 71483 
21957 72879 
19444 28557 
46282 49495 
33298 37663 
28115 55768 
6782 11580 
11411 17596 
72595 72737 
74794 74862 
56455 61825 
1880 25747 
31083 55065 
59822 67574 
14426 73135 
50510 69953 
57344 69829 
67663 68169 
70195 71456 
2127 24001 
41905 49526 
32957 44054 
48782 70663 
36206 55559 
6475 68725 
13024 51426 
67754 73320 
29927 65440 
29358 61614 
47085 73320 
42450 50569 
2676 52070 
430 11311 
18845 29677 
43195 51583 
63714 66377 
2423 45094 
70263 74473 
18905 36335 
49499 57536 
49947 70700 
28668 39881 
65501 70183 
4819 51926 
9672 17010 
22027 51822 
2218 29201 
16156 56078 
7969 24342 
46244 61020 
28773 44091 
48619 69601 
59915 60235 
53916 65411 
65743 73136 
55281 66133 
53239 56779 
34671 64137 
17742 25919 
24394 40152 
36079 64099 
2096 6907 
23556 57935 
73990 74944 
20024 57539 
35096 50435 
22362 39489 
52451 55373 
55644 68891 
68781 70067 
56663 71068 
13254 18475 
37102 53205 
50800 62173 
68698 71060 
29743 73754 
23390 64107 
28665 31711 
41973 54798 
17311 50147 
44349 50289 
11111 50390 
27638 45126 
60075 72550 
1312 15795 
71037 72537 
48766 61491 
17813 38292 
73545 73566 
62014 74892 
1889 15264 
16405 52139 
44665 58117 
74336 74494 
23647 23651 
14858 37187 
39786 61412 
63380 74776 
33687 48543 
26598 36600 
47562 70767 
30762 58422 
6512 43758 
57810 73210 
45235 70911 
31499 50780 
22979 37612 
31380 63458 
12076 31811 
21488 48395 
10356 68874 
33628 52809 
72309 73125 
8327 54669 
29162 31518 
67175 71809 
63286 65130 
53061 54311 
2333 55576 
67152 67422 
300 25904 
35199 48041 
33094 45350 
27373 33848 
30849 62536 
24995 28996 
58383 63172 
22435 35485 
72413 74979 
31066 65167 
50506 53262 
56027 60581 
69651 71995 
61279 69648 
11041 25226 
28586 41664 
22065 52702 
59246 61528 
29126 72596 
51149 63768 
74889 74894 
14057 57806 
64443 67991 
50098 72377 
46534 67828 
48918 54727 
65384 68467 
21227 23219 
42762 49124 
2723 23751 
20320 53926 
29068 71888 
3159 55723 
53450 56016 
43251 74938 
16734 48758 
37996 64381 
19868 38292 
40878 72708 
72835 74663 
36881 65261 
24590 64733 
40668 74266 
62486 65116 
55637 63745 
39212 63871 
24593 27529 
36697 74034 
61720 72700 
64196 73438 
49380 64579 
19349 57983 
51952 68583 
9976 51166 
52377 67174 
67414 71035 
42024 43718 
46686 74950 
47467 64657 
55941 67918 
53933 72547 
23895 52318 
54158 65370 
33373 74319 
11069 54959 
51864 68668 
38605 40119 
53533 71704 
65521 73234 
35076 35188 
20424 67541 
67675 72239 
24410 61335 
34290 37066 
39830 68347 
33515 50066 
9996 55366 
23981 38502 
50905 59583 
33282 65097 
3668 38107 
65932 66160 
26224 61836 
55760 69748 
36114 73170 
57112 70463 
14851 50163 
34312 45889 
10513 69198 
56117 73197 
28232 54893 
39506 65286 
55372 70682 
22197 51246 
26368 51885 
26716 47297 
52904 65308 
16942 32977 
37562 64771 
66026 73676 
10825 72419 
73765 74216 
32692 43865 
48374 51729 
72560 73582 
479 10606 
38691 70062 
59910 71236 
54788 71008 
25508 26387 
57336 60951 
34877 53602 
59077 63728 
22953 34696 
38086 56239 
3010 32232 
32279 50719 
59444 74927 
69167 71600 
48790 50820 
4922 14674 
37690 70206 
47563 62466 
43627 56501 
67943 72493 
61113 66230 
64810 70870 
3498 52384 
47571 64001 
6835 58264 
31472 35493 
11442 33128 
22586 71174 
59762 69082 
54692 66784 
64874 68876 
72681 73060 
17718 34847 
24308 68862 
29638 40092 
20371 25685 
11016 27220 
16687 22199 
61940 66646 
36966 51782 
55131 70086 
38139 64056 
36290 56168 
20347 73671 
10212 48956 
28589 71530 
32059 63666 
46943 49484 
4809 46194 
71617 74245 
4961 67826 
11174 72042 
54262 55830 
44252 59139 
6880 22167 
54222 62004 
64166 65738 
62407 63627 
254 21431 
22219 44172 
19338 41400 
72174 72851 
35241 73396 
59030 65158 
27694 41193 
74319 74566 
65304 73878 
57735 64085 
64923 73804 
37515 49129 
70726 72929 
46995 63300 
37541 42613 
35433 70143 
15314 42595 
65928 68139 
37447 71060 
50271 73674 
68486 74853 
29168 68655 
37188 39814 
65991 72671 
63646 70391 
1158 37676 
31671 36285 
15859 67724 
74005 74137 
64659 71326 
67581 70438 
58943 63756 
35769 49365 
31366 74593 
51679 58966 
3417 74364 
27179 29219 
29361 56125 
23456 35934 
39116 43441 
43465 71880 
19134 50831 
35686 58810 
30344 52987 
33123 48057 
50061 52754 
63347 71832 
35151 54089 
57992 69665 
11435 49466 
3099 63035 
27441 71360 
33896 73743 
9267 27019 
62822 65004 
4747 4905 
35595 41134 
53303 65981 
67008 71893 
62168 64051 
36720 40742 
11373 61307 
29126 34311 
54686 59542 
40960 62184 
29771 68141 
41196 44046 
43833 64515 
28785 53518 
64775 64826 
45071 63720 
52103 58789 
21802 23450 
58385 58616 
52505 66528 
14781 43081 
2339 26643 
30371 73087 
44169 53182 
25301 60010 
70195 71346 
3272 57030 
6970 9428 
49643 51488 
12945 23546 
29873 41812 
69903 73467 
7099 46783 
30046 41896 
61558 67486 
8167 42370 
22870 37305 
49019 67826 
59470 71591 
33371 61958 
26438 64948 
10174 46441 
53643 70431 
19902 32137 
31724 51911 
63676 70456 
54743 61021 
17536 31791 
16819 60790 
72927 73823 
4149 9172 
57585 66198 
44194 50676 
50560 72738 
8731 36012 
1706 8716 
26840 73506 
4318 48915 
2548 14717 
69535 73615 
44436 68843 
19200 41568 
74451 74896 
69838 74059 
44818 55278 
57709 66577 
3611 40605 
19763 55821 
63414 63488 
27754 37293 
69327 73555 
65886 73466 
17081 38230 
63739 70560 
30619 54451 
25382 70461 
50421 74985 
53732 70583 
750 32911 
56866 70248 
67019 73641 
20440 54901 
38032 72762 
28287 51798 
38299 68542 
50286 63925 
30762 44120 
13153 43397 
57012 61245 
18694 74156 
47162 59387 
34782 73976 
34114 63008 
2854 13999 
37125 40206 
30138 39015 
70639 71504 
22970 69997 
17756 21956 
28513 70930 
24781 53374 
61366 69777 
67192 69123 
8930 32783 
15606 49305 
62166 62630 
18663 44494 
24169 43778 
46651 67983 
72368 73410 
74747 74996 
3043 38513 
11978 34515 
53139 58886 
15746 24505 
24839 46674 
58504 68614 
29785 29927 
65249 71633 
17589 35948 
68982 71349 
69781 70693 
2889 52227 
42633 71244 
11213 29926 
73764 74722 
28395 61078 
64487 72660 
2267 49673 
27284 60720 
44013 55146 
12102 30614 
31011 61543 
8069 17146 
13900 24635 
27670 31625 
46252 69079 
62422 66560 
50786 66258 
15420 35669 
71346 74541 
39726 64497 
5559 16215 
40889 71700 
59701 68790 
65146 72652 
57851 66698 
71430 74438 
45684 54760 
60433 71187 
32591 49816 
22107 60294 
63370 66605 
36122 46924 
5003 41874 
66773 71008 
9738 13770 
68414 72381 
13805 19346 
26341 41231 
18892 62885 
19154 58146 
72783 72977 
67457 73173 
36594 51258 
42371 64513 
18317 60114 
62007 62177 
52967 67245 
29711 31302 
36927 56116 
69806 73066 
40244 47764 
24064 61673 
66967 67298 
22427 23636 
46927 48244 
9599 54258 
61860 70366 
19790 59505 
9796 29124 
35242 48908 
744 28239 
41271 72318 
33282 73008 
26649 31783 
71825 74926 
34781 46960 
58570 61205 
13526 58574 
11185 55849 
62280 69232 
68711 74887 
22977 40984 
5461 9652 
10824 12188 
62042 72516 
74630 74821 
58799 62784 
35003 65277 
18154 69522 
13008 24853 
15072 21058 
10016 45801 
37925 70602 
34347 51977 
60685 61319 
15277 66175 
35747 69092 
14079 27484 
47658 53095 
9617 47369 
57658 64715 
37815 64841 
66210 69628 
73100 73656 
28604 67348 
54834 72965 
58443 69824 
73391 74663 
35573 36202 
35070 72401 
3839 69092 
49072 59455 
60609 68765 
26898 58695 
18381 55197 
47867 63057 
38562 68020 
21556 49449 
12370 55671 
7686 64933 
74196 74546 
73562 74193 
71901 72109 
72773 73152 
25262 58136 
58838 60581 
66083 73698 
7798 10804 
49347 59459 
67006 68214 
32189 62641 
3151 26404 
71852 72106 
18781 74455 
8851 29779 
35327 39033 
27144 50492 
45083 58158 
2208 43035 
64150 70444 
40059 64379 
4698 9442 
19485 57733 
12114 15269 
73013 74919 
32868 58934 
6272 56670 
60528 67911 
18121 67973 
50064 55434 
45280 52535 
21867 66276 
42235 61993 
53791 64971 
28284 61877 
14493 24202 
40867 65343 
47664 65747 
64117 69640 
53094 67135 
28781 51966 
34608 62275 
56339 68437 
10118 49039 
23507 54698 
49961 68327 
44943 48190 
2792 4724 
43741 58814 
60259 71104 
73202 74060 
1276 43494 
62195 66404 
46663 74764 
22847 25183 
19887 49209 
33239 54004 
19968 23555 
47870 67845 
25536 53860 
34352 50303 
54329 63548 
45965 53157 
70108 71675 
699 55895 
66606 67310 
69318 70445 
58147 70984 
16100 26528 
29673 40037 
73947 74187 
6407 40171 
48417 72820 
67614 70230 
56096 58140 
51850 54544 
17843 60702 
15214 61932 
47 60157 
54145 60084 
48804 49099 
26563 29798 
7385 32967 
26185 36051 
5602 43861 
16025 74710 
7435 53096 
59549 68220 
26810 51323 
71389 74625 
74012 74836 
72766 74746 
53682 57590 
46014 61865 
33272 64899 
28147 55619 
69707 70154 
43379 52190 
28734 46325 
63261 67907 
46234 56358 
36801 64593 
72679 74378 
26231 69874 
3623 14745 
52434 59730 
42998 52983 
19642 19845 
54780 61930 
30815 41617 
10127 42172 
7644 15100 
20485 72809 
55715 58122 
33844 61433 
59067 72450 
34818 73273 
48500 54487 
64375 67132 
14316 52043 
8598 49066 
57280 57819 
25899 34670 
61699 61961 
55257 74680 
28191 60908 
26110 68214 
21703 59081 
54938 65104 
23373 59572 
45242 52607 
46881 74280 
18460 34422 
42315 53809 
45924 68505 
69198 69698 
47453 74406 
6873 67729 
1708 34885 
49631 62977 
62969 67295 
56238 68075 
12008 67913 
31025 64666 
58921 70433 
3381 11613 
47870 66956 
53638 71795 
25821 65530 
18862 22063 
56106 72549 
5623 22616 
66505 67870 
61483 66570 
66072 66703 
1039 34378 
46456 51158 
62490 68825 
23047 53506 
31254 62707 
52123 52139 
60415 62618 
61051 69898 
49104 63981 
72504 74071 
33957 36614 
20405 30612 
71096 74380 
26013 39198 
46000 63903 
46987 61367 
53399 65883 
9510 16296 
10753 54326 
68252 69756 
32792 56961 
36082 53422 
15067 20993 
55647 69140 
59991 69083 
65123 70959 
73900 74770 
20303 73070 
70570 74286 
38209 62622 
71300 72198 
53252 59088 
7232 64422 
30424 71183 
69341 74775 
20716 44854 
46716 64082 
24294 52068 
52945 65416 
22905 66093 
6105 26919 
71180 74948 
22135 68399 
71799 72817 
43651 56053 
49114 55209 
51208 54937 
24365 67293 
49986 57995 
62623 66984 
29968 53854 
59181 73553 
18823 20006 
40675 56099 
1084 25742 
29519 67254 
41334 53637 
13788 63562 
66347 69371 
64367 70348 
34798 60605 
1567 40182 
16591 32630 
39377 69828 
32864 40046 
61107 65866 
71037 72231 
77 40281 
51137 60841 
47679 71059 
40218 63894 
20814 53914 
40471 61444 
26626 61015 
60708 68995 
50632 64540 
25708 65443 
6218 51497 
70523 71782 
54457 56885 
38042 51169 
41626 68122 
16819 70223 
7485 33097 
43724 45555 
40957 42939 
5103 24951 
38859 56330 
39672 62690 
37114 71444 
11080 12940 
3770 27022 
69922 73816 
18858 19370 
256 57630 
65101 73433 
44594 67636 
30011 46425 
14628 65324 
34838 50741 
8483 19583 
25528 49359 
36651 50182 
67378 74592 
27894 33182 
11711 42363 
63245 63509 
33546 72863 
15594 24739 
25621 36607 
41157 46780 
18998 72166 
68287 70601 
34469 44519 
23515 48907 
55917 63068 
48116 53761 
40706 57797 
41860 70289 
36069 70857 
40629 66092 
12397 52374 
20492 60471 
22500 45264 
25805 61312 
65842 67678 
29152 59675 
72517 74507 
60251 65024 
1021 42943 
23093 31620 
64260 67385 
52919 58176 
48990 52254 
32798 58261 
55891 56270 
37927 50172 
47143 50616 
66133 67784 
15519 46424 
68636 73826 
33811 65807 
16447 62857 
44820 70272 
58083 71552 
8143 61663 
6751 43284 
28690 63166 
38842 64055 
5465 62902 
48959 69107 
29123 38178 
12865 67878 
22173 51001 
23007 62631 
67968 71951 
2519 3292 
45906 68344 
20624 52626 
45298 69232 
72717 74511 
13688 39615 
21602 40275 
65177 74309 
15104 58101 
7417 32684 
38394 71340 
53429 62401 
20732 69970 
2459 44927 
10737 63898 
27220 34921 
12847 42365 
71190 73817 
7566 16330 
74313 74404 
7225 34873 
67711 69509 
23822 72106 
23089 39147 
29499 61974 
51285 73024 
60661 64000 
66973 67748 
44937 66286 
64289 64475 
45756 58903 
3652 43709 
60606 73070 
69412 70742 
1702 35541 
28544 69514 
67650 73939 
54804 56817 
36679 69096 
31046 50600 
6197 45742 
62305 69652 
42149 64194 
10354 26701 
47628 72755 
11641 29792 
61311 68479 
14875 37201 
23194 26950 
11439 58511 
66000 71636 
52769 57544 
53797 74566 
5072 64561 
13867 60059 
30634 43364 
55478 62130 
33863 42097 
31488 49494 
21430 49115 
63938 66125 
63249 71212 
60074 65917 
41027 58724 
287 58359 
13498 28147 
70222 71806 
46001 50709 
58247 62021 
52747 54428 
54658 74248 
8936 31977 
16543 17438 
26186 69101 
62525 64818 
9403 43433 
60618 73709 
38401 41465 
14421 49000 
56812 59504 
52599 53604 
46028 62634 
8718 40438 
34058 68796 
32372 61666 
11862 71306 
24006 56265 
15760 43181 
5708 68999 
53393 73800 
47034 61847 
5565 32216 
42398 46485 
63547 67942 
19616 69309 
71950 73909 
1199 16079 
16402 27684 
13054 18271 
72171 74631 
10224 28051 
46579 68440 
21241 42284 
25708 66258 
39561 51099 
2286 25477 
54032 73870 
30856 64212 
21299 57059 
33405 70932 
50870 63236 
25877 54864 
71255 74252 
61154 67282 
54502 65563 
1540 55883 
70514 72591 
13738 47491 
50579 52364 
37283 41978 
32245 57142 
65844 67786 
42417 52667 
16508 42800 
26509 30558 
61547 64521 
68751 71828 
48647 52970 
28630 35374 
1284 29885 
31149 32703 
8821 20152 
5595 70578 
11799 34184 
7232 11208 
18810 45729 
58825 65104 
22386 35990 
21955 49758 
23040 63505 
51441 73798 
40126 72771 
25956 30917 
67451 68528 
52517 73970 
66365 66925 
8302 23637 
22306 70077 
25623 62265 
40395 57965 
72671 72929 
53711 70961 
49612 62818 
35788 39013 
43698 57183 
29968 50553 
45311 48900 
32313 52643 
31470 42027 
36188 73152 
13642 22671 
31021 54523 
44536 74040 
35511 39443 
10181 24432 
43882 67602 
43350 50287 
18159 33984 
71172 74271 
65135 73283 
53876 70676 
55047 63656 
14918 36051 
24620 52258 
5702 53487 
54947 61215 
69086 72983 
8253 19356 
49438 65036 
71311 72763 
33574 48645 
4344 20464 
32394 67540 
59790 60930 
6128 30891 
44614 73068 
49902 66700 
56911 66832 
53601 58477 
36543 53717 
39990 68963 
51260 68037 
35602 46894 
72437 74024 
64580 68969 
15 61596 
52044 72079 
33116 60695 
59474 72915 
20386 46570 
26362 67295 
37271 52375 
49131 49551 
33861 69225 
21947 22932 
44599 47108 
66433 72998 
48557 52151 
50302 50922 
65358 69688 
39327 74233 
7618 16098 
10184 39677 
19922 67957 
46706 68095 
32 9028 
2076 10454 
8254 21913 
51389 58150 
21996 35243 
60590 72250 
13362 68122 
25824 45534 
20494 30844 
10592 15661 
27733 32678 
44810 73259 
2636 71579 
14117 17596 
69786 73194 
19502 26259 
29796 41209 
50263 67896 
19328 49297 
30251 59319 
21388 30363 
2913 4111 
58224 59779 
21739 59154 
8159 62096 
1017 43512 
7116 60023 
49238 70310 
43830 63442 
21650 72749 
49729 52409 
43085 46366 
46255 54273 
43293 70772 
58619 70737 
30172 74081 
66924 72864 
47860 62181 
29607 37466 
33342 55756 
6162 8275 
48124 56506 
24685 73135 
40000 45536 
24462 58240 
21171 31305 
33376 74664 
56369 59852 
72350 72973 
70248 73106 
23037 43028 
55521 63429 
23133 54509 
46923 56071 
48822 69548 
60187 73000 
60332 70659 
67270 74310 
10624 44486 
64471 64910 
12996 16267 
22388 72960 
42997 48958 
55592 55961 
31459 67559 
28462 36108 
74399 74804 
25858 52263 
11535 19062 
58015 61587 
60929 67164 
49975 60388 
62462 62854 
44568 48778 
33989 39810 
63726 64092 
42715 60141 
65204 66808 
56570 57073 
2597 42406 
68509 73533 
46997 54433 
24966 57033 
51623 62593 
28213 32563 
31303 62661 
62919 70858 
11512 67689 
31391 57508 
46523 51082 
35970 49132 
64907 73412 
69752 72767 
49162 70668 
42359 74658 
28660 69753 
73515 73985 
71677 73272 
14491 19607 
23556 32491 
16310 39123 
41480 48289 
20553 74227 
64129 74237 
60105 73893 
64434 73489 
65704 66539 
31520 62432 
63076 68455 
6885 45715 
70252 71850 
26596 37823 
62461 64531 
39684 62280 
16177 48084 
24330 36577 
36417 56070 
17224 28514 
18375 70041 
64233 72708 
45943 72142 
61099 63451 
46778 57099 
22954 23625 
17144 47136 
30199 36934 
17240 39559 
18616 32883 
19199 37487 
60851 64086 
20084 74329 
25170 48140 
6788 12606 
51713 57861 
52843 69249 
59153 67184 
62427 73042 
40423 47715 
12850 39229 
18758 51820 
28264 43793 
50593 59543 
17946 70719 
50796 67201 
53218 69946 
55294 60890 
43912 63241 
51621 63760 
69994 71366 
60375 63594 
38300 66848 
27429 35780 
7589 29869 
68215 72978 
57539 64498 
12642 26550 
62243 72817 
4467 35131 
4733 64444 
47588 59804 
53648 54116 
71110 73845 
40398 62393 
62257 63703 
61122 68066 
50233 54061 
68890 74235 
28999 71843 
18006 28638 
62018 65282 
7771 26953 
72070 72996 
60027 68658 
27291 32548 
68969 71375 
54763 63687 
57923 67641 
74807 74872 
37684 60176 
42780 63656 
50236 73302 
45474 63782 
57881 61063 
41465 72727 
60814 63392 
49717 55450 
23980 62149 
20 27556 
23736 72769 
65862 71610 
33666 42188 
66352 72453 
65043 66692 
51535 65257 
22373 54918 
26358 41333 
62412 71263 
16874 32808 
3757 53071 
9898 72405 
63782 73792 
15822 52620 
69336 70065 
25746 54976 
59668 65368 
12055 37849 
38377 57621 
24075 59799 
9144 53080 
38683 64233 
42227 47153 
19734 35471 
30818 32020 
2113 64085 
59336 67322 
19156 44841 
54322 70790 
9319 66909 
57303 62586 
51195 55136 
66693 70026 
41883 53388 
68501 69889 
16302 61607 
56876 70674 
63764 72596 
25830 71068 
60886 69141 
35982 43979 
35546 59634 
26846 74072 
15144 18136 
30479 45957 
7664 66788 
16230 68906 
72611 73932 
38860 61319 
53294 74066 
6524 28515 
6555 45750 
18730 53017 
17814 57238 
51791 58149 
37852 40801 
4 1959 
21574 65949 
33183 60830 
45761 57815 
17961 34555 
49131 68967 
35493 59589 
48737 62152 
2131 61872 
9705 37285 
34035 68737 
42363 44897 
73518 73765 
69653 71299 
32390 35859 
67523 68158 
32406 68428 
1410 40867 
57219 69175 
32927 74374 
49068 70161 
5626 63117 
55717 71904 
288 31156 
42485 50919 
27888 66281 
62829 73270 
52820 70190 
53678 57650 
53403 57829 
25094 64012 
37712 45000 
61833 69674 
72147 74468 
24138 70195 
60580 69825 
3051 53960 
47416 47521 
73142 74658 
50089 59803 
18966 43455 
30523 46818 
64507 70462 
17618 24982 
45883 71402 
17720 63440 
14922 32306 
35389 53363 
60513 66949 
35004 64592 
67295 73998 
20168 67898 
39884 46127 
24877 72523 
10707 56317 
27872 50731 
21892 52700 
43720 55179 
11697 56316 
67748 69523 
46656 73345 
72640 74013 
14194 14860 
28919 38574 
18881 63215 
46451 67664 
47754 50918 
58489 68023 
56207 60989 
20096 55050 
40614 48112 
74328 74611 
69685 73399 
6985 22262 
72211 73020 
61135 73987 
72396 74216 
55205 68254 
42833 50520 
18212 58830 
5887 20593 
45623 55650 
10443 32336 
19706 68188 
47592 48136 
40774 71400 
56204 72428 
9716 35353 
55713 70924 
63081 67761 
65225 68060 
26600 68562 
34806 72948 
22043 54009 
20421 67744 
18131 23605 
52102 74669 
26 41124 
30438 57549 
25324 33246 
66594 67254 
40803 42471 
11450 52092 
73869 74975 
50910 61277 
54554 74147 
4159 21842 
52013 54656 
18058 20506 
21759 65833 
48979 59731 
68639 69143 
34656 66015 
47794 61611 
20326 39946 
68056 68698 
36304 47638 
54726 61058 
12710 71423 
40835 73020 
12418 71781 
174 51831 
8371 9222 
35716 66418 
8067 35265 
27289 33645 
40086 60459 
48153 70371 
23897 65210 
65818 71002 
69371 71706 
18703 70410 
43201 70315 
65984 71098 
69310 72761 
23141 27687 
5532 39274 
62092 74899 
48337 68737 
63133 63603 
74517 74539 
51653 60945 
50162 66667 
18569 52791 
37251 40147 
74476 74578 
57946 65762 
34952 61009 
71987 72662 
22367 42334 
8620 60558 
3329 38719 
39304 65212 
44998 51109 
28510 47560 
44063 73946 
52146 53353 
6523 69776 
11837 22743 
51610 65570 
69719 72487 
52179 58151 
8799 33524 
68716 74678 
24782 38442 
61873 63519 
30795 38820 
47132 66849 
50635 74974 
39122 60896 
41705 64989 
41503 67729 
33668 43240 
44272 67441 
60269 64041 
54689 60308 
70170 72429 
14075 55905 
54241 60625 
52029 52651 
5354 56983 
62472 71370 
22250 35039 
38896 39944 
68098 74849 
25180 34766 
62215 64579 
47836 73307 
1926 20783 
71245 74927 
44232 53763 
32826 44159 
3046 7363 
37263 74739 
38090 51194 
30582 49082 
70222 73449 
42641 56518 
60766 63844 
37822 50060 
1169 68667 
37845 51422 
40192 43610 
36855 47031 
10402 42032 
34768 47528 
66683 73275 
8680 36229 
63260 63382 
11826 73733 
778 40952 
22177 28740 
44523 55953 
14333 37799 
11316 37607 
30246 38461 
9415 22246 
45042 61203 
39800 53216 
32443 32944 
17597 44913 
51793 52891 
65843 66671 
49793 74934 
18508 28851 
10086 20954 
41998 53282 
30883 56057 
32449 68521 
8297 54250 
13800 55730 
13252 19402 
24283 50506 
12203 15858 
50285 62857 
34327 63223 
64029 64183 
42944 68377 
50582 50836 
4417 39013 
21015 59116 
28597 53545 
46365 55620 
41010 46697 
33052 47707 
15128 62766 
26019 59499 
642 63598 
39573 61270 
41394 66264 
67903 71660 
35901 63304 
59596 62779 
32097 38489 
24594 64735 
36760 69055 
16090 57980 
72549 74186 
65504 70795 
4021 34895 
24662 53308 
62707 69227 
30273 67948 
22380 54934 
29532 61625 
5217 50144 
71356 73654 
33774 35840 
41235 57137 
49605 54754 
1220 51590 
23465 64913 
28458 55974 
65213 68015 
32253 63544 
56519 68809 
9263 33667 
58229 59536 
62623 64783 
47011 69555 
32483 38916 
52253 72503 
37136 40235 
71012 71275 
52404 61578 
58889 74868 
73345 73688 
26646 29291 
14376 44915 
63734 66582 
62749 66171 
14149 52678 
65640 65855 
32350 33532 
43357 64604 
31969 73835 
71596 73611 
52651 61292 
62457 70431 
22588 46117 
45602 61136 
12127 70107 
48691 61119 
20908 27312 
22034 35778 
36494 72890 
34946 53015 
69975 71777 
33733 43538 
57531 69424 
37842 63778 
22953 42613 
64914 68225 
29951 70696 
73585 74664 
20265 27717 
26406 55339 
73109 73642 
42569 61006 
67364 68926 
55638 62815 
66266 70377 
13811 56565 
29033 63321 
20034 27501 
67016 70264 
53063 62162 
59298 74695 
21554 50121 
55551 72512 
46697 57509 
50465 64136 
23845 54428 
19978 47085 
37184 45294 
29607 50153 
182 43089 
11387 63061 
37649 42011 
39251 47561 
62924 63030 
37209 71036 
36560 50129 
45873 49687 
40689 66473 
17426 24040 
71168 73207 
46184 67773 
54978 56365 
35231 69693 
55987 56624 
55473 66053 
1138 69880 
40438 70519 
53889 59342 
33226 38807 
9453 14306 
51459 73094 
18532 21048 
10318 69888 
50533 67446 
60228 70790 
49595 52004 
12070 44161 
52186 58790 
9296 16250 
7359 67927 
26496 49268 
24746 31663 
14780 19910 
34171 73625 
61696 66518 
56645 66009 
49997 65749 
7354 10092 
36749 63757 
41521 56991 
62969 71266 
62465 66762 
61051 71499 
38385 52793 
66292 72396 
28873 34552 
11512 26001 
31498 74135 
50426 53358 
38328 45917 
40152 43886 
56624 72260 
39660 69493 
1593 1973 
70831 71807 
64569 64992 
24120 25975 
1542 11247 
33896 57293 
45931 70208 
13216 46566 
3851 16114 
37561 63963 
52711 71195 
26290 38156 
57613 62384 
42126 70288 
35557 66527 
35727 40776 
17131 60231 
15721 56165 
16054 52127 
57098 61749 
34368 52701 
61447 62295 
4484 49849 
42508 48379 
55002 70876 
53926 70434 
67409 68955 
20192 25209 
6053 22841 
48753 54578 
12507 30183 
39970 62225 
25237 39172 
48749 56636 
71929 74275 
6597 11607 
44793 64526 
65962 68726 
31362 57025 
73580 74044 
3948 37419 
34431 68853 
10547 55850 
54552 61833 
187 42531 
64602 71709 
53794 70007 
36406 38206 
38324 65123 
3210 22595 
56630 62072 
56315 65672 
34606 69223 
34915 72822 
73246 73713 
23867 58721 
40002 70699 
64699 74333 
24578 49343 
30707 61010 
1506 9726 
69042 74980 
12966 49710 
40719 58043 
34278 64504 
41369 51101 
46758 56774 
33970 36277 
14060 21969 
21729 37653 
33501 39210 
29162 41202 
29039 32664 
16636 52757 
66403 71277 
22586 65161 
36645 74298 
55870 56055 
7582 8192 
18622 39217 
46778 53641 
33696 40646 
20711 51620 
60774 68530 
65422 74197 
63447 69987 
7494 11653 
41319 53768 
73653 74845 
42315 67752 
17316 65923 
8927 39508 
54968 59066 
63759 70311 
21139 37121 
15969 40297 
26104 65794 
34316 45543 
71861 72350 
71335 73272 
17181 26057 
58180 58226 
38865 45381 
38987 47736 
7460 19262 
2436 17585 
60434 63282 
32256 45713 
9179 35391 
64615 70102 
1037 65350 
40838 61007 
61300 73264 
73878 74330 
54811 67643 
14808 56589 
55621 67242 
59544 63192 
18496 74570 
11155 11715 
15087 58197 
14214 28062 
70710 73417 
10688 67031 
70945 72919 
35850 52470 
38866 71684 
67865 68575 
70590 72444 
47604 65781 
54043 65456 
45721 60234 
17150 71943 
32460 72284 
40635 58248 
28710 42968 
59362 71238 
49452 70352 
64535 66272 
27154 41248 
72120 73055 
71153 73622 
63983 66676 
58209 61223 
49630 69430 
55323 66957 
26273 56293 
54397 71085 
22141 73606 
53055 69719 
16503 49627 
43470 49278 
65186 72727 
53991 54372 
41049 59347 
11222 24616 
39207 55679 
31436 46366 
53718 63817 
74214 74673 
31410 39960 
62413 71420 
4646 61315 
20232 31113 
69817 71938 
74433 74938 
66149 73585 
2867 28139 
70329 70570 
39259 53382 
62426 70855 
2292 7948 
36846 45298 
16013 72525 
7425 71932 
49902 52893 
61279 61638 
31833 39669 
60850 67003 
62408 63796 
68614 70609 
14180 20150 
35584 68156 
21764 34154 
74204 74581 
54163 56363 
9259 28225 
60772 62644 
43739 53618 
3842 74750 
46727 50227 
37760 45765 
1468 14429 
13269 42598 
37795 72322 
4218 48730 
16752 36812 
41558 50797 
18421 59704 
56731 63209 
25051 73232 
38198 55817 
72150 74254 
18314 67313 
30940 71304 
24275 49783 
71661 74778 
64771 68735 
11828 43886 
15166 65400 
498 60436 
47521 68695 
71940 72692 
32816 58421 
9327 16462 
24747 42583 
16841 64516 
13307 68973 
24572 42455 
26785 50284 
35235 73114 
45671 71015 
74564 74812 
56393 65356 
17045 40344 
38994 54431 
63768 70855 
14478 70664 
42006 58089 
56471 62169 
2073 20355 
6314 23442 
22583 63203 
61275 64691 
58311 68346 
46361 61130 
15767 65067 
11643 56447 
39982 63388 
13114 34840 
51155 55679 
54121 60204 
44318 45601 
43229 65601 
39155 49232 
28026 47133 
57178 69407 
20775 65538 
66391 71708 
22519 54077 
59273 63734 
17042 74592 
41233 73189 
68651 72792 
39766 68363 
64306 64442 
40531 62195 
17064 56600 
64921 70182 
2848 62075 
20841 55513 
52913 56464 
10478 73596 
58823 73379 
46980 66053 
42985 43510 
64617 68017 
61775 64064 
6228 52812 
39463 69399 
36233 42464 
26387 63795 
25550 41514 
39169 51518 
15594 38911 
16561 60408 
70316 72837 
74135 74754 
23027 37946 
14804 64314 
14661 43291 
46581 56980 
28753 36535 
61829 70586 
16241 40132 
23546 60093 
33579 55267 
18965 27491 
10111 21247 
38391 70585 
60158 74534 
11938 37214 
20637 49257 
40343 63899 
34396 72811 
37040 47340 
43601 51560 
54687 55278 
73788 74928 
7162 44479 
14342 57305 
9734 53031 
69585 73184 
48709 60100 
28891 56191 
40979 60679 
52457 70876 
42104 74438 
16056 32073 
54686 70526 
35506 64946 
5525 18430 
13400 42582 
25550 37745 
63685 74525 
44041 68694 
64804 72773 
24794 29140 
21578 40692 
4334 40225 
28397 73790 
9861 18769 
70148 73570 
25045 35684 
53291 71027 
6888 69825 
25549 31512 
36792 41559 
39413 69213 
23593 38640 
36898 52340 
61185 67383 
54485 70636 
55630 71952 
38996 58699 
69005 73393 
32650 60369 
73420 74578 
10070 12060 
28590 62613 
9175 65674 
55804 70916 
61236 63418 
42024 70188 
17910 25545 
72943 73034 
55610 74326 
14854 72206 
51583 68066 
70896 74753 
31132 55328 
59568 62905 
51644 65681 
5648 58467 
1931 9341 
14248 62031 
386 63501 
62122 63739 
69373 71357 
58981 70461 
28574 39032 
5015 23451 
53019 64573 
65757 73131 
60026 71225 
57386 65547 
5957 23565 
51709 68297 
22596 74479 
30633 72657 
20511 24580 
21845 49056 
49313 64328 
31204 72142 
33743 45842 
26615 32868 
44833 56201 
56920 64417 
55812 63064 
71127 71731 
71038 71962 
15720 31241 
62614 63617 
56314 72785 
45298 74088 
43266 57815 
70543 73863 
15527 51596 
18913 30027 
17454 31840 
9504 57900 
15616 61215 
42019 56849 
52505 71623 
64815 67453 
38973 56782 
37119 50237 
10294 74872 
68264 72477 
49020 73767 
1754 48053 
27619 56809 
37759 72344 
29645 35051 
12636 20859 
37230 68961 
1695 72653 
74459 74742 
17156 73642 
53362 66239 
5952 52025 
59000 72429 
23975 69840 
71077 71359 
27990 48015 
44850 69146 
64301 65849 
29380 41914 
60444 63842 
42469 58172 
18412 41943 
39185 66090 
2986 33027 
24421 56409 
58809 74819 
36688 54310 
46253 58214 
13867 33689 
22109 44625 
25529 48083 
25286 63858 
62648 64744 
30373 33639 
30336 46843 
17454 70091 
63770 74524 
41664 44435 
29948 39853 
66264 70411 
23195 34894 
48087 49129 
23437 66486 
29297 47535 
33262 39378 
29867 43772 
53163 59298 
29489 69658 
65212 65395 
29820 63384 
53844 57617 
44133 69766 
26539 48700 
52116 72834 
4220 7805 
72433 73714 
12094 62403 
34853 59180 
73027 73805 
22508 39280 
68200 68432 
50487 68966 
28973 60197 
66163 73966 
58178 58488 
38856 39996 
68840 71098 
19457 63647 
73887 74418 
66747 68325 
13012 18906 
60142 61448 
2594 66371 
9543 56900 
8669 39274 
28487 52878 
47049 57954 
60825 67568 
73339 74481 
22204 67915 
16751 72858 
34015 51548 
18792 60590 
9633 14841 
22166 30024 
43200 64697 
36598 49273 
68695 74709 
18971 69952 
68789 70852 
63631 67894 
22380 61717 
14316 62631 
69006 72771 
44691 66589 
25289 31466 
71981 73761 
68433 71893 
1235 70261 
68615 72114 
28031 55273 
33012 64332 
45470 55854 
58988 66752 
39735 54807 
21047 45681 
31107 52215 
20667 55905 
58682 64881 
35464 68822 
56149 73747 
3303 5592 
43634 57992 
7316 48053 
59479 71741 
64024 67346 
50431 54130 
29698 72030 
70602 70838 
32662 41206 
68398 72151 
68313 70427 
64304 66218 
17066 46882 
27221 30114 
14097 56953 
40254 69312 
56034 56207 
10012 53776 
39731 57065 
46985 59633 
33901 71312 
73034 73166 
30775 58110 
57647 62888 
29907 52772 
7692 28090 
57770 69494 
49382 67939 
30565 35870 
37367 74633 
10564 37576 
71731 71811 
50430 67246 
8622 49137 
13190 67761 
46536 74088 
12138 69621 
16811 22398 
19042 67333 
20129 58713 
42908 56300 
46082 61359 
50361 54778 
33674 43633 
46759 50187 
71167 71603 
8632 36097 
36270 67296 
25217 40885 
66682 67776 
13779 40313 
26923 35586 
68051 71038 
6260 56513 
70291 74926 
18376 22492 
4632 8471 
42508 47352 
38633 71535 
47587 74335 
38291 47480 
19504 25847 
47845 50021 
46062 73220 
54850 71097 
53158 61751 
59897 66870 
42111 58022 
13204 70915 
39722 60903 
54593 70620 
45215 73814 
25074 52372 
37995 69963 
33304 74120 
3369 22733 
6989 32504 
49345 54069 
2727 72098 
29095 36199 
58457 69205 
11162 58210 
43667 63015 
53387 73398 
61927 71879 
20038 21342 
55295 74297 
72591 73436 
9714 66806 
70308 72832 
34541 60705 
69010 69245 
9130 51054 
56928 67738 
33793 44914 
18473 55142 
70229 70526 
65821 73139 
74907 74976 
74217 74638 
52137 60589 
47993 61428 
64875 71478 
44771 67275 
64537 71067 
2467 54824 
55121 60750 
54900 72163 
29115 58834 
35361 50003 
51070 54174 
65090 69093 
57792 74844 
28214 33175 
23487 70827 
53046 67077 
30000 71873 
56200 68356 
46506 67010 
4666 68107 
42201 71276 
73364 74745 
41002 42813 
55408 58303 
16072 61824 
33739 51186 
21190 45971 
59277 74308 
65484 66441 
24771 51511 
43667 45026 
48013 67719 
6802 9287 
34466 62029 
14874 21956 
35022 56938 
24715 41903 
20410 60817 
9904 59402 
51541 62898 
50121 60898 
15249 52738 
61820 74790 
28142 39064 
22259 46281 
2946 27527 
129 61693 
66927 68053 
61018 68102 
54092 54302 
53584 71444 
31506 60942 
56678 61401 
18214 31888 
42296 59048 
9428 48571 
70156 70167 
50271 50445 
39505 45666 
53371 53876 
39133 51594 
63442 67569 
35285 44834 
6455 59883 
10962 38856 
7285 25250 
7982 13881 
40033 72564 
43987 70772 
58827 68766 
4987 63059 
38912 39728 
46278 73122 
73039 73240 
49418 56747 
9592 70707 
68347 72353 
32273 71310 
71960 73901 
72140 72230 
25374 44571 
61752 66607 
41268 47471 
71371 74270 
465 40044 
24958 69565 
16269 32336 
57539 71146 
34043 54131 
31088 57705 
48458 57489 
63854 67129 
11429 16697 
59226 62989 
19677 39101 
30761 60213 
67172 71646 
4154 11929 
16918 50594 
47586 64280 
18848 38606 
26925 37135 
49650 57458 
16723 60150 
20662 51763 
32857 43535 
23636 60767 
14795 21354 
72749 73864 
9758 31428 
8537 26514 
38986 69615 
8853 16832 
57458 69618 
1614 68498 
20336 48759 
19855 47986 
24366 29773 
60271 65027 
40608 54349 
24020 33210 
52610 70226 
36181 69076 
27088 31402 
855 23722 
69457 73006 
36640 54003 
33211 54183 
21352 46817 
69219 69289 
73550 73577 
10477 57754 
16826 39408 
28833 35918 
58113 71096 
73680 73972 
53968 55222 
57985 69995 
56742 65314 
18727 47394 
65550 72033 
73469 73565 
3261 20967 
15879 66068 
70638 72941 
50099 56475 
15870 27130 
2200 25432 
18375 69977 
50373 73914 
63043 64950 
45462 72205 
28308 65906 
30870 70859 
50643 73094 
72275 73029 
31499 71718 
37447 63773 
48090 55396 
70116 72097 
71893 73548 
48250 59705 
70881 73710 
27548 39153 
34767 58907 
53267 68836 
13701 69136 
20993 44780 
68634 71937 
3491 3699 
21480 62932 
67713 68768 
33710 47224 
1568 69571 
66681 69642 
26389 73567 
54733 67435 
43676 52106 
55132 68218 
11308 18410 
41378 64134 
1263 38363 
1349 24865 
61351 72160 
43869 59058 
33733 48015 
54567 61775 
17521 54614 
45573 58938 
31108 71208 
40723 51487 
63726 64920 
2031 47325 
4080 64522 
14543 63056 
6951 15028 
44285 49639 
37807 47142 
28578 30241 
44285 47527 
70917 74234 
36791 67707 
69658 74060 
35952 45422 
36073 47404 
8138 23078 
4706 13162 
12679 72029 
53639 58411 
37274 56275 
461 10648 
35948 36150 
18780 63612 
15875 68708 
74788 74890 
46750 59607 
63583 74523 
68807 72025 
24516 69803 
10219 64435 
8557 46100 
28252 43144 
58305 66615 
61227 74800 
46004 59050 
49867 57431 
43531 59997 
36722 46538 
3017 39893 
12179 50713 
2545 48022 
60318 65247 
33974 50836 
48911 66577 
68496 70704 
57103 69649 
1462 64385 
18772 41150 
31321 60177 
69108 69833 
57770 63536 
42375 69925 
21748 35945 
20599 64670 
65792 74954 
42961 65006 
192 56831 
58463 60528 
60706 72903 
36767 70664 
36595 59919 
68482 72747 
67933 70855 
44313 65259 
32990 52788 
44333 58161 
37337 55933 
24079 60814 
21331 61731 
8176 11015 
49173 62594 
11584 25140 
55695 74938 
19095 63786 
30371 70087 
34425 55149 
69311 69618 
56232 74797 
49683 62909 
45647 64347 
52094 56812 
24891 33402 
38655 50952 
35821 74189 
64135 73466 
39773 54125 
17408 39408 
40036 50054 
53088 62698 
35135 48938 
16266 19411 
14942 67268 
67341 70554 
73931 74930 
31113 52119 
66695 71551 
57745 61830 
68718 72156 
21829 26245 
54804 56089 
15624 73545 
8636 68277 
3232 58547 
5200 25862 
60793 68765 
28867 52346 
38618 57886 
7051 51498 
57734 73827 
1943 58410 
39126 55836 
13706 66641 
26056 56031 
20675 30693 
9669 55549 
3784 6596 
50014 73089 
40335 50329 
28527 60464 
28839 36216 
40933 63172 
18133 46025 
25794 35642 
9057 27717 
38580 65905 
14324 51665 
43907 67025 
71165 71773 
74817 74819 
67770 71161 
12635 57901 
52613 62428 
32359 65941 
2533 44534 
59852 65962 
52873 56886 
44697 59608 
35900 48573 
66116 67221 
52332 70619 
807 5201 
36511 63716 
42686 66696 
9096 14202 
72839 72895 
24201 41021 
29930 42512 
32583 50515 
56524 68482 
74675 74811 
60312 60814 
73374 74184 
19396 40841 
44967 47396 
20401 36887 
23336 64909 
31408 73717 
23386 25148 
22444 53846 
67708 70092 
45141 55059 
32278 38882 
12328 36908 
38132 63357 
35750 69704 
25487 58170 
53674 63498 
29765 57376 
3826 32585 
9885 52996 
43125 71428 
34177 61442 
39656 72661 
10004 15451 
42519 53819 
19503 57900 
33317 73949 
43548 73856 
29438 71273 
24414 25785 
20330 47326 
57903 74037 
24751 41553 
59015 66438 
38304 46077 
33333 73378 
25480 69294 
51887 70407 
32657 35360 
8836 18226 
61818 63222 
5454 63832 
13468 47161 
404 52394 
37779 39211 
21507 24176 
8933 16347 
52176 67236 
12111 25143 
23724 35954 
11065 14392 
50129 61223 
40192 48627 
9671 57455 
54546 56341 
72536 72738 
32863 65959 
19469 64504 
36873 45931 
11025 40900 
12362 24645 
60143 72953 
6561 12968 
8968 15151 
20821 31862 
14728 57839 
50183 50225 
47337 69634 
5316 20279 
50329 68811 
66531 69712 
42682 45035 
59447 64182 
69962 69975 
10654 17133 
29193 72442 
72578 73684 
239 42231 
13950 33990 
25379 73956 
14318 20782 
35470 63319 
53384 63504 
54643 58236 
13305 15661 
8496 67784 
4610 58131 
69779 73220 
56937 67641 
74398 74802 
3363 12998 
48075 57711 
54268 62526 
32982 47551 
15659 17173 
8803 45067 
34476 46794 
41096 73416 
14039 51329 
55511 59503 
61964 71604 
38834 73519 
30391 33990 
60954 63856 
41198 48547 
55010 56325 
42330 58906 
50172 52413 
40274 40707 
26109 50122 
65220 74164 
5473 39229 
12534 15070 
71274 73598 
9136 68901 
33903 71234 
53586 61090 
68973 71580 
56829 71662 
11440 40671 
63177 67208 
66101 70109 
43447 64329 
37792 38426 
58917 61983 
60354 72014 
17347 49405 
49025 69321 
55744 60986 
68107 73908 
22502 60732 
62871 69982 
59516 61656 
4668 46376 
63804 74404 
15640 41187 
3222 20968 
31475 66464 
13671 33483 
18111 45560 
67380 70812 
13204 55424 
64110 73028 
1421 58912 
42663 44797 
36450 56216 
45383 56969 
28219 45515 
14154 29327 
70073 73321 
16009 56306 
43811 51431 
73655 74093 
6810 33864 
51452 67837 
598 72935 
26007 43592 
20990 52652 
32267 61355 
50949 66916 
34724 63028 
68885 70344 
50791 72851 
50951 71810 
45584 66961 
69677 73566 
57877 68635 
33768 65422 
58904 63762 
19528 55677 
2738 9337 
51225 71469 
14190 71444 
36470 57211 
69680 73499 
3824 20307 
7114 49492 
39430 56285 
40203 45778 
8722 46437 
25157 72068 
45140 50124 
27178 37903 
29210 42592 
6051 25922 
46191 51228 
71919 74968 
32029 67803 
68914 73132 
15706 17542 
66290 70393 
25873 42720 
63767 74926 
65169 74923 
27627 36357 
26611 66980 
61508 74483 
55840 66798 
72394 73274 
13445 73983 
52375 74661 
66215 72449 
54001 67070 
37131 42476 
46050 69895 
9513 11363 
11190 39152 
21746 30104 
54568 68001 
67221 69031 
24563 74194 
34866 49054 
10544 72527 
36677 43062 
28529 45564 
25651 34728 
58388 63813 
32517 61784 
61429 67576 
60873 71860 
59186 74197 
28719 33449 
17173 47946 
15685 44969 
37170 50285 
40148 62392 
15906 45748 
26811 63011 
53844 71753 
57442 70020 
37904 58988 
45593 48833 
38884 48403 
53569 57394 
15555 18982 
72041 72932 
9990 60754 
57098 74534 
60773 74756 
18917 70213 
63572 69202 
14584 30833 
9864 59105 
29218 34744 
49838 64083 
50057 55521 
14100 16309 
39020 54246 
74105 74506 
20887 40931 
42066 51291 
25314 73236 
62959 74961 
44821 61251 
582 34317 
17318 20652 
29792 67559 
8377 28774 
71566 72606 
28432 65057 
5686 70966 
404 14486 
29635 63443 
17052 42985 
30801 50869 
23714 43894 
45237 73076 
68651 70123 
40126 44661 
69513 74548 
48555 65841 
70766 73492 
31500 36519 
10969 33349 
50326 71702 
16102 68740 
35208 51398 
51794 66761 
34072 55209 
69547 71410 
59234 64099 
2362 33107 
73347 74641 
29230 56918 
12689 24184 
11487 50735 
73519 73665 
43296 72521 
53526 66204 
31319 41146 
54114 72972 
41994 58976 
71675 73207 
35855 46411 
25738 65487 
24290 49543 
32346 60852 
47546 53405 
5785 39541 
38678 58839 
750 54761 
28268 45356 
70614 74552 
22773 73450 
543 7891 
7644 42978 
5033 38745 
9516 49531 
10344 72816 
39750 52202 
43950 60402 
2900 46749 
10659 31882 
13916 55978 
25028 25101 
26264 59299 
60087 66107 
65219 67036 
1630 2034 
20811 32576 
43836 68622 
9470 32750 
48821 71705 
11997 14949 
9197 35549 
62091 65619 
13146 51492 
55915 61359 
68761 70195 
39556 71998 
42111 65533 
6715 58198 
72537 74322 
41143 60412 
63681 66314 
24647 52050 
12432 51516 
45391 54064 
16588 57200 
48311 67913 
39255 49767 
51757 58240 
15244 74834 
61742 66631 
45273 59372 
9888 44416 
15341 42438 
50049 73273 
37664 46293 
11916 50149 
36100 56946 
73126 73182 
32801 39418 
6062 22693 
57907 67384 
38420 60986 
32536 33514 
51739 58225 
22304 66530 
35055 62756 
54340 68428 
45653 59326 
53367 65160 
18468 22162 
47736 49078 
44059 58780 
4622 39284 
40390 65933 
48948 61091 
54874 55204 
7940 8639 
21643 56890 
5002 20899 
28285 35819 
69840 74442 
69185 74145 
70782 71435 
22636 29525 
40868 56672 
23541 66124 
5191 18633 
7138 15769 
50754 64556 
21366 28304 
61944 64707 
49686 71460 
14220 34317 
52469 59307 
37920 39065 
26248 54704 
23977 39880 
8408 21301 
63880 65623 
3641 64607 
49774 71257 
56389 64746 
11957 12659 
32186 53882 
22693 37213 
57043 59207 
36398 47095 
53432 71423 
15426 66969 
6789 35515 
72428 72648 
24682 38103 
13598 35385 
2660 35667 
2514 29842 
26467 41770 
52772 62611 
3873 15287 
32540 45965 
42861 72727 
34681 37441 
29772 43077 
12246 67563 
53666 61260 
46623 56762 
59184 66884 
39694 72579 
25539 61517 
5833 33840 
73849 73852 
49882 72304 
12063 73646 
65137 72910 
16982 56886 
61539 74561 
71372 74256 
23158 59598 
60913 73435 
15479 64647 
55660 68899 
33387 50322 
43631 46600 
37212 62001 
46989 72000 
56880 57820 
8532 31718 
66065 72984 
40477 62878 
46673 63502 
24086 38498 
11851 34733 
22923 70539 
72728 73027 
13816 64854 
48645 48773 
35475 54489 
27281 38412 
24965 68961 
30617 40560 
7479 65002 
35840 53855 
28191 64989 
24185 58427 
13059 38922 
73912 74126 
24164 42250 
74329 74391 
20127 27487 
42860 67073 
30400 69702 
62631 73799 
12856 62958 
65576 74119 
48294 61095 
44379 67357 
19221 26000 
28498 70979 
29924 34686 
16951 73627 
11089 65450 
41460 49151 
34194 36947 
32281 56417 
69551 70501 
7529 61612 
54791 69370 
43376 65772 
35192 37375 
35867 44214 
23896 28149 
17476 27222 
34464 58735 
63309 72075 
49841 51323 
11117 13305 
36543 70257 
54510 69448 
66993 67077 
32516 55059 
28655 38559 
5166 35605 
57621 74187 
58944 62961 
54149 61883 
18563 72174 
3925 21505 
29347 44754 
26457 72018 
26998 43468 
12261 23563 
16725 51513 
69258 74243 
52003 72591 
55189 73806 
72906 73460 
26490 62752 
31022 70129 
45695 66482 
39634 68922 
2332 45844 
73392 73820 
39508 51473 
73842 73964 
30802 57636 
46875 47827 
15653 64921 
42798 63103 
14544 43466 
43466 63541 
16577 24856 
5614 27301 
46003 62495 
341 61432 
14782 58262 
34351 72436 
71383 71529 
28755 74311 
63534 69687 
723 58018 
66305 67299 
12507 26850 
45420 68164 
12841 52339 
60350 69315 
63711 72938 
871 2132 
48389 62140 
3074 46642 
49832 56490 
43639 56348 
33087 73563 
37741 66969 
59341 63484 
29985 52224 
36820 60391 
10978 35339 
286 38011 
26127 63506 
30697 35423 
3987 18737 
52468 56396 
18286 29458 
19822 35489 
57068 70199 
69129 71621 
72928 74233 
33649 71140 
54632 59670 
69220 74668 
16152 54397 
32352 52801 
18251 64255 
58464 70360 
13962 27590 
42961 64140 
7200 36990 
11371 12657 
8378 44623 
47283 73584 
38156 67556 
18951 62172 
53533 72380 
4674 43073 
4788 29677 
21757 59711 
41736 72822 
2828 44566 
71371 74382 
16041 58029 
53513 55107 
62501 72263 
60765 63478 
6018 45562 
13687 64472 
54492 59881 
54997 67369 
6149 37870 
18016 37957 
30257 48560 
17798 31532 
42429 49733 
65795 69355 
35804 46000 
43480 54707 
36813 62106 
18589 74039 
34934 44582 
60200 65461 
997 31812 
52172 74453 
29416 49165 
31741 65908 
11483 25584 
27672 57662 
14549 20709 
40556 61377 
3369 67969 
41686 65583 
2449 44126 
7946 57326 
7401 56781 
71883 73986 
10416 15732 
9063 42679 
1486 11338 
12390 63964 
60269 73137 
64437 71391 
53460 66116 
18268 49454 
46549 52846 
45362 60688 
8350 25584 
37756 71481 
25790 69563 
9371 17244 
32782 44703 
22185 34521 
23120 26685 
3325 65905 
56072 66761 
70245 71566 
6971 26624 
16431 51550 
1824 72533 
43563 61688 
59034 62435 
17311 54289 
56490 67842 
47281 64063 
72715 73683 
5291 73517 
35489 67997 
52859 73878 
3048 54083 
38474 44886 
22999 47100 
74529 75000 
24352 53478 
66171 67397 
28620 51746 
14208 52633 
29856 32280 
61721 71082 
19396 42117 
35892 74284 
5290 33717 
49274 68452 
33691 69191 
67241 73177 
71947 73077 
49798 71329 
56080 56394 
28524 59306 
38194 55425 
29497 55166 
64593 68014 
11318 15820 
69891 73106 
27163 64396 
34434 40855 
46022 50860 
136 72384 
26137 30373 
50069 53197 
15334 31334 
27833 35250 
55502 70553 
21617 27848 
70418 72912 
67787 69698 
161 14288 
29826 31192 
25036 62976 
15944 74859 
43562 58647 
74327 74989 
14345 40319 
68234 70202 
5036 74742 
40745 46590 
59133 68805 
16281 25912 
48500 49414 
44788 54439 
22074 55711 
16269 48429 
59749 69581 
17946 32597 
68358 72067 
54184 64366 
41445 68481 
2214 15876 
59288 64784 
19534 28639 
952 40577 
70167 71151 
66693 71831 
35033 53078 
72084 73597 
36109 41076 
61078 74331 
28680 56093 
16609 53070 
30340 72595 
19186 68416 
50592 73742 
8451 11015 
36698 56287 
38480 73730 
20563 67121 
46598 48300 
50488 58858 
36025 38954 
19869 55971 
50786 60581 
13514 60531 
2872 27844 
6012 40506 
28011 29838 
53037 69929 
36651 45482 
62142 68032 
21628 39224 
24805 41007 
26273 51878 
1478 6040 
63470 67114 
19241 35514 
65814 70856 
2133 42324 
3701 28452 
725 57926 
41567 65789 
22320 46256 
47399 54475 
13512 53506 
41088 52382 
31818 62968 
26480 27313 
15072 38283 
8177 18645 
48998 71331 
49891 60620 
5626 27635 
63315 72719 
741 68370 
48715 52311 
19464 63656 
73570 74596 
72366 73227 
58495 63333 
70547 72448 
29451 31417 
73988 74349 
68928 71277 
32283 34450 
17786 26708 
14271 53312 
23248 72061 
71453 72707 
36837 74927 
74106 74756 
15887 47448 
16436 30986 
5610 35622 
44905 56804 
58179 65782 
6230 56955 
48333 72606 
33953 41749 
67985 68288 
26754 63922 
58337 64287 
20247 72872 
38160 74626 
40408 48115 
32185 45497 
9033 38988 
56351 71082 
51766 56005 
37793 40327 
73288 73689 
2064 57774 
61617 68079 
9541 70567 
1818 7042 
20665 53306 
60628 67407 
4902 8949 
16871 57151 
20587 62781 
41137 45608 
43130 60761 
46779 58114 
62040 71149 
20334 60376 
69540 74308 
68238 70865 
12112 23253 
8285 62838 
36366 59489 
61431 68155 
36343 64781 
11909 43105 
39053 61756 
16963 46541 
32211 44252 
25 49542 
1238 28575 
6202 42162 
30115 69786 
25497 61437 
8519 33142 
31755 40781 
9749 70771 
12533 52677 
6401 44498 
13172 69041 
56113 72211 
53819 73477 
4447 54060 
37161 73740 
58802 70055 
27607 44828 
38328 74296 
71097 73388 
59874 69240 
49404 70791 
38968 48732 
24438 36627 
19319 48659 
71824 72793 
67126 68414 
57681 74954 
73949 74120 
39662 61553 
62703 70438 
30059 53502 
23022 45816 
43374 51723 
42308 58391 
27372 39680 
17879 47750 
6107 10227 
47108 52624 
35240 43868 
25257 67007 
69318 71455 
36220 42356 
49178 63722 
38800 45202 
37180 46130 
63722 70635 
21546 25687 
67964 74588 
52816 63236 
36787 47799 
2713 63097 
40557 59366 
46189 58566 
34423 67056 
31123 55202 
6006 72044 
31259 64816 
68709 74802 
45081 50556 
31260 35747 
29939 73629 
10146 52352 
8307 21722 
7701 54287 
46868 64038 
30440 33664 
71034 71659 
54003 68543 
21439 74792 
13566 46208 
41647 50221 
33620 44833 
62249 65356 
18577 42210 
6372 41447 
59361 68240 
74923 74996 
44833 69309 
27230 47340 
10458 35257 
50219 63831 
29909 48007 
20393 27892 
43590 53678 
35869 55016 
52643 61461 
65102 67213 
58483 59249 
69818 72839 
14527 32442 
52656 56743 
60404 69989 
53435 67385 
26594 66449 
59725 63852 
10352 46020 
66871 67979 
54344 63144 
67827 69591 
67653 72511 
7974 11180 
56116 57053 
46292 50606 
47551 65023 
46186 47603 
71106 72195 
58695 74869 
15127 44358 
42427 44351 
33437 57886 
73430 74702 
6249 46903 
5012 8658 
55736 61797 
56037 64172 
69990 71630 
13940 23372 
75 35444 
26111 65016 
2521 3468 
26030 44790 
19808 66789 
62837 63990 
65068 69682 
53244 54424 
47102 59638 
2486 50005 
23596 52117 
72736 73639 
8274 8664 
6827 69093 
42868 72019 
70861 72176 
38322 52120 
36820 65240 
47317 66051 
19098 53295 
47173 51143 
41664 67897 
3454 7721 
60279 71670 
20443 36506 
23461 59679 
31084 38511 
53973 65057 
42628 69317 
3280 71396 
6060 74194 
33011 36581 
35695 41423 
25472 30002 
28957 38071 
26788 66963 
7782 54105 
52068 54332 
69510 69553 
60983 68885 
16490 36874 
70022 71135 
23237 53212 
57570 74779 
51941 72558 
22678 48557 
52193 72556 
40498 70328 
29370 30002 
42419 53347 
3997 67896 
67629 72472 
44740 68358 
10443 45494 
34190 74684 
5372 72498 
64502 69274 
44751 49409 
12062 24674 
16456 70755 
62476 70338 
11832 24281 
2562 64084 
53807 61328 
5650 8563 
24637 51706 
66546 67130 
52357 67349 
26287 50456 
24741 49847 
70846 74659 
15110 56652 
17297 65278 
63601 66724 
47154 70328 
21506 35320 
12022 45836 
44638 45234 
21782 67484 
66680 74387 
24772 54233 
10773 17979 
69842 71704 
4332 65152 
10074 23095 
65948 73293 
48617 68495 
33058 50906 
69083 70998 
67423 68879 
23369 41180 
52244 62919 
62147 67278 
42525 52636 
2137 45153 
63453 66119 
43041 59065 
12368 68224 
66206 70510 
1853 49854 
19364 40997 
12461 72355 
32040 37423 
15405 59892 
18467 70495 
63616 67315 
56937 63101 
59669 66813 
19175 24627 
56025 71080 
64605 72473 
18871 20243 
15101 22636 
46164 60439 
62009 69323 
1564 43999 
15514 47745 
63044 71644 
42863 53612 
25339 35969 
13325 37630 
17296 70797 
69163 74562 
17069 65151 
34576 43610 
37719 49190 
49110 62037 
49213 53325 
66158 68074 
49142 52084 
43393 58257 
10100 34559 
8174 24278 
9258 45857 
26554 52321 
21662 40789 
14214 49437 
12788 21674 
10196 38797 
61815 71656 
45766 64372 
71485 71880 
66415 68936 
70523 70944 
73787 74725 
59932 70566 
74337 74887 
65703 66732 
65310 72133 
48953 58677 
39707 52670 
37422 65269 
31843 52430 
52808 63260 
69495 72416 
64872 67064 
47659 56750 
34146 35745 
28764 42369 
42326 73123 
57470 61810 
7739 60389 
43641 47319 
43616 72876 
54568 59109 
43904 59788 
41795 74163 
67934 68375 
4508 69484 
18643 27477 
67094 71502 
46418 68076 
69661 70571 
33977 57440 
11635 70820 
70951 74381 
52943 55986 
12226 33625 
59130 62487 
64559 73644 
36371 66529 
35815 67058 
51758 73655 
72957 73726 
64606 71476 
64049 71106 
4086 38045 
22847 28142 
58810 69421 
49593 60598 
13835 62035 
23394 40583 
47291 64720 
66830 73154 
15231 28791 
67829 72034 
22393 62996 
8769 16161 
7712 74908 
64280 66140 
42355 53492 
43435 49294 
60472 74961 
56565 70182 
4843 48309 
73358 73437 
2704 48274 
36667 54119 
35461 62630 
51296 67569 
58323 64688 
57184 60914 
66056 69348 
56341 73714 
30085 73944 
61226 64305 
69238 71673 
32559 42186 
55505 71210 
74823 74870 
12177 69934 
24630 65939 
18904 35955 
39900 40786 
23372 51316 
18740 71006 
50605 55310 
24692 55026 
30232 34449 
28590 71288 
68606 69238 
23277 40238 
29317 73715 
68109 68946 
17659 27155 
74844 74946 
26249 28633 
72759 74539 
31907 53841 
36781 70646 
58804 59759 
37202 72919 
46445 57987 
15749 26391 
15589 31292 
65169 70280 
66232 67624 
50467 73579 
47247 56325 
31723 34985 
39519 50798 
45415 52027 
30697 68381 
39833 71206 
30059 31739 
35192 45131 
46052 58430 
36412 70879 
15619 42935 
465 42278 
60265 65562 
33395 43011 
14115 69949 
26965 27689 
67219 74118 
49717 61974 
54134 58447 
49747 69315 
24960 40908 
47629 74478 
6591 19722 
42858 46131 
70067 72633 
69487 74419 
33731 60331 
49008 51219 
73507 74050 
68839 69242 
39492 43649 
10191 72882 
35795 63748 
71108 72624 
4851 16009 
9906 53539 
33368 36870 
6071 6403 
13299 45070 
53362 65711 
5243 66771 
57308 58301 
23538 49966 
6068 13706 
40055 73252 
72954 73177 
31454 63356 
15013 46027 
74125 74236 
50122 68132 
60098 64899 
4512 25024 
1185 37765 
12704 72618 
48187 51035 
5811 55391 
1845 38962 
13462 22549 
68844 72417 
28953 73062 
11887 48812 
19848 50045 
68812 70145 
13216 41767 
7828 63467 
13710 52323 
26217 30098 
10532 37990 
269 44613 
33582 74872 
19313 37948 
59387 67378 
5129 37271 
67636 72749 
24437 65965 
14204 42475 
38540 58356 
73078 73328 
73483 74689 
69789 74396 
65 30547 
74915 74964 
50038 59643 
68491 71107 
2987 60766 
72610 72966 
41713 55247 
11200 13448 
21040 73311 
847 27099 
18198 22093 
72125 74136 
40402 55185 
26782 74794 
14676 31432 
6436 64934 
1689 74818 
32466 50414 
24760 29664 
8450 24548 
64176 72577 
47558 68450 
24005 27732 
22198 29790 
9075 19733 
60785 65876 
34963 42054 
50375 72242 
30071 38893 
11951 44834 
17829 45907 
2873 36068 
51934 56209 
3187 4828 
14115 45540 
2413 2670 
65007 65070 
30516 38482 
3971 50578 
58255 66940 
4116 64294 
37018 68802 
74747 74812 
54439 68777 
67833 72569 
59391 72514 
5837 60179 
69601 70367 
44795 56585 
36967 51384 
5407 43996 
56103 68612 
5862 8257 
15933 59108 
64676 68061 
29467 33798 
33531 64340 
49032 64925 
62171 67294 
23950 25327 
39925 46535 
20372 57020 
38304 52045 
71118 73165 
42091 54602 
72209 72678 
20937 65799 
28354 59373 
18891 62232 
21162 45683 
5581 32120 
8298 32358 
69093 72820 
24628 40259 
10091 72355 
68737 70798 
41196 43119 
9429 49447 
8819 62622 
4555 11112 
14903 20656 
23778 51277 
51491 58987 
16325 25976 
28924 51119 
41053 74221 
45216 61280 
26022 52769 
36891 53645 
55331 66555 
54317 68764 
10497 63145 
7982 74653 
59188 62887 
46078 59364 
51565 54305 
23654 63710 
21927 25571 
38291 53583 
41023 61149 
74811 74866 
64410 70766 
5341 14717 
63202 69130 
51779 56924 
26609 60518 
71682 74861 
27025 36433 
26595 33414 
11103 63443 
20906 65870 
74823 74838 
9375 52202 
60117 60470 
38185 66237 
18880 72034 
42965 47268 
10944 46957 
44719 57669 
29532 64502 
23448 40274 
51129 73822 
70685 74315 
47195 67849 
57126 68344 
24533 72177 
6044 37654 
27209 69799 
16409 25431 
69078 70395 
20894 48575 
38906 58405 
40928 57729 
10263 21846 
53040 69753 
32992 40688 
35852 44148 
4364 72608 
9804 22513 
16972 70433 
50910 61921 
44343 68349 
44657 45790 
3616 25633 
1868 24326 
48357 56567 
55405 69900 
5 41185 
46496 50080 
41101 69454 
487 26331 
9466 71704 
71922 72907 
36641 64571 
44604 65153 
26469 32359 
57826 63255 
29441 59031 
14230 29896 
49060 52914 
14593 55298 
41849 64742 
67683 68139 
53938 73911 
40563 65625 
25034 25915 
63271 64670 
28993 68270 
50591 65812 
26325 28099 
16247 18782 
17798 72589 
31489 65082 
45256 69315 
34645 39548 
28823 37190 
19371 61422 
60782 73762 
49116 50935 
33802 52382 
23619 48336 
8668 60635 
7652 73861 
21560 44681 
46364 67303 
67091 68739 
29687 66113 
24134 28713 
25652 40728 
11524 34976 
33740 74924 
5969 66195 
66244 68282 
60521 63086 
43591 73014 
55817 66058 
74577 74963 
66264 66569 
63502 73633 
67507 72828 
62614 66306 
62522 63227 
63145 67025 
39003 41137 
15650 40286 
72049 73945 
53931 59238 
20666 29409 
52111 61757 
13420 56965 
47894 62361 
69572 71379 
7822 68018 
28768 36964 
30579 45761 
20698 51624 
60856 63424 
957 11017 
26105 58235 
45807 55291 
51470 74920 
35469 69419 
30342 41789 
21296 24800 
31713 36639 
58980 72954 
70524 71192 
13864 53965 
30741 60521 
67605 74332 
24855 35742 
5773 59181 
21443 32762 
19998 71489 
58837 62247 
28422 70133 
26746 71297 
32040 62633 
52870 57003 
48534 59173 
48392 56153 
3992 16635 
7926 56641 
18919 53285 
8452 22738 
34839 47566 
66024 73632 
52044 55123 
25615 48499 
49051 51841 
55021 70027 
64231 74494 
50098 66332 
8896 60431 
64514 70009 
62694 69151 
24445 44831 
15479 67301 
32413 47212 
67455 71584 
5437 16639 
1777 35320 
40303 58091 
7590 63314 
33053 69845 
36597 49504 
60345 63908 
74689 74867 
63385 69359 
22411 51806 
41688 59343 
24583 50782 
13152 66717 
39168 50388 
57514 71226 
7561 9403 
68389 69883 
41109 45367 
38991 61955 
1806 36078 
36270 73860 
64771 67023 
74938 74952 
55326 72759 
28265 44254 
5873 72300 
21659 56745 
40912 53435 
38536 54778 
12422 13850 
20463 23624 
17225 61947 
39669 49546 
35940 60267 
43496 73568 
54236 55390 
27103 38070 
5179 55617 
35023 68230 
64700 73642 
61920 72159 
69375 70846 
35558 40723 
25438 61088 
23954 27155 
39728 50494 
31057 33467 
13803 69252 
51209 51707 
62659 66493 
69984 74953 
59365 73158 
69695 71871 
64790 68397 
8234 11361 
17914 48485 
10332 41555 
67023 68091 
25138 65792 
65854 72456 
59322 63148 
2641 23440 
24130 60366 
36929 56188 
44019 54045 
33579 68932 
20827 27935 
58772 70497 
34314 36070 
35902 37560 
4310 36368 
59854 63465 
10793 73306 
52845 55691 
19963 72587 
64507 66069 
4606 36156 
26428 46919 
43577 65094 
28662 36427 
70914 74628 
15748 30131 
48835 66592 
68438 68977 
53422 74763 
69444 73197 
53404 57441 
18233 44932 
8849 56724 
39395 66162 
29793 33639 
2752 37174 
41602 45890 
11721 33450 
32384 50049 
42552 59711 
37156 44857 
58755 70565 
15345 67768 
25825 70009 
58181 69429 
65493 66753 
67320 69680 
24860 36558 
16728 34737 
21172 55313 
29868 38048 
29684 67921 
15251 18979 
26438 71674 
72969 74950 
22996 71155 
22036 71478 
32807 51534 
4451 22191 
50047 56761 
4605 25707 
64657 69237 
21259 74040 
1027 46302 
29894 49705 
13374 30582 
59848 70865 
55634 66652 
30857 72498 
39978 40288 
682 3655 
11277 35152 
46551 74491 
63153 71720 
58858 67072 
31747 53987 
60884 62541 
2713 63136 
32516 57038 
64301 66814 
3486 28066 
19425 50472 
30697 43532 
42487 44913 
49500 62558 
740 31793 
8792 19076 
30735 31972 
20359 55874 
56024 57866 
71748 74017 
15572 24521 
35673 56527 
2196 19727 
21573 27596 
24978 72300 
35694 62162 
32328 61112 
39154 43421 
44448 65384 
49363 53378 
48166 68504 
20682 53264 
27830 40168 
23178 68177 
41450 59910 
23698 69970 
26803 69886 
45636 61131 
14070 23586 
7997 65429 
70498 74350 
6562 21562 
62100 64200 
70224 74390 
9691 56772 
39973 67824 
50795 58101 
46049 59809 
48837 56919 
30038 65796 
2645 19303 
54147 69426 
4504 24911 
44013 66118 
68419 73657 
27696 68257 
68869 72917 
62209 67373 
28440 55333 
27064 70117 
5037 18123 
2888 36033 
42467 49920 
18685 45018 
53243 65983 
74338 74738 
17151 67534 
49465 50623 
29288 32331 
56250 71306 
61058 67934 
1368 26596 
44303 64219 
36545 67477 
37241 40797 
34691 69223 
62537 67061 
33143 53802 
55506 59349 
69248 73575 
69532 69834 
10566 60258 
3260 46660 
71231 71587 
69598 73349 
6040 6270 
65070 70052 
58089 62621 
74634 74764 
32355 65556 
59418 63176 
26193 63236 
65101 74103 
59501 73338 
23889 41730 
73239 73966 
20620 60820 
74765 74786 
15786 50830 
16261 55019 
51745 61804 
41783 44215 
6396 58130 
44391 47376 
69536 72567 
38673 49224 
39588 55719 
41316 66107 
64924 67691 
26554 35999 
54944 56318 
69369 72142 
43338 64120 
48931 63271 
351 56523 
47042 47181 
18509 50105 
1598 64015 
70414 72289 
36362 64502 
15027 73882 
60215 72013 
56167 56834 
18727 71505 
35162 69136 
4975 26288 
52381 65727 
4517 62512 
54914 73583 
20193 52391 
39634 60571 
25992 44791 
43651 69172 
16670 54966 
54712 68001 
38615 73556 
58621 60535 
37084 71455 
71812 72863 
69251 72065 
67139 71612 
47514 68034 
50382 72741 
55245 61866 
57408 67308 
69216 70990 
4942 13035 
21854 26244 
67825 68342 
13393 63918 
62928 74553 
46609 57420 
66340 73519 
47852 69855 
26178 62237 
41083 47241 
5985 22137 
22518 29704 
62146 68877 
23157 51455 
55217 72234 
69198 71175 
56614 68569 
74003 74550 
13236 50799 
32337 65546 
6584 64150 
20397 57252 
73226 74914 
72658 74633 
73190 73523 
57803 72451 
58923 66141 
38469 70422 
12497 70411 
66884 68775 
55599 56084 
71159 74844 
32211 35008 
1871 17563 
28246 67461 
9427 64580 
19678 62443 
52600 70805 
9304 68580 
9995 55083 
24564 48912 
6941 24187 
63113 71968 
1093 2662 
12335 39735 
59558 69316 
19736 37203 
38305 47634 
888 54058 
36924 60127 
44943 60406 
45059 61909 
15355 71021 
19394 51689 
57590 64290 
69934 71588 
13722 16553 
13939 47286 
30172 45494 
7235 40462 
41721 52959 
54883 56092 
25577 71492 
17432 73709 
783 4428 
39113 39295 
50912 73911 
55334 64158 
68896 71687 
73865 74760 
17458 72176 
20446 48359 
31664 48208 
41438 48547 
59493 73857 
10939 22422 
32868 54042 
51500 71064 
59259 65480 
23686 43206 
38660 51423 
21758 53784 
22077 68477 
17812 25007 
35683 70704 
65726 73336 
28226 71683 
9458 27503 
72281 73360 
26377 37328 
50582 72818 
8615 43339 
5220 21228 
8927 35566 
2683 13363 
68731 69099 
16895 19107 
37120 50413 
59726 70432 
25173 74870 
5038 10875 
8616 41211 
60160 70528 
67032 68954 
10795 64208 
12569 31974 
57841 64614 
49287 58488 
52193 62006 
61074 68898 
56693 64972 
4862 35737 
58866 69463 
41757 63249 
6206 35609 
26223 67554 
48464 48651 
2230 72498 
5154 38018 
31517 34139 
69670 70210 
20631 63916 
69725 74060 
7122 48636 
67726 74203 
6446 33127 
38359 67737 
23952 66286 
38956 56704 
63503 72414 
19629 57136 
1470 31295 
50313 66594 
11036 58077 
8589 36994 
15109 31560 
42556 68717 
47428 51355 
12507 54843 
45025 72811 
52639 54078 
31708 49721 
39751 58166 
19504 42292 
56847 62977 
47927 71854 
9737 29323 
64452 65764 
68532 74574 
30753 71799 
24411 48037 
39121 53392 
63827 66724 
13028 45522 
21689 30511 
5249 63761 
74165 74672 
20872 44003 
13680 73205 
15729 23828 
25043 30880 
67238 70603 
36240 59553 
42354 56355 
56021 71011 
35743 45351 
3405 24013 
16905 43376 
73739 73883 
18156 68269 
34751 70504 
38303 49563 
54897 59703 
12789 38048 
69502 70840 
52638 64325 
28164 58057 
58297 62788 
12779 39773 
7122 10319 
69800 74283 
37239 61089 
21018 67311 
68618 69972 
57448 63506 
9209 63291 
33004 48030 
71603 73082 
68559 72596 
70288 74249 
30598 57581 
30575 54503 
55000 62554 
20865 58097 
60427 68353 
20222 60745 
9876 12410 
70296 74694 
23586 36832 
13575 56928 
58307 68905 
36027 61454 
40482 74888 
43814 56273 
45293 49787 
61433 64060 
17692 74486 
16084 74296 
46646 66891 
47191 70362 
27879 32923 
55634 66207 
11006 21764 
29569 55111 
23800 48625 
42877 68742 
43957 68820 
18304 55943 
26783 54386 
23758 32070 
13722 21589 
65190 65545 
14731 61033 
72602 74546 
32536 49757 
74023 74026 
11767 41161 
63673 68563 
26356 30180 
67592 71856 
51659 59732 
50141 59846 
40176 72215 
12882 72356 
14084 64522 
22583 61505 
22476 37573 
49970 53790 
31915 60773 
59497 68456 
60142 67623 
24495 26163 
65613 69331 
55637 56108 
39526 70573 
25059 46607 
50276 50452 
67437 70861 
55099 60078 
5178 15770 
17923 45269 
54207 65344 
31252 50126 
68632 68828 
66831 67877 
67807 73167 
40177 53473 
31070 71226 
52659 68085 
26691 60670 
11186 52133 
5782 6249 
64627 72348 
2093 10642 
29145 66703 
50084 73351 
34404 40133 
70303 73950 
7875 57354 
66839 70597 
11010 65184 
5867 43384 
22001 63386 
45594 72355 
36911 72370 
32349 42939 
65981 66579 
61727 71137 
6920 14416 
27398 40884 
24120 53422 
56966 67461 
50260 63004 
12308 69028 
48072 65941 
2473 37914 
55727 57326 
4445 46977 
30268 72506 
69156 74733 
48629 61220 
14558 71644 
3918 6523 
1031 36790 
50721 66854 
34404 42400 
67784 72676 
2443 73843 
14074 73561 
71187 72173 
11703 52394 
41350 63908 
21661 64395 
17252 51880 
2147 48938 
58864 63623 
61220 63369 
13362 66053 
40837 73531 
42976 58362 
40853 50128 
67888 69011 
25781 29559 
58213 60878 
18645 42466 
14384 46710 
63713 66370 
13598 43569 
73363 73507 
7048 20571 
57530 70707 
21704 51444 
13480 20775 
51835 74567 
72547 73091 
47854 52754 
72980 74004 
30106 65966 
12716 74121 
60532 65994 
744 32680 
12113 59313 
35176 64877 
52665 59184 
19533 65825 
73130 73326 
70507 73880 
57176 61687 
55741 62196 
42710 59621 
71054 73089 
44696 61699 
69761 70555 
29068 40992 
20518 63780 
45340 68862 
59725 70975 
2004 22492 
58986 74245 
55892 63314 
54401 67500 
14265 16884 
54967 66658 
62961 71600 
38526 41142 
63511 74339 
66314 74738 
19707 29862 
21136 64556 
71992 73399 
72192 74396 
72947 72975 
40978 69462 
16874 31064 
31528 45231 
66710 72628 
46455 73976 
43368 67946 
52029 72317 
74562 74915 
65513 66254 
19434 32237 
38651 49922 
17675 74605 
23982 58956 
51302 60725 
12964 56352 
59827 71755 
1347 60024 
57013 72436 
42427 45298 
31367 72576 
65494 73226 
37582 65547 
43776 68485 
31224 32297 
41481 43803 
40885 49714 
64988 70819 
45668 54051 
52504 59449 
43308 61540 
54083 64259 
16332 72724 
32179 43593 
32676 43883 
20085 21527 
27027 56619 
30084 61609 
16749 36194 
11201 23420 
20118 51455 
6377 34103 
66532 70218 
11338 28203 
42054 67961 
66389 68435 
45813 70276 
73531 74688 
62420 65021 
50288 58232 
49777 50237 
9653 41608 
15033 55187 
45654 62196 
71325 74520 
53713 70282 
8883 47252 
58038 66467 
16004 27880 
12097 37669 
51161 52817 
51179 70586 
44403 49738 
20613 52115 
7762 46879 
8953 13586 
74504 74593 
46200 72765 
44674 68155 
49764 59311 
21532 45756 
42308 45336 
39295 69783 
50269 54672 
67789 69070 
33248 61789 
38835 60766 
53635 63487 
30242 71061 
50734 62373 
18314 54375 
39890 67422 
74787 74889 
13878 48911 
22004 56615 
42234 44979 
71728 72997 
6827 51444 
44451 60688 
38323 51527 
2605 22801 
20935 40563 
51858 54346 
73249 74859 
62416 72647 
17111 71012 
9736 11518 
33911 56950 
30279 51108 
69081 73553 
29996 30592 
67033 74038 
7797 8615 
13353 63248 
29042 29544 
21737 72146 
8012 31738 
14481 54590 
50038 58383 
52174 55036 
59774 68713 
37048 72314 
18738 50731 
6803 39495 
17421 46216 
42804 70122 
37003 55736 
43242 67763 
64725 67159 
55512 72252 
62832 69836 
60772 72299 
5078 58274 
46022 60214 
38104 65347 
64359 67636 
22996 70280 
9087 41058 
65930 66952 
28339 49888 
71933 72482 
55500 64116 
7443 18237 
35681 39139 
19560 69254 
40030 69381 
25378 44872 
18513 57100 
52543 58806 
62033 73148 
68533 69343 
24549 35284 
7255 41585 
48366 67892 
71792 73293 
63273 68153 
44098 70011 
36434 41843 
43467 63927 
34931 36494 
9809 40902 
48285 74285 
17160 67315 
9331 64262 
51040 71537 
48508 69671 
51114 74155 
20072 51095 
41512 50120 
29582 59691 
39378 64994 
63226 67425 
44193 61713 
53928 57582 
63246 74246 
35009 62955 
34073 43171 
48106 61820 
57745 71969 
37753 51184 
59488 67345 
47567 57013 
32540 48998 
13379 63513 
58933 67673 
26576 71734 
25997 48847 
27062 46847 
72364 72930 
60093 62466 
56203 60725 
4360 66997 
2428 66205 
56829 74123 
46129 50307 
18865 28326 
14818 64007 
45215 54093 
11945 26957 
42042 55106 
48487 58067 
27880 31136 
32873 64699 
62097 68555 
12003 53863 
54727 58958 
47547 74242 
16990 36417 
26790 67558 
2996 8586 
1363 32025 
4012 39606 
73768 74983 
11040 57186 
28343 51990 
56494 69854 
67604 67651 
42261 53659 
19842 69496 
35608 62015 
17515 67804 
70794 74955 
28597 52433 
14134 69799 
21959 25082 
33986 61736 
10272 46055 
54324 57573 
18496 44331 
3925 15253 
28348 35056 
23146 37057 
25609 45610 
19828 29498 
31303 35698 
63182 70711 
27158 27865 
3645 72275 
22568 61151 
21688 34102 
36825 58622 
43052 47189 
53324 58385 
39086 56672 
44739 66559 
6909 41410 
11429 74792 
34452 59049 
42939 63051 
1082 23754 
50571 60702 
47635 57828 
33380 50639 
38210 60001 
68011 74217 
17444 69626 
14663 34447 
16424 52748 
16102 31748 
13624 26571 
68655 72145 
16221 62657 
21462 44204 
19333 37760 
62310 69308 
32283 74102 
43621 71992 
31886 38142 
40126 69002 
12905 53799 
53816 57570 
5697 34288 
46662 51000 
33601 72101 
41538 42120 
34198 70716 
865 45157 
223 61558 
57361 72492 
40746 57379 
3327 61488 
56823 57866 
46066 70781 
53922 59128 
31099 40609 
37067 47303 
25228 71326 
2847 13026 
27171 30774 
39120 55319 
69696 74205 
50982 66258 
30787 45106 
43024 44644 
26935 37292 
74212 74604 
67440 73911 
72081 72546 
43879 58375 
42387 62113 
54997 60625 
72151 73487 
51804 58516 
56492 69959 
55620 70388 
33077 37376 
46790 61522 
25730 31383 
23921 24247 
74053 74381 
16045 46564 
65172 71950 
13162 67177 
67756 70225 
74533 74663 
62780 72178 
51571 67402 
16689 48250 
50064 74287 
65038 74297 
35682 37222 
35166 40208 
73140 73987 
284 65950 
70523 73266 
35054 66367 
38028 39860 
35709 56718 
52777 72775 
68118 70104 
66098 71614 
32425 74662 
45676 72459 
68010 73674 
29435 59136 
17603 49110 
40373 60772 
21290 55498 
58853 69062 
69747 70308 
70588 71400 
57034 68321 
13787 46464 
36290 48596 
45691 67511 
25137 35551 
45117 59011 
35070 74228 
27880 70592 
45493 74911 
55621 66578 
54515 60356 
64543 73988 
33276 61819 
71009 72351 
59946 68787 
8543 34005 
41513 51338 
2809 24005 
56408 67965 
8447 56460 
47688 56557 
44184 53627 
49632 61836 
21029 65731 
48165 73563 
73233 74903 
68901 74798 
28824 29681 
21623 26845 
53113 70706 
13577 42585 
57862 61791 
39858 46794 
18484 27658 
31593 74938 
16086 51421 
67148 68093 
66253 74291 
36600 63931 
32589 69927 
31404 41162 
53498 60398 
58862 66128 
67449 73754 
8896 72602 
47979 56158 
17611 63094 
72715 73445 
34204 47964 
56885 68398 
51965 63066 
63891 70561 
40579 72279 
43596 63220 
74959 74987 
72325 73011 
68884 73544 
12076 22100 
67412 68576 
56021 56438 
17650 63861 
15102 66221 
12006 28154 
41475 52782 
16464 62929 
46722 65435 
63913 64560 
46184 49746 
73413 74576 
28706 40089 
31268 45015 
9103 51088 
29649 32244 
15819 38498 
11212 23514 
11021 74954 
51570 55148 
3014 19792 
59817 67524 
25083 51819 
49970 62486 
49875 52218 
14735 26260 
41350 42636 
26528 51723 
69556 71504 
46101 69155 
27261 30556 
26049 26757 
26527 36141 
74380 74543 
19495 28373 
66706 68820 
52077 57259 
72585 73040 
12069 43376 
4237 24159 
4277 52177 
57464 63746 
30141 65079 
5918 50120 
9565 56866 
30558 36354 
24455 56494 
68940 74323 
70222 74169 
14678 35057 
17154 67968 
12756 43221 
8528 30451 
23017 38719 
24332 60902 
18517 44704 
44820 59348 
43491 52801 
25182 37638 
10255 69648 
23862 32603 
34632 68605 
28075 73057 
64511 67124 
27142 58469 
47932 61433 
31874 51067 
14920 23145 
41970 71048 
26239 47325 
27275 32182 
28944 52825 
59584 71438 
49322 64678 
42545 62752 
587 60688 
16082 55250 
51673 60081 
42778 51857 
71309 71901 
20191 21118 
45016 46018 
11825 21696 
48527 60849 
39845 63284 
42471 49391 
58973 74714 
9281 70070 
74811 74932 
56961 68195 
33652 57648 
74439 74952 
39230 69443 
36743 73203 
39360 72564 
72032 74209 
48706 73985 
21860 60031 
69132 72103 
37525 51983 
49397 73636 
71053 72829 
60576 70917 
4493 24121 
68701 70218 
1642 15890 
56879 67304 
2121 67762 
64552 69404 
66359 69315 
62195 74728 
48038 51397 
3779 58660 
11200 70053 
30584 60689 
53324 66939 
804 39688 
29182 50124 
63257 66714 
58565 70144 
67897 74317 
51399 61066 
29942 32503 
18498 65805 
69817 74105 
56665 73414 
17887 69827 
26702 59669 
39439 43494 
19015 24972 
27740 71835 
41127 66891 
19235 34348 
12538 19057 
11251 56121 
71054 71486 
36239 73108 
65161 67237 
18941 55949 
63979 73545 
49831 66307 
55356 70255 
41978 44291 
51394 54420 
13762 69343 
27573 57237 
43151 58786 
62229 63757 
595 46947 
13665 26456 
15041 68564 
49956 58028 
67661 69817 
7780 36426 
16997 73692 
60214 64143 
7688 41403 
6640 21297 
15494 69100 
26824 34498 
69568 74186 
40779 56987 
61992 69624 
33832 70112 
17042 41825 
7709 18883 
9227 33980 
51370 61394 
37795 44179 
35550 70232 
48687 67471 
37283 74227 
74319 74718 
70202 71495 
73668 74063 
65441 65577 
53716 72825 
65765 72313 
53477 72396 
73732 74050 
41376 67312 
31501 51411 
62192 67520 
5712 37630 
26205 43676 
16303 72430 
34930 46908 
62877 64725 
60400 66700 
44818 56625 
37234 39582 
1973 9529 
74537 74881 
7719 45370 
55666 68012 
44583 67061 
5968 35735 
46277 69191 
5121 61493 
17604 38352 
65763 68437 
19750 46520 
56781 59653 
35201 53077 
61628 69749 
72475 73639 
59347 70760 
38799 54261 
63148 71026 
66568 69173 
57834 74310 
72244 74217 
40870 57009 
72370 72945 
40509 61290 
58453 62175 
33909 36959 
73826 74689 
50813 65922 
16540 65805 
14521 17414 
60248 65699 
13952 33220 
63465 73627 
72396 74933 
53523 58206 
63723 71620 
36578 54535 
57023 60844 
8823 10249 
13771 67089 
43180 66657 
42865 64346 
11556 58243 
1240 73083 
60600 72223 
1216 24843 
65976 67689 
10434 30158 
7042 23652 
9174 41927 
72207 74108 
51015 66434 
8012 39674 
52219 68010 
22572 65975 
39119 72243 
289 3619 
72063 72084 
20025 27748 
63 62719 
49379 56873 
47118 74600 
6638 52941 
1750 16653 
11438 52603 
45309 73842 
74240 74962 
48368 74333 
32812 53528 
4559 27713 
46506 49669 
8276 15657 
51921 63148 
44690 62933 
30623 53986 
20670 65288 
21948 50796 
20081 27748 
41998 63500 
29189 52966 
57943 66071 
29604 51368 
11366 20510 
12360 14230 
30798 67254 
28560 72903 
2462 55713 
61144 68568 
32185 53117 
49006 63901 
55537 58121 
48027 49768 
45824 68315 
55405 66509 
48799 59658 
10896 18620 
25624 46814 
34342 56082 
62536 74849 
3057 13590 
20455 70858 
5452 16484 
49832 71933 
24244 59723 
2703 4997 
19302 54785 
10963 60097 
7978 22701 
41433 42593 
14890 26871 
39869 47974 
48708 74428 
3350 22350 
68422 72197 
32101 33370 
27110 62397 
17882 65882 
49 52400 
30616 67618 
17736 28852 
3622 3739 
49524 63111 
17478 60401 
42893 48836 
52985 68041 
68891 71632 
27112 67255 
71356 73560 
53338 65164 
36861 53741 
54497 62836 
20487 38603 
68272 70027 
24057 32157 
53818 74822 
31400 41766 
17778 19002 
31529 39315 
53717 73214 
10061 60591 
47642 68418 
7326 14021 
46124 50268 
25152 40420 
38676 63306 
15826 30844 
12000 30115 
50187 64510 
26799 69562 
50310 51759 
64846 68636 
57154 69104 
15651 44250 
10272 22888 
38871 47133 
67195 70936 
31328 65788 
53048 61737 
58783 66638 
52531 71840 
40123 53681 
52486 58716 
64243 72129 
73619 74301 
49428 69481 
39409 48693 
66301 74629 
23769 50996 
38292 58639 
18956 28628 
69069 72634 
13214 18425 
47537 70044 
71886 73986 
5363 14876 
3922 37625 
33217 61771 
30042 55230 
29258 59437 
73141 74227 
49198 54303 
55495 58395 
60820 68596 
46142 52807 
47748 50186 
11978 39478 
32124 42199 
69125 69599 
5077 44462 
30525 53788 
24753 60814 
34130 64565 
36162 37636 
33171 71384 
677 13329 
18505 32667 
39492 72461 
65643 66458 
2289 41016 
23918 26123 
65781 66743 
74676 74691 
57167 72232 
18574 37403 
55459 71255 
12043 68530 
6983 12222 
59105 66319 
68883 72972 
37552 45118 
11712 28479 
27842 68424 
55141 73618 
30763 58076 
64632 74182 
7718 47501 
3740 16780 
25614 48367 
4673 62855 
31902 34708 
39917 73574 
35268 55428 
52038 55621 
36384 44609 
17126 52472 
56865 63579 
43269 58824 
24380 24837 
49600 51011 
35766 73976 
424 21723 
62375 64258 
49640 67024 
13836 61556 
30161 64002 
40805 52765 
40946 60674 
54773 64365 
58659 59310 
3323 52916 
69920 71812 
4341 24807 
35296 68955 
51690 69251 
14612 58112 
36439 43603 
14918 33076 
18431 33238 
47986 60408 
54366 71043 
37525 49738 
331 11203 
42258 46594 
30977 59282 
26448 40730 
16646 60908 
46950 47852 
24940 27371 
42408 44271 
4768 46262 
4488 45565 
50657 56591 
48388 55506 
50085 50275 
70571 73967 
23410 41339 
48872 72425 
7884 59756 
39279 67825 
14849 38325 
3756 48209 
41490 57733 
13646 33444 
71765 73426 
72233 72586 
14954 34414 
35594 53360 
26654 50328 
25699 68824 
22368 47483 
42925 71516 
8215 53633 
29707 35948 
28153 41608 
39998 68224 
16477 67341 
46928 58915 
41753 65379 
28670 72863 
7848 72639 
31372 55474 
39555 65601 
37665 38623 
18946 56839 
20659 28103 
20057 58150 
22157 53409 
5599 19573 
5322 21981 
7811 17394 
72916 74330 
1606 37785 
27163 43476 
27319 69685 
35956 56659 
19229 61041 
63644 73242 
24897 50619 
59296 66845 
36136 65244 
61670 67998 
64687 70644 
27825 50555 
31321 73077 
72713 73062 
50188 62016 
39473 52583 
34317 59636 
46582 66338 
60355 65195 
39162 68351 
64866 71620 
65948 70633 
59429 60717 
11700 24744 
38866 66759 
9616 16576 
3600 31162 
56671 58113 
15784 23885 
54161 65428 
74384 74953 
13625 24371 
29743 47463 
28801 52197 
48315 64366 
45329 62807 
62194 70616 
62898 65584 
40709 63295 
62397 71088 
65739 67212 
40852 51837 
25003 30119 
63787 74827 
4030 16989 
26652 35598 
67944 70656 
58811 64300 
73429 73570 
22741 70958 
42380 64883 
73418 74703 
53090 55008 
32277 59402 
57414 74673 
38380 55503 
56788 58509 
62681 65817 
56292 73437 
72573 74327 
41419 70223 
40408 69360 
32401 38351 
63115 73400 
534 12592 
2863 51232 
34947 41620 
49296 65986 
55448 58861 
17915 40174 
24491 58061 
26895 51882 
53888 69315 
50096 53765 
32753 56435 
20947 29943 
17282 17590 
74552 74669 
3157 73137 
42697 47753 
6184 51465 
20120 48102 
58186 62922 
41090 67293 
42016 52652 
15156 72036 
22369 68964 
29250 34247 
19169 34204 
5571 14507 
19876 28209 
15442 62312 
34051 69611 
6813 23047 
23209 24492 
52065 56030 
44409 59896 
18314 50208 
19998 30686 
56718 71741 
31449 31589 
20318 40534 
69067 72118 
5921 56974 
14586 72945 
34511 68719 
58469 58718 
31479 47000 
27458 51174 
72315 74933 
13671 38795 
49490 59743 
68491 74701 
31910 59945 
46342 52170 
51505 69974 
66243 70719 
66152 71525 
57067 70610 
16379 27448 
42818 50492 
16442 28554 
59902 74025 
73773 74492 
31444 37240 
65634 70856 
56230 65868 
14280 31689 
34574 59637 
6886 9927 
35320 65383 
55960 58121 
30111 42230 
2075 12324 
4693 62353 
17532 21023 
32807 45060 
5412 71074 
7685 13605 
22456 26353 
68998 69354 
66667 70828 
12568 31181 
37122 62305 
13578 21623 
66583 70991 
6004 48460 
31742 48537 
73793 74416 
243 12487 
7042 37083 
48027 57343 
32880 74987 
42933 53602 
25389 47124 
62999 70209 
52633 62684 
70618 73297 
36389 72266 
14700 53548 
5275 34174 
68764 73501 
4350 59173 
18591 30230 
43113 58904 
51371 62895 
53400 68462 
50240 68417 
5228 20538 
27155 68331 
70994 74818 
39261 73954 
53625 60267 
28441 47550 
4631 26769 
64115 65927 
17519 47981 
37261 68085 
4759 64722 
48708 72759 
71909 72586 
14046 37896 
12450 63539 
27772 38952 
42423 48783 
10324 50806 
27593 52868 
42943 66958 
51718 60405 
72200 73605 
18490 54413 
72670 73935 
6283 15767 
51421 51536 
39932 39946 
36208 68203 
428 6012 
59698 60626 
16835 61176 
66916 72439 
15526 66962 
48227 50639 
15666 62066 
21141 63670 
40418 55294 
303 22857 
40579 43182 
21269 37403 
20206 57999 
6747 46492 
44616 50657 
17870 48824 
36248 64111 
8240 13554 
7080 17825 
1118 25448 
13513 64432 
38856 53439 
38390 59610 
29728 40290 
72217 73276 
742 34971 
724 61832 
37889 73053 
46209 65564 
22383 22640 
9961 33555 
74595 74973 
57315 65848 
5943 57859 
12052 15861 
45834 69876 
45111 62190 
48792 50673 
20124 26560 
49859 64015 
53895 56501 
29017 36392 
5274 40013 
37241 63456 
12474 13968 
45337 51903 
17135 68148 
62866 63502 
24306 30962 
21063 65984 
67037 70402 
26810 35233 
6833 62570 
26006 42275 
57792 64350 
25012 66822 
1989 64247 
51377 69986 
40783 65955 
39312 54825 
35091 70095 
11591 43343 
73608 74683 
37038 50878 
23625 58546 
60141 60167 
57738 66980 
13206 37017 
5587 73140 
6133 21015 
51437 67164 
34360 39525 
13316 27477 
16177 63056 
17297 23466 
14525 31135 
55473 67363 
28970 44498 
9224 30272 
15287 16990 
25253 73801 
8361 55101 
23424 43939 
12964 21123 
33227 69472 
28415 37290 
60171 66762 
30532 62634 
4427 57904 
41421 63162 
14247 21301 
3231 22865 
63343 68713 
12077 24960 
68112 70743 
51478 61545 
8366 14725 
53099 58039 
48043 53216 
55408 68685 
7722 39968 
1081 69123 
5890 27834 
66964 68273 
21950 55647 
66204 69221 
14279 72084 
20260 56081 
54496 56559 
36842 67005 
59736 64566 
69085 74248 
11317 21660 
34878 39424 
29256 33039 
469 39286 
18068 67222 
59247 63528 
44626 65243 
39534 60137 
16904 40527 
1282 7113 
18793 63358 
58699 66258 
73094 73537 
29325 74875 
65356 72907 
62949 64052 
33218 54427 
30781 45149 
32808 58340 
74688 74884 
48259 61525 
26654 70470 
17221 64723 
28645 36318 
3708 38638 
15484 59323 
55411 60141 
61552 70795 
36821 44201 
9819 31030 
59481 74880 
31661 67732 
25850 29148 
56912 67978 
9539 14329 
41726 71352 
22014 68030 
48013 68830 
23045 40605 
4984 45284 
34724 54090 
29540 53095 
151 67558 
64889 65450 
39304 62206 
54347 61806 
32558 41178 
57503 58167 
19575 67584 
62072 71158 
1428 24214 
32792 60888 
41553 48642 
10182 23130 
69417 73331 
31685 73756 
58107 62617 
1502 38628 
34754 61596 
17040 22860 
73128 74030 
18283 49347 
15295 44267 
62395 63785 
59801 67910 
31057 70297 
19119 27649 
43958 45252 
72468 74349 
66518 70019 
25756 69300 
135 74485 
33200 71290 
45112 74958 
30899 46581 
65670 71665 
64530 69209 
52250 66112 
6223 48172 
19510 59485 
38275 73217 
70100 74453 
59433 72066 
37494 47565 
53836 65378 
12794 59220 
57886 59671 
30261 41708 
63835 74185 
33619 56367 
30462 64244 
45671 62266 
702 54149 
25110 70181 
22625 25342 
15537 32693 
7771 48826 
52945 61628 
70854 72395 
49902 63825 
62564 74712 
16815 24436 
31734 59912 
72540 74089 
73229 74696 
6428 44948 
55527 56117 
39608 66914 
4339 67591 
23718 56833 
8661 28149 
11784 40344 
63198 68708 
65023 72012 
66810 74850 
53602 66397 
13817 70339 
24214 39375 
72544 74333 
41376 70046 
38225 50098 
71362 72265 
39168 51858 
31353 66074 
71103 73963 
3739 21837 
41231 55323 
1113 34874 
55563 59137 
13837 49541 
39313 49057 
52254 59179 
19544 58214 
24297 25731 
43483 61120 
10630 25732 
59706 66840 
25899 33672 
37611 63148 
68374 68456 
22334 52324 
66568 72471 
35398 39672 
45614 55353 
4845 16344 
22753 68065 
4113 16120 
46801 63064 
5807 64270 
71062 74881 
14339 38719 
2478 74032 
15125 44095 
39192 75000 
61202 70850 
50754 56265 
49567 68689 
72971 74030 
68950 73187 
19213 53281 
38787 47971 
43317 53244 
58647 61342 
15339 56705 
50004 68334 
20740 68043 
6766 33037 
16977 63690 
17617 32493 
19089 59935 
47567 67846 
32812 34171 
369 49365 
7862 58525 
70159 71283 
68793 73983 
40677 41524 
5200 5251 
16329 72105 
34969 39921 
10205 49617 
22522 71735 
38405 73922 
74137 74512 
24396 25573 
71000 74317 
45235 73891 
31757 73908 
56984 74279 
61650 63889 
16656 27523 
927 65769 
69298 70524 
55359 65041 
32187 46376 
42694 53384 
35229 52194 
62363 62881 
13984 72184 
36580 74828 
3219 16915 
65694 69658 
18587 70518 
70975 72144 
4015 53828 
65450 72115 
15949 66788 
50279 56675 
65833 70884 
65882 67068 
43925 64076 
28107 71103 
47903 59211 
68809 72301 
65289 66820 
22685 42657 
7903 54320 
12760 44102 
8979 41247 
48316 57225 
10183 38253 
8402 41967 
28723 37202 
47815 68522 
41099 52855 
49026 70911 
56854 70961 
36521 45147 
73413 74701 
11846 27770 
7004 60097 
31145 73416 
63316 70250 
28227 37005 
35257 63101 
69462 72834 
54405 65273 
47345 60837 
66977 67822 
8326 41413 
49244 61837 
48929 53101 
54905 71916 
40722 44801 
1642 7916 
74031 74343 
22758 24742 
11287 22167 
13273 36507 
47895 51699 
21649 53287 
61126 70915 
26584 38705 
63975 64490 
23188 26192 
26518 26583 
47769 55588 
46754 69443 
73349 73720 
55356 67571 
74227 74496 
9872 69071 
28631 74340 
61384 68854 
7883 26550 
49375 70187 
29852 37796 
35924 66152 
66973 70258 
5112 61078 
44451 48492 
71705 73044 
54650 70459 
22829 44992 
24605 38735 
13901 57975 
40236 50771 
52503 52875 
31553 62669 
31586 66869 
47259 64331 
53884 63678 
24475 74652 
73150 73859 
37021 54104 
65225 69369 
68632 72582 
8103 50071 
27764 70880 
9872 36816 
10171 58728 
28646 61387 
37981 59330 
62657 72748 
71748 72463 
39139 42334 
47124 74421 
45569 67980 
46923 50985 
56141 68988 
38154 56657 
66539 69878 
23624 26470 
1073 26123 
25031 72189 
66012 67729 
3102 33205 
13572 52843 
70807 73748 
43025 69466 
16471 29064 
50459 52730 
47437 67759 
40286 45312 
7314 24459 
70440 74362 
47087 58375 
37709 43587 
15288 45689 
51764 65373 
25625 65142 
43523 68977 
39359 63423 
14067 69757 
70185 72271 
57340 57999 
22443 46498 
65731 74793 
47738 71070 
19425 43270 
62990 66749 
67442 74809 
25672 36375 
49582 59553 
33443 55545 
13230 46726 
545 30243 
50668 52975 
71678 71736 
54327 67771 
42210 64854 
9823 62569 
18322 33988 
14847 63051 
71530 73875 
51702 66226 
19048 29769 
42516 42527 
37208 56336 
37601 39289 
44759 61512 
66664 67741 
71261 73829 
49988 64571 
13270 24489 
6946 72841 
8576 37657 
53117 69727 
16698 61218 
25313 71703 
70160 73162 
17682 61585 
56709 57961 
1658 61823 
4081 34117 
14128 39784 
34381 67081 
41329 67109 
61583 62044 
68389 71098 
53463 68987 
64324 73698 
22723 53881 
72772 73335 
21993 48379 
52546 58799 
51582 71697 
37318 49496 
8512 54885 
30239 55998 
8373 32477 
3534 65282 
3751 72409 
74460 74800 
34869 37404 
1977 73312 
42942 57750 
9759 35546 
23761 56151 
20381 22796 
31434 58368 
56028 69805 
13742 43207 
40574 62323 
8317 27108 
34225 64827 
27780 68030 
2306 2476 
71745 74360 
66501 74851 
22028 56081 
42689 70827 
57275 69583 
21234 24802 
9910 74528 
37581 47980 
70281 72870 
54622 73200 
33504 63643 
43424 72456 
44914 64374 
57081 58747 
27204 67871 
12184 34041 
58116 71606 
72926 73511 
2134 4083 
70125 71230 
65859 73073 
28459 53467 
37487 39329 
30057 39883 
23381 58535 
1936 53182 
64534 69373 
1890 64639 
45920 73859 
50026 70006 
62656 65612 
51590 73057 
56057 60866 
14185 30874 
55523 68932 
36488 42169 
7782 15121 
4132 41661 
57486 62298 
54242 62938 
64365 71064 
65519 72349 
58346 73309 
16771 45417 
7271 54143 
37450 68420 
22552 27669 
54787 57961 
15237 46420 
48534 49893 
66339 68157 
55963 63814 
32730 34658 
39330 55941 
73534 74542 
63900 69589 
18124 55146 
40121 48275 
50341 74650 
69176 70856 
34312 67840 
73497 73856 
56144 63562 
38063 66728 
70062 74456 
52979 69377 
28257 34832 
44151 66920 
72807 73968 
20509 41991 
3756 23070 
40376 67159 
34732 73894 
18785 61673 
59365 71261 
10579 67901 
68391 70384 
60618 62223 
65331 74105 
70786 73534 
42319 53300 
51906 60711 
68010 68901 
43943 71002 
52644 59117 
17081 38136 
17140 21621 
9903 27020 
35592 52614 
14716 49562 
37578 63806 
26285 53536 
51218 74208 
35351 63328 
18408 49794 
32398 65467 
39957 45355 
53539 58371 
8919 73669 
51002 62280 
54684 54893 
45486 63633 
22061 72219 
28030 70910 
48175 60176 
35029 41189 
69387 73857 
27928 60842 
29881 67569 
26025 40507 
45411 49912 
34024 48096 
8863 18935 
46219 62384 
72775 74824 
3979 25665 
43571 56696 
22397 53889 
71997 72874 
4916 54068 
39895 59610 
57190 74734 
71276 74722 
62779 68474 
16361 24735 
64633 65734 
34147 42756 
14430 51532 
62859 70272 
73975 74448 
40580 55624 
71339 74284 
11581 32166 
55862 74537 
66289 67433 
70033 73705 
34306 74688 
11756 21865 
95 7970 
12818 42526 
71944 72208 
67885 73837 
21656 60749 
17898 26110 
54200 73172 
43383 58800 
11083 46818 
65761 74862 
27111 39359 
22956 31871 
4232 23885 
28850 65512 
48899 58347 
20036 46578 
39259 51269 
4456 5269 
3716 37808 
25425 29542 
69419 74272 
33885 55363 
32325 43549 
14843 17336 
54420 58756 
1293 35327 
19509 63207 
66928 68535 
39211 41707 
60944 64678 
25936 30687 
19757 52630 
74024 74473 
692 56932 
19582 25935 
32433 33127 
43572 62631 
57940 68930 
74995 74999 
61198 74773 
25832 33595 
35081 62350 
51109 67365 
41063 68004 
9450 28685 
5631 69258 
48180 70390 
61983 66706 
64861 72216 
59052 69864 
32455 36041 
45083 58171 
70361 71627 
50333 54579 
13084 53991 
64560 68020 
22092 69878 
9864 54665 
14099 14164 
40386 72132 
48343 49855 
4258 26579 
21340 53776 
5286 72158 
68852 71464 
36227 67430 
24672 67895 
34653 63402 
54815 56575 
15028 72933 
45815 49058 
50011 56854 
20076 22864 
15979 66694 
17983 36282 
5318 36177 
73466 74184 
32752 70040 
64382 69721 
74514 74713 
39646 66078 
6248 37309 
23221 36540 
1993 69571 
3128 4763 
29041 54627 
63643 71187 
11115 55115 
72526 74553 
66479 71909 
32272 48726 
39770 73023 
18901 47152 
9137 39092 
64579 66607 
33158 68045 
68388 71801 
30176 32275 
64015 72511 
52109 64130 
27432 68562 
43178 73940 
7583 46584 
50601 51552 
73186 73460 
58195 72337 
30402 61252 
63415 74133 
30944 42589 
1034 8486 
1178 38033 
55053 56980 
26472 62854 
60720 62724 
42725 47896 
67007 72782 
47787 66800 
49325 70334 
41797 73287 
31823 32010 
38328 60615 
39969 50284 
6592 64134 
52641 56111 
73138 73783 
5688 60177 
3355 34063 
56730 66597 
67982 68296 
688 5295 
5754 44803 
55858 58420 
3190 27675 
4792 55730 
38717 64374 
30904 33889 
10966 71470 
74522 74960 
3146 18653 
22460 62886 
37575 55493 
52027 60555 
11945 50932 
63959 67040 
2465 49083 
40100 58439 
71214 72104 
5961 19296 
71986 72207 
33698 67021 
43604 58819 
43862 69094 
74431 74598 
30173 35322 
3545 64362 
48267 70488 
45155 74181 
8769 10929 
17509 59414 
31516 58128 
70740 72445 
5723 6598 
38068 40891 
14944 57501 
1685 50003 
16690 37704 
68506 70501 
51113 66694 
26673 71997 
9341 32210 
73140 74998 
74162 74869 
67494 72570 
23022 47875 
61756 66396 
19699 68898 
8760 22504 
17604 17727 
74552 74680 
45580 47026 
17766 67266 
34991 63765 
4928 59337 
7565 42625 
64603 69849 
56592 63664 
52035 72925 
32217 53873 
40695 47705 
20570 39963 
39892 47941 
45346 64369 
64326 72095 
65041 67879 
14375 25088 
16758 65345 
73928 74614 
48076 48220 
31510 50885 
10663 60702 
48614 68173 
4901 52324 
47779 71993 
1911 52559 
56044 68524 
17071 66124 
52611 65449 
12119 45152 
73979 74423 
6482 13871 
28575 65592 
70251 74814 
57077 59413 
28579 43219 
32465 32942 
33395 58882 
49898 69678 
54776 63468 
72867 74561 
34465 40890 
19108 41437 
30427 47422 
55455 64520 
26560 53880 
48493 74584 
54638 59415 
55368 60114 
64518 65927 
50250 63972 
22153 70565 
17116 26894 
5432 14598 
71588 73214 
14077 16253 
4620 74679 
48593 67897 
62893 67859 
3216 65935 
20362 22014 
43512 71875 
11776 19694 
57697 74126 
71383 72881 
63680 68674 
33839 71653 
56185 64440 
52499 72602 
33686 48651 
6419 70088 
28982 38839 
43667 43984 
73231 74807 
16389 57205 
48492 50786 
18186 69158 
13192 60836 
64669 64990 
55044 63578 
13438 49939 
23774 54590 
68323 73154 
26288 27232 
42031 44508 
17775 47651 
7004 69172 
31809 36383 
21480 67937 
3986 39357 
48075 49390 
29239 34099 
66032 72865 
72033 73381 
11778 50017 
60958 67029 
41436 52181 
37020 71925 
58051 58828 
58742 71820 
18605 74340 
8733 25977 
39256 65440 
55133 66593 
43546 73501 
17716 58794 
38214 72185 
10689 46168 
55960 63182 
16959 56305 
63248 68872 
1748 72165 
3502 36796 
72092 74903 
68847 69443 
52876 72248 
12815 32128 
44074 60426 
6751 52237 
21683 24993 
40767 45549 
67334 73200 
11235 52146 
11736 17261 
50932 54935 
17246 52439 
19352 66571 
1674 16201 
69024 73926 
6165 21734 
39326 50919 
62583 72582 
24859 33482 
52473 63091 
3711 57283 
23453 37556 
69339 71816 
3513 16980 
50266 62223 
8728 18772 
72207 73385 
19905 62366 
8479 62319 
29607 62857 
55676 55690 
66394 66661 
20755 72598 
40095 60281 
64495 65906 
31779 63977 
60106 71074 
46739 51441 
20304 23740 
8876 47410 
24395 74394 
40451 74655 
25604 49075 
25743 62844 
73937 74748 
40959 42262 
37952 68216 
72807 73514 
45339 62751 
68235 68697 
3795 25834 
6756 24749 
65738 66074 
16067 72244 
27358 46329 
17499 27910 
20710 38018 
6535 71182 
61738 70303 
55732 64559 
22575 67789 
65867 74747 
70879 71640 
67573 73245 
61620 74140 
39647 61826 
53348 65891 
58720 64194 
61004 70880 
18066 34003 
28800 74611 
66623 67634 
25917 60403 
64762 70336 
72687 74241 
46961 49817 
22241 65403 
66310 73623 
11566 50449 
46831 53762 
2886 69620 
54073 64283 
10459 43475 
27303 52505 
13660 42651 
10342 36473 
23210 36248 
32768 72859 
33417 35826 
72546 74062 
25800 47436 
59026 74485 
71495 73297 
53537 68931 
60405 66743 
15604 45009 
64915 71424 
23068 44334 
37213 71270 
29705 68214 
44436 53916 
70952 72379 
27508 43147 
55709 62061 
1564 39806 
48328 53945 
70133 71341 
8927 11637 
43692 63175 
24647 52706 
12216 31579 
50913 63323 
32535 46746 
59034 70782 
43551 67624 
1841 5897 
58907 62719 
27128 69660 
9234 63137 
2925 35221 
60579 70468 
21611 32677 
26454 73267 
10530 72540 
70024 70820 
45389 71824 
38026 60101 
7485 56762 
33288 63290 
30003 33446 
46348 62701 
14360 16386 
3822 32068 
2332 19185 
7006 25018 
39597 41120 
17667 73611 
19777 50746 
39173 51627 
54138 70440 
33075 69259 
28840 62794 
56876 66850 
66846 73078 
28822 74805 
26364 66094 
7297 51956 
26172 46985 
48476 54844 
47426 50151 
13700 32861 
38797 61293 
32937 38252 
17560 43310 
64686 69038 
37118 67089 
49114 68001 
71131 72678 
70719 72827 
2253 26975 
49264 54367 
60384 64611 
34377 63088 
775 66253 
17110 47331 
32368 36856 
59266 64105 
41947 74589 
699 1307 
66727 68082 
2611 9834 
18893 73015 
30233 51045 
6179 53212 
14141 70908 
55990 59498 
27594 65395 
40949 50865 
41691 53673 
49697 52193 
40616 74655 
27702 38222 
4892 65983 
60445 66777 
45282 61031 
49293 60123 
48827 71226 
15219 41184 
52549 58044 
8828 10503 
34703 37086 
49324 64527 
38698 53569 
62868 68994 
74117 74812 
19739 68879 
41471 47966 
6453 31472 
70188 71287 
35513 73511 
65278 73930 
41775 72838 
3681 55499 
10960 18387 
46764 65706 
26852 58302 
54331 57457 
28984 43309 
52896 57748 
55708 65956 
2841 53138 
28151 57050 
27350 32031 
55915 65725 
63993 74519 
72075 73796 
18685 44612 
8690 11494 
6592 6910 
52074 70585 
15979 31494 
39908 59224 
16348 45396 
44739 73112 
15380 66880 
15862 30477 
16260 59330 
26344 44422 
6320 60581 
17508 20632 
74553 74792 
55033 68655 
25233 74301 
58400 60196 
18621 56349 
37683 46292 
62170 68488 
33947 41915 
22910 34716 
13489 62596 
53148 64345 
55872 72952 
40027 46498 
35882 61995 
67391 68270 
26964 68608 
68142 68944 
6158 12005 
43477 55070 
36037 43361 
65570 71905 
64688 73199 
15729 21581 
7802 53549 
26888 38226 
17353 45742 
19380 42185 
56541 68788 
5155 39790 
41468 47070 
55283 65071 
47058 48316 
54057 66123 
54368 59412 
23682 66723 
20119 38598 
50592 50599 
13823 59663 
49719 71972 
17085 33839 
34303 35081 
53365 68192 
66466 74242 
60070 67738 
41145 72657 
20410 67009 
67753 73379 
25045 44635 
21604 42866 
32355 43730 
69850 72077 
60259 71552 
69529 74893 
43284 66166 
15978 24870 
26185 49367 
34054 46593 
36206 65046 
61969 67930 
22731 66031 
23674 53585 
39301 70771 
59894 73408 
42208 52383 
21111 62631 
53071 57843 
17899 56139 
11466 52705 
57149 74278 
2726 17565 
71474 74905 
62791 72614 
40259 70589 
5421 52256 
62395 66466 
38003 59562 
35110 47712 
70575 71829 
32425 70717 
18425 57775 
70271 72481 
59320 60293 
34312 56982 
39853 48669 
43642 68587 
64017 67857 
8613 62349 
60327 67785 
55758 68798 
37421 42626 
38942 54601 
42337 50722 
18462 70375 
52712 60557 
3375 15288 
24675 68211 
10621 26010 
30475 32958 
9561 54819 
15787 36732 
36058 36107 
27088 39003 
60616 67661 
35247 56307 
61187 73581 
35628 44967 
51952 65932 
18230 55373 
297 64516 
676 44366 
8153 51519 
48693 53155 
73790 74601 
22678 54818 
8700 41144 
45169 56979 
59926 72053 
57983 71953 
23566 67738 
55505 58233 
36623 72932 
40840 42173 
25045 66173 
57450 64615 
21296 25114 
17900 69231 
56485 64251 
11602 60040 
63097 70448 
3583 13120 
28352 70715 
50398 52604 
43382 66976 
35548 49072 
15420 21066 
34872 44939 
15880 29437 
1467 69942 
73636 74642 
17511 34297 
42839 63359 
19152 59278 
48117 64984 
47285 66061 
70423 71672 
68059 70117 
399 13524 
24907 47450 
15950 55244 
70889 71819 
16766 37834 
54374 59970 
32791 66956 
62652 66446 
31083 52323 
38208 46166 
19295 45760 
36767 70128 
10940 32636 
27549 70138 
59633 74233 
23898 52979 
61156 69805 
28134 68735 
59651 70783 
64065 70989 
18572 67371 
67699 68848 
21628 53786 
30293 44331 
34420 58627 
22023 55035 
38981 69022 
51302 74636 
18457 36506 
4619 34434 
29339 69562 
28352 56640 
34535 69510 
5388 59409 
36777 68529 
45862 62414 
19434 28517 
45753 48211 
60144 67222 
43903 44088 
19510 73254 
27221 51952 
54938 72835 
26706 74421 
71503 74777 
31781 41644 
64733 71580 
19382 63691 
62671 64440 
62978 63082 
64114 74419 
55055 67237 
69428 72363 
53164 55331 
62776 74963 
35556 56602 
59792 68030 
70690 73562 
18702 44642 
57144 72129 
29382 74056 
3832 62031 
25918 72278 
18214 31496 
18063 24260 
464 42313 
33359 71181 
28523 29669 
22582 44787 
8484 70245 
21240 57180 
51920 69719 
72636 74798 
73531 74604 
59922 73606 
39956 53029 
59231 72494 
24994 34390 
9291 31734 
58233 69240 
8275 10783 
35491 41962 
55832 65945 
9613 65307 
48695 74016 
19461 26714 
38047 74043 
74770 74776 
48406 74224 
73280 73489 
69150 69780 
22092 49186 
32358 39283 
32359 45695 
24147 68588 
34292 48223 
27362 68669 
40128 45461 
72490 73208 
45500 69812 
68722 74830 
7967 74541 
63247 66920 
27509 73431 
29421 69010 
73514 74739 
21791 39889 
4140 21847 
51961 73836 
8579 22812 
68566 70195 
63813 72455 
65653 68833 
44721 73538 
30646 52685 
31109 36380 
74528 74892 
20651 23458 
17920 56976 
51037 59124 
70121 70252 
4501 60176 
43575 69788 
20976 45995 
74623 74661 
13668 50259 
65388 70558 
19589 35924 
4663 14305 
44758 57013 
16451 18756 
59356 62047 
2505 9044 
50382 67006 
52612 53700 
19566 38103 
47884 64460 
8100 69145 
44895 61043 
64225 71587 
4257 60051 
32468 36515 
52491 71364 
13501 73253 
39385 56350 
65341 65591 
63580 70901 
47007 72968 
8142 70919 
10155 38512 
40017 48796 
53485 61827 
29743 63089 
57653 69489 
26892 44456 
63786 70164 
47647 47955 
26189 51681 
24082 31021 
2472 17233 
54428 56180 
62153 66913 
20387 49122 
23501 62912 
71235 72180 
43268 71857 
7344 53602 
59287 65905 
57731 70629 
15014 74594 
72554 73265 
45965 64471 
6788 41022 
27598 35815 
9870 31434 
56749 60572 
53892 73887 
59330 70009 
44881 58603 
9818 51844 
6474 70633 
47027 60815 
64159 73761 
59445 72325 
48871 57864 
44701 61356 
58498 62553 
61943 68088 
45741 50049 
36203 65406 
60095 67748 
14265 74686 
11947 69300 
36643 54629 
59720 72115 
49246 62977 
25139 54170 
4306 31105 
33298 39160 
18835 59780 
53458 67389 
23856 36943 
34818 42540 
56037 62657 
67129 68434 
67241 74585 
18220 45622 
44685 55683 
48598 68223 
61764 67000 
42764 49601 
334 21208 
60886 69147 
49168 60992 
53914 66876 
28880 42486 
27639 69584 
74152 74869 
30059 71652 
59135 70337 
54257 67463 
9829 22192 
64163 70210 
42248 49012 
30356 44418 
40943 41716 
61068 69081 
58946 59449 
10494 60874 
41973 73432 
1650 6683 
61332 66687 
5800 48377 
67784 72474 
18293 44737 
57948 64398 
62800 69105 
67333 73486 
47356 50048 
17221 34156 
10148 58851 
9884 71786 
20736 51155 
70138 71479 
56919 60560 
67220 67755 
1204 69486 
35378 44362 
3187 71227 
62597 65425 
18535 43883 
54584 55917 
43584 65150 
68068 74669 
33169 40137 
62701 67467 
42476 56555 
51147 66299 
22994 56808 
38473 70683 
32110 42165 
51262 61054 
2327 21409 
73021 73217 
49045 70132 
68103 71976 
59297 62740 
3709 18591 
28524 37475 
67731 68903 
64819 74259 
25234 58014 
48375 54983 
11697 52951 
3170 50346 
56489 62897 
54958 64712 
51565 54492 
19453 62558 
40209 51633 
59024 59198 
65936 67138 
67805 69337 
34095 37194 
60239 68250 
45537 47590 
59909 64424 
29161 74675 
14232 36804 
1887 11917 
49671 52380 
15000 51040 
74410 74518 
3565 21897 
66218 71923 
72438 74843 
66764 71825 
1679 53477 
28077 36244 
45386 46741 
34107 40461 
48629 71787 
11195 28241 
7132 32541 
18697 60352 
5224 57315 
10521 12965 
34851 56638 
4227 40481 
3967 35392 
22421 74116 
11703 34556 
48114 50921 
64325 70536 
8343 35031 
1755 44347 
68876 72930 
42246 71337 
35152 47948 
28225 39532 
37230 74358 
61854 65244 
37822 51823 
14014 26591 
41927 56145 
50372 57065 
39386 72519 
23973 26043 
54800 73978 
20311 45106 
55309 72880 
2574 63014 
26753 51958 
18271 46011 
17917 31005 
14252 27471 
34389 48288 
19368 31110 
55668 69242 
29694 32361 
32863 62317 
7425 35336 
67496 72610 
40138 68265 
72405 74265 
29982 33291 
35287 68822 
7097 28739 
29198 43156 
35761 74432 
57615 71606 
60323 66778 
62915 72960 
44168 73163 
39956 66218 
73547 73573 
21003 49895 
74463 74842 
12172 12200 
32229 41123 
69814 71274 
70543 73134 
19082 34283 
44766 51158 
60981 62617 
9901 16986 
24675 32753 
61052 68627 
55723 66119 
66865 68183 
72929 74820 
35317 57842 
26014 63125 
8985 47011 
8168 48691 
73640 74665 
27852 62222 
30536 71808 
74217 74857 
36479 54669 
16931 73863 
28633 73923 
31286 37467 
12449 27138 
55356 60515 
47517 72869 
6030 70304 
55787 66057 
28065 54799 
214 69580 
67107 72342 
23988 40142 
13638 44515 
5017 35085 
42909 52579 
22473 39075 
57979 73580 
4110 20284 
24609 42672 
3439 56211 
37512 38047 
65236 71605 
33737 55812 
20821 28989 
48577 71551 
61436 65645 
7287 25660 
44029 46220 
43349 54258 
41492 57119 
44476 48873 
31385 37018 
1371 18781 
11746 37837 
21859 49517 
54296 68198 
25806 42484 
26520 41262 
48287 54091 
52187 53907 
41556 48444 
39108 73562 
44005 65606 
19057 46558 
50351 58881 
49734 55264 
47895 50662 
5095 23290 
9513 10497 
57582 74279 
32497 70670 
25000 47285 
18487 59150 
37748 66933 
9250 13472 
73636 74943 
47995 66544 
54521 59901 
45809 58379 
28064 42516 
50185 74803 
71965 74788 
48419 62844 
1169 57836 
34461 70692 
50782 59429 
40188 40901 
70035 71081 
27298 62037 
57057 59732 
42045 58659 
31018 65240 
63036 73202 
45187 50493 
13182 35445 
13408 27700 
22591 72676 
1413 9196 
63816 73560 
72563 73423 
31101 51856 
15145 22163 
30567 43227 
176 74619 
3909 40745 
22419 24973 
43237 66500 
50817 60219 
41966 45292 
12755 67191 
59767 65768 
73410 74888 
73644 74740 
45955 51044 
17666 34438 
73848 74949 
45340 71522 
11892 58365 
13879 58870 
65838 66323 
13637 57121 
26669 28394 
14878 34737 
44887 73673 
1786 39611 
29142 59904 
21189 29385 
69886 73924 
2365 30441 
30511 44029 
34762 74043 
74263 74557 
17435 48764 
3310 53984 
56579 61084 
7626 9398 
28581 57834 
60663 66660 
35707 60587 
1765 73180 
59033 70464 
53016 60619 
17054 73455 
59048 62301 
8753 68825 
41280 52921 
17664 53946 
62110 72572 
39492 52699 
52623 65772 
52288 66098 
8024 48341 
53842 70578 
64617 72318 
26956 74989 
33214 49542 
37620 63562 
11571 12737 
11655 74339 
56221 74331 
70543 74014 
46819 68133 
36407 43696 
60120 69868 
57131 68217 
43178 44504 
29727 71972 
56766 68654 
35952 36389 
29703 58314 
61198 65614 
46714 62119 
57324 61323 
64112 74246 
60614 63871 
71151 71685 
30137 49778 
14167 51113 
55326 69933 
15770 63296 
13351 31662 
33615 42418 
15276 67073 
31000 38455 
74317 74554 
10626 27964 
44631 61196 
37131 69857 
30457 44983 
21460 33263 
3917 11447 
4069 61749 
24703 29148 
30881 66682 
11533 25335 
4722 32031 
27134 62102 
50685 61189 
42988 65020 
13951 15356 
62046 69446 
45392 60731 
59022 67951 
183 64065 
65786 69246 
56994 68679 
34186 71134 
72601 74244 
21902 48787 
27983 41908 
17866 21548 
72691 73840 
34122 63938 
33477 46140 
30334 52594 
61422 70299 
16480 71437 
12467 30744 
21118 48470 
24788 31648 
58432 72176 
65001 69466 
50384 59679 
50961 59221 
30081 42991 
1265 30870 
16838 63637 
41408 68988 
52458 53024 
60903 65900 
33053 43140 
46261 46270 
36718 73612 
5209 24250 
56510 58445 
29402 31570 
3884 35216 
15789 74915 
42941 66096 
11029 40038 
48263 49997 
37494 46862 
42834 59418 
59474 64684 
42933 45642 
10622 29609 
38511 56216 
53260 61361 
12871 30013 
13750 18923 
43382 61469 
20997 22009 
8356 16198 
35047 55837 
32795 39158 
61713 61896 
69961 70128 
36874 45820 
34132 47051 
3030 23700 
4009 62226 
71722 73674 
63180 65801 
71691 73434 
10451 62928 
71526 73658 
68697 71971 
26880 28517 
14389 58127 
57617 71207 
55273 68610 
30345 48651 
27409 40357 
53379 72604 
16696 53613 
68428 72967 
67521 71799 
67407 68002 
71317 73879 
5681 61643 
40280 62680 
28341 28664 
41126 54525 
13391 43417 
11339 13797 
38887 60522 
53669 74316 
25840 59882 
33513 69625 
15354 53954 
21952 73530 
6710 12396 
46866 48094 
48342 53706 
44670 44756 
68128 69640 
29061 36354 
70655 72907 
23459 71435 
38048 39108 
30560 51527 
66871 69598 
63206 63753 
26029 68793 
62739 67592 
41595 73711 
43147 66100 
59600 65681 
17222 38420 
38449 50685 
22833 29799 
30148 35910 
42834 58942 
61344 65750 
70708 72181 
27082 44306 
50756 61614 
34785 43232 
10314 27246 
14847 44675 
71869 72193 
72206 74462 
2553 26435 
30331 42016 
38022 38747 
52656 68617 
24307 51297 
26227 38753 
30884 53665 
38212 53806 
31800 38369 
56555 61390 
67184 71117 
73871 74650 
34707 63242 
14869 74904 
2806 49908 
40930 48089 
42972 45103 
3317 19226 
8017 13540 
19630 39630 
44577 54154 
17074 30271 
18010 64664 
8553 67661 
60173 67730 
74585 74618 
18550 30241 
31061 48979 
33662 72524 
67971 71681 
33136 48716 
72321 72924 
30971 72985 
45475 58610 
53333 68168 
60850 69030 
13238 68621 
12347 36733 
44808 69823 
47767 59426 
63313 64241 
51486 62751 
56363 72605 
29316 62071 
15123 53691 
69631 69813 
32145 49900 
5274 73945 
33646 74257 
32403 59850 
8387 27326 
65995 68803 
21459 47319 
8585 31894 
33516 44935 
25116 56300 
62523 63148 
56611 57264 
26889 66510 
43223 48605 
69438 70616 
74733 74793 
58307 73403 
22031 40042 
3776 71771 
15348 70698 
66785 74329 
19794 56843 
2163 42831 
31738 37159 
73565 74286 
10512 70706 
45264 72596 
53054 59079 
4626 54526 
65125 67842 
6287 63048 
14402 38008 
28097 44018 
70428 73502 
8237 35747 
72240 74266 
9879 35127 
67870 69000 
15978 34236 
71622 73190 
8685 48936 
56629 61271 
72043 73704 
47542 58084 
66950 70464 
27675 74373 
60261 71823 
31892 46981 
66019 66820 
63863 74142 
50264 61379 
50977 67355 
29091 29492 
52032 63632 
11180 12629 
45716 60724 
56621 71094 
16465 62175 
25622 28569 
24308 74954 
32253 63062 
18730 58949 
255 5480 
41445 57263 
20444 30351 
40480 52482 
2464 44699 
39328 66030 
17674 36495 
3226 14696 
28637 60039 
10679 58663 
6950 47036 
15715 31475 
13100 28128 
23637 61559 
202 47459 
9021 55909 
26761 57036 
59004 60275 
47932 60710 
32201 55554 
51169 63078 
48031 65686 
67799 74270 
24208 28027 
20804 40401 
3657 60765 
26821 66845 
32670 44706 
62804 72060 
70305 74520 
20710 25593 
63351 64422 
40115 49753 
19962 52242 
3555 3608 
3015 42297 
37362 56536 
4654 29800 
70514 71833 
7889 15731 
49869 69050 
22162 33415 
30907 40684 
20440 58256 
39877 44972 
54585 67343 
43642 51146 
25049 57679 
74558 74807 
47645 47769 
53794 72667 
15792 21966 
56124 61124 
45728 58718 
45134 46516 
36165 61535 
35170 35984 
42593 60593 
6692 23635 
62413 69115 
41265 49741 
34771 53589 
48975 66647 
69234 70832 
38485 45377 
44317 60136 
74579 74717 
68614 71152 
37257 47115 
23906 37392 
26160 58843 
67404 72663 
22210 45496 
7378 38361 
70169 71621 
50948 68929 
59186 61110 
31436 35347 
43457 46915 
14264 54672 
32423 71477 
3280 58785 
61375 67604 
64414 64801 
4020 54399 
57978 66710 
22500 26128 
68651 72722 
54102 74746 
17437 45967 
14217 51808 
48088 48902 
12134 15368 
69781 74068 
33022 66424 
61311 72717 
27408 51797 
60109 68255 
58467 70602 
12621 22611 
64909 72416 
25001 62987 
4729 31407 
31286 51782 
32009 49260 
56097 66933 
56561 72631 
27009 50975 
13282 55428 
15357 17878 
39149 59597 
54978 72384 
2713 29233 
12369 48810 
28650 48646 
29532 54136 
44062 57902 
65440 72139 
19114 24571 
41546 68811 
3268 51468 
68208 69750 
72311 72776 
1208 13889 
64579 66023 
58597 63089 
49360 67492 
16037 42204 
144 4472 
3460 30156 
43957 45001 
18023 29305 
34761 47138 
71997 73751 
24277 64984 
14259 32534 
32096 64532 
63319 70502 
13824 73213 
11189 28987 
22087 28109 
57720 74285 
36285 65571 
14749 27793 
36667 39361 
29747 74716 
10086 17706 
40822 46210 
50654 55748 
59448 64786 
56508 66547 
33061 62474 
57363 68485 
6878 55568 
34953 39201 
15800 27646 
533 41518 
60416 70416 
39096 67038 
51331 70592 
1066 69846 
29813 38745 
3531 4128 
12497 46191 
65561 68572 
48982 68363 
35697 70335 
46496 63254 
3505 70312 
65368 70445 
51189 64935 
60311 72906 
72233 73133 
38081 52034 
22438 66238 
49392 59117 
60964 72402 
68415 72893 
7594 11549 
45902 56095 
74345 74995 
71153 71602 
20838 71007 
30923 72761 
6309 41550 
46426 51986 
18575 68883 
11727 73501 
47846 67173 
34614 57330 
18750 29783 
13940 71470 
4374 67042 
39440 54699 
54118 58330 
17683 63548 
4519 28469 
72475 72488 
66384 71530 
30950 56839 
5972 50918 
19321 48418 
9644 27504 
2330 63116 
63484 64937 
55022 60938 
30600 59524 
2911 45390 
24577 64535 
42454 70992 
59342 72923 
46086 60082 
16630 17160 
32162 71091 
31187 36468 
63767 69019 
26052 73436 
44268 50461 
34337 41200 
33411 74361 
65389 71475 
70426 72797 
71684 74316 
62252 65672 
24619 27590 
35005 55005 
12310 29056 
4552 64626 
35514 56958 
38761 55265 
35306 45436 
69462 71362 
45360 58438 
6779 74968 
14981 69564 
21425 71892 
9400 54094 
63486 65345 
19024 57995 
64466 71091 
21590 35281 
50368 65283 
12335 59596 
42578 53979 
49440 51253 
46907 67614 
50997 66864 
58384 70622 
56044 71107 
65199 68486 
73562 73827 
53921 72719 
58814 74468 
51822 72012 
45690 51834 
16684 42667 
16779 56635 
60141 74489 
41919 65312 
34820 72262 
74871 74900 
57031 65637 
69313 72707 
14292 18577 
54660 62741 
46312 65263 
64861 66209 
65314 72086 
39171 53703 
12308 43837 
4174 10311 
65939 70649 
65621 74363 
26188 65780 
32341 40084 
4194 36378 
42166 69515 
28966 62288 
70435 71321 
69624 70368 
37777 46732 
15453 71995 
61751 63634 
8708 11121 
66536 71285 
112 22600 
31295 34344 
62776 70886 
40076 51976 
71099 71189 
15733 68463 
4269 63594 
22865 24460 
47985 68222 
23753 74767 
52100 65230 
16695 68046 
41960 61384 
41371 54385 
45330 48527 
633 53862 
59200 73192 
27216 74050 
25938 30566 
34069 39528 
42119 70774 
11376 68738 
24986 71317 
10202 70342 
15506 26771 
55002 74668 
71546 71992 
3208 15510 
40208 69270 
42279 57272 
45511 57031 
13918 17788 
20903 36462 
45521 64387 
16844 43267 
17718 55542 
30823 69985 
16062 45809 
15918 37010 
46757 71040 
62801 72479 
17980 36676 
30462 64455 
9796 64494 
16063 70408 
69472 71673 
30377 46109 
44429 49053 
69273 72824 
57759 71279 
12731 56444 
36206 72404 
52833 72958 
49044 69154 
24921 60201 
62106 73739 
65427 73035 
40234 45619 
2289 33034 
35626 43026 
23466 52960 
49062 53337 
47615 55398 
54032 62670 
43923 61171 
3178 51773 
64089 67226 
48754 55251 
31024 40216 
54620 62488 
55409 55885 
19671 25748 
64786 72721 
69154 74643 
17443 50041 
41860 42973 
43723 65199 
29476 61659 
50454 68424 
39073 61121 
62974 67469 
19334 64981 
11141 29469 
24723 53842 
30286 63556 
67465 73288 
29421 43174 
5235 42095 
53364 54097 
18991 19684 
8490 39998 
2279 73277 
60507 70403 
19800 64562 
62492 71347 
51573 51919 
22706 67519 
25730 59384 
4983 38817 
69402 74722 
42115 47942 
31891 37687 
53640 68337 
50333 66407 
46114 65827 
13736 65779 
17676 32762 
72585 73084 
40934 51241 
64303 65865 
54767 71826 
4287 20915 
60213 68003 
27744 33339 
1773 14925 
35820 66986 
39867 46642 
36997 46285 
34771 63590 
69526 74630 
53483 57857 
72250 73017 
30462 34366 
18078 18725 
4182 51359 
15385 34427 
62939 74351 
37325 60740 
12000 14156 
41724 53938 
1234 10053 
24470 48838 
71909 73558 
24978 47657 
19681 27585 
6538 72192 
39532 72393 
47471 60439 
7370 55294 
49813 57075 
28295 54557 
2501 18196 
70152 71994 
57644 58739 
72709 73636 
37456 68096 
35902 49379 
8305 9373 
29379 39845 
35392 36561 
65184 72321 
8701 37647 
5745 55599 
71752 74256 
28435 57420 
1401 42254 
9858 57545 
56330 70757 
65432 72862 
54400 61655 
55525 59196 
2262 42675 
74446 74567 
15454 71822 
5795 25040 
21338 29901 
27705 73225 
6369 36965 
72017 73394 
48839 72823 
15494 33607 
37075 37873 
31810 59202 
58676 59331 
57293 67762 
17067 71839 
44397 45235 
46579 54529 
21671 70557 
55846 59681 
46161 59577 
3802 9600 
67882 69036 
18620 68537 
46707 60792 
21645 57802 
56066 66606 
30372 54658 
44998 66744 
60684 67902 
33984 44190 
17077 55091 
52426 53490 
3625 45994 
2724 41587 
70222 73629 
64315 66470 
68913 69883 
47951 65861 
18884 71287 
54350 56459 
58607 67928 
10898 38063 
37302 65534 
6421 61970 
9760 56880 
54794 74448 
12331 22476 
28928 61822 
61016 62459 
40923 46207 
28976 74504 
14400 15495 
40127 41705 
48631 62585 
45108 64535 
51461 69342 
32852 37063 
2255 67925 
57510 70440 
12672 50580 
53104 67070 
34716 50607 
47071 52064 
29890 43438 
6128 57338 
19844 63685 
58065 63688 
29914 57617 
7051 48241 
49337 61867 
3084 72466 
44354 47286 
65586 69356 
22453 41748 
44339 71126 
59981 74532 
12252 33001 
74903 74906 
21373 71869 
3307 43807 
31929 70169 
5514 46134 
58361 67830 
72718 74012 
7116 42579 
4181 63942 
65478 71916 
54222 70078 
55044 55849 
69840 71479 
16153 39017 
36507 42569 
19796 39518 
67333 68505 
73227 73803 
38016 61380 
63832 71111 
59097 60161 
17568 41999 
11825 28087 
27659 63259 
5410 10057 
25151 60676 
32274 33435 
61405 65400 
56084 56476 
52839 70417 
36948 42059 
59972 66299 
15072 32376 
70197 74865 
4374 56107 
28522 40241 
61458 68705 
74142 74938 
53874 68954 
55587 61791 
26991 74735 
28666 72954 
27003 36512 
56532 65679 
398 60144 
17657 56553 
70458 74417 
20671 39187 
13471 54435 
23137 48315 
37832 58334 
60825 61940 
22445 63397 
21411 45121 
14697 20567 
64737 64819 
50937 73911 
53851 54431 
38429 63003 
14245 40590 
6878 28974 
42598 46018 
36296 56824 
57121 63729 
50013 71909 
37743 63696 
38459 74099 
2351 26087 
60482 73660 
42855 49417 
72365 74823 
48940 58589 
57398 71465 
31547 71998 
36957 60416 
54825 58810 
42259 70362 
1834 72007 
5826 42320 
34143 57923 
4637 49943 
24437 32911 
34208 39140 
71164 73223 
43210 63048 
42122 45268 
51242 59646 
43167 50527 
29808 42174 
6860 30615 
52835 71907 
40385 64556 
49417 63034 
28326 59655 
66266 68804 
22595 51131 
74776 74961 
42717 42893 
39111 51798 
45819 69409 
24571 36735 
62309 69674 
44052 58140 
18341 28700 
7708 26504 
28848 38420 
20225 63979 
74716 74727 
39266 74907 
69339 73308 
22734 73248 
58277 59943 
42231 68855 
27810 55590 
40998 72910 
29742 38630 
39788 46963 
55283 68733 
35736 50952 
21128 31529 
33384 53636 
53905 65703 
68772 73716 
15459 21130 
43334 59828 
51585 69073 
21479 67852 
74836 74924 
69841 69934 
35954 43687 
68606 72885 
36016 66699 
31557 69171 
40542 50430 
14263 53563 
4329 4944 
10892 53265 
8301 39057 
48691 70330 
46617 54160 
58717 66136 
39411 74847 
2765 48780 
1436 23828 
23906 62441 
16050 55114 
21131 37093 
43704 62104 
27455 41620 
8406 11617 
22605 72467 
44316 59423 
11499 25148 
517 13416 
12939 38332 
2465 59110 
22517 42241 
69382 69925 
31159 42533 
11182 42869 
46829 62929 
5018 39156 
7380 47406 
28993 64023 
33277 57278 
59523 73968 
47515 71240 
18439 58368 
39346 67699 
33140 35567 
1055 56153 
58951 67954 
8026 9405 
32766 74483 
24247 51088 
60733 73746 
14852 66219 
58881 59217 
59080 73861 
57628 71218 
462 3207 
26176 56691 
7587 72981 
21464 39354 
59898 73627 
46836 46903 
49816 57109 
62708 64557 
48325 74386 
35068 53098 
3941 8508 
5407 74164 
53024 54925 
64414 74883 
30369 40316 
25960 44923 
38883 49358 
25709 74917 
62831 73453 
18522 37265 
32198 41196 
70764 74484 
73232 73425 
74188 74371 
552 558 
42851 70725 
59743 70383 
1337 67836 
20709 69678 
50811 67868 
62866 64406 
69553 74088 
69988 72241 
20943 43585 
30627 39129 
58280 66963 
58266 62420 
51276 52127 
13680 69509 
11575 14528 
62551 67390 
55684 64869 
13944 22317 
50962 59330 
67335 67786 
11046 64593 
24018 70516 
49310 49869 
32878 47248 
1123 55681 
15647 21355 
19467 73538 
50067 51523 
55346 55638 
41417 59206 
4923 27246 
49840 55259 
39458 63729 
61071 67975 
39734 71020 
57505 73105 
8252 43146 
65881 71218 
29070 63503 
11804 23649 
36407 51058 
31043 31677 
39663 45726 
36718 73614 
15142 28776 
48880 61189 
52188 72876 
19697 47810 
47436 49751 
37105 52698 
70094 70100 
65036 73322 
51053 64939 
50477 52972 
8871 10375 
45373 60329 
50223 71108 
45597 46236 
43772 58576 
50999 57430 
19288 65444 
39006 41937 
29776 67357 
62982 71132 
31664 41858 
45829 49337 
14114 63730 
32004 54225 
24747 25408 
70109 73793 
73295 73756 
47428 51846 
64744 72611 
29565 71469 
24 41063 
33821 63807 
42173 67295 
40103 49249 
20027 36984 
23540 39275 
10966 62214 
27579 49896 
2712 24660 
60765 66375 
25339 55952 
5489 43891 
43577 52680 
9493 26577 
48214 55274 
45810 54796 
11200 62950 
40402 60328 
17790 39374 
28586 43481 
47473 47652 
19362 40737 
16872 23796 
3722 49187 
16249 45430 
60751 69955 
71867 72885 
34636 70948 
26519 55442 
30863 72618 
68149 71599 
17370 28620 
27836 71116 
117 50703 
45608 56661 
22180 61797 
49231 49865 
6590 11160 
39692 70113 
22816 39106 
29731 31766 
15720 70307 
70265 74991 
37505 41420 
55462 67315 
16494 60261 
61150 72684 
8576 10712 
38555 45406 
24973 53459 
23370 36533 
51564 52578 
39458 54880 
29795 31349 
37351 65146 
50976 51611 
35939 59754 
56267 71691 
34727 42392 
31453 35288 
14830 37885 
73979 74669 
9014 10149 
56880 64721 
72421 73132 
29979 35284 
57330 65007 
47246 48967 
1266 8393 
20500 33416 
61652 67847 
63721 68082 
18753 53911 
72090 73906 
2887 30234 
16810 34683 
57170 68884 
53785 62649 
1926 68782 
39480 53506 
12709 33955 
27441 61998 
10699 64717 
23307 55524 
66432 73186 
39840 74367 
32059 39906 
71636 74268 
40601 49009 
32401 48541 
62399 65767 
47089 60424 
11661 63305 
1666 39003 
55412 58128 
73929 74732 
4976 70184 
56309 58836 
17209 73461 
10401 18399 
1021 57842 
64441 74058 
46382 64549 
1674 70875 
22103 70872 
58495 74773 
41413 56381 
59955 68457 
48775 71219 
8655 18288 
4050 21375 
1764 67540 
54081 70321 
25796 55513 
36992 61989 
593 11622 
25453 38948 
21123 68891 
53094 59247 
63053 71212 
49040 62315 
40402 71280 
31827 49032 
7582 35734 
46552 72811 
56480 65260 
59498 65192 
15317 58859 
34218 73944 
70060 73173 
11071 39302 
22977 50355 
7024 50755 
33439 61278 
9371 21502 
73188 74927 
56941 72127 
49441 50339 
23083 67202 
50422 52911 
32638 45150 
27642 35709 
70884 71765 
62030 73371 
63908 71900 
16878 45594 
46138 73324 
26979 27213 
26807 55008 
43921 58798 
31649 46438 
11886 64808 
72749 73515 
13542 37683 
3451 23707 
69752 72582 
15848 15869 
3001 48172 
34712 68696 
23585 74169 
21759 51485 
18954 57253 
40796 43418 
55842 63886 
65987 73765 
49541 73707 
426 66802 
67910 71685 
57284 64213 
68366 73716 
43041 51926 
35902 43110 
61651 68255 
31098 49621 
16305 26505 
39332 73074 
73167 73319 
8855 13424 
2998 56675 
4955 48487 
10949 14840 
40450 70816 
21827 37179 
58561 72245 
68901 73202 
15906 74346 
59313 72991 
8983 16020 
57748 70711 
71986 74251 
22408 53562 
40 8617 
54378 62746 
49279 69710 
51959 71701 
42439 61187 
31539 34511 
63815 73889 
29883 50146 
58095 74029 
45853 69512 
47268 62442 
57180 69816 
70641 74818 
20708 52823 
9599 16227 
32566 42181 
42388 70513 
52814 54760 
8287 72502 
17774 73942 
33380 53846 
40938 41745 
3793 54118 
19434 59180 
32589 64341 
70952 71224 
29705 36044 
15548 37538 
38768 61975 
54410 63979 
52605 55534 
7775 15547 
43826 51151 
62330 66426 
54056 65109 
41849 52631 
37888 58108 
28862 57506 
58314 63281 
58642 65323 
49977 68017 
50185 62774 
38448 60306 
52523 61178 
29121 58512 
5231 43056 
10032 43207 
15429 59006 
55524 71250 
156 29312 
24036 39113 
23566 73954 
49325 65433 
12387 68594 
12989 68552 
61508 64114 
43073 73328 
20821 43079 
48468 58476 
72893 74874 
4612 64723 
18328 69865 
42553 50319 
41322 74095 
54728 71881 
5215 16237 
37990 72050 
33633 73351 
52379 72751 
46173 48618 
46259 64840 
21746 55756 
3547 5307 
31416 56205 
31060 67647 
47527 68172 
65717 66398 
44453 72162 
39406 61460 
31622 65022 
2140 20453 
59249 68754 
1586 31467 
29169 44532 
40771 44197 
38159 74298 
64475 65577 
9663 51937 
13941 49061 
21963 26682 
2106 68584 
27903 65958 
46246 63559 
58223 65666 
1843 2535 
43340 62326 
63999 64179 
41702 67937 
58198 70208 
6592 72667 
718 27643 
58411 59347 
61007 71611 
47176 74311 
17768 30542 
39932 67610 
25955 29168 
10412 16706 
7194 66006 
12329 55496 
45352 73237 
71589 73049 
68456 71943 
22324 66570 
45748 55392 
25906 37198 
39514 54449 
38093 58787 
43680 50105 
61630 71126 
7553 20733 
50613 52244 
19467 43674 
19343 71901 
36877 56743 
44589 51456 
27446 59756 
70452 74788 
44642 53879 
60946 64609 
2390 48253 
7522 17205 
55201 68162 
18979 51568 
70549 74549 
42814 45753 
15269 17783 
71644 74191 
72292 72558 
25446 30044 
40801 73107 
10491 36280 
41195 48687 
53662 60799 
52020 68392 
35335 35945 
28539 40208 
478 25121 
16328 25838 
61210 66926 
59529 66229 
1499 57947 
64483 67069 
71785 74610 
23720 49947 
35493 54791 
37868 56967 
2909 41549 
23025 53796 
65122 69340 
12976 27335 
71208 74340 
35882 68316 
33670 54801 
67478 73537 
31952 63111 
47878 54676 
46686 74294 
6434 24716 
45801 66334 
2661 55237 
58731 63598 
59688 60079 
22302 31824 
1878 26759 
9748 15855 
52382 66556 
18227 51898 
6905 62330 
69595 71469 
58566 67957 
55108 58453 
42274 57677 
57183 71166 
30283 39850 
68725 73207 
5372 17937 
25303 52699 
31467 57257 
61909 62970 
8378 49698 
17450 24177 
21119 36111 
3960 30982 
59895 67120 
13799 54602 
47471 66043 
53071 61411 
18844 42222 
27624 43560 
14832 36009 
27521 54219 
57711 65153 
65669 66493 
8503 53066 
73503 73570 
41888 50985 
2481 64284 
47996 69026 
1609 73126 
28608 28785 
54692 62200 
36598 61257 
49877 72960 
15631 68838 
50871 62302 
56019 61269 
54824 63587 
70900 71653 
16656 66684 
7066 50548 
22075 55122 
37765 51951 
74444 74490 
24104 57923 
28158 68736 
23034 49340 
31492 36793 
50877 60110 
1253 7986 
28692 39210 
13034 39343 
63504 71728 
49483 51555 
13478 72109 
32303 61955 
65385 66489 
15050 20802 
6539 73301 
5242 30352 
42469 55895 
42284 71964 
16961 35980 
13938 40423 
60590 66889 
46935 67283 
20384 39020 
28630 42612 
17329 32677 
49225 51461 
49314 71089 
66123 70671 
54341 64909 
28128 60495 
816 29030 
28107 35311 
41288 73391 
64833 74400 
60236 65698 
35829 48612 
39174 65636 
55318 60177 
24521 34863 
11532 12339 
49992 69207 
3707 18517 
7083 68064 
63504 70784 
6004 24014 
37648 52507 
20054 27601 
6154 62975 
61017 73412 
61168 67600 
56734 72357 
19050 69336 
61340 64729 
26639 29379 
27982 50438 
65521 70407 
46214 62748 
40700 71587 
57030 63657 
13944 63920 
38279 50236 
73995 73996 
8286 58861 
24703 68743 
70175 70926 
38759 44992 
7849 30757 
38108 39877 
67540 71978 
15836 44348 
59338 65189 
39839 45894 
46124 57341 
16314 29727 
7255 72049 
49802 55768 
29366 45713 
19423 37134 
69001 73972 
31995 72409 
60193 74757 
25607 52666 
12687 15244 
9567 72144 
29854 74722 
35508 50674 
34999 43827 
41845 72088 
57823 69926 
26342 28087 
36449 43589 
34043 71499 
15699 30454 
69155 70794 
37901 53872 
16677 34087 
13082 16918 
46541 65016 
50522 59494 
21411 28292 
25211 47849 
29517 63468 
41610 61564 
42312 74864 
53089 69464 
7139 61295 
14618 32200 
10661 24979 
38991 67176 
27224 29850 
34324 43184 
58726 65624 
55733 57558 
49495 52645 
51043 62888 
40112 46411 
36435 62987 
5588 73013 
57484 72919 
10412 41675 
53699 62743 
52245 59819 
14852 55874 
25442 42605 
19039 34465 
60370 63379 
11541 23508 
71036 71912 
12773 30428 
32142 53357 
3868 7519 
33708 56803 
38975 53726 
10484 16033 
45 63733 
10136 70753 
63133 68941 
24380 53385 
25007 69180 
21449 58708 
26994 71573 
32324 65870 
10593 54726 
43534 46360 
33215 57735 
16856 63822 
22678 62803 
60513 69406 
59287 70825 
32898 72518 
39371 56047 
65549 69575 
10438 45479 
46295 48359 
17609 52423 
65493 69822 
1588 16032 
28478 60865 
23788 55101 
4242 69617 
64649 66761 
23486 43325 
16204 46879 
1768 43423 
48976 49182 
20385 53566 
10852 28892 
27654 57443 
62091 64639 
46810 69615 
40426 48572 
35126 66060 
53771 66090 
28154 30386 
25933 44813 
45957 58872 
9220 72567 
31922 52649 
48851 52371 
32924 56613 
30367 62896 
41095 70556 
7366 11200 
61707 67117 
32245 64128 
31092 55172 
70073 74331 
49088 57735 
24613 50222 
55789 60426 
18921 45055 
70816 74224 
27353 61875 
46534 69630 
14151 45012 
23136 25261 
5513 53571 
73817 74220 
6899 59306 
58559 65303 
3334 50418 
33769 45452 
66867 67217 
36930 52808 
32127 71617 
1203 31660 
20080 27335 
13332 52449 
20944 36596 
53213 73915 
11477 63575 
33515 67561 
37999 41816 
30928 69576 
27517 36386 
66229 70715 
41107 60438 
25764 32622 
31509 61331 
19611 31132 
50305 71812 
40785 65117 
57613 60510 
57197 68686 
60221 73379 
31360 38570 
12957 46996 
20182 22625 
24817 25078 
67891 74588 
62039 67416 
38067 46890 
23128 54080 
71844 73812 
63841 72062 
61149 71501 
43745 58345 
22456 62894 
72263 74405 
36076 71897 
54105 62226 
36834 74237 
34526 42463 
1185 24515 
45379 52624 
64075 73285 
54540 54981 
45261 61051 
63936 68406 
68182 74899 
52033 59409 
40197 42706 
38279 65418 
34925 70221 
25196 63667 
64378 72897 
39732 46314 
53898 71625 
33055 37373 
21170 67703 
18005 54416 
29565 73451 
67298 72017 
64164 74807 
39678 71137 
4098 57210 
14407 58060 
13116 40533 
65355 70763 
74849 74946 
19464 59386 
68114 74840 
35900 63179 
33226 33492 
71577 74860 
19343 63671 
60755 63243 
50872 60892 
10008 51515 
38587 68645 
52398 57823 
6916 73609 
17749 37954 
42316 63955 
11871 42314 
23793 44872 
70422 71972 
11415 43626 
41300 64283 
68363 74719 
54764 69329 
71176 74270 
1253 6767 
13732 58018 
28581 74242 
74292 74452 
37948 56323 
50248 67628 
17448 70759 
72753 72828 
3203 3284 
62648 69377 
21249 23295 
17617 46975 
63475 66241 
63414 74977 
5400 61302 
2053 24351 
64565 64609 
67127 73320 
25279 59580 
26328 52410 
56535 70323 
72411 73010 
46270 59866 
4700 52595 
49091 54068 
60726 62169 
65138 72986 
37878 42092 
53394 59145 
66299 74321 
7243 37417 
18300 21804 
68193 73772 
58710 64287 
10716 63104 
15905 74328 
44834 60671 
72695 74911 
63938 74327 
50761 52959 
58945 60764 
23587 25782 
61587 67872 
66401 72034 
21802 56056 
41295 70970 
983 65971 
71292 72647 
29011 40768 
70979 71405 
13992 39719 
65015 65078 
41548 61311 
20673 30063 
15637 45151 
49509 49646 
51468 72112 
44953 60729 
16151 39382 
4538 34531 
28204 56624 
40166 50182 
54050 58400 
35909 64257 
29721 68472 
21053 61586 
37043 67887 
2589 50491 
42409 51759 
42789 50907 
68076 74771 
58630 74176 
43711 71679 
63901 74363 
71327 72688 
15846 52058 
42410 53776 
36536 70085 
58592 69504 
3848 29052 
47661 70019 
47545 52077 
33328 67387 
26414 52334 
62054 67633 
27534 64189 
32145 48298 
4256 5008 
43164 52556 
70339 73919 
12101 34899 
30169 32179 
28454 67737 
20582 73610 
35000 35314 
14651 39511 
72830 73488 
21193 23808 
53213 55837 
59445 66265 
47510 52089 
64208 64648 
52655 63219 
72307 74439 
72395 73335 
67185 67626 
55484 61070 
32933 61351 
38682 51352 
53321 58316 
38909 54296 
25373 51566 
31567 37673 
52944 53864 
52375 62705 
19655 62518 
53038 60444 
21352 36991 
18173 61172 
41901 44013 
26151 46005 
54595 60535 
38721 50203 
51452 61399 
34254 53037 
30557 62614 
40598 43051 
32167 47511 
581 49665 
11049 25504 
5737 11510 
42593 73020 
45548 73939 
9759 15291 
59366 59379 
66736 69709 
4133 59697 
74412 74789 
35985 60309 
30472 54828 
72940 74968 
42530 54450 
7516 38801 
57356 66324 
21659 70107 
40898 54975 
56197 57530 
61467 72261 
57295 71485 
57526 70067 
1588 57025 
74259 74896 
29004 46464 
22539 71412 
65171 68961 
62068 72366 
68128 68856 
59092 68093 
12524 59740 
26515 64007 
55472 57926 
55488 73121 
23805 70219 
25188 46604 
9195 32931 
19611 24462 
22106 46060 
29049 43440 
2218 73830 
23155 42099 
33199 73790 
70225 72755 
3094 57201 
19944 23356 
64237 73070 
2731 37440 
64 63810 
10585 20392 
33090 68024 
14130 19860 
64583 71029 
53524 73628 
42131 52433 
53541 58116 
38045 59406 
37293 47644 
28108 62570 
54654 71651 
56461 69593 
45882 66537 
19232 38287 
14949 28653 
12103 69850 
50279 51531 
40597 49499 
9569 53576 
20990 72959 
74246 74629 
46648 65106 
180 15470 
31288 49562 
64987 67165 
33572 52839 
28683 59845 
375 24614 
40020 47482 
28831 65676 
26967 41571 
69855 70546 
27066 47955 
16426 64941 
49409 61359 
61792 72068 
31853 35774 
36404 70491 
34327 62675 
30705 43556 
46285 54154 
74411 74764 
28061 43921 
11714 22970 
63376 63425 
15878 27799 
3590 72865 
23280 41824 
41213 46931 
28009 63541 
7034 62630 
20684 34768 
64860 66293 
4816 40941 
38573 57572 
70122 71384 
73811 74555 
20037 31899 
26974 52975 
59007 74233 
62825 74985 
70190 71845 
67888 71095 
4490 33464 
40464 48421 
47472 48722 
64982 66146 
65169 71352 
45164 58651 
38299 66591 
30368 50759 
8547 53398 
42114 53128 
68543 74650 
67613 68446 
45064 72921 
60205 66514 
44083 67477 
25324 56201 
18152 38149 
61150 71660 
69136 70977 
69707 70447 
1787 60192 
22654 44845 
54683 70905 
2177 74383 
11648 58010 
10147 65777 
33716 49873 
60292 73890 
15860 32014 
56728 63998 
17674 32924 
23874 49964 
48375 58762 
51869 65471 
6140 73394 
17375 36766 
47094 68184 
52289 61766 
40296 61818 
20165 71919 
16577 58764 
20385 38036 
67693 71077 
31956 71000 
45709 74476 
9767 55617 
1382 42075 
66495 71640 
18769 37256 
3538 3669 
27074 30063 
48221 69506 
37854 50906 
23049 41988 
16051 64592 
4296 23279 
11443 71129 
26952 69404 
66082 66803 
53287 74700 
58593 71261 
37798 60507 
31304 56202 
21448 22580 
27874 52453 
29196 43464 
10057 18024 
23011 38701 
27021 63025 
64730 70502 
72532 73047 
61837 64011 
35228 65374 
9053 27934 
26608 37944 
41189 51775 
46245 57037 
57689 63156 
53074 72476 
7994 9051 
74004 74215 
26540 41831 
2167 60175 
65264 69720 
5114 55799 
6340 56692 
51919 68882 
27471 52666 
40130 62638 
69017 69478 
39663 57346 
40067 71411 
61998 71883 
59325 69990 
57625 59138 
50919 56200 
43957 70365 
31658 37561 
1237 72893 
51707 67009 
66605 73049 
50662 74472 
2766 57769 
48745 61180 
68600 74495 
38499 39147 
44943 63412 
47182 59947 
37585 68446 
27898 61217 
29223 31886 
28656 45407 
37281 66819 
50615 72891 
52940 62334 
24688 51987 
40043 67982 
62413 66526 
16831 73895 
47027 56947 
11777 55362 
17519 63940 
54037 62278 
21127 73716 
70606 71233 
71488 74472 
74518 74887 
21591 68583 
64207 72373 
65623 70308 
30711 31276 
14946 27311 
67045 72270 
62458 72883 
33989 55044 
33387 53635 
16499 74083 
56930 63580 
28854 60217 
68363 71471 
1120 66692 
2644 15151 
27479 44564 
17388 21919 
63844 72698 
59270 62929 
12069 23161 
44845 70237 
35853 46457 
15696 64558 
30277 32694 
18930 39450 
34950 48345 
7969 11024 
48669 49065 
10519 55794 
53827 72466 
56623 62542 
66411 68968 
54740 56706 
11936 57676 
31174 72051 
38330 67932 
45616 70117 
62330 67773 
53040 68139 
6245 24882 
25882 27633 
62367 65128 
8955 58427 
32686 74536 
40027 41240 
7217 45072 
35106 66742 
71763 72379 
20632 29707 
33121 56049 
21174 46893 
10489 51855 
28777 53411 
49125 61137 
13848 63150 
21525 47164 
49254 67842 
59497 62328 
68866 72013 
1387 14943 
50164 68471 
37490 62746 
46453 70800 
12570 55241 
44716 59203 
48045 49433 
46039 51528 
7190 71132 
43432 74534 
1837 22387 
10440 61172 
43852 59221 
71848 73435 
22337 68422 
26917 41655 
2231 60829 
15554 70937 
29321 32180 
70692 71328 
32756 32942 
23183 65161 
59941 60425 
54647 70795 
10432 38660 
13612 36706 
67825 70097 
606 72596 
11880 38125 
701 60917 
65514 66213 
3447 29358 
14207 27117 
7031 69596 
12567 72156 
45005 45018 
54644 67563 
41171 70902 
69171 74581 
68207 69735 
6672 50750 
40414 49547 
71026 74659 
64386 66163 
17440 38258 
57561 63177 
58398 70719 
7193 67138 
55050 56920 
32062 51225 
46462 68677 
67026 69644 
44502 61083 
59376 67215 
63566 66815 
64103 74818 
27534 73667 
22379 25995 
13498 18753 
21138 41225 
40740 43997 
66226 73887 
40528 66566 
3631 15231 
52328 67675 
59005 70374 
40838 71765 
20547 32063 
44822 67366 
28525 43657 
45090 54370 
16530 46933 
38922 62351 
18756 59170 
36625 56250 
65403 73194 
56898 68149 
30369 65254 
72455 72458 
60704 63314 
64726 73436 
11691 39925 
18731 27759 
61770 64873 
24454 45208 
65912 70320 
68025 74083 
54145 66335 
97 52681 
37940 57468 
72006 72347 
55973 56584 
30492 38830 
42011 46877 
46339 54109 
39335 56746 
49167 49487 
58774 72354 
36399 38020 
11355 20831 
7870 41075 
52924 66896 
35735 67064 
67311 74566 
69797 70279 
33186 55260 
18415 38202 
18642 20692 
49403 73771 
27157 59856 
41540 72388 
17601 37012 
58474 72669 
21387 48116 
15512 58832 
13671 61965 
24766 30408 
27385 68844 
211 5297 
42794 46325 
60301 64439 
66865 68283 
19451 59413 
45008 49249 
37396 58675 
74414 74638 
52610 72240 
37728 55769 
19205 69962 
8308 50766 
60806 69271 
28020 45922 
10656 25881 
69983 72617 
24128 67554 
73943 74121 
46995 70408 
37084 68574 
27300 60899 
44795 67574 
10092 50180 
35223 63093 
64866 65453 
6953 48895 
17511 22573 
14772 16423 
56301 57057 
27255 31591 
42870 63206 
11739 34248 
24209 71656 
74010 74910 
73831 74860 
69193 72073 
36156 40341 
54285 68570 
61081 72372 
68610 71669 
36926 72452 
5024 32907 
62818 71882 
69443 70356 
17542 68331 
53962 55097 
50077 64199 
27417 70308 
8778 74020 
5504 61467 
28707 57868 
38779 52050 
48297 59000 
69304 72309 
56949 66760 
5812 59642 
63349 64013 
36668 58907 
24891 28185 
10393 65851 
44119 44960 
11875 63403 
6814 10939 
47209 58791 
53198 70934 
73072 74302 
31535 64412 
29128 61785 
31025 46858 
4703 34342 
28874 68885 
44465 56937 
18877 30981 
21291 42062 
25730 32909 
52170 72975 
8808 21129 
52990 62381 
5456 35118 
34292 58147 
34732 65769 
13828 38895 
22326 61775 
2314 15298 
61850 69711 
20327 55487 
6921 65651 
60908 74528 
53255 74963 
11937 67587 
39446 58791 
43283 68389 
22335 68904 
2576 21481 
46462 61866 
44399 68439 
15932 20177 
44538 66116 
52755 54482 
60493 70713 
1294 7278 
3825 15520 
54038 74047 
68798 70985 
65619 74134 
55072 63743 
52977 72946 
36411 63751 
39584 67456 
54962 58589 
39896 54690 
4483 27390 
14545 65622 
33700 51749 
44594 62266 
67614 72770 
62271 69326 
40235 62858 
62213 70304 
40586 57695 
61839 74007 
13438 72778 
25400 52541 
12846 40566 
25072 62309 
66452 70353 
16377 56932 
65945 72379 
64288 68523 
49596 64708 
35070 73794 
4398 67881 
56305 72044 
74075 74871 
58937 65341 
26489 33840 
37769 63738 
61565 71888 
74818 74985 
59360 68982 
17218 53721 
20967 41917 
26535 59870 
4354 47736 
13224 57757 
10370 20158 
24834 65910 
44180 70613 
50314 59425 
961 31446 
14503 29955 
12428 64062 
15835 50038 
46546 70370 
31821 43652 
32254 44615 
72285 72339 
18731 51992 
5908 12970 
63046 73353 
23545 56046 
52611 73862 
67593 74344 
13669 46010 
24307 48610 
58391 74997 
53070 70497 
14317 58237 
59827 69571 
72071 72492 
41320 59926 
38736 58766 
69981 74189 
31167 62230 
21456 74629 
12406 50389 
16605 61156 
6933 11690 
16974 66367 
12085 53310 
49019 56367 
70960 73742 
67795 69218 
51606 72478 
19607 33824 
53035 66740 
56093 59751 
27502 48576 
42797 72787 
59158 72040 
67179 74351 
33554 42749 
60896 69518 
26030 64093 
43853 58591 
45605 65291 
19368 61530 
54308 54455 
45819 57936 
42753 68442 
6587 47859 
2069 51950 
30242 63195 
68631 71401 
40326 44117 
28419 64268 
57110 57631 
23818 51075 
8268 25863 
26863 63421 
45568 52401 
61398 63379 
33271 72880 
25319 53873 
5093 28235 
39564 43059 
38392 53289 
64605 66046 
42360 43559 
57547 59322 
49565 52006 
15024 72061 
41068 52760 
74111 74199 
3833 43260 
21211 42044 
50645 51306 
54162 64665 
64437 70796 
45577 55411 
46870 67807 
38070 52079 
27760 44266 
59138 63984 
3529 63418 
74841 74927 
24489 47706 
22889 32661 
72516 72896 
66332 74467 
61080 62113 
69680 73004 
28558 59578 
59349 67368 
36132 45496 
57531 61759 
48673 69021 
29774 69802 
43686 56566 
6405 38235 
33074 42787 
30050 58848 
59937 71060 
66220 72663 
5444 6704 
16021 38870 
30077 34027 
42773 73349 
12778 48929 
6244 22296 
67993 74773 
16858 67927 
11784 19734 
28137 37639 
44489 72279 
45587 70011 
29275 65165 
4112 10463 
52924 55737 
12815 66799 
44997 72567 
50233 73686 
67711 68898 
32019 74942 
14555 71418 
15011 69862 
36381 42892 
26637 70560 
43095 50072 
54621 55455 
22858 70534 
27366 42763 
55261 64383 
71460 72729 
62592 63415 
72344 73889 
28248 40647 
73764 74837 
21743 24922 
53956 72081 
50052 54565 
60592 62648 
56390 74828 
35085 46277 
9838 68634 
68386 73326 
69792 73330 
48926 53702 
21328 60858 
55297 56614 
36941 57060 
25278 68912 
69563 71568 
69452 73395 
19125 43208 
66325 66758 
60288 61626 
23263 47291 
33827 62498 
40996 52413 
54673 64230 
18188 49460 
38549 41763 
40490 60657 
50769 69968 
63729 65088 
33479 35524 
19656 56313 
57909 68497 
51823 67390 
71003 72803 
70221 74890 
21603 72365 
11888 33086 
62677 74958 
20667 73621 
35234 38972 
39714 40593 
57506 58443 
746 60961 
35112 42077 
27904 38462 
15082 46747 
34542 55796 
70295 71718 
53928 72011 
12745 28245 
21193 53199 
73235 73808 
57770 57857 
50010 59177 
39056 54104 
51421 63833 
32042 59594 
29596 69482 
12829 39968 
36795 66632 
13680 60904 
68487 73083 
52969 72557 
63379 74353 
63675 64564 
53488 62348 
59132 72445 
40098 53073 
1867 16412 
1400 65925 
28002 68293 
28943 67362 
30467 69592 
38591 56040 
36207 63743 
41262 51109 
4852 7329 
20561 31842 
56286 74174 
39022 59248 
69634 69821 
56869 66518 
55797 73228 
25446 29253 
59182 71602 
47741 72997 
21911 30254 
48424 60555 
59682 67156 
63080 66552 
37817 70157 
13411 74567 
71036 73975 
41785 65751 
48786 59236 
47030 70226 
33595 43696 
61461 62175 
28747 73148 
71621 72995 
41217 42151 
74902 74925 
21679 44067 
27109 60114 
17479 64021 
29933 52079 
24856 56756 
13902 71916 
57747 72954 
68419 74759 
30794 65149 
1942 6066 
20663 40551 
24977 41365 
22757 61236 
65520 70731 
41899 61423 
60334 61098 
38942 53382 
4611 27412 
39347 53495 
63698 66682 
70563 74140 
46410 58823 
22570 51838 
25849 71119 
32077 47760 
56747 69618 
31720 61133 
7101 26784 
32928 39925 
29383 60313 
69302 71007 
40831 67159 
51232 73037 
67724 71194 
50033 62064 
37591 54065 
46169 46964 
57073 59055 
23980 67603 
42527 72088 
69400 74095 
59910 69306 
36041 67039 
40049 44149 
38438 69146 
54208 69112 
51850 73967 
14529 16641 
30713 61326 
1491 59458 
20724 74095 
28203 48561 
4570 24447 
50229 71626 
52764 74403 
20837 30481 
8019 44250 
68515 71768 
64041 74988 
7998 29779 
58220 62014 
28751 67092 
47305 59709 
48943 70807 
49744 57829 
53770 70462 
51884 70163 
10910 70044 
51045 68124 
40448 55169 
33056 65253 
28596 38124 
38760 68485 
72091 72160 
43883 66574 
34505 71682 
33004 43440 
59773 61840 
74966 74968 
38618 47970 
29704 53093 
19022 61523 
4284 25738 
65476 71871 
6892 30824 
17682 21327 
50539 59688 
40146 53084 
73285 74893 
3739 65571 
28792 64883 
39987 64664 
53444 70247 
8963 45517 
69524 74311 
62989 70313 
16057 25226 
74849 74998 
16849 45582 
61253 73311 
71589 72166 
38783 55629 
58590 71352 
43720 46621 
56642 63193 
38833 62513 
64293 71108 
60131 63379 
63600 66769 
73735 74473 
71620 71621 
12270 27228 
5601 17353 
24109 52154 
26130 31840 
30995 49130 
65354 73820 
18135 39359 
62109 67810 
52633 62314 
15329 56675 
28405 68767 
8641 71724 
50903 57861 
5762 9812 
37111 58353 
1488 72403 
46961 49123 
4979 12513 
40068 64204 
2385 44767 
40708 47696 
61328 74560 
23706 58088 
745 19335 
63916 66092 
15841 50935 
13988 56579 
67810 70824 
5824 48826 
61359 63863 
59563 73579 
31608 54585 
37364 61325 
57964 72789 
38445 46798 
22713 35908 
13852 28655 
29302 30545 
24824 27576 
54153 55793 
49435 72888 
26489 57202 
70252 74613 
67341 74213 
28520 37282 
14797 35900 
54227 68110 
16472 25607 
47209 48006 
17216 48243 
55630 61405 
48910 59181 
71859 73906 
39034 43597 
14017 30020 
17553 48812 
24193 34210 
5606 74369 
59338 60333 
72274 74759 
3838 62016 
39173 73035 
30461 35969 
57592 70336 
65497 67384 
63854 70954 
33267 60159 
15237 15521 
69527 73374 
68928 72504 
72500 74177 
5389 70216 
4308 16502 
67300 74769 
49957 66111 
23547 37806 
9554 47759 
62570 65790 
35944 50943 
36996 55838 
25801 52507 
64674 71684 
60194 64223 
49027 60625 
71777 73715 
18387 57598 
1848 2204 
32979 69477 
42427 50788 
3597 69271 
18470 39322 
3874 63753 
8847 43623 
49092 64885 
32092 35750 
644 25162 
65270 68288 
6725 40728 
52116 66950 
11001 66812 
7755 71854 
12737 13142 
61433 64116 
74928 74935 
4787 51395 
59036 64020 
65642 72238 
69537 73635 
3097 37021 
2187 12525 
18728 32694 
21344 40094 
3025 42245 
67028 68937 
32108 46876 
59047 73556 
15739 53835 
23132 55425 
51773 59644 
26995 58252 
57174 57811 
34510 34568 
38427 50394 
30099 34633 
4395 52353 
10535 47523 
72924 73648 
23034 28263 
9098 60307 
12137 69674 
55556 58992 
20182 71318 
2994 29593 
13173 71358 
52412 55104 
60857 68916 
65640 73903 
24395 60921 
20793 27366 
62602 67427 
23989 45709 
36805 52429 
29667 72979 
14367 33778 
44193 62426 
30550 38277 
61294 63640 
33245 39454 
2728 19141 
29530 42311 
26898 33046 
20283 44065 
41651 72907 
55916 59385 
44897 54382 
34765 61822 
32978 56046 
3623 43525 
50910 52250 
715 61816 
7174 12128 
51449 64109 
7575 21504 
53213 74257 
31030 63126 
54592 55398 
34553 57722 
31185 32526 
15337 15470 
2561 24655 
12030 56889 
69249 72840 
74065 74227 
56333 64511 
14098 47671 
10032 41192 
36676 45505 
3328 64318 
20488 23603 
61387 70227 
55660 65142 
31867 48148 
46964 65835 
4329 66175 
59986 69009 
24828 41023 
15645 32879 
42329 55417 
51938 59368 
37541 44517 
41312 42082 
17419 51446 
1762 16282 
29464 38793 
66646 72752 
50078 72227 
5716 36750 
14778 19142 
59509 61078 
67841 74503 
238 20280 
25940 54736 
38754 40645 
68405 74617 
65075 66644 
47816 65211 
45329 66210 
43860 70356 
65522 72435 
1702 63383 
42868 56202 
26698 51038 
59019 65498 
38289 65672 
2066 43405 
47363 56427 
69035 70264 
951 2394 
27170 29364 
55955 60578 
41040 66615 
50759 62671 
66828 71691 
36484 65803 
49828 52226 
45175 62383 
4636 49903 
64370 70734 
16328 43166 
33583 70558 
220 3442 
23198 57379 
24505 70276 
74460 74849 
42526 47988 
28065 44557 
6457 35438 
52962 63337 
13638 22984 
28766 42722 
1679 48755 
31942 62763 
20128 36289 
44052 51428 
52146 65348 
63465 63669 
71365 72665 
31644 63269 
73727 74871 
3955 19722 
23629 73001 
7865 61303 
74590 74798 
11976 35438 
5639 27590 
39538 63545 
286 46356 
66659 74219 
15553 50929 
55948 58293 
50655 53786 
28894 72275 
40122 57860 
9291 71546 
46905 50985 
29475 55146 
56350 57167 
63231 64196 
62858 70082 
37145 63585 
46553 48793 
39076 67055 
9705 23320 
57924 73076 
57918 63255 
70790 74203 
12126 14907 
23674 71704 
612 1599 
44322 51937 
34526 39364 
20245 33081 
42405 51101 
8570 42712 
18225 61203 
1913 59990 
22977 37785 
62861 71857 
50051 54854 
73532 74417 
40068 52514 
54914 65007 
13620 53434 
10908 59279 
40630 41099 
47173 52176 
60535 62897 
65345 65698 
39903 39966 
71459 72785 
45871 55882 
71878 74995 
42635 61612 
36510 50160 
59394 68952 
72010 73117 
5327 74252 
74973 74997 
18657 48221 
30022 52905 
73350 74954 
4177 20424 
51602 66148 
18954 54178 
9292 20463 
65098 66051 
51976 71465 
34894 41055 
70657 73081 
32315 58513 
67669 74023 
20180 29614 
31655 60270 
33362 34795 
57437 70888 
61660 64305 
16152 57975 
74261 74926 
33574 40436 
2220 14970 
39999 40301 
22146 31969 
41745 64152 
42318 48668 
45678 57266 
26600 59990 
51502 59322 
4933 50443 
61816 68071 
7453 70466 
57435 60516 
3447 41709 
60483 70516 
13719 61384 
5867 19879 
8598 20868 
57272 73065 
8504 53312 
5503 66762 
63785 72647 
380 66421 
22093 22405 
47268 60647 
48290 68683 
9079 23874 
36127 68940 
59959 61094 
15419 36054 
30020 47091 
18078 48522 
51408 57567 
9013 39630 
3836 46704 
555 53222 
4063 57663 
3884 52520 
10493 68770 
1595 20677 
38316 61055 
38621 69831 
5615 69360 
4278 44037 
53111 74479 
4439 14262 
52158 61908 
25305 56665 
5309 53334 
1173 47334 
71090 71843 
31008 43069 
71027 71061 
29531 37260 
57697 72921 
529 37861 
12494 28797 
55865 70413 
15417 54282 
11354 38152 
23043 48281 
72237 72459 
53185 60299 
7597 69921 
20466 25101 
67052 68916 
12731 45305 
68708 68736 
28402 73927 
26111 46205 
2992 23466 
8344 73585 
17977 19358 
18324 64145 
38847 51668 
37553 73433 
25884 70443 
28294 60038 
23884 48712 
58413 63255 
33549 35655 
47469 62758 
48529 71862 
20402 67151 
60557 69934 
27933 36547 
45026 59576 
62269 74431 
8553 57161 
71386 74566 
64572 68727 
7770 11986 
69396 74972 
7406 12488 
34341 41935 
4330 28536 
7091 24528 
27023 66145 
68552 73442 
11185 32048 
25536 56154 
47286 73684 
65877 70312 
48729 49903 
74803 74875 
9686 29319 
40905 44429 
20096 55769 
43882 54656 
64378 74322 
16497 17664 
34007 64099 
2025 68937 
42940 66940 
72723 74016 
44630 55826 
43138 55637 
13212 59646 
624 10370 
30765 54805 
62810 67401 
51559 61751 
38746 51335 
5692 26079 
40792 59186 
43107 57164 
28914 34412 
43057 51574 
5781 10547 
28850 56378 
464 70543 
25882 45110 
37720 68326 
20120 33468 
12688 30656 
23449 32287 
13697 52546 
63123 68466 
5528 17183 
23989 33918 
26136 34678 
7236 36707 
38222 50153 
37320 49350 
59471 61796 
38448 69973 
56712 66289 
68737 70675 
63624 63870 
71643 71690 
42809 52057 
17766 55662 
477 23366 
23043 37193 
70936 73506 
56663 74611 
43245 66988 
58497 63362 
71043 72369 
69416 74559 
19405 52993 
63714 71858 
44888 55022 
66443 73306 
46316 49198 
40515 50183 
36227 42882 
74041 74076 
1017 64889 
65750 72104 
2119 61515 
8499 44061 
43088 50391 
23262 68578 
34018 52763 
35868 47127 
46584 66758 
67052 68753 
40398 71300 
33963 65431 
12787 27645 
51149 54492 
53928 55907 
68271 73293 
37546 66005 
14075 64161 
12461 15773 
52836 56370 
16034 55803 
34157 54295 
1712 10777 
32233 67943 
72588 73733 
26468 35826 
71319 73521 
64121 64493 
49223 65952 
59419 68312 
13210 36029 
52446 60893 
55758 60079 
16400 67559 
67130 74479 
7001 51312 
2162 8806 
65227 74821 
47709 53155 
56313 65136 
61608 71373 
58365 61760 
72396 72805 
48796 62956 
34973 68372 
30409 74506 
52630 52831 
11664 66612 
70775 72760 
26472 47146 
15161 56077 
41380 56479 
73454 73709 
37202 70227 
49177 62457 
55212 58847 
72972 73571 
5709 56112 
68116 70764 
44929 62358 
60604 74462 
55497 72174 
24008 70639 
59417 69672 
12289 61380 
69451 73213 
72993 73671 
40687 48186 
30602 32944 
21050 43858 
45286 65982 
35338 38497 
15887 28655 
15458 44844 
36703 41163 
21782 36350 
12905 56837 
35588 38168 
30720 54009 
6118 18968 
61338 71219 
12583 51842 
10357 45826 
1144 4812 
46260 68790 
7529 54658 
65030 68533 
44959 47041 
58950 63464 
42030 49218 
42264 57688 
54261 67376 
8191 12973 
50391 66811 
35226 70959 
37652 49800 
30783 46794 
23305 56773 
29850 66719 
43738 60072 
43311 50952 
20337 64766 
65250 71773 
4406 59554 
32496 43244 
27447 60894 
15995 50123 
30428 62934 
8107 45405 
58844 65529 
2163 15865 
29202 48328 
64196 73388 
19576 23427 
12839 18415 
29484 40663 
5383 26240 
43962 62903 
10174 27476 
58966 62216 
65393 66053 
66593 73569 
35491 51381 
43466 48492 
15231 65666 
3899 52553 
62558 71967 
27512 50027 
9928 40296 
73617 74471 
60480 61892 
70760 72179 
38130 48496 
66273 72969 
32925 33149 
32163 65151 
12220 70592 
60168 71740 
38306 69438 
54780 59348 
7461 68553 
24318 29717 
30741 64232 
23844 60408 
54398 56505 
20623 73214 
62334 62725 
56061 72288 
18610 29812 
63289 71905 
41574 43533 
10139 47462 
51255 69439 
71716 72961 
25635 48066 
49595 59124 
39674 66132 
22509 30896 
27156 28403 
47050 71446 
40567 56067 
54845 65765 
30683 30819 
17385 33718 
40040 67969 
48307 52813 
2863 16591 
8224 63332 
15727 57329 
47533 69136 
33134 60020 
63317 74520 
41452 70162 
40658 70173 
8833 65354 
5599 34906 
40196 71085 
48089 54273 
62188 71419 
21613 44793 
10377 71124 
27494 65347 
43294 55113 
15003 27303 
19801 29492 
6542 58531 
16546 71383 
50025 55631 
24291 36816 
28224 39659 
45172 47998 
7379 9918 
74229 74472 
36656 59348 
37463 59779 
33189 33915 
21349 54595 
23129 62218 
44929 48718 
23546 41793 
24456 52713 
51177 74867 
39660 51506 
68562 72801 
66483 68546 
22149 64308 
40566 54362 
68637 71010 
69880 74222 
54050 61799 
33554 64206 
63486 73580 
52371 63390 
72127 72392 
41188 43461 
74312 74538 
47838 73250 
23493 50953 
66704 66902 
17358 31160 
72972 74988 
20917 33700 
65810 66667 
28489 39543 
17150 65575 
55552 61608 
59751 74756 
63658 71986 
61287 67922 
8666 25845 
28704 42459 
8293 14946 
33858 51781 
60722 71611 
1293 22217 
7773 24405 
11146 30794 
55298 63524 
52507 66390 
26359 33296 
3092 66465 
64772 67831 
57037 69691 
72680 73910 
61470 74134 
30451 70733 
29819 55157 
2785 36226 
46552 54691 
58059 61325 
67027 72067 
41167 60914 
10401 61514 
19640 27689 
36964 49418 
51134 57523 
66661 71939 
57903 64905 
2779 9376 
41920 51999 
51687 63611 
66197 66950 
68100 72328 
3546 33056 
54890 57033 
52871 67463 
65380 73537 
60334 73941 
17684 24557 
56656 68699 
21368 46847 
57142 66474 
47200 61164 
16571 51979 
1327 73190 
20360 40648 
38819 64558 
56973 59381 
20112 20792 
2852 34188 
67754 69289 
44498 57399 
31983 51783 
49806 65366 
8664 56349 
6771 15408 
13694 37876 
35244 57312 
41003 69291 
27452 63912 
4825 38248 
29149 57673 
31753 66267 
71246 73944 
25530 72155 
66415 68276 
50120 52135 
60061 64589 
30108 36303 
52702 65097 
74777 74834 
26492 40281 
22549 55246 
67236 69745 
23575 63521 
38407 68243 
49522 58087 
18012 50673 
70292 70519 
12221 33556 
15536 26219 
72397 74801 
5468 37164 
44228 48681 
14303 41434 
43107 69343 
43114 64177 
52961 74081 
25550 72296 
21851 47446 
12010 32039 
57588 67310 
42143 68811 
18169 56436 
4437 54019 
38407 49220 
58501 70069 
41046 62115 
21082 45883 
2645 8368 
17475 66046 
18620 26752 
4659 53484 
27564 50882 
18388 26686 
40026 59844 
44540 51529 
59166 60218 
11754 44804 
74102 74843 
47696 57868 
31037 37649 
59726 66272 
3648 73173 
34853 48013 
47947 60222 
64017 67380 
74222 74336 
61674 71731 
14234 66903 
72157 74044 
42848 62276 
33779 44441 
842 30604 
33381 69655 
2464 12541 
3615 27532 
28086 36493 
16478 25961 
52687 62182 
23865 54356 
2827 59965 
13770 58069 
23356 43592 
43177 47660 
22078 73532 
52818 61519 
18288 50380 
38695 46830 
46774 63505 
69194 73968 
32626 55566 
17244 27499 
19051 33306 
68312 72639 
30843 37300 
26509 35618 
4953 21894 
21844 23224 
51429 71279 
25461 61884 
58599 66555 
4171 45285 
20312 58085 
50362 70032 
7936 38008 
50102 50467 
70735 73736 
63631 70412 
25489 54262 
16876 38842 
66115 72244 
14201 37054 
33287 41316 
39128 68581 
56660 68332 
35674 73098 
39365 74879 
6201 63909 
35501 60650 
44501 70223 
35577 67640 
72251 73271 
8342 44576 
57381 73610 
63414 69880 
33982 53271 
27131 30685 
56196 72731 
2654 24836 
9226 73089 
18746 56654 
12849 63453 
72670 74994 
5632 27771 
50952 56773 
46300 52503 
2204 58496 
19821 60005 
57208 70530 
1754 51950 
6691 32127 
32499 34519 
28834 61068 
63788 67538 
66017 67375 
21186 60473 
41737 44224 
63016 66645 
26156 35990 
36041 71825 
32861 50516 
19425 46325 
36838 47588 
72911 72934 
66157 74056 
16895 21847 
32971 56899 
12951 62919 
26797 27246 
65827 66242 
60495 69318 
49526 52239 
20625 23113 
7347 41692 
67170 72803 
10882 66056 
10017 29791 
21725 68127 
37481 54437 
48416 64675 
40288 64593 
33744 53200 
73484 74632 
11636 69928 
10336 27969 
59294 68847 
53711 72521 
24698 71463 
39394 45717 
38759 49263 
63118 73038 
64804 65010 
2856 18600 
44392 68673 
64184 69484 
21424 53794 
14392 22422 
12920 38360 
45792 49786 
66998 73193 
51994 68723 
35181 49704 
74442 74539 
42410 63625 
51042 66555 
73027 73135 
43338 51153 
72890 73438 
44321 68341 
62435 66487 
67219 67860 
41773 47374 
33611 58266 
68870 70761 
58404 67815 
21305 32900 
21509 31559 
49760 70581 
9613 28311 
27237 32465 
3980 67819 
65943 68456 
22033 66513 
52692 62865 
41527 63249 
6188 31482 
26204 45403 
10239 34122 
58704 69571 
57670 66800 
9708 15785 
59783 66403 
71196 74123 
35347 60382 
53173 63999 
34991 35352 
23942 60270 
2441 44185 
4336 47801 
52469 64989 
41261 59536 
67393 72814 
66267 73498 
52427 53911 
71832 74907 
23630 26834 
41747 47250 
4032 26150 
45280 65117 
14915 68376 
34301 62540 
56605 72872 
27538 55849 
73502 74093 
128 15444 
58553 66749 
20468 68012 
57614 68488 
11253 56195 
27294 50701 
21701 34523 
12772 13853 
60355 71427 
30334 43966 
16395 73758 
26846 70540 
74272 74918 
41946 69999 
64456 71481 
470 41432 
9659 72366 
60824 73698 
26760 31547 
37906 40887 
44929 50191 
71760 74003 
32173 54063 
74846 74970 
60498 65450 
37159 50458 
69300 74160 
29417 42745 
71658 73528 
23145 43317 
70536 74002 
41981 55501 
22790 67376 
18669 24799 
35239 42672 
26040 44548 
15504 36422 
46219 66231 
6478 37159 
2226 18362 
61890 73550 
51992 62025 
23160 27171 
73932 74967 
43527 48654 
5456 33319 
45135 52424 
20998 22496 
54530 55205 
37943 64652 
68007 70161 
28184 35107 
53278 61776 
32894 68950 
26739 58543 
66306 69058 
31001 41441 
68478 71265 
24370 68206 
74625 74897 
6748 68749 
66517 68336 
20407 72070 
57923 63816 
43587 68618 
13967 27322 
46366 58248 
29945 73373 
9637 63939 
68986 74360 
7919 13230 
65264 72019 
32777 64331 
63513 69432 
1931 57552 
63279 69568 
36111 56167 
35467 38138 
58616 59182 
34181 55695 
40443 63895 
67729 68089 
42676 57301 
42303 54875 
52389 63130 
31717 58048 
29490 48719 
4867 52260 
67246 67328 
53002 60064 
22319 48424 
67559 68918 
33829 54208 
27789 61993 
29216 65924 
24574 44409 
20698 46595 
22275 45637 
14228 73414 
56983 66755 
32723 56516 
72751 72860 
22629 28156 
63444 70320 
17949 66250 
20749 29978 
45388 51719 
15352 35154 
58859 65658 
3587 35407 
40327 67998 
31921 66809 
42156 47797 
20264 39995 
46205 57375 
57875 60388 
61752 71345 
42218 74733 
4925 10411 
68683 72903 
14532 59810 
73236 74564 
64272 64661 
12748 43681 
501 47083 
12426 49878 
55244 63766 
66527 74293 
51147 70262 
61027 67434 
73202 74443 
39961 51158 
5063 11353 
28313 37970 
39954 51351 
5646 29864 
20352 25049 
41228 56292 
38399 68359 
47837 49303 
17761 32978 
63935 64847 
63940 73979 
6499 61961 
66579 66783 
39810 53959 
73753 74332 
20791 24543 
27208 27712 
52937 64803 
56368 72664 
14723 22588 
60953 70609 
70985 72842 
35229 41453 
24740 26531 
11604 73727 
8991 24837 
28665 56762 
47263 61354 
23857 62094 
44678 64081 
53842 60272 
49321 57015 
39730 53265 
31364 74736 
19510 48625 
9111 68179 
66574 73577 
54652 67291 
5273 31572 
25426 31588 
40209 58460 
51835 61558 
58797 71454 
5177 41529 
39843 69109 
68177 70685 
26731 42698 
1329 68864 
29478 35019 
41034 52331 
1757 70673 
2207 17292 
29928 60252 
70285 73496 
19392 49198 
16391 28944 
19878 59940 
56063 70416 
71733 72071 
50181 56001 
11294 23351 
54066 66840 
69528 71326 
13198 32827 
45213 63710 
3738 52772 
38270 38533 
59720 64667 
55509 74555 
70992 74816 
34845 48336 
31988 53085 
44246 50258 
25737 39380 
7427 18827 
54337 59883 
73799 74201 
31541 44693 
30835 49978 
32340 57260 
63798 70342 
23945 42192 
59100 61085 
19846 64092 
19491 19943 
73955 74781 
73912 74858 
23667 44857 
4114 33482 
57096 71819 
21062 35247 
58386 60023 
27483 63572 
25224 58590 
50137 65905 
8120 22906 
28303 35986 
48956 58830 
49198 69349 
71519 72937 
21818 54584 
883 18266 
50093 72340 
34499 65453 
71311 73537 
65245 69155 
24611 40443 
47881 73385 
1355 47516 
7149 58974 
42796 60401 
23959 31562 
58064 58923 
42542 66690 
44496 68616 
28368 30751 
36983 61097 
27086 31699 
41257 67735 
15939 17837 
50954 70855 
22857 24423 
4089 47876 
59302 71348 
33635 54902 
19846 70712 
38903 54682 
24153 33416 
61693 62841 
55844 68730 
11690 15864 
26797 29939 
49158 59049 
45187 54243 
35239 41409 
24534 40418 
59416 74476 
10726 35736 
16884 61240 
24747 31599 
62074 63430 
62962 72463 
49637 57966 
1549 45225 
74010 74538 
71523 72702 
37308 47487 
69831 72885 
43780 64852 
18802 65722 
33937 39073 
19385 26651 
31023 71454 
26197 37455 
12358 48376 
54136 55873 
50585 65681 
22165 67482 
17897 27223 
57850 59464 
40390 63354 
10143 62445 
17553 26669 
56549 58816 
67032 67185 
66253 69805 
48918 70624 
28024 66382 
23418 61971 
26946 31625 
21123 65010 
3342 53814 
32421 38781 
42120 56050 
69539 72924 
55158 69229 
56388 57319 
34167 54337 
21559 45373 
63048 70150 
36157 58974 
28425 40546 
10256 73351 
71536 73673 
72955 73851 
990 6810 
11886 21990 
45692 58100 
55145 74217 
37804 61609 
60865 74476 
32297 41598 
37723 50124 
62934 74845 
3880 13155 
23233 68845 
19869 44214 
20084 37722 
56974 73782 
39551 71831 
39265 50457 
2451 61857 
21575 64249 
19830 57682 
12107 47773 
71483 73296 
67969 74028 
21630 29772 
60774 63626 
10110 20144 
73757 74210 
44593 55612 
30710 67215 
72397 72933 
3943 52520 
72839 73857 
73112 74963 
55522 73029 
48227 69493 
31275 64376 
65989 65996 
3504 72096 
46713 49792 
26089 48022 
30705 51922 
20002 45588 
51838 74171 
28065 33445 
41518 68737 
58910 74110 
7628 18949 
13307 29092 
9584 21050 
47140 68572 
21984 24173 
69702 71167 
38636 60334 
45432 63438 
60986 71551 
36572 73647 
30007 51888 
22372 38348 
38464 69977 
50204 51716 
8891 64369 
22989 63172 
64521 69664 
62590 63393 
38656 40292 
8154 73697 
41478 73905 
19321 23583 
46672 69856 
71582 72356 
24365 53751 
48013 61054 
10089 34433 
14051 71402 
48414 68028 
44919 70327 
29002 67430 
21252 33397 
66874 67708 
934 40468 
47168 48443 
13649 35930 
20360 58227 
26272 73923 
41317 63852 
57896 72665 
73816 74984 
27404 71504 
38160 68569 
64324 71517 
13499 23602 
69804 69890 
46839 74733 
14843 17984 
34500 42862 
72315 73814 
13552 28148 
15013 46122 
51547 72964 
34291 74678 
9101 62176 
12961 39071 
72806 73142 
59545 65579 
45523 52566 
46610 55844 
65111 66855 
54898 69558 
38341 38397 
37464 37864 
48458 64503 
32902 56709 
24768 46508 
65486 71543 
24190 44385 
13129 19109 
35216 37943 
35868 38252 
36068 50840 
35920 44506 
6306 61496 
63374 67531 
56301 60156 
28357 29803 
63369 68006 
36095 59794 
74794 74960 
45963 71184 
22739 42763 
2488 37451 
38056 41854 
18184 56964 
21334 58286 
12379 24063 
47249 59184 
14833 26528 
62824 72485 
65394 73602 
49306 49926 
12529 20918 
3419 43689 
29060 74129 
73447 74286 
55872 71652 
22372 57159 
36175 71318 
72016 72595 
40191 55125 
24229 59444 
31248 34299 
62833 70171 
24052 66261 
42671 67606 
28608 58535 
42795 68472 
28309 67241 
14680 61735 
45837 46160 
19187 53600 
73607 74480 
40782 48805 
71427 74131 
17867 55522 
42702 48312 
67999 71609 
54305 74286 
25940 43574 
31505 73590 
58651 67176 
26140 36310 
70337 73746 
68973 68988 
63325 69940 
64585 73999 
11361 32868 
34642 36402 
18805 34571 
51612 52137 
35898 42192 
27039 69178 
63614 67258 
57729 66777 
63125 69874 
38250 67546 
74057 74201 
49124 54460 
43144 60761 
18990 29339 
40633 45427 
68924 68953 
57051 58503 
37170 41676 
74581 74911 
73970 74675 
52400 74673 
23391 34318 
10014 73332 
40252 43179 
58816 62953 
61753 73102 
47163 48853 
69638 73158 
45430 48805 
68300 72978 
43237 52867 
61372 72523 
22882 38947 
59973 66549 
47833 63355 
58687 74048 
15038 39720 
16869 73582 
49935 71999 
62885 72532 
1708 35716 
36178 44728 
40200 72618 
2371 59177 
35147 47073 
7595 50847 
45148 45766 
24140 51525 
6037 44393 
22279 29747 
12700 51269 
15561 48932 
67166 73335 
27447 49802 
35414 61482 
5157 32842 
51507 55379 
27041 56620 
23848 27520 
70971 73089 
72425 73807 
19546 43686 
44761 52499 
30824 65343 
9681 41975 
31074 45196 
44155 63999 
14193 67986 
63343 69524 
59754 60201 
16633 25756 
55779 65079 
68638 73243 
9381 32505 
67210 71568 
40712 51605 
72807 74846 
30314 60557 
61162 63963 
43003 63671 
64353 68748 
69941 71985 
12408 59458 
12847 36007 
60626 74824 
36258 41177 
8458 14604 
6499 17373 
60759 73386 
35905 36322 
25900 38789 
13195 23239 
72013 74834 
6014 56306 
3309 20149 
22607 62523 
16604 49550 
21891 74909 
1732 10795 
54476 67519 
50431 55713 
34405 64637 
32893 40299 
6389 61239 
63828 71091 
8959 66804 
26034 27471 
22799 29357 
72116 74300 
52537 66580 
48312 51890 
67789 72781 
25705 27056 
26534 64081 
74782 74858 
61822 74367 
52556 55379 
41580 49737 
66972 73276 
42743 48730 
17334 63909 
74411 74467 
32836 61155 
6246 34677 
7367 45791 
55527 63549 
47642 72463 
41397 63240 
12816 45816 
52852 58490 
65996 74526 
36960 72234 
42977 68819 
18703 68600 
68260 70503 
13399 25140 
49440 61539 
71749 73016 
8723 40856 
24485 42498 
46107 57195 
35372 37210 
49541 52193 
37248 50579 
39686 64795 
20864 67285 
47848 65639 
73738 74545 
2151 32791 
35762 40537 
67330 67514 
54638 66964 
48601 63892 
74350 74393 
47734 67427 
708 70878 
45862 64063 
47649 73311 
35517 38157 
4924 51385 
21410 55764 
57557 67221 
56381 67264 
57729 72975 
51728 73739 
44704 50108 
6587 30019 
31119 44541 
2385 68864 
55139 59408 
43339 52876 
2804 6776 
5747 43737 
10865 67917 
18537 45424 
67679 74752 
4302 70987 
21560 40398 
1524 49272 
58387 63829 
41462 56786 
24158 45580 
67379 74219 
37599 55946 
55331 69132 
10641 59195 
4689 14789 
56803 73437 
38737 70254 
71809 74686 
60623 73354 
6322 44409 
60901 64833 
69187 72547 
70745 71255 
70060 74264 
32092 71562 
16719 28568 
53482 65066 
72812 73550 
43575 56168 
9280 36309 
74387 74577 
66471 67870 
8631 40795 
43973 47066 
19355 52065 
62212 66150 
1739 1901 
43021 65819 
68574 70657 
12726 26040 
70039 70712 
33164 42287 
9936 56716 
1022 19542 
43991 57276 
51686 53719 
32026 52534 
41484 70273 
46600 60999 
57667 71170 
15918 40444 
7179 67485 
72282 73345 
31892 70865 
46299 51098 
15351 21437 
54883 71210 
57786 63851 
5437 24977 
27882 72120 
27417 58448 
11719 58472 
21172 73004 
55420 62479 
31567 63870 
41021 67040 
2701 39908 
36926 37401 
63793 68378 
12136 54098 
42346 65834 
12770 60807 
23637 69672 
38360 72119 
59883 70878 
9339 63028 
53722 67839 
8449 10265 
55759 58732 
14799 69698 
59094 69401 
22718 52206 
59724 64777 
35125 44855 
11148 34993 
47586 63995 
3738 15458 
28679 74896 
44638 71692 
45631 60487 
21801 24434 
72271 73144 
9842 42569 
33262 69033 
64238 69792 
2072 67312 
24187 30827 
47322 60940 
1159 13141 
32037 54001 
13560 40709 
70282 72970 
26934 47873 
36681 73390 
45193 53552 
61222 70662 
9520 40011 
27306 48666 
27151 55842 
59069 73152 
11741 46565 
27292 42326 
44325 61453 
64009 72338 
69147 70358 
33229 58343 
9546 71931 
24277 54792 
28725 59196 
52370 70162 
50120 50391 
46563 48740 
23289 56748 
72566 73766 
10207 71569 
45109 55353 
51519 71062 
53613 53931 
53035 60531 
57679 69305 
56846 70610 
1528 17579 
56567 66589 
60995 66749 
60033 65761 
74621 74946 
53029 56421 
1026 45998 
63137 65271 
17210 46504 
43795 58109 
66811 68626 
25441 67199 
54564 62288 
8602 15892 
41206 70254 
54259 66236 
41546 58853 
9622 61694 
28207 63792 
61019 62447 
60907 70682 
34651 40252 
56334 67285 
27146 46470 
3008 49101 
70334 72307 
17473 23500 
31772 71224 
38307 67415 
73772 74389 
31321 64608 
10121 17449 
71194 74074 
49777 68190 
38933 55139 
10383 25234 
1228 49084 
3816 16398 
28544 74672 
27924 46544 
38275 57830 
26581 51899 
19887 39867 
10282 74304 
65535 65603 
45713 58496 
43068 68741 
52108 55514 
40520 41867 
72815 73985 
20378 59528 
67530 67607 
57905 62712 
41554 72412 
1747 7964 
63615 68835 
48538 64913 
28438 61397 
48495 56072 
14390 60485 
16253 59488 
31098 64168 
2525 63800 
2568 53534 
47638 63475 
26863 37300 
14289 46408 
17040 22605 
9672 48157 
73202 73286 
63069 74196 
19686 22003 
13305 23341 
51384 51427 
59293 66040 
67390 68438 
18077 53055 
14763 17909 
72723 73738 
41823 56271 
64727 68555 
32334 52254 
7083 37003 
42795 74029 
60845 71923 
9724 51787 
47278 54794 
22817 52864 
13674 65700 
12174 61742 
65763 68799 
65411 66296 
46711 61522 
26039 58876 
43361 74785 
67640 70134 
22730 52996 
446 32890 
37329 69789 
40811 69429 
5757 15531 
28706 53238 
43881 61800 
10884 39950 
33251 68000 
52434 61294 
4725 69232 
21748 28245 
24133 67471 
16441 66448 
64654 73781 
48417 73076 
31966 72537 
48246 67844 
70429 71773 
69746 73418 
61447 72837 
10632 14759 
62213 72948 
54283 63824 
6472 58968 
31868 62533 
62305 66301 
3466 52548 
61683 71535 
11231 42658 
63148 63511 
46545 72349 
70980 72025 
52536 59768 
44165 55819 
59605 68558 
73634 74306 
38607 42382 
43324 62776 
38445 40509 
19377 46650 
21139 27167 
3990 65626 
25627 42118 
4477 40419 
72752 74652 
917 34523 
28845 60179 
43246 59478 
3798 49768 
53852 74811 
10130 48505 
38639 74900 
1275 7800 
13397 45241 
27282 36014 
69753 73369 
61707 74946 
41990 54432 
53600 61764 
70934 73528 
4402 7020 
49889 62697 
8266 22916 
30708 35645 
37016 73100 
15481 70632 
17579 67200 
58561 74623 
69520 70961 
12030 13274 
5866 23285 
2777 35719 
10695 14308 
12520 50939 
14105 19907 
28835 45330 
40930 57336 
47943 60751 
22450 25586 
64567 74412 
25360 64812 
20449 46644 
47125 67493 
29294 55622 
61456 65683 
50338 53170 
17097 46459 
51098 68153 
56174 72166 
10595 14706 
62142 70696 
69294 72004 
58972 64938 
2649 69467 
51544 59320 
10728 24710 
391 24084 
47729 74540 
29059 32854 
16661 39557 
13748 28095 
22324 65373 
21347 32150 
31560 69607 
29685 34152 
22807 71974 
52025 69412 
20122 60454 
42655 66715 
60057 73615 
16464 33143 
29897 56723 
30932 74417 
22488 43634 
2179 63532 
55511 63090 
33860 53639 
69458 74128 
30644 43369 
17866 59491 
73303 74605 
47148 74558 
19665 38913 
52437 74960 
35799 44468 
35063 48405 
53988 73265 
50064 50572 
17426 40538 
50612 62369 
20982 54557 
54424 72709 
25650 68951 
5292 24662 
59002 66376 
35015 56293 
3591 34244 
38646 59169 
65510 71487 
35549 68657 
1219 11731 
54834 64335 
62488 70682 
26223 67759 
16414 24270 
31876 64317 
16136 23177 
55008 68634 
60324 71671 
5078 18829 
42692 50516 
71917 74000 
20585 30170 
31004 39457 
6009 55739 
54644 56947 
45953 46982 
69636 70327 
6769 50553 
9702 14648 
61155 64362 
19383 42149 
39011 73533 
58055 70135 
50900 70668 
37666 62367 
69738 71245 
19932 41491 
60812 64473 
57037 67090 
52651 70196 
4910 27010 
18465 56844 
34401 59050 
26450 32928 
24336 64682 
71792 74883 
41295 73975 
26600 61821 
20080 39727 
10719 19428 
42699 46792 
17409 61427 
13797 34902 
4178 10239 
67288 70353 
66512 66823 
26266 62484 
45314 62898 
48737 51196 
43378 70446 
73011 73529 
48742 68560 
33010 70733 
49912 50794 
51523 56164 
38518 50686 
37784 48677 
23894 66035 
67400 67888 
28810 54904 
29473 56442 
61715 64761 
64080 64368 
41948 51417 
57942 66275 
54571 63631 
33865 60236 
25001 67585 
40887 49464 
40110 55593 
5908 17214 
51865 67128 
72197 73393 
34994 56475 
52395 52801 
16230 41255 
3572 45901 
35067 65567 
73739 74836 
70136 74069 
65559 71774 
65425 72908 
53487 65906 
23776 74292 
42507 67131 
21505 24387 
7225 14980 
74821 74962 
56752 73284 
44370 66724 
46602 63268 
33460 65822 
8671 48568 
54210 59039 
16478 68378 
69564 72757 
1417 5070 
49566 61555 
58570 67193 
24222 48038 
66174 70461 
8369 10245 
24062 71092 
23484 54995 
38886 42923 
66294 70922 
53676 67134 
57389 70806 
8108 71066 
21443 50793 
18149 18831 
27343 56980 
67467 73467 
50172 59927 
45679 72794 
22209 42726 
41589 55517 
12789 37247 
51332 70196 
57013 72579 
70046 73869 
20191 28798 
15435 49395 
6448 61815 
21743 66677 
57506 59600 
3470 73666 
6795 42607 
48200 72317 
48715 60187 
2050 43291 
68089 70380 
34506 72407 
51537 54309 
50859 65700 
50479 55540 
28379 54506 
51057 65555 
18888 38753 
73892 74221 
11797 63518 
42890 43317 
24441 54952 
33424 57190 
34076 67369 
31272 51179 
41654 63715 
47674 51139 
25755 27894 
53065 70116 
38982 44794 
58143 70811 
73082 73419 
31517 74061 
51930 69927 
46799 55925 
64422 73619 
40521 58306 
61392 61726 
66592 74997 
862 72019 
49448 52188 
5352 64713 
52653 67578 
5320 10981 
15527 66040 
39034 67333 
31373 52703 
73615 74476 
35248 74182 
51983 74773 
16072 24245 
15783 59336 
2766 35793 
54697 57711 
41878 68897 
21983 62459 
54728 70000 
26931 51970 
26427 51777 
11320 47125 
25215 69925 
52946 67125 
55168 72631 
5370 64236 
47614 56362 
40984 59466 
13492 29153 
48475 56186 
74154 74378 
26133 42220 
72382 72639 
64660 69250 
40304 57602 
65431 69801 
71209 72965 
17589 42907 
64904 72872 
9531 50713 
52751 60094 
44635 73692 
17859 61661 
1001 53710 
35861 70457 
15620 50880 
57470 62706 
11867 47173 
73274 74049 
2072 33206 
31156 56475 
32255 64498 
21871 72367 
26689 66226 
26516 51747 
69128 70448 
54747 56357 
29370 60026 
51310 61540 
31773 34017 
71318 71699 
3022 46222 
57629 71874 
6377 29739 
27898 51461 
18697 49824 
45271 65157 
65947 73330 
64753 65732 
14395 32505 
37586 49035 
9153 53998 
62545 71111 
39854 70840 
20990 27748 
60071 72790 
33782 62120 
45740 72171 
57276 74479 
17643 66448 
40854 74120 
33885 63251 
20004 44327 
29407 71345 
18471 72058 
67033 69489 
68017 70771 
52825 54090 
29561 56944 
39319 69376 
23525 51256 
25566 49238 
3558 8156 
22065 74225 
47343 53780 
68926 71465 
58991 63364 
12179 24618 
42298 45645 
21892 25117 
58395 68104 
65226 68354 
56755 68883 
22213 45084 
65583 68554 
47312 68580 
16190 34505 
16925 57227 
15264 36640 
71122 73952 
12744 32569 
27514 34570 
8254 45162 
74375 74623 
68817 74287 
15932 58405 
36765 53808 
12741 32815 
30261 30445 
2781 46299 
53930 57800 
3635 8420 
20381 34457 
61943 63988 
70925 73184 
70670 74829 
41453 41466 
53205 73540 
3958 37395 
66069 71189 
17995 58930 
4306 22333 
70474 73016 
57317 72108 
22822 30481 
11913 26101 
7641 54887 
62681 63070 
3038 8725 
74668 74861 
26652 39246 
25307 43981 
72120 74700 
11952 17832 
70071 74951 
2567 73431 
39549 51485 
13890 45962 
64044 72207 
52075 73924 
55089 66470 
17852 55434 
73344 73755 
73618 74393 
27263 73462 
24964 67481 
14611 39195 
30258 56219 
60209 66465 
16174 61357 
18417 21974 
1624 67174 
26275 58800 
52389 66570 
36051 43454 
10050 51932 
28074 56316 
1320 54670 
50336 64151 
63500 74336 
67577 68006 
6876 74636 
13861 19153 
38032 65657 
34976 42946 
21685 54517 
29488 45145 
73840 74342 
9814 55505 
33413 36961 
51575 65617 
60980 68919 
9584 18826 
43027 59735 
73855 74940 
18121 26195 
29527 54435 
55429 63684 
64017 65983 
31179 61385 
33580 50028 
53183 56684 
53654 68264 
44048 60880 
7316 45828 
72884 72921 
53929 55379 
15919 18288 
29192 41746 
51078 54029 
63088 71611 
38035 66069 
12672 13317 
15837 37258 
38420 46015 
3795 45959 
58305 62783 
12865 67997 
47846 58673 
2629 57598 
21944 60467 
59101 70546 
44782 56251 
28328 36967 
35292 47459 
21937 60551 
26471 48407 
56272 59315 
1510 66214 
15402 51957 
59191 67998 
25131 48022 
52228 53304 
19537 28226 
11991 72891 
32425 65069 
21704 49606 
36490 43948 
69551 72448 
21035 50139 
21793 63243 
3512 14034 
74646 74698 
10435 46124 
12085 25758 
6479 9024 
33060 38120 
36211 66484 
19794 32205 
9069 33573 
48927 71029 
43951 70836 
23744 46321 
774 37561 
22052 54038 
13410 63596 
7491 56320 
50982 60619 
31395 64014 
33296 62107 
54959 55136 
22655 37715 
33087 73942 
20260 28784 
74038 74661 
48249 60706 
49046 53531 
37238 42671 
55097 67936 
17700 62037 
21597 63969 
6765 62562 
35252 67645 
28048 73192 
8920 25891 
51201 69385 
52609 61940 
57021 61228 
70302 72956 
10117 52415 
46498 72624 
24338 56008 
70362 72920 
24313 29497 
54151 67798 
47727 54159 
1709 14570 
44269 71097 
72966 73650 
41527 64650 
30705 60859 
44897 65564 
8430 54706 
49555 74260 
67877 71519 
37337 53245 
25339 28932 
37595 57502 
67063 73539 
25932 65609 
31286 39482 
10718 44979 
39266 65757 
71748 74925 
50099 52446 
18445 56340 
31609 66302 
27490 71291 
46845 73899 
8186 52623 
14453 33234 
26794 71040 
51506 73342 
24609 68084 
17621 31090 
27605 73702 
56054 60330 
44694 66104 
69290 70723 
23288 66642 
23405 56637 
38629 42572 
39875 47019 
41414 48156 
53336 69990 
71135 73750 
11257 36656 
73219 73644 
39481 60077 
7392 36753 
6643 60423 
27540 62543 
45945 49924 
56555 72517 
41947 56431 
17960 59013 
64863 72551 
59692 61645 
64030 73774 
52609 59944 
61069 65429 
48694 57101 
9055 37353 
11015 25802 
13364 70166 
43545 64809 
33702 56499 
40095 65828 
16543 64430 
18836 21943 
57513 65645 
33825 66188 
42741 60293 
55630 70670 
47601 67265 
57870 64512 
33230 66404 
15237 48392 
63397 74217 
43057 47990 
30591 38392 
21646 47145 
14371 74559 
1197 2946 
61957 64457 
44037 65033 
23108 40757 
35098 47628 
66684 72952 
17241 55253 
74011 74337 
38004 44872 
9445 23227 
11302 45764 
54381 64038 
31855 34693 
38297 65777 
28884 36478 
39362 64068 
63915 66578 
41546 59827 
38248 58298 
53740 70457 
31034 35516 
11578 47385 
57342 61004 
12260 40729 
8510 71955 
6669 65453 
47138 54419 
22243 35430 
17626 74781 
28185 50605 
57533 58090 
44349 44803 
17812 22940 
29545 62266 
51609 70307 
46391 66709 
64594 65252 
28768 74426 
59396 68954 
57223 63934 
60289 73571 
19041 42954 
40427 72073 
16855 55542 
70372 73017 
28107 38736 
43923 73486 
74446 74893 
29523 49401 
21190 33594 
11271 68995 
68682 74854 
73162 73481 
441 1634 
34810 68624 
32846 45655 
68026 68494 
59747 69659 
21649 74226 
36191 39996 
33879 44094 
3091 66966 
68713 71909 
20669 58423 
17677 56463 
19645 53831 
4292 59947 
59548 72157 
60692 70016 
38799 70039 
23797 59768 
47181 69867 
7200 39969 
44008 58435 
30201 67505 
59149 74853 
25887 50884 
68370 69550 
21055 67694 
37577 63967 
24340 67946 
65241 69056 
15440 47410 
14270 39321 
20989 43117 
4054 38159 
45283 71859 
65678 73054 
1691 28029 
51155 60332 
10412 31353 
55940 68378 
37866 47789 
33142 41540 
43754 45397 
57715 64525 
37344 64032 
62325 64385 
31063 65826 
20022 32960 
41548 55704 
60858 72353 
6549 30800 
57119 69515 
50798 59744 
67288 74694 
48891 67385 
57174 65316 
2941 20884 
71015 74433 
33413 69439 
39732 55257 
58961 63749 
72393 74233 
12671 15601 
35729 71261 
55533 67431 
35271 59886 
34732 73066 
19555 20177 
2221 36801 
59754 60573 
50932 54347 
47469 71828 
70123 73048 
65151 66888 
5920 47043 
65895 74052 
32403 41565 
22654 43342 
56518 61631 
72347 73309 
22282 40735 
57664 67272 
17591 68154 
43628 73243 
6420 18090 
2058 3903 
70439 73198 
48893 74947 
53823 73793 
25972 45989 
56806 67157 
19175 32136 
14008 68217 
73681 74267 
3212 4612 
13012 27686 
9957 68655 
41367 48503 
29760 74161 
40358 43344 
30622 66803 
41724 66264 
71437 73841 
44187 72927 
48291 62415 
25973 74053 
7480 44927 
9296 17299 
44377 44728 
10589 56480 
37254 49840 
3117 57355 
67410 69743 
15378 63153 
51283 60823 
14445 40592 
62258 68402 
23891 26918 
40373 41876 
449 52567 
39995 72084 
70048 74078 
30000 68484 
15173 72456 
3177 4672 
65404 70185 
35648 50609 
62974 67350 
59290 60146 
40257 55122 
29701 65881 
27544 58253 
57367 68374 
68649 70959 
58097 60759 
56636 64051 
5794 46039 
48437 54258 
15940 30701 
1940 21376 
19489 35853 
36937 60357 
46558 59090 
72290 73383 
67384 69259 
23962 60250 
29214 32938 
49959 67569 
6504 42658 
17651 72479 
24374 43755 
69426 74648 
20198 66837 
43001 62323 
12211 47520 
36250 59846 
51326 60740 
40455 41893 
34458 67408 
1066 43692 
52312 68886 
46595 47691 
28642 29092 
34334 39731 
53655 69350 
61175 67763 
52132 74497 
60281 69598 
52689 57275 
41971 44770 
7541 42905 
9280 63455 
65791 66112 
65430 72646 
3383 65770 
47192 49804 
40846 41385 
27674 74268 
26249 74238 
42562 59362 
41658 47813 
4422 58790 
44374 61103 
44714 52224 
22382 60900 
16805 69002 
43599 68198 
66597 69910 
7791 22166 
53536 60792 
4770 25684 
13138 20223 
15902 44471 
3910 50887 
9103 31986 
74357 74481 
74086 74500 
26789 33879 
37943 42585 
68833 72204 
27139 30288 
51154 55307 
73870 74125 
13820 26743 
5634 7583 
48868 68106 
52062 56818 
48852 63454 
70645 71230 
64157 68617 
30533 72932 
70427 70696 
12619 45133 
6041 29317 
4205 37738 
38631 51076 
8668 61924 
5933 46308 
47203 73533 
7493 16040 
45612 65329 
923 55683 
38636 63215 
51156 55331 
56412 71425 
29586 35269 
26529 42310 
26193 64257 
48685 72198 
56539 72349 
72734 74578 
61611 68676 
22338 37394 
53934 69929 
55097 73306 
66311 73737 
5535 30593 
18985 23228 
8771 69749 
7901 34130 
680 59723 
20537 31476 
72675 74819 
44544 61993 
31850 46447 
48707 67293 
48741 59464 
42710 46041 
54628 62878 
51990 55985 
7341 40621 
29630 52750 
54874 65994 
32479 40907 
70430 71825 
19498 32856 
45542 67238 
65508 68259 
44853 51823 
32313 54387 
68761 73604 
65310 70059 
59091 63132 
37173 64272 
47351 56460 
5253 23985 
8391 61018 
30731 35069 
41028 50719 
68071 70608 
35145 70421 
59108 74561 
12387 69068 
71388 74877 
13101 65677 
12767 22539 
5018 42473 
67249 73008 
3909 39128 
73948 74407 
48934 71046 
46366 49468 
24168 28264 
72866 73961 
20921 51072 
22346 29355 
24723 38224 
53409 62238 
64181 72311 
64245 66041 
16073 16799 
52859 54805 
66861 70916 
69599 71438 
52516 55409 
41201 63987 
58462 61481 
55569 56772 
32792 47346 
45682 52231 
26340 29011 
46166 68455 
31927 71493 
18047 22070 
8933 40585 
15174 43378 
59259 72006 
41190 71727 
39592 56179 
53917 62793 
48106 52739 
48382 73460 
68525 74120 
58136 70614 
11463 62038 
16669 32246 
8848 58083 
55007 74897 
25443 69022 
33870 51800 
56390 56411 
3584 5714 
20868 50275 
22079 45776 
24380 56237 
32056 64206 
29263 53196 
49141 71639 
66917 68832 
63798 70145 
18261 56067 
32134 52675 
53714 67094 
47486 60484 
5298 64016 
45644 58319 
4258 36757 
35583 69332 
16545 27847 
28854 44485 
24394 54854 
23272 35236 
70031 70565 
9394 57343 
5808 55558 
15377 24188 
59294 65263 
9010 22644 
25549 50636 
74895 74985 
24750 39116 
57993 67690 
36684 73415 
40068 47229 
68371 74905 
58065 70415 
38975 62384 
5087 13815 
10025 56351 
15699 66609 
51318 71616 
6868 60390 
10040 43769 
67596 69266 
54072 62674 
22840 67573 
30666 63643 
38309 71771 
6332 16966 
44898 60223 
61694 63148 
3272 6154 
8102 70996 
67865 70677 
39106 74982 
50021 70021 
52639 74270 
3412 49651 
59545 61259 
63756 71344 
11456 55876 
12700 64617 
40945 41882 
20069 65036 
70163 72145 
45502 47900 
16013 71360 
17216 69475 
9515 16277 
17301 42690 
64240 68080 
58649 69095 
9908 30660 
23971 71442 
26535 27911 
24049 40007 
62059 74320 
41946 58759 
6905 64957 
15903 30308 
64572 71079 
24359 55335 
56350 63859 
42106 55276 
57794 67991 
64823 74074 
54235 54238 
993 11832 
3326 14311 
41037 44358 
12765 64689 
15693 18221 
21592 25940 
10129 31051 
45414 74641 
67315 74653 
40736 63196 
1920 52263 
59746 73970 
28382 53016 
37649 74200 
25149 45301 
2883 18926 
29424 42238 
28591 37219 
74869 74937 
71061 72263 
17556 59255 
31396 70119 
57416 62568 
60276 65384 
1122 10306 
8368 21779 
28994 74104 
44045 65736 
47401 60230 
3769 36679 
21708 29941 
56033 63475 
65129 71355 
25244 48832 
14825 69365 
2077 42735 
23447 60116 
43516 72553 
12508 37172 
11844 25981 
1324 41350 
12849 25240 
44645 53140 
21155 59734 
30748 72701 
49940 63443 
27939 33699 
16680 30870 
9771 64136 
49390 54892 
73186 74333 
29054 45269 
70207 74184 
50304 59690 
29649 63780 
27027 66783 
60535 73592 
36691 66260 
48694 63232 
1193 13667 
29475 56687 
69323 74339 
1545 72056 
36918 74243 
47050 71921 
34966 50676 
4834 13334 
61428 67485 
64582 66377 
54182 58140 
60447 61265 
28178 45831 
7566 35228 
73344 73383 
38515 73476 
57530 61680 
18108 33047 
15047 43063 
63621 64407 
39931 69932 
57029 66408 
45167 72175 
47395 54422 
16237 61265 
29386 68610 
70028 74751 
12107 52645 
48708 71620 
65984 70537 
27920 44812 
13009 47585 
3030 35061 
40401 51376 
8352 30244 
39610 62823 
37384 65548 
65115 65832 
27341 43185 
7494 69361 
6641 27317 
26010 37856 
17919 19716 
40446 54799 
14200 25018 
71505 72018 
9705 49057 
40724 46411 
66814 74213 
23365 27088 
759 21673 
11218 23950 
20010 54979 
14284 63636 
5194 53847 
35574 38781 
24044 61319 
32482 50045 
28537 29095 
52987 65624 
41678 45740 
49379 56245 
60437 74802 
46321 70165 
38806 44821 
28707 43705 
62879 67476 
9178 69508 
4713 50031 
29596 62568 
37743 65608 
63679 70944 
7507 19800 
48202 68079 
71561 74732 
44770 68427 
20599 72986 
64887 72605 
30650 54773 
5768 21293 
44160 69194 
16475 70812 
49881 55408 
23282 41800 
13587 47232 
71833 71871 
56075 68054 
3058 40121 
11406 51526 
70343 74550 
71217 71872 
49361 62116 
16338 32493 
1507 57075 
66929 68062 
1904 32651 
60261 61553 
63705 67760 
43741 58207 
37785 44548 
73843 73847 
53610 73658 
16627 30386 
25342 39622 
46449 68086 
31309 72285 
70899 72564 
69105 72286 
55237 74136 
1237 73357 
17802 74814 
31742 59553 
74059 74817 
4210 50400 
66204 73418 
12458 34844 
21000 23571 
10168 52558 
48192 73636 
39218 46990 
52691 55644 
74536 74790 
24498 63872 
12063 43748 
45045 51913 
51682 59026 
28855 51312 
59143 74710 
25324 31437 
21297 25560 
39277 39467 
2325 31546 
57451 74917 
43756 57148 
34509 52713 
10599 43257 
68855 69725 
47923 50136 
48903 60128 
42096 58484 
19409 54634 
3002 30194 
407 26463 
32576 36047 
1802 56794 
48081 58462 
44267 54252 
62390 63736 
55427 59787 
41676 56581 
37398 64697 
70780 74423 
18976 26182 
38937 42233 
70494 72457 
66576 68276 
14326 57853 
5890 57603 
52760 74300 
46126 51015 
20675 68199 
49535 72968 
52949 65698 
13616 24966 
47618 51042 
28498 33183 
32627 33949 
65998 69329 
29779 36377 
27807 43142 
56004 59931 
55922 57542 
9726 60103 
27646 32345 
42696 61081 
52220 66648 
56970 70144 
69622 70872 
12133 13182 
3804 41925 
52595 54797 
23578 36615 
7867 18817 
70895 73080 
2440 28102 
48102 64315 
35795 69670 
47264 74414 
55928 74804 
45921 47474 
15649 20885 
63886 67756 
30242 49927 
47281 67460 
33203 50101 
36671 74883 
841 10835 
62966 66259 
56752 68746 
68498 72401 
19373 62647 
66960 73601 
22573 66951 
59536 66962 
57159 67027 
58134 69667 
11996 13625 
60573 61136 
69793 70341 
17013 71124 
11949 53379 
11550 51042 
20469 23119 
51873 65991 
1146 23879 
43026 74133 
17583 54613 
13644 51511 
52921 54754 
27867 50716 
70154 74647 
3951 54644 
37324 61759 
7352 69919 
34788 71969 
27723 74546 
49533 66467 
57140 61020 
19782 30088 
21784 36479 
19182 45317 
74909 74972 
19671 45071 
38231 69581 
9648 62902 
24397 25092 
492 30613 
32462 37853 
58489 67444 
37988 47494 
61433 65249 
40652 62597 
43553 64450 
29930 29935 
8846 48823 
37120 59791 
39474 51428 
69643 73605 
67263 74912 
71854 73680 
9658 71682 
69446 74022 
38204 65280 
43822 50238 
4836 36223 
4180 24531 
14628 26115 
59069 64392 
65814 73705 
7463 7964 
73360 74272 
9432 68823 
24762 62667 
49985 58452 
22416 58842 
847 43846 
17202 46775 
31299 52643 
23508 64672 
16214 45706 
50601 62611 
5365 36175 
69112 73095 
9702 44094 
24293 31575 
8839 68633 
62887 69415 
49056 71668 
61637 69244 
8793 43966 
58871 61156 
66212 69265 
9208 63499 
4158 67544 
26498 71336 
19729 42835 
21151 39335 
74648 74825 
5490 55873 
68566 72568 
5103 57104 
19499 74894 
73035 73783 
69070 74451 
9638 50507 
7902 69156 
27527 66755 
49346 56812 
68604 74153 
1144 46274 
45750 61117 
71261 72274 
49687 56923 
67632 69897 
54530 70131 
18731 19412 
40143 60067 
73311 73413 
9745 12120 
38399 40162 
56626 67729 
58186 63606 
16233 30811 
30256 41839 
9963 21846 
24856 71209 
74119 74444 
55036 64964 
28001 41260 
51034 54815 
47705 53503 
60247 69601 
34528 74419 
21683 68500 
5940 39220 
29178 54176 
50819 52781 
32809 37377 
6944 54558 
9127 74202 
33255 72028 
9040 67677 
43254 65647 
716 8463 
70695 71367 
41660 66722 
37889 71905 
5572 65968 
1552 3148 
62179 73277 
70981 74983 
22267 66518 
11070 38481 
16105 57026 
33503 33580 
65873 74527 
35700 37079 
18450 63645 
55812 69215 
54872 70951 
6675 11438 
48494 48769 
45289 64157 
48308 58547 
38784 61886 
29528 40246 
37376 39608 
9084 48325 
23708 37547 
36247 44115 
29724 36053 
73565 74206 
66811 71714 
53448 61474 
27731 42549 
30262 47282 
13564 43670 
59326 73629 
28572 39803 
37136 37564 
10845 57256 
61798 72756 
16043 16435 
49035 63954 
13661 66972 
67850 68393 
2445 4436 
28372 53224 
73435 74782 
39113 44211 
12812 73329 
46167 46475 
1640 22433 
61835 74817 
30502 56937 
45466 69608 
15853 44091 
22287 37678 
867 35419 
44627 53660 
33490 72306 
39855 67878 
11333 63223 
44375 56199 
68371 74150 
30505 67318 
23682 64167 
190 16050 
35569 37063 
43473 49513 
22347 58260 
33344 48426 
32347 72699 
1198 73298 
71605 73630 
6703 42163 
36138 49138 
71057 72948 
25081 60973 
54116 67499 
14589 19066 
35137 58540 
1419 37974 
5478 15659 
27002 34769 
33331 59683 
33625 60085 
36945 44139 
33802 56737 
31404 70738 
73399 74915 
73469 74783 
7729 13831 
12283 37493 
66821 69779 
66492 74548 
21780 67804 
39018 59705 
23941 73259 
29279 70844 
45097 55478 
36212 38535 
31792 65766 
11364 16802 
60009 63320 
40364 51613 
59099 72450 
51928 73345 
29568 49428 
23260 64531 
32417 39345 
1608 19150 
43266 44530 
68366 71064 
4166 64178 
32020 62932 
59575 64745 
57011 59897 
63531 72955 
57860 64902 
48627 69269 
37503 50053 
34528 45686 
44851 46028 
32342 67511 
47182 63233 
3201 59712 
70314 73804 
48957 50956 
1042 2566 
19919 42985 
39625 74941 
23966 30778 
45183 50528 
58379 68719 
53058 57669 
28221 40534 
4839 9080 
28706 45220 
35095 65408 
46725 69299 
6748 58902 
56280 69398 
4711 8826 
35131 51915 
11271 46865 
3030 74224 
30397 73839 
6962 49910 
3516 26367 
53308 57750 
1987 38769 
286 50613 
62017 64225 
18199 54683 
25607 47768 
13718 50876 
54000 63153 
12492 62369 
22524 69858 
10228 36360 
65921 69077 
36606 74712 
12845 38994 
18899 19438 
10589 17895 
41896 73493 
58744 69233 
46525 68413 
35676 37902 
55278 74085 
4462 44164 
49704 59281 
58786 63634 
49812 71497 
20237 51831 
45186 71105 
21810 52473 
69945 71438 
36928 65152 
3549 69191 
51383 58923 
54486 71142 
61535 74366 
19151 22212 
44663 50834 
65600 73360 
54273 73213 
16706 30666 
46071 48354 
44006 51287 
59729 64461 
43388 54734 
33367 54532 
62950 73484 
16120 48275 
31350 46209 
51751 65128 
63491 74618 
52033 58708 
57138 58850 
58988 62250 
24749 49056 
40418 47464 
39325 54294 
368 30792 
10790 58935 
72019 72150 
26761 64717 
74736 74871 
19872 26393 
57306 65533 
70584 71600 
6882 43755 
64254 68538 
8789 57786 
7020 31917 
66979 68272 
4054 50136 
59238 60119 
39856 41996 
68161 71191 
73671 73871 
54558 71357 
8753 68534 
2884 70059 
48148 51462 
2559 53936 
49721 54360 
3312 32253 
21947 42772 
17216 18785 
64244 64549 
28644 65896 
30269 52073 
6297 32938 
56978 72096 
15815 46202 
23349 66078 
13128 48119 
64885 71369 
62534 69815 
74882 74958 
36413 53688 
539 8150 
7628 34198 
68204 74275 
31408 49665 
12051 71335 
27661 72652 
11181 62954 
46961 63154 
24089 40747 
27355 32435 
28533 53053 
3844 51571 
23565 25523 
66586 67753 
10269 49021 
68483 71304 
22883 48538 
22227 32677 
48231 69390 
74901 74996 
54197 59317 
3299 41902 
49380 71307 
53701 70605 
35513 61872 
42655 49171 
35648 73989 
26207 67313 
24322 44346 
23102 29771 
47529 53663 
60072 73857 
24706 48921 
58639 62002 
65175 70369 
3568 46318 
35471 68036 
66635 72118 
24526 29326 
42304 66571 
36216 58498 
44045 44756 
57177 61607 
32549 73030 
18105 18413 
3119 61427 
74454 74481 
31166 40162 
6241 48127 
14933 67750 
17130 27747 
50013 65044 
66741 69600 
47458 68499 
21121 35548 
60759 72988 
21554 24203 
46420 47814 
66817 71675 
55490 64840 
60299 64976 
38556 46032 
6549 65406 
48204 72864 
48346 66001 
37876 70810 
21214 41151 
36952 54929 
9220 22525 
7646 56000 
57795 64383 
68697 74890 
63435 72611 
45377 66962 
32144 33056 
36222 55629 
1012 21290 
10718 49567 
14057 68002 
23318 72520 
40793 69244 
29478 42094 
14808 61494 
41119 49748 
43564 67073 
49688 51755 
36038 62416 
63577 65891 
10445 66058 
16591 26741 
21774 27599 
34860 56691 
38804 65560 
73288 73427 
32702 55578 
57564 69114 
41431 47901 
56859 62355 
53934 72058 
19804 74151 
8422 14156 
64430 69173 
34373 53691 
63827 71913 
10946 20438 
9129 53595 
60641 74789 
8811 27911 
73325 73355 
60858 64578 
4325 49736 
6597 43571 
38913 39872 
28145 57018 
46888 61154 
36029 62846 
58683 65959 
69721 72353 
3880 28900 
46511 55592 
54083 64296 
11026 41216 
34828 51554 
73825 74906 
31264 49064 
14600 20362 
33969 44606 
61867 69491 
57676 60096 
46001 58702 
55123 61624 
74943 74943 
43253 60319 
59839 64759 
53473 62060 
51264 57497 
63852 70074 
63067 71875 
24748 35983 
36107 59326 
63565 63908 
67412 70683 
68597 71670 
65672 72589 
49859 61457 
11600 44192 
71513 73207 
17275 65557 
17513 66067 
46045 52344 
32612 55449 
2753 53637 
47095 58207 
27990 29640 
40598 55075 
50957 70456 
69210 69954 
5800 39359 
47427 55374 
29455 49891 
52744 57479 
65525 69250 
64421 72978 
6428 19969 
16101 68054 
44008 58876 
26397 64473 
42429 51374 
39066 70371 
29118 33322 
10986 27073 
35435 65684 
63586 65726 
41760 49708 
29861 48531 
52498 73020 
25732 48784 
4651 60713 
2570 51010 
16250 61365 
8908 15619 
12244 36531 
18132 45810 
50550 58444 
15611 43341 
33791 48565 
14365 33488 
58842 65609 
18076 66925 
12664 32218 
23598 32298 
57430 58165 
46096 47962 
19263 38959 
64916 69931 
74883 74941 
55056 59610 
67998 74507 
27270 41656 
61740 69234 
63736 67758 
57270 71813 
49622 58099 
43818 53945 
39145 52969 
18389 72235 
49645 50284 
33244 66464 
25713 47350 
16488 17279 
1044 50836 
25401 71394 
65857 68250 
39669 65460 
64512 68604 
32037 38609 
57407 70670 
46174 65668 
48885 61193 
67690 69422 
74375 74710 
28510 33561 
50175 51442 
15952 55232 
39408 48792 
51454 63104 
72640 74917 
23777 55124 
12473 21320 
67927 68355 
48322 66713 
29591 69308 
23711 46179 
53009 73235 
23980 55275 
13763 62385 
73251 74632 
6397 39990 
30234 40098 
54649 55674 
24601 55031 
70911 71319 
66923 69063 
24271 64315 
54969 56231 
64119 71370 
30620 68418 
74121 74956 
17353 37503 
55020 73665 
28275 34269 
49032 65824 
45068 56756 
49661 62871 
34642 61073 
49527 58323 
49920 57043 
8087 12471 
52387 57682 
12131 49989 
14588 69000 
65918 67544 
48778 74477 
34960 52504 
66169 73247 
2814 68772 
9194 31598 
56402 72615 
29428 55007 
71289 74917 
41664 70622 
28981 45710 
20802 71302 
66537 73932 
49790 70063 
37631 67381 
10820 66900 
6205 45178 
24475 74813 
6727 21840 
14041 59471 
34605 54386 
24083 64852 
39106 58131 
14506 66876 
21359 51185 
33309 62725 
24607 51638 
23052 40296 
70548 71179 
40200 73774 
61896 62473 
2665 60334 
29154 33669 
25729 61469 
14113 25149 
19761 67664 
14260 70881 
23436 74263 
9088 67053 
8169 33257 
57692 59377 
31974 57026 
43277 67809 
61800 66021 
24037 59106 
49019 59959 
18996 57471 
27628 71412 
44034 47444 
56708 65722 
64524 66934 
37308 65887 
63128 66244 
13988 22169 
41393 65166 
41122 63757 
26659 42976 
30840 74676 
61067 69304 
41772 43502 
40822 60653 
18610 64029 
41056 60931 
12418 44581 
9426 46018 
35496 46712 
21105 49377 
61411 64557 
52265 61604 
57271 60281 
5729 56640 
51090 58409 
1453 2885 
19937 40085 
42476 72137 
67377 67940 
21045 30501 
13449 74774 
4499 28394 
20745 56443 
17062 65058 
63375 71486 
30858 57598 
4898 66943 
2236 27552 
72205 72429 
55836 60815 
65127 73196 
96 23882 
25949 65713 
57780 68219 
8087 14967 
62437 74213 
57968 74087 
28567 39470 
8945 55425 
28281 47018 
48231 74638 
61133 69429 
15269 51407 
70736 74274 
28276 71524 
4274 74038 
56166 64868 
50952 54013 
67016 73299 
36268 39777 
11605 16659 
58080 69775 
62834 71880 
19739 48679 
40822 53029 
65601 70214 
7241 15443 
8968 31537 
66335 67239 
68348 70711 
8951 30579 
27502 61216 
8307 24246 
36731 74697 
29689 57035 
6746 29624 
2543 23127 
50984 66289 
32983 63438 
63378 68998 
62156 67818 
5032 24796 
67637 72654 
59623 64867 
34226 62587 
60241 61607 
23684 70518 
50105 71698 
36623 66019 
25475 63108 
45424 45972 
58714 68261 
38708 70999 
72477 73104 
6049 32541 
72606 73772 
33879 37169 
44259 73453 
58481 62230 
24479 56054 
66511 73614 
71118 74496 
33466 54480 
9850 52711 
35432 72560 
11011 34795 
5837 58201 
37746 65451 
47474 70677 
50616 67879 
34842 63213 
65684 74297 
26081 70229 
38069 68150 
57542 62656 
14285 16705 
8955 57954 
72992 74144 
38668 73594 
68038 72090 
33291 36861 
56883 63675 
61514 63102 
3073 68426 
10316 29537 
57283 57730 
62318 64270 
47206 67577 
59864 66425 
70334 73984 
59161 66059 
71557 74742 
9883 28128 
18583 62446 
36247 64420 
56872 68725 
65131 72811 
47651 55529 
41298 67481 
63072 69906 
4431 74302 
53946 69705 
63864 72056 
42389 56915 
74466 74489 
4278 28050 
20914 32493 
62797 63087 
17801 65642 
11827 45337 
15501 67042 
23029 68874 
21630 49359 
40809 52816 
7519 20488 
62755 70523 
73757 74562 
48171 65241 
42892 50677 
50313 62065 
27706 33059 
34165 68642 
19171 38922 
74668 74865 
45726 63552 
38997 41559 
50575 56651 
60641 66316 
52195 67757 
23922 46929 
19117 40603 
6544 56536 
66690 66853 
69985 71465 
62297 72650 
13077 35360 
70865 73678 
11749 26166 
15097 70108 
56246 64197 
54967 68331 
63949 67992 
3178 29234 
31079 35292 
58878 66230 
7166 62393 
61249 74381 
33483 65575 
45603 64711 
28718 50998 
49039 53714 
50114 58130 
16921 34364 
20478 74637 
69674 69760 
33272 59217 
29945 71571 
34056 46796 
42579 53129 
69429 72044 
34720 56601 
23548 41978 
60027 65206 
35181 71103 
9105 56399 
56932 71278 
29925 40161 
30586 51735 
34132 72916 
47321 52863 
58198 69393 
72721 74037 
13742 44945 
21610 71533 
44035 73049 
42613 42627 
24503 36707 
3017 63946 
34194 56546 
71016 72756 
43853 57405 
15837 18807 
49732 54975 
68134 73225 
72086 72122 
22077 23700 
14678 64213 
21305 36164 
9984 19519 
45587 46608 
24243 64761 
45133 69794 
36126 59295 
9991 15547 
66463 68930 
24384 29891 
35857 71378 
51930 66803 
53352 56934 
53187 59723 
10252 70639 
6931 32846 
73710 74276 
25327 57412 
64361 70812 
59537 74332 
4516 30500 
38014 70361 
56277 71264 
58210 64887 
63806 66078 
11555 47303 
28714 57741 
32777 37912 
38618 60605 
66414 69429 
21736 68428 
19117 43419 
25658 65463 
15681 33766 
21413 64062 
52126 72440 
49533 49679 
34753 67145 
30054 61280 
30336 57900 
47461 73075 
10101 11314 
50658 66092 
26788 35053 
43182 46392 
8113 50272 
29370 61395 
70591 73087 
37202 41915 
35113 64216 
4679 70322 
70267 73861 
74328 74530 
53679 65964 
50426 70306 
20959 45633 
73714 73920 
16460 49673 
11547 57043 
2983 64403 
9574 63548 
17165 18658 
22750 70695 
73736 73821 
42335 60927 
67868 72699 
45556 52652 
1660 27353 
13829 72238 
24692 64903 
59684 63239 
69921 70307 
30895 46958 
12253 66683 
16716 25568 
49225 70856 
53674 54003 
29142 39349 
32414 33478 
1882 73897 
15867 18991 
74693 74835 
2332 6045 
23211 57014 
32208 67312 
56145 58376 
17479 17623 
36090 66005 
63365 65848 
7810 68764 
15835 49174 
20568 49822 
1068 55225 
41807 69901 
56775 71274 
33362 39281 
32872 71698 
44786 72314 
50735 67745 
48693 57733 
34186 56533 
61146 70176 
38991 64236 
41086 65069 
1636 58444 
42197 65503 
52083 68523 
48596 74350 
70641 74945 
67217 69202 
1450 16424 
22216 57330 
54441 74367 
47594 69284 
22310 29382 
57558 58481 
7629 20457 
56858 74521 
15068 61719 
56338 64011 
22368 35434 
59066 64018 
12989 23861 
20674 45791 
56514 69625 
37602 49375 
44504 50950 
3068 35988 
57167 60231 
1198 49734 
56730 73564 
43996 44834 
5105 25153 
2590 25474 
9983 49222 
69687 72138 
15095 32997 
25608 49405 
38662 66825 
31404 60655 
10691 21145 
50059 64131 
46578 53913 
35869 70949 
71625 73602 
72836 74398 
67877 72044 
51337 65056 
52282 74852 
56505 73868 
34848 58516 
63835 67006 
24347 39997 
6346 7463 
29456 65821 
10044 12611 
8758 46317 
22333 47642 
50394 53977 
42481 62682 
59482 68633 
49312 72003 
70039 70932 
53394 58925 
19550 29600 
28175 41025 
1966 3649 
49831 51487 
50215 71463 
58796 66400 
12071 22454 
42150 44418 
41672 45304 
72306 72776 
54977 57344 
40409 40603 
2001 27418 
25247 61563 
9381 53514 
8560 63280 
12411 72612 
63940 71816 
31275 41289 
35185 38036 
23752 29691 
25583 63778 
54674 60152 
48120 61591 
5571 62273 
19670 43685 
49522 62029 
63221 63784 
51019 69314 
69200 74392 
52493 69200 
39806 48940 
28519 60859 
33328 60813 
5159 36015 
14505 68885 
51217 71335 
21012 63667 
5664 15462 
46751 60605 
4936 16968 
30001 41384 
45744 66530 
32210 53232 
31706 46309 
9814 58886 
46199 49864 
68176 72984 
14549 25490 
25267 74292 
69911 73413 
66768 70516 
13976 53335 
42912 43698 
20520 43962 
56381 67210 
3284 5795 
15734 71086 
39367 58814 
5111 12649 
60878 66744 
40024 40990 
37949 66926 
71487 74826 
14426 43972 
35824 44394 
55799 72381 
43869 65061 
37417 67186 
34833 61519 
47703 60143 
23168 73215 
73284 74487 
14952 50188 
48936 49529 
34062 61164 
43748 59281 
63029 70591 
9908 11068 
67693 71075 
73746 74189 
4429 71535 
24030 53927 
17378 41109 
54455 61902 
62594 71633 
37351 47930 
18095 35206 
16238 47656 
28396 57342 
12211 40026 
6612 56400 
17943 63948 
48660 61864 
37146 43121 
3448 73710 
73400 74065 
51207 55999 
55628 74837 
21731 46261 
57833 62650 
22887 74073 
48099 74808 
51743 71204 
36661 68061 
48152 71691 
53366 59307 
38322 48268 
74219 74230 
15450 39876 
68761 70508 
72029 72281 
38694 70526 
37942 55882 
4346 13905 
7589 19834 
31245 56123 
65641 68607 
53313 67679 
10170 72606 
8583 53736 
49561 50600 
74865 74955 
7628 38183 
40897 65056 
18175 28161 
66449 71522 
1859 36446 
44558 71295 
45662 53314 
33109 70353 
40189 49751 
34930 40437 
49370 63518 
46162 64875 
71017 71731 
28588 30088 
71412 71858 
17927 47394 
42425 60841 
7832 31811 
62008 66904 
67565 71966 
31181 64777 
325 43688 
26925 73388 
66 39175 
8124 71045 
68032 72916 
61036 63498 
12270 48657 
27254 52935 
47160 63063 
37047 46989 
8288 65556 
35129 44931 
37134 47516 
25710 70073 
65979 69207 
2609 3476 
67215 73760 
72964 74156 
59324 60000 
49654 71257 
38797 48642 
12253 23030 
25011 62345 
70778 73713 
34756 64921 
57683 74056 
15809 68763 
2352 56989 
8131 29647 
66189 69254 
32233 57570 
4302 64603 
13745 70363 
71856 72507 
46510 58854 
27219 66653 
29618 56065 
36839 64487 
63127 69983 
14188 18888 
43659 53430 
69468 72656 
21156 71513 
15962 36011 
9797 55595 
16506 26206 
35481 66152 
1456 19600 
18582 41789 
19179 29308 
61743 64703 
8992 39370 
36317 57569 
20167 51112 
20915 23157 
54660 56738 
60148 72972 
35182 56754 
70143 71921 
18245 50448 
66350 67718 
7119 67332 
24283 39896 
74585 74656 
47357 62495 
24733 43690 
34627 70196 
46850 72602 
63932 73158 
53646 70792 
69367 73471 
58307 71386 
29175 63269 
44445 74364 
11261 22743 
24220 33049 
48955 55215 
7805 39821 
53653 65223 
7632 39216 
7506 64906 
26622 46705 
69909 73459 
50665 71410 
20343 50034 
57552 66710 
20384 24322 
60058 63681 
6361 34823 
40986 55867 
37130 39301 
42721 69736 
25819 71996 
54953 74642 
16476 73799 
14424 67651 
24213 50166 
58159 64002 
15579 71456 
10698 12735 
56771 67941 
53568 56176 
36676 48717 
40398 59303 
49858 55450 
48480 74413 
13316 44560 
24253 30982 
7964 48224 
74719 74967 
56285 61504 
22039 23464 
42652 60249 
69856 74469 
71760 74196 
72529 74016 
73892 74218 
11735 37561 
23796 48079 
45733 56987 
27931 39366 
3466 41065 
74813 74815 
23869 32109 
64830 65073 
53095 73819 
9762 35086 
67810 74233 
33891 69013 
41071 55569 
61376 66219 
49481 68074 
43613 73418 
46248 70046 
72342 73121 
56842 57053 
52311 74018 
19134 73155 
18211 24788 
69804 72950 
22293 45886 
18092 45569 
57834 62589 
19869 37445 
37803 46345 
67406 73456 
5192 50958 
45272 64558 
47160 55261 
43331 74917 
66628 73269 
52679 70863 
74956 74990 
71416 74731 
66981 69965 
23108 65837 
68065 72134 
16092 58462 
23785 51061 
65151 65428 
64962 70488 
45884 63249 
34035 57121 
42097 62739 
54869 74467 
59821 63010 
13861 20009 
46448 54306 
5237 14995 
63346 68896 
51323 66692 
61622 63609 
52821 72578 
20241 70550 
39261 68900 
29980 43449 
22712 70768 
6480 53517 
9005 19502 
44617 58219 
1834 53041 
7052 38419 
23511 55762 
28955 51537 
55050 67286 
65034 70220 
72163 74779 
20207 21945 
74619 74654 
20600 73210 
17064 51009 
60830 62410 
49883 54717 
9881 68169 
74596 74757 
55679 73326 
39408 70020 
53442 73048 
4124 71491 
56 61526 
58319 59926 
19782 42435 
7745 23858 
47957 72907 
48706 57859 
3835 60315 
1279 55112 
51822 67001 
2059 66292 
65957 71460 
25096 56721 
32791 49057 
46085 50691 
47630 67371 
39502 70848 
53072 60129 
62277 63871 
2283 31664 
39415 67807 
3757 18020 
18263 32564 
12902 58540 
72834 74412 
48313 57332 
34756 70784 
71399 72342 
46928 59715 
52445 61533 
42862 74780 
44587 55815 
58803 61248 
9879 19329 
19032 73028 
6970 70022 
66153 73436 
33696 44912 
6459 12743 
54883 59158 
60427 69066 
35488 38813 
39881 48239 
5775 8437 
34554 73677 
58792 65960 
21521 48733 
37333 62453 
32154 56915 
29343 37261 
3458 74926 
41845 67883 
73862 74037 
49224 51083 
12133 24119 
74840 74901 
14706 64016 
2572 69279 
71775 74201 
41845 63978 
58865 60611 
20543 73751 
36157 46031 
59156 60181 
8412 70656 
2849 40701 
23164 48065 
14782 72523 
63402 63730 
67179 71177 
11030 64355 
27384 38232 
47181 73776 
8450 70557 
52137 66304 
54918 73002 
15617 35452 
71710 74189 
1758 50925 
37214 43373 
20756 65271 
4744 59121 
11550 31227 
41918 46095 
27628 70065 
17180 35287 
11120 73546 
64975 68876 
24 37214 
1121 74173 
36000 48133 
6014 68120 
61853 73632 
42862 50086 
16682 19017 
17913 40270 
28355 54168 
57068 71846 
71763 74041 
36516 43023 
53324 61557 
10639 51213 
47843 56732 
30970 45808 
73020 74543 
36609 38798 
27402 62102 
42242 43576 
11191 34382 
44261 58031 
18063 73763 
6527 16121 
16482 74757 
38319 48145 
74916 74985 
24883 41592 
22526 71002 
62926 66893 
28217 64219 
10953 17066 
7512 43907 
31188 67693 
43159 54056 
5493 56651 
39420 62443 
52771 71202 
9437 44411 
61236 61917 
61046 73986 
7346 39221 
20502 44760 
72588 73620 
64204 64744 
71779 74586 
31281 44319 
33743 52653 
64479 66368 
20179 58668 
20383 27284 
23556 50223 
62561 68339 
7387 48090 
56791 70663 
66102 69737 
12581 64680 
70637 74278 
5339 13369 
8218 12992 
30854 38274 
74465 74641 
9042 19815 
32147 55529 
54639 74604 
54512 68548 
13798 40876 
39371 69877 
31595 43759 
45335 53850 
1929 53765 
39783 71801 
67965 69291 
33641 49075 
22633 38938 
1009 5978 
71805 72463 
3196 73347 
57731 62952 
44589 65654 
36959 44924 
35329 37352 
50118 66793 
50112 51665 
62655 64543 
61768 63357 
7750 54616 
45730 70394 
67455 71247 
61635 73964 
12441 24468 
53613 61370 
35084 59650 
1912 29203 
32433 68595 
74681 74795 
29708 74433 
68670 73769 
34684 63765 
24965 60771 
27909 53526 
22792 31563 
36603 59873 
50215 73648 
7548 10859 
66159 71470 
52806 65714 
37579 54999 
15622 61734 
30073 31658 
3354 36981 
13271 68081 
4453 74424 
5152 38298 
31385 58096 
2665 26030 
46581 60565 
69111 73503 
15232 45451 
72661 74118 
46585 48814 
44981 68914 
45154 49225 
46566 55310 
53989 61408 
38156 72183 
28475 34341 
70518 71307 
23267 25983 
65658 67500 
6348 44147 
47993 49381 
69127 69430 
38538 64589 
73048 74630 
48319 69389 
33476 57043 
37713 66005 
32710 35578 
16567 71491 
332 51476 
8348 68005 
26895 52737 
71282 72240 
62291 67239 
4657 66382 
64175 67554 
51548 69846 
49004 54824 
34106 63731 
35511 42391 
42732 55127 
16356 52464 
22860 54611 
40138 42068 
2389 51111 
70811 74849 
18773 57972 
63921 70303 
29917 58618 
72405 74500 
17101 25334 
49397 51664 
58674 60310 
17695 39820 
21304 27277 
28457 65697 
45542 50306 
51180 53948 
20014 74424 
57862 69355 
50272 66439 
18724 69515 
60437 74780 
1886 40693 
66721 67446 
50100 74298 
373 49927 
84 30774 
20409 45416 
21634 70335 
51087 67504 
36279 42977 
44462 50401 
64837 74033 
30429 45087 
24374 35492 
47127 62344 
6000 27393 
20755 21889 
36340 69514 
46054 65831 
13848 53152 
1290 35367 
10618 67849 
6480 29354 
62083 65146 
977 4733 
39636 45910 
67614 72321 
20895 24092 
4203 18258 
32914 44792 
43940 64326 
10899 32750 
25251 45494 
53204 58482 
8550 60351 
55964 72031 
27120 41374 
66388 66999 
9432 61254 
69530 70465 
12399 64744 
3913 22075 
69151 73182 
6326 32324 
31565 61599 
71127 72060 
50853 63885 
12454 66426 
50793 66239 
40344 63308 
8754 48442 
1024 11353 
62128 66577 
46551 71974 
5331 61959 
13776 23993 
40324 42148 
69498 72511 
32685 44854 
72633 73589 
33658 55361 
43050 53200 
24405 49051 
34426 65598 
48049 74835 
229 27138 
24669 48271 
9271 22708 
41935 42088 
19221 42435 
34529 50562 
15541 52977 
27192 68387 
21849 44412 
48543 49370 
12411 20110 
8762 32844 
73607 73650 
56811 56894 
28635 59189 
56820 62740 
22409 42685 
35151 57242 
46448 60226 
31485 73683 
59951 72900 
40068 57427 
6403 24916 
289 33441 
22351 59640 
68198 70587 
48850 71322 
16221 42969 
17982 68074 
26719 39752 
50309 54101 
56417 66039 
62456 70134 
30226 63836 
50647 54254 
57028 59478 
51284 69922 
6965 50065 
25368 44262 
13364 57775 
57929 60169 
49800 63757 
19854 45035 
16318 32179 
25237 30566 
8287 65902 
72337 74397 
40941 55384 
45797 74457 
73032 73227 
69887 70364 
30881 51807 
64156 70458 
49706 66256 
31033 52073 
37642 41593 
38102 63139 
23439 36755 
16788 28559 
40486 50615 
11327 38859 
63932 68274 
52837 73996 
21095 57614 
40073 56524 
17624 39063 
65269 71503 
72139 72873 
26951 62723 
43233 51664 
67681 69677 
56798 59284 
70530 74746 
10590 44977 
41255 49908 
3142 10871 
46881 64472 
61131 63143 
20362 60350 
71512 74801 
19978 36977 
53371 55180 
73370 74590 
43754 70968 
59882 60810 
9050 48135 
21327 28941 
26389 61423 
43952 62368 
36003 69329 
12896 17116 
74261 74691 
19708 45938 
53275 54563 
54758 67132 
32489 68091 
28395 66713 
36335 63520 
66952 74135 
66183 74808 
52720 54912 
9273 47935 
27515 34460 
46228 55186 
42036 66417 
34425 68924 
62701 66898 
21742 39418 
40597 74431 
52740 73843 
33687 67773 
23130 70856 
66996 72699 
19580 37882 
52290 60268 
20639 61202 
69109 71056 
19935 58486 
64621 65451 
14022 26782 
14328 27797 
69571 70504 
45895 63397 
12095 52354 
34888 39112 
33750 71805 
31258 72814 
54163 58983 
32545 59104 
26558 56319 
12606 19072 
48754 62445 
24354 43331 
7341 51948 
3918 39452 
62130 64154 
41075 71720 
71974 72732 
60206 68575 
25558 26071 
42155 63220 
49720 73269 
14436 27562 
42705 58442 
39328 44275 
52491 73861 
52515 59480 
49612 67073 
14018 29588 
43511 72595 
14716 45026 
3243 30644 
70326 74711 
45033 50411 
61391 69394 
72120 72424 
3551 35105 
35345 64414 
47225 64218 
14338 67398 
6690 50053 
59963 61298 
70402 73983 
57087 64247 
27381 41059 
40729 45550 
52774 62697 
31752 65101 
15608 37514 
57738 74235 
21098 28171 
25817 54404 
55174 73995 
43556 62761 
74199 74582 
12627 61050 
2340 45939 
4824 43393 
54753 62813 
29578 45941 
51024 60559 
45224 60818 
25290 69455 
43445 64361 
24143 50570 
47762 62310 
16113 49690 
60181 67136 
10700 71080 
50224 56966 
55584 59922 
52169 70152 
71747 73490 
10062 49613 
18329 44780 
64414 68043 
21267 26234 
16992 37338 
18875 45898 
15603 36076 
2401 30025 
73190 73969 
30194 65592 
2697 52914 
12696 49330 
36042 55594 
74654 74825 
51499 53778 
48555 59655 
48707 61679 
74379 74501 
47268 68372 
43249 61335 
43513 60599 
41147 43802 
56927 59860 
7209 45734 
39988 58137 
61501 65800 
71783 73042 
30123 42659 
62640 65771 
48873 71929 
36228 56825 
74958 74987 
7924 13873 
46295 74293 
35783 39156 
26963 35163 
64268 69172 
20954 64946 
26337 29309 
19376 51610 
4687 7423 
57364 67548 
63286 72859 
23324 27193 
8862 72647 
63956 69525 
19905 32099 
30993 63180 
64631 71735 
65591 73359 
72766 73406 
23494 31208 
47729 72948 
54649 69107 
60357 73553 
13802 55189 
42019 43333 
4469 46315 
62291 67319 
17874 35734 
44574 61150 
39633 56424 
7329 10711 
4722 55910 
9903 65225 
18256 49373 
39079 73401 
29711 56460 
19740 48279 
72042 73865 
10398 55008 
25795 32338 
54819 74553 
63411 72130 
9436 28417 
26140 72009 
16745 71338 
46928 68797 
48382 66292 
31372 72767 
74882 74933 
7907 37532 
40669 69696 
45858 53417 
57599 60562 
15337 49499 
37772 67400 
13243 45390 
45284 61728 
23889 68369 
47571 69965 
49264 72446 
1861 58368 
48953 55778 
64105 70179 
6393 34703 
61296 63551 
21912 62377 
10844 21932 
59429 59791 
60514 68535 
20840 45133 
39071 59528 
34172 71095 
1126 73497 
50710 69366 
49268 73583 
41478 73271 
21636 44991 
57014 69809 
48544 62717 
47406 61262 
33380 63082 
52677 66925 
17736 31085 
24354 47292 
71700 73686 
60693 68901 
28332 74823 
73795 74687 
32396 70066 
9156 74284 
9813 33197 
55853 58833 
39888 40805 
29779 73005 
28534 65629 
20879 46097 
42897 74152 
1821 62879 
52768 56283 
53260 55963 
69213 74538 
49455 66263 
15508 48263 
73989 74653 
12768 46778 
22369 36607 
52254 64970 
58616 63646 
6460 25919 
23061 73098 
62077 71383 
15023 61187 
23455 32850 
5586 62653 
64408 71934 
29187 45987 
34159 55799 
73416 74383 
7215 7615 
70569 70843 
70190 71332 
14375 43107 
57256 62842 
12286 36541 
20998 56123 
16382 45230 
71977 73439 
55065 70633 
34908 46901 
71886 73504 
9439 46479 
13545 72899 
26106 58336 
3571 59039 
71351 71617 
67447 73431 
54580 70177 
65947 67392 
67754 72957 
3067 67530 
21955 59538 
20839 38652 
67668 72538 
65707 73018 
8662 17166 
48620 72627 
26017 36485 
35740 57564 
849 65608 
8142 30256 
10243 54780 
8480 19162 
27838 33663 
26977 60991 
60406 64569 
15158 64418 
11018 50927 
51196 64356 
30149 31664 
48444 68441 
49540 66713 
49986 52008 
18641 73705 
877 47173 
28337 30339 
2583 54612 
5422 33150 
39528 54930 
7837 65407 
4412 29228 
39837 62374 
23079 25831 
30106 43107 
15534 19143 
35977 74307 
1257 61082 
38792 61500 
65719 66491 
33534 49133 
41860 60689 
51419 64692 
32635 54822 
66899 74164 
16467 23888 
61615 71761 
43789 71195 
27233 52869 
31209 54251 
56184 56503 
74808 74998 
16019 40692 
1755 2311 
22137 30936 
42132 59285 
16195 67979 
14767 37488 
6487 35361 
70930 74262 
66044 66347 
30891 50924 
44247 44716 
5631 42396 
48191 56297 
32567 72365 
55579 73478 
32971 51110 
45941 56952 
25001 57275 
16397 23370 
35715 58660 
42477 61872 
47097 61877 
65626 71622 
38238 45109 
11446 52338 
69025 69863 
3144 20870 
5570 13727 
44264 58871 
35361 59888 
52589 58588 
11839 17747 
31225 47008 
65722 66066 
46473 63258 
35744 40356 
23515 48068 
73345 74207 
74414 74621 
41886 52051 
39295 71507 
34226 42044 
63269 69165 
31889 55899 
74553 74649 
73885 74863 
6776 53362 
55455 59279 
13622 33486 
43247 69765 
37894 61700 
10459 50618 
41908 65522 
37151 39119 
5655 67259 
37637 65293 
73966 74268 
25032 28836 
11245 66799 
14272 28670 
27680 56127 
59864 74186 
51399 59183 
60206 61045 
57692 67478 
7348 33529 
14950 53960 
30128 54286 
52448 61937 
5428 61397 
42029 50788 
68984 73465 
12272 19471 
14555 57762 
51969 61850 
70397 73112 
67691 71109 
60172 70790 
21439 49149 
12438 17036 
72178 73662 
29929 73812 
47499 68361 
42305 69056 
41674 69171 
40358 65682 
12156 50346 
36685 74319 
28504 46261 
16300 52035 
41117 65783 
67915 68368 
12468 51078 
23692 41367 
25777 32110 
43538 51948 
4406 7174 
40662 74892 
73804 74137 
68157 73933 
20603 73943 
12884 15306 
52188 55085 
12331 53830 
12112 13952 
38270 46998 
9219 69277 
24852 63177 
28240 55078 
18075 20858 
69042 70956 
64705 74409 
30434 42401 
74211 74747 
56555 56695 
21657 65626 
73450 73648 
24861 60712 
9130 57061 
60854 72779 
57310 64019 
72314 73630 
11810 58757 
9498 73790 
39119 61001 
27930 59742 
3797 3991 
16894 55299 
46760 47096 
49734 51516 
56300 66245 
9348 23944 
33840 60181 
57989 73699 
67969 70676 
30463 55279 
42645 43075 
9282 60832 
58204 65436 
4207 33394 
58008 61332 
3577 9870 
44990 59478 
7573 55279 
24369 62134 
60035 73648 
35271 66609 
52738 67959 
69662 73400 
12606 36431 
43796 52638 
68231 73138 
34309 51731 
7298 32949 
42070 66166 
4097 24617 
24946 36427 
42606 54019 
31239 45323 
72412 74409 
63574 74651 
51977 65573 
17374 28235 
18315 48464 
33199 35762 
3362 59048 
29718 40350 
43664 70344 
39198 73735 
20667 54733 
49234 58277 
17902 49389 
15435 47041 
67047 69605 
44502 71230 
38919 43388 
72589 72721 
58844 69823 
23467 66825 
48938 73384 
15474 57349 
57867 64134 
20943 60699 
26187 46877 
23810 25823 
35035 71421 
58216 72696 
74856 74974 
22455 50741 
26779 69811 
33118 65097 
64987 70264 
29811 36314 
2824 46084 
66023 72052 
39693 44004 
24152 35563 
1174 19396 
55258 63008 
36420 57922 
2957 47982 
39582 67440 
72625 74090 
30730 65572 
18925 32798 
42805 54197 
36822 67453 
39599 51602 
8497 8872 
74868 74901 
28503 36065 
54986 67978 
62470 69922 
1722 53140 
27737 59023 
24515 44480 
39437 43120 
22469 71142 
13095 14416 
55401 60154 
34345 42261 
70228 73489 
9929 39620 
37764 51627 
3936 47266 
24034 47169 
29513 59796 
63944 73215 
58322 72125 
63266 66766 
21619 58114 
27620 39437 
45220 70000 
49576 61012 
38285 72676 
2207 32885 
7993 56213 
61367 73608 
36874 59579 
42348 51030 
46589 61161 
44430 74920 
67737 67973 
15366 58116 
28617 31353 
18762 19141 
26363 71664 
45036 61232 
21774 31112 
38746 39854 
3667 18481 
72069 73566 
55437 65958 
69852 70284 
70832 73676 
43309 52902 
57744 58526 
59806 67647 
32133 41303 
38739 59967 
39757 55858 
44846 45050 
41762 62736 
35862 52615 
49552 64431 
16072 22888 
339 21689 
61572 66543 
33141 73511 
70955 72996 
21135 38213 
9215 12862 
64597 71201 
52254 52645 
66687 74535 
48479 68956 
56268 61600 
20458 64832 
36815 60894 
45666 67833 
56152 74048 
60038 72258 
72916 74348 
23124 29917 
17020 18346 
64971 70579 
28464 61833 
31871 49303 
44827 67718 
55070 73330 
22954 51087 
47440 49011 
61367 71018 
5323 19760 
10699 41022 
18177 44417 
4919 36687 
73466 74583 
61624 71607 
25171 38280 
16290 59711 
20104 22753 
69453 70868 
35720 67423 
23739 43055 
11475 23064 
21621 40116 
62463 71867 
13312 46440 
7788 68937 
40737 47441 
43218 74020 
28038 36818 
34529 46046 
16560 26188 
65072 67987 
29309 36239 
29233 55693 
10519 19809 
7959 72850 
46304 71364 
43205 49814 
25166 72723 
48783 68337 
40261 68787 
73174 74261 
49349 56886 
60534 67510 
13895 72525 
32311 53425 
68414 72660 
43400 49562 
68339 72842 
68368 69895 
47261 62553 
46359 72477 
24025 59247 
47563 71758 
67586 71441 
26641 51479 
31296 48112 
60103 66266 
42895 73569 
41015 56845 
66949 67494 
24539 49099 
25852 40369 
11966 15932 
69500 70521 
72707 73673 
14260 36257 
36874 69741 
37 6337 
42836 70277 
56468 74047 
16062 19730 
60779 61318 
39436 42884 
16236 27982 
54863 72477 
38511 40614 
50055 55297 
74648 74914 
11337 63068 
37894 72158 
16872 56354 
2395 67514 
74275 74448 
49449 51785 
66494 68254 
41847 72905 
10593 55712 
66416 70742 
64403 68176 
74141 74781 
62534 64350 
30824 69093 
2807 14833 
54462 68418 
56600 58857 
25232 26909 
30642 70941 
13809 63437 
38050 42999 
10500 27656 
24302 46068 
26120 40702 
46535 48973 
40394 41934 
1994 2580 
64498 69355 
48967 55996 
20839 26053 
58897 72222 
13845 26297 
42868 70812 
31030 65952 
17473 49921 
13193 48099 
52959 58007 
24882 69955 
69592 71505 
62711 65878 
806 62655 
24876 30807 
63775 73752 
36521 74699 
17348 46771 
43765 63434 
848 53757 
62448 71369 
50345 61178 
43394 45130 
71859 74223 
42954 64507 
39948 42731 
26736 68836 
46052 58740 
45211 67987 
45493 63906 
38344 68517 
10980 68952 
65344 69583 
29444 68548 
10410 44228 
4864 7037 
24023 66506 
51053 73228 
13110 41580 
21367 27865 
51473 53179 
18354 73234 
45117 46858 
23323 57832 
40505 40531 
12225 35685 
57509 62536 
8344 14145 
60073 67292 
18069 54893 
52627 69707 
65389 68230 
49900 54101 
48241 66591 
11629 62922 
54337 73234 
3941 17803 
46325 71382 
44728 67609 
21873 73275 
65680 65680 
28707 72057 
40771 49134 
1910 45239 
3963 74337 
47410 63807 
54918 63772 
33372 68351 
53196 63629 
29452 36158 
33896 64834 
56335 73393 
41520 47468 
68221 70841 
60367 64582 
67706 71078 
24175 54404 
35569 51498 
58918 66598 
19709 49159 
53832 56700 
44575 61903 
47465 57670 
51808 72305 
39459 40507 
55802 63734 
26348 56323 
7959 27223 
73850 74321 
11029 51731 
52360 59248 
54850 71323 
66050 70687 
62261 74027 
56440 64006 
27182 48512 
4924 29212 
62400 74953 
25028 62306 
51105 60657 
70942 74237 
44456 54349 
1031 26807 
22046 71839 
39527 41944 
55889 56166 
18501 23518 
35529 67202 
8441 11816 
17928 29163 
54368 60178 
19462 27838 
56720 74352 
28955 42423 
55978 57593 
60287 70657 
70049 71379 
38862 44727 
59281 66079 
44030 69991 
31819 65239 
29176 44516 
15313 51573 
53301 65776 
29524 49483 
68311 68484 
29635 51313 
39785 56351 
52972 72385 
37491 55745 
4920 26989 
70003 71173 
31644 62041 
3856 42767 
2703 63276 
41731 64711 
29108 37007 
70024 71842 
46053 63670 
56041 58248 
62090 66034 
46830 69179 
39834 42617 
28897 44772 
66019 66378 
10385 32832 
51633 57127 
107 40273 
38049 58613 
62739 74357 
17889 70313 
54950 74869 
27775 61129 
50209 66839 
17788 33717 
44640 73196 
58419 58620 
20296 70008 
50507 52786 
57386 67617 
8522 16234 
59606 61747 
45851 47636 
48978 64596 
67824 69143 
7038 39089 
73574 74393 
50326 74287 
53924 74460 
16680 46011 
56898 64974 
43390 49787 
63732 74772 
7877 48275 
71252 74401 
37573 61706 
11637 46217 
3355 19675 
29656 61317 
12434 69752 
22788 55620 
25389 42741 
74073 74976 
37652 42818 
67877 71889 
65243 68739 
7197 49041 
37973 57029 
12872 62637 
5540 50828 
70555 72036 
43561 60015 
21917 64125 
32577 58722 
54777 61208 
26810 53422 
14268 35237 
27660 36825 
71423 74684 
29212 68244 
8114 66127 
7421 46205 
32151 36363 
41574 65541 
46652 53301 
15240 34683 
47852 56638 
39660 70529 
42357 63434 
3482 9740 
59016 62990 
17190 38066 
61101 65493 
22363 48726 
45878 66082 
33777 66910 
28624 28926 
39882 57311 
6063 56852 
57910 61428 
6264 63606 
65958 69175 
31348 34144 
20899 62503 
42468 59625 
61975 65710 
61923 74196 
47238 65237 
70222 74502 
59248 66230 
6379 34477 
72979 74213 
56226 72638 
44912 56063 
11465 53527 
51616 60139 
40424 48819 
64271 73211 
22728 74082 
47127 60815 
642 47761 
60389 68921 
27585 68538 
62075 65776 
34045 40904 
35444 44779 
70070 74544 
52199 62585 
27403 36588 
9023 56746 
15518 56847 
74499 74752 
71918 73368 
5118 72271 
64855 66829 
41421 59955 
13003 63938 
59738 73299 
74023 74567 
43986 58156 
60912 70976 
71951 72037 
49198 64327 
66042 73601 
3588 46525 
65904 69265 
21126 55900 
74853 74927 
65468 67316 
59046 65044 
24835 29585 
19859 47341 
2279 29213 
73243 73697 
55037 66191 
69349 70132 
10347 22033 
19152 60504 
16962 33061 
24640 68680 
10779 65774 
22830 38170 
15154 43916 
28214 37516 
63735 68855 
39303 39739 
37715 62143 
48117 48675 
53078 71760 
34898 64917 
46517 54985 
6346 28176 
61586 67032 
45399 73360 
14412 57090 
7841 28691 
32813 40610 
65050 67719 
12557 21876 
29046 55569 
20256 50178 
48978 65824 
55821 74041 
43940 58231 
55703 64631 
16780 74625 
26847 71974 
55719 62698 
28777 47752 
74694 74810 
39721 40420 
30140 73277 
17038 57182 
34481 39265 
67755 68224 
21550 56610 
52302 62641 
23990 71331 
451 45215 
12691 41257 
22281 42653 
43789 71817 
18107 52054 
7812 31864 
42737 74301 
56960 71595 
19748 72257 
7212 72515 
71619 71843 
16706 71692 
59904 66585 
59807 63104 
48150 66201 
37090 65050 
45112 56602 
63297 70226 
2388 57643 
9434 59958 
12414 70165 
2262 31959 
35967 54149 
51770 61440 
63554 71055 
19398 44631 
52828 59477 
23707 46548 
36904 39227 
52781 65748 
60407 61357 
39809 67012 
56673 71404 
1555 15639 
10272 74195 
14221 68418 
34464 52904 
33934 40507 
15353 56634 
10665 56089 
72140 74640 
53479 60833 
62172 74459 
28893 33629 
73163 73946 
18638 59518 
20022 54711 
63523 65181 
17567 27192 
51330 59114 
49990 69435 
18134 53552 
53477 69202 
2075 16756 
34954 57220 
22504 64141 
34075 40077 
18324 35864 
59222 68948 
25787 44549 
38054 39444 
53484 54430 
20447 34756 
34105 37030 
14252 72219 
19382 36805 
72891 73589 
57942 62691 
46789 48153 
25352 63524 
59883 62175 
18228 32722 
51610 65666 
30748 35317 
72816 73645 
37359 50453 
69647 70149 
3119 56833 
71463 74460 
20196 65907 
34656 43475 
37403 46493 
512 32550 
43238 69110 
60200 64909 
69298 72164 
16296 58607 
68736 72169 
68218 72768 
16478 29669 
63676 69406 
17195 36989 
22085 39968 
31406 65814 
39241 49634 
60003 62808 
32744 39226 
56579 56732 
77 2234 
36075 49580 
35669 37213 
42290 57136 
45273 52701 
70969 74477 
14425 40098 
36514 41186 
52341 63233 
5288 38383 
69627 74777 
50706 57119 
65956 68426 
46372 71423 
1906 59123 
58848 59705 
71983 72867 
9780 62053 
25238 30983 
28758 51084 
3419 34663 
35401 71925 
32560 45148 
23070 34141 
48166 72633 
34766 55107 
69364 74909 
2822 72537 
56315 64502 
58617 63690 
50459 69127 
20250 37094 
39696 55473 
69791 71152 
60027 63376 
39273 74193 
54653 56327 
58498 64166 
35206 60637 
46368 65196 
33327 35969 
46861 64317 
59942 60638 
40081 66471 
36653 61234 
24937 49074 
15507 24117 
26698 64708 
66007 74447 
32362 50136 
20291 53731 
22208 55478 
64024 66887 
46997 62537 
40347 72108 
31509 37865 
4795 61644 
70176 70649 
37541 47491 
64685 64817 
743 17877 
10671 32271 
46282 70473 
58447 66089 
34496 71847 
16994 44673 
51935 65378 
69244 70327 
6140 61562 
30453 61570 
23681 28696 
70336 71718 
3088 15481 
74980 75000 
56821 71577 
73001 73044 
127 28107 
69136 74853 
8965 12316 
41553 41644 
56590 69358 
41912 58059 
8374 32210 
11243 53650 
67227 73372 
54284 63676 
55990 58131 
46256 58469 
35955 38977 
17729 50775 
46653 60786 
56350 71937 
66660 70289 
74244 74837 
4355 45545 
54605 65907 
9955 17973 
30181 58907 
30481 38438 
4027 59474 
40807 58529 
58605 68809 
32011 49920 
72712 73413 
16495 62588 
51529 53761 
45901 70529 
11126 66275 
14662 47113 
48563 71205 
63112 65943 
60975 69701 
22854 40258 
8162 37657 
45254 51001 
10842 12895 
37326 42219 
50461 56790 
31352 33867 
1775 18344 
15134 41565 
56688 61387 
44948 55764 
30077 32248 
74781 74952 
68113 73958 
451 44845 
35808 38561 
72939 73022 
11087 27333 
33032 56051 
54252 57579 
44018 65559 
23807 32672 
36056 40169 
5088 12999 
41007 66604 
46293 56395 
24148 31802 
35053 53268 
73994 74473 
23198 73921 
6805 47171 
29781 36330 
53077 59358 
9941 57973 
25237 55562 
47482 56240 
68195 69712 
20989 70024 
47800 54758 
5420 16773 
40064 62348 
62259 73172 
20700 40008 
60599 73930 
50292 55097 
9900 38374 
71862 72684 
23229 43205 
57480 58424 
15395 73287 
38909 46410 
71941 71948 
11586 41834 
3492 68599 
2756 68157 
69507 72101 
38984 73323 
29310 52327 
36212 70224 
11493 47447 
21479 34018 
11041 47025 
40918 62654 
42674 67332 
73571 73763 
61298 73802 
56569 70972 
25503 33189 
51065 55227 
13786 72823 
57612 63402 
66972 69549 
27947 64305 
72463 73475 
56177 57066 
48867 65462 
40904 45079 
71541 73448 
40954 52365 
19476 70217 
27352 41601 
24202 24405 
5973 18066 
13418 62328 
23831 74996 
2016 57004 
11938 36498 
19409 74632 
73468 73754 
18056 42886 
68542 72272 
53079 69489 
67812 70357 
74928 74954 
42727 46437 
1015 42801 
61325 64168 
33840 52788 
51263 53184 
28826 32981 
38061 61596 
58656 61118 
8768 35470 
52458 61080 
42784 50309 
66227 67349 
36099 62903 
9691 38897 
73913 74705 
36852 48372 
18097 71648 
26962 74365 
23405 25870 
50498 56014 
32220 59040 
59747 64728 
19137 29531 
51777 66584 
7122 8257 
13279 14347 
3935 17250 
46143 52902 
9211 49924 
55347 66394 
64106 67708 
31436 66643 
22231 35354 
70411 71033 
58498 59474 
52790 69151 
55575 67026 
6960 32912 
10049 37365 
49622 58219 
7321 73989 
58473 74040 
2474 65916 
14723 31000 
6591 61432 
10450 27851 
62109 66999 
63756 71938 
74934 75000 
10641 27846 
42545 45731 
73410 73702 
8087 43804 
55745 68832 
17798 53307 
20389 46152 
48670 57575 
48980 72195 
4379 48360 
71718 71720 
73939 74975 
15686 27993 
3526 6606 
25479 36371 
49070 64224 
72304 73791 
69635 71520 
19235 23016 
52156 70048 
13510 15980 
13201 67945 
46440 73934 
46026 56107 
71131 73483 
74503 74808 
58541 70254 
9551 63920 
10337 71616 
49375 60237 
18826 50901 
10295 42583 
71239 71251 
57901 73872 
20520 62140 
37796 73453 
30075 58175 
59065 70920 
50354 54679 
16634 40847 
17215 53338 
6105 38536 
43640 64625 
56397 70166 
47248 71026 
10889 57279 
5655 12742 
32093 32310 
45633 54460 
28057 55064 
47017 49504 
8976 22771 
27741 39552 
23192 53486 
3179 25063 
56874 57264 
12777 52776 
36296 74259 
49546 69156 
20030 37378 
9022 44722 
66024 67009 
29941 30279 
61892 64621 
22923 67063 
15622 24037 
48594 52973 
26704 47847 
66590 72463 
13643 20983 
12682 52399 
45885 55937 
10358 45918 
33369 51907 
70544 73891 
40592 43292 
27970 61123 
15499 32570 
9459 51851 
63738 69499 
70187 70818 
31571 62248 
74079 74509 
29960 64042 
58998 69975 
64493 70055 
47742 48863 
57986 58113 
66185 72823 
70339 73736 
61643 72853 
53876 60018 
35847 60077 
66051 67943 
6959 12662 
25322 53137 
20417 61606 
42438 62605 
11241 15061 
62496 74336 
30278 69750 
14713 27584 
13433 49767 
66034 67470 
59411 67361 
61007 67065 
19086 39941 
33275 58185 
45642 46987 
59416 60071 
6702 64895 
57895 66393 
54773 62668 
1684 59280 
32243 52552 
69314 74875 
62857 73779 
73360 74634 
21446 23131 
72075 74016 
7368 7403 
37677 65434 
74164 74914 
1712 57566 
11071 35109 
64417 73182 
46833 61703 
64993 68524 
17181 43793 
54584 64717 
35375 57407 
49595 61603 
53541 59822 
59900 69594 
30180 40718 
56464 69812 
60222 67196 
4272 37302 
36347 58295 
65007 65759 
15609 39323 
21946 72294 
24929 74247 
32724 61019 
68472 70252 
13438 66992 
55138 66048 
27239 40480 
30345 74039 
63233 64603 
12430 36969 
57609 68349 
73631 74724 
52847 58362 
64161 72948 
15922 74180 
65953 74590 
64939 71379 
47028 68956 
22003 42430 
4133 20807 
57503 73577 
38561 68133 
33867 37739 
54672 54982 
66491 73354 
27311 40061 
20145 26795 
45315 66556 
31896 68107 
19263 70860 
3548 25736 
5833 18861 
54197 64389 
48217 59031 
43005 68570 
20109 61683 
38441 61792 
46122 56556 
8582 51732 
15846 69674 
40444 49431 
3262 10022 
30774 72417 
37507 47109 
38234 61737 
46128 51274 
19487 30954 
42448 59303 
71967 72556 
20970 35963 
60723 68584 
929 24816 
49162 59357 
61234 72404 
38222 61516 
17581 35014 
50692 56092 
22800 51453 
35271 38485 
11996 25493 
31998 74374 
17114 26709 
14783 73059 
65630 68269 
17574 25357 
2214 15829 
11061 23722 
14341 68817 
1173 5413 
21996 32617 
30470 42039 
40314 60924 
7639 32628 
32063 62413 
5297 58989 
52926 63868 
65586 73277 
28684 31371 
1730 49698 
11424 72344 
48590 55499 
7712 23600 
63349 65218 
16125 35447 
12204 63401 
11365 28897 
45808 60263 
66159 70096 
28964 42970 
34898 58440 
10494 61985 
35649 59115 
65139 74364 
72855 73524 
3537 65871 
61357 66900 
15864 23758 
35424 40058 
2640 73018 
59228 63321 
44624 60637 
7292 31487 
35850 42412 
37263 52775 
68509 72506 
67145 67640 
52348 64204 
41426 66430 
53689 70891 
32807 53443 
62158 69326 
23362 49365 
18687 64427 
46989 73922 
45159 70894 
15328 49595 
15783 23329 
2028 14320 
35073 65885 
18475 19947 
10984 43517 
42551 53671 
912 28883 
66889 74582 
33141 43960 
16268 33572 
65892 67022 
40322 70306 
36298 57408 
21126 46858 
49065 50173 
21343 73903 
53357 61730 
45015 62551 
49965 53532 
38381 55965 
31663 52575 
38579 56608 
42084 73418 
29626 49046 
12263 43801 
6615 53324 
33862 56019 
46916 70869 
35266 42539 
39447 44115 
36747 37445 
71736 74161 
60522 65773 
8559 73784 
31639 59671 
11660 26840 
30896 55188 
54672 55685 
28414 38213 
39062 56183 
67092 67341 
67410 70120 
16711 23593 
62919 71677 
16994 67586 
40217 58192 
6814 30834 
52158 60807 
62175 71013 
50332 50662 
65287 65429 
16399 46982 
14998 34605 
41235 49768 
24267 63916 
11748 43137 
67865 74226 
55798 62402 
17433 43045 
19670 36172 
40438 48356 
19154 43582 
30972 63975 
9512 17542 
63424 72347 
17029 28559 
66786 71345 
51880 73590 
69500 71163 
65002 68780 
66321 68844 
47972 59411 
71342 74464 
41822 60320 
73191 74911 
13663 56302 
35389 68041 
31005 60476 
2687 58691 
33829 66678 
37699 72207 
57968 58559 
2571 14562 
5204 50786 
70687 73386 
20400 65289 
38336 66304 
52279 66932 
4779 14663 
63015 66386 
52359 61908 
32132 63759 
59432 74544 
33555 47789 
22527 61621 
32659 48530 
10791 23389 
56087 72122 
55408 65443 
10447 27264 
25927 70785 
16965 59195 
59928 70592 
691 46383 
58606 63108 
15582 34901 
14889 20963 
44561 57952 
37677 70136 
33972 72176 
34045 54751 
96 51253 
74249 74609 
20420 22434 
44026 65731 
29309 45883 
42669 43476 
16080 52739 
59246 66764 
2162 32201 
41009 47961 
36705 39769 
43839 66368 
24205 57884 
58253 68124 
18968 43206 
3892 31910 
72421 73479 
58266 72641 
57324 61246 
27538 52169 
50087 66610 
20843 33220 
59185 61259 
29880 56370 
25243 57287 
52871 74274 
58789 62392 
11882 14665 
13484 28290 
18908 70625 
27532 70079 
28185 47732 
7458 61871 
12599 20944 
71450 73641 
34718 44254 
60355 61848 
54299 72612 
33666 71779 
63252 69014 
56090 58020 
10282 19127 
11480 59665 
70201 70689 
11781 50655 
65025 65707 
58963 60465 
67876 73401 
64614 65283 
11795 39032 
55747 63950 
74116 74995 
13445 55403 
16051 43265 
36996 43355 
30131 48482 
31080 34009 
45344 56764 
9341 22746 
24772 42490 
14018 26797 
29873 39950 
27466 33802 
12289 38883 
64614 72423 
30544 67032 
72596 72616 
71268 71674 
71746 75000 
74273 74491 
48627 70669 
21016 65290 
12871 39155 
31224 65269 
74404 74657 
12708 63540 
34335 54604 
11758 30045 
71901 72798 
2435 9010 
46763 64717 
42709 70707 
51404 59430 
19938 49734 
55935 73179 
33139 55707 
26873 51981 
43992 72650 
30262 59099 
27916 67600 
6071 60212 
17027 51428 
57948 72211 
57926 61998 
47819 65804 
18004 24424 
51624 61796 
24981 70011 
40183 42610 
9219 43770 
41382 72983 
7701 24360 
9573 39035 
9578 43884 
64747 73357 
5320 36959 
40816 47587 
16521 20061 
16700 20357 
43949 57992 
18299 49044 
60289 73376 
37167 50402 
56400 66558 
68806 73688 
28028 30743 
46733 52330 
64461 67660 
953 54824 
7664 39141 
42829 61721 
23961 68676 
9095 65383 
37413 39384 
44311 71998 
30226 69920 
38822 70289 
15641 28871 
41820 60682 
46085 47682 
24268 43261 
7570 63176 
32919 33236 
4774 59754 
15075 43257 
7018 34865 
49701 57463 
74495 74505 
17916 19221 
16648 72605 
38486 46044 
51019 55548 
28877 61071 
35083 70044 
2640 11899 
61864 68650 
44631 74037 
11494 34561 
8327 67327 
11413 41359 
43459 69816 
6634 46458 
59744 67886 
57198 59692 
24782 67002 
40718 71524 
21644 23542 
63228 68693 
52768 62999 
3174 74373 
25619 28403 
34172 47676 
62665 70357 
61955 70349 
65590 68943 
45317 52001 
9755 65088 
49229 54598 
26526 38885 
10310 54023 
22841 32549 
18858 59366 
32259 45966 
27782 67302 
70066 71737 
21857 63223 
67129 72726 
56015 66837 
58228 63097 
42578 72264 
11941 47508 
28198 38145 
71765 74053 
62969 63385 
15122 43208 
2698 56143 
47059 59290 
20113 49646 
67662 68425 
61798 68263 
47612 68617 
29495 65644 
42170 50468 
72056 72247 
6886 22303 
42356 65300 
7863 65072 
34239 71134 
38212 41245 
69373 71510 
23317 47201 
33847 54116 
8024 11332 
61582 61865 
46830 67621 
33004 54645 
10898 52343 
12123 49236 
2428 14473 
12574 27982 
9741 57084 
38328 59001 
9915 68837 
70364 74042 
52647 69358 
45983 74057 
11702 13389 
7462 72368 
58752 72214 
5137 17577 
63046 66790 
45599 47018 
49374 69430 
6919 55049 
19698 41894 
5170 15315 
73569 73828 
56977 60981 
19501 54055 
59715 65462 
43442 65324 
53167 57228 
54387 62862 
67126 73060 
56012 64752 
43420 54882 
1295 32148 
59335 60334 
51620 60651 
53098 69854 
660 8798 
43714 62329 
39805 56139 
47402 66423 
35080 35517 
73217 74375 
61296 70102 
34823 48009 
50040 69947 
6301 38254 
38005 38284 
11673 14113 
36146 69461 
57886 72865 
29177 54039 
54103 61409 
7593 25748 
65113 72803 
35789 56128 
14247 64942 
71105 71211 
73549 74172 
54711 66423 
56035 69527 
55156 71353 
24054 38022 
30163 70645 
28368 58319 
73698 74115 
9727 61029 
69814 74476 
14377 24981 
38899 42913 
60434 60729 
73076 74802 
1498 1577 
48498 67915 
18220 30940 
33184 67983 
24851 51514 
3668 14199 
6086 41420 
43850 71212 
70027 74585 
32329 69466 
71338 72301 
103 32979 
64586 65194 
46129 62091 
35363 48650 
3082 36161 
39035 73149 
52806 65648 
32000 53329 
68054 71404 
68622 74938 
45366 54259 
28272 65571 
63115 74046 
3634 36287 
26312 44560 
47740 66966 
49571 49765 
29780 49411 
564 25671 
42853 44716 
48150 70760 
64643 67508 
27082 68537 
52432 65538 
46870 56286 
40368 47201 
22023 28522 
64615 66155 
9684 19438 
45396 46375 
65994 69369 
30032 69671 
34516 58347 
42279 65564 
27504 44114 
33874 63722 
18681 34479 
54104 71624 
58730 64477 
42987 52892 
5076 54807 
66674 72225 
12124 41823 
30787 51849 
39713 52388 
36337 58065 
15581 63989 
68072 74380 
13439 68021 
42610 48204 
34586 61019 
11310 64781 
45908 52827 
36597 36799 
28008 50899 
66391 67471 
2029 56911 
20859 72837 
65441 74644 
25032 54304 
22773 23582 
24212 32859 
24949 31554 
35350 66241 
39895 53790 
18408 54762 
60472 73852 
34692 60003 
17914 20934 
25468 28257 
18813 66714 
54528 56073 
70033 73851 
70080 74778 
9053 59070 
50124 62669 
59736 73178 
58756 74263 
60633 62024 
35458 72050 
3071 49179 
43133 68833 
48814 71789 
51173 72388 
782 59831 
19286 68245 
39386 48643 
27188 44161 
60912 62583 
55314 73464 
40050 61382 
18206 71203 
59289 60119 
34283 60572 
18948 56007 
2661 7464 
37459 52658 
62913 72270 
33699 42452 
3995 16960 
51313 57767 
48888 72159 
20605 65866 
56028 70664 
8749 38120 
11829 36615 
31095 51698 
12838 16658 
26405 62184 
71593 72371 
55590 66612 
31578 44751 
19742 56640 
69692 73652 
11121 14922 
27687 61074 
5528 23631 
8094 26833 
7336 23510 
67681 70096 
59491 68791 
16130 72865 
165 72435 
50917 70908 
53151 64556 
74540 74627 
42763 46192 
14398 51361 
8642 45463 
1714 12383 
29120 29943 
37748 55830 
68981 74854 
29952 58622 
54026 70677 
11693 15286 
71900 72940 
16567 66316 
59439 71647 
41635 69640 
33620 50287 
72158 74711 
58342 60469 
20316 26339 
38307 51997 
61535 67906 
50381 51067 
4809 58542 
40178 40360 
46960 64574 
55058 58322 
33422 42132 
57823 60590 
22602 23620 
52174 69133 
24556 53073 
11906 73630 
11626 53501 
6090 40063 
61185 73703 
17866 69554 
66962 72594 
57201 71879 
8647 35762 
50142 70001 
42901 48422 
56988 58536 
24087 35945 
63706 64451 
49906 61010 
27097 29322 
36997 51804 
23838 39414 
62049 68774 
19101 60332 
56233 69643 
70449 74417 
46729 50378 
37299 54434 
48070 72703 
31438 46568 
40421 59726 
26587 64180 
72408 73177 
14386 34990 
4994 72406 
34347 56527 
3790 33882 
21392 63154 
8943 62815 
8494 18863 
13652 68023 
28405 47915 
74727 74893 
11326 12354 
56446 58376 
12993 27376 
37825 67390 
23433 65830 
19419 42283 
72914 74997 
96 48357 
44076 49389 
35339 37096 
46021 71515 
24673 58198 
6056 72907 
34153 38338 
61484 63724 
60030 61172 
7881 74217 
21900 66172 
12526 67915 
1828 61053 
22793 61071 
22516 65073 
32659 40541 
63292 66338 
64482 74928 
15435 55830 
31961 35970 
29453 68562 
40645 48014 
57378 71326 
23966 65637 
48953 70036 
2618 58077 
72013 72696 
42454 44312 
34135 44211 
41094 65043 
28569 34933 
72569 73428 
47109 52666 
6083 71282 
16872 27044 
22818 23619 
36222 58644 
28402 70778 
5834 49053 
35906 45093 
1739 7002 
25415 37887 
22398 39627 
43802 47753 
53168 66814 
9747 73625 
20063 24132 
47205 69469 
14532 59944 
54408 66010 
46319 71621 
19390 63272 
29095 50240 
51027 62548 
35658 73501 
41775 52428 
60181 65432 
39657 62421 
434 11928 
42373 48023 
67411 74857 
70059 71167 
34966 43200 
59612 69312 
5991 36567 
16951 33965 
22781 58109 
73066 74573 
68473 72731 
26802 52548 
19502 57918 
39068 45927 
1274 9077 
44049 60006 
70634 74519 
67403 71865 
34175 57386 
6773 23022 
52155 64754 
13818 23721 
64738 65894 
8544 44202 
43001 67105 
51359 64022 
36064 57981 
57715 70298 
43480 44688 
60564 67396 
52227 70407 
68245 71223 
30742 59699 
57394 58191 
59544 64878 
17148 30547 
40217 65370 
65022 68184 
58297 68268 
5154 36518 
46150 51964 
32063 62930 
39134 48155 
59715 72468 
25136 36592 
16456 62317 
38184 65020 
71547 72916 
39199 60971 
51182 62403 
71267 74309 
15181 45505 
21917 73024 
48887 71925 
2707 65423 
14324 23883 
66822 70895 
68948 74347 
27577 58289 
36547 64315 
2893 31000 
20501 48660 
15552 38195 
42839 52479 
66255 73812 
40566 45702 
63742 66533 
70021 74008 
68123 72124 
51146 63497 
68673 74764 
58168 69785 
62344 65770 
54838 60416 
33214 36016 
58338 58640 
8744 69211 
2922 63718 
73477 74958 
49874 74511 
43700 47256 
58836 67244 
74248 74945 
2257 68877 
64759 72407 
28970 72427 
46593 72576 
31760 73654 
31536 48351 
14466 17422 
20456 24777 
68697 74600 
41909 70503 
21050 27304 
15988 53025 
26379 39707 
55952 67260 
68270 69425 
40178 51855 
28302 39030 
73317 74096 
41684 56709 
60104 62111 
8756 67870 
5241 59721 
22109 74516 
65052 66294 
73615 74553 
25381 44699 
60976 72740 
37255 62731 
58857 62109 
5972 51071 
31710 74902 
43666 54624 
6812 58803 
16619 22457 
47342 67211 
11438 44156 
64703 66743 
52155 72397 
3876 35322 
4321 18503 
12025 30722 
26163 35961 
20002 30126 
16128 57080 
21361 28865 
7345 33530 
43383 71771 
58562 65740 
16338 58734 
6929 35713 
65742 70095 
60452 61451 
42240 69452 
63285 66268 
25485 28296 
9562 36153 
60293 69301 
29840 51285 
22642 25759 
35944 57525 
12939 38561 
60891 71516 
71484 73186 
16258 52380 
60652 67458 
9510 62682 
39326 63583 
16653 35750 
30611 41307 
65965 66057 
8584 49551 
73846 74821 
53798 61094 
47803 56861 
15958 44835 
14032 55269 
40079 44283 
10377 70739 
55325 64003 
57211 59377 
11804 37836 
32405 47992 
49258 66851 
24619 41202 
62639 65852 
45878 58418 
44467 47762 
6911 20594 
60156 74049 
38110 40350 
3299 30342 
7309 60985 
17089 71467 
35151 68435 
54968 61070 
41555 70996 
51088 74271 
15802 23489 
49525 51715 
41606 61270 
67351 68177 
5863 72830 
54388 58815 
33992 73550 
12763 66309 
23688 34831 
24481 50474 
65123 74024 
5108 37147 
24606 44428 
11201 24621 
47645 58270 
64761 73883 
67924 73089 
38123 62654 
74859 74995 
62015 69648 
43161 53918 
24688 42583 
49193 53750 
62045 62172 
10922 52489 
55595 57681 
34224 55611 
12827 57222 
30279 43952 
24660 68022 
19276 66392 
71812 74054 
22208 37662 
23279 46061 
64852 66052 
34446 73870 
63780 72134 
42973 56228 
59713 66392 
64784 72989 
10429 66466 
16497 27162 
15553 42306 
57300 60834 
52338 70009 
15856 49657 
32036 49540 
63474 72391 
46178 74491 
1320 17730 
28977 39371 
31442 64210 
46533 73967 
71078 73801 
18738 53548 
19268 70869 
28952 65407 
3258 4484 
68886 70893 
10009 16939 
22699 63917 
24858 58468 
51883 54868 
33478 54177 
72101 72807 
15995 34419 
41894 60169 
15822 16514 
49470 60046 
50710 64703 
41818 63479 
41645 64548 
46424 60665 
31432 39160 
20172 69885 
17405 39139 
25635 42411 
44181 59739 
56554 59068 
41324 57606 
24889 40412 
67185 69251 
35868 61015 
3236 39278 
24242 30031 
61507 61573 
9615 31434 
61468 62912 
31614 35074 
13012 19001 
20115 73652 
18572 32971 
39943 59730 
69918 72108 
40118 69750 
63732 70472 
47485 62819 
35030 35381 
47522 55783 
71269 73437 
13403 65080 
41099 50565 
73149 73228 
25147 53116 
1428 45987 
70558 73537 
44380 66637 
56346 62328 
8424 70178 
42333 44165 
30138 42809 
20225 44021 
73272 74102 
15146 16056 
39204 46273 
63334 70411 
13953 19654 
66407 71179 
44156 54646 
68744 72175 
10679 71194 
26492 51189 
2191 42457 
58950 67935 
49947 70538 
54287 57915 
11071 45980 
56515 71892 
22029 38318 
35404 61397 
68314 73670 
10469 30379 
54721 66847 
64830 68456 
16289 66760 
66724 70969 
51070 52740 
37781 74535 
15449 31561 
47591 65746 
71652 72956 
56141 61448 
46493 49394 
29489 47363 
57161 73960 
1471 69377 
65949 74494 
42733 67394 
40995 52964 
37333 71701 
70919 72901 
51002 54554 
23208 28048 
18882 70181 
41131 70638 
27359 43733 
15545 19502 
58691 69996 
36964 42184 
38510 64971 
71143 71546 
55132 60163 
57834 62070 
53899 67290 
55696 68531 
1019 17342 
47832 48667 
35537 61152 
14453 50211 
16158 62429 
55645 73837 
58540 66066 
66768 69988 
32627 73081 
48044 51434 
3930 7744 
43325 72686 
71979 74678 
63573 74306 
38800 59849 
13562 46310 
57837 59917 
47848 64330 
27419 44019 
29684 55438 
73240 74819 
60499 69970 
34639 53265 
38414 48601 
39812 74653 
55565 66168 
2633 41619 
49885 64947 
47183 61218 
30709 44584 
15921 33756 
52495 65384 
51814 66667 
7110 36850 
26285 67105 
37352 72967 
52344 60234 
43811 74252 
74601 74954 
41905 62390 
36520 64544 
33022 44862 
15758 58212 
63509 74643 
12244 64454 
35934 71188 
63931 65029 
63855 71693 
67891 73492 
29069 43342 
50800 71031 
56905 58695 
70458 74005 
23636 52532 
74668 74674 
21806 67975 
27591 48457 
47128 55466 
39166 68947 
3559 17025 
49139 55921 
5849 37053 
12042 45883 
14073 61632 
57599 66049 
53876 57492 
13229 70479 
37163 62140 
71184 71833 
61770 72203 
56816 58242 
5189 23216 
233 9068 
57753 63608 
56472 71589 
65970 72351 
27036 54353 
13396 64428 
43419 73460 
43112 52631 
21184 62835 
25049 35056 
53239 69567 
8189 50801 
33589 68455 
15910 34133 
2734 26496 
34419 49280 
32514 43696 
43813 58438 
67189 70742 
14155 14676 
71708 74936 
26338 74011 
60070 74893 
71682 74975 
6228 54189 
42657 74486 
22843 64850 
54446 58653 
48304 61500 
64681 64856 
24999 47126 
3562 21976 
58645 71469 
2071 16614 
13606 40795 
3677 20000 
70472 71377 
74240 74518 
5913 51577 
60108 65400 
42339 74253 
42079 69856 
2668 57805 
40430 71672 
15286 53678 
63987 68211 
37211 43731 
70005 74940 
57236 65208 
22974 39249 
72924 74304 
1528 47225 
49257 57741 
62625 71244 
67821 69122 
36929 38488 
53061 60992 
28380 46236 
23734 55292 
38330 64050 
37793 60262 
34121 40709 
32605 52255 
19135 24341 
51350 61962 
40824 41552 
56189 74206 
46479 74659 
9418 46823 
19043 27625 
9491 64368 
71973 73033 
47731 52961 
45376 52420 
58039 74734 
43298 53690 
49406 72008 
51361 72287 
43534 67674 
9777 69116 
73690 74237 
28297 51720 
37757 46968 
40842 46308 
39618 58334 
40433 67331 
19622 24472 
33707 56762 
42671 51715 
22239 50787 
14855 63249 
53361 66291 
35422 65639 
9483 68241 
74585 74756 
67777 74762 
3670 4037 
59624 68878 
31515 32122 
69587 74995 
14859 44244 
33371 71821 
3356 31571 
29522 33330 
18458 62407 
42538 43921 
61653 68446 
65240 65932 
55439 68384 
47914 70449 
15558 17581 
34774 72999 
13616 41456 
9761 73318 
44502 71641 
171 73885 
14354 47333 
25445 57120 
8726 33474 
43226 47576 
56901 70086 
16248 72216 
46233 66313 
53683 60356 
14645 59360 
38616 45033 
13408 22406 
27223 59235 
6972 36037 
71600 72441 
4873 64496 
66026 66891 
39236 72058 
28023 73026 
36723 41265 
16353 47458 
26626 38489 
22805 42260 
72070 72853 
1727 35540 
49024 60528 
62619 62971 
15547 32734 
53690 66603 
8181 58439 
18885 46018 
61029 62238 
49243 60023 
25299 41918 
42201 48654 
28886 33869 
62257 70743 
31712 53904 
9714 17309 
53601 64004 
59217 74443 
12553 31448 
31150 69487 
17401 23178 
440 20591 
50309 52545 
52813 64962 
22479 47577 
51339 62516 
2158 55385 
23736 30435 
69494 71173 
31219 45530 
54447 71436 
34340 72699 
17856 52464 
25461 37827 
51557 74027 
69907 71138 
60799 68948 
5942 74473 
11219 14086 
13109 20142 
53384 64239 
60427 66537 
39491 49126 
17185 39449 
8180 59503 
61055 74784 
12464 44167 
43876 55882 
57397 68643 
50528 61929 
20829 41971 
15247 29856 
23398 31348 
2741 70646 
1528 12989 
67778 72171 
27248 67815 
55 44876 
39516 51306 
1217 32518 
63740 66122 
34088 56304 
24985 68921 
23664 54078 
69175 69342 
27392 69798 
63646 67795 
5813 71955 
71109 71406 
17966 42136 
10215 54011 
72510 74556 
41306 73889 
36230 60880 
56651 58338 
59782 68764 
45802 55101 
64104 74338 
49218 49233 
6886 44657 
8302 68336 
8352 70604 
31062 52457 
16362 57205 
13453 37688 
56658 71525 
44573 65193 
1059 15705 
2996 37633 
67876 70621 
40119 49730 
6747 73465 
20870 42018 
48265 59440 
32927 69697 
11121 31835 
17982 34105 
15388 41953 
8002 63657 
54601 56274 
55508 73619 
43002 68296 
70695 72472 
15576 54447 
39650 64261 
35345 61284 
71179 73450 
28709 73753 
55965 71669 
2535 54364 
35938 65109 
68831 71942 
17524 70079 
66003 73964 
57271 70721 
39283 49989 
58416 69285 
10105 54647 
47886 72183 
48068 63951 
50272 59106 
15202 74770 
64960 65383 
24490 60841 
37260 74042 
67115 67892 
60018 68309 
28904 60842 
7311 22921 
64695 69377 
28466 39972 
73069 74547 
59797 67348 
30246 47836 
8313 43317 
55886 69382 
41505 66210 
52835 65715 
65297 73421 
62345 72953 
47348 51822 
21096 30745 
64460 65166 
22754 35135 
20965 68906 
14070 66092 
47676 66281 
16992 49085 
29478 59359 
3351 14788 
71180 73442 
50589 52959 
69006 69746 
37518 54417 
73716 74014 
6976 43965 
61359 61408 
43471 59143 
21509 73548 
63631 66510 
13792 49541 
46970 53928 
25016 58556 
22175 27830 
29597 53106 
33459 68756 
23284 44970 
23590 67859 
22296 66722 
53006 71012 
45328 56943 
5712 71016 
48694 51116 
14020 38609 
46748 61392 
26350 53440 
4255 24208 
65257 73254 
764 3275 
32224 53089 
18037 29650 
66537 73188 
74941 74958 
62245 70078 
58397 60328 
31922 37505 
46992 67287 
10760 64540 
12370 34652 
33791 48099 
14684 45380 
53045 61872 
41222 72290 
55840 73138 
49555 72257 
15465 26937 
30576 62652 
18594 62547 
44505 46637 
61420 64794 
43992 74517 
20835 54410 
1205 53859 
48697 71476 
15226 17540 
41582 65432 
59774 63856 
56447 62533 
2874 54918 
22104 31658 
28959 44761 
71111 73078 
71849 74140 
56006 67193 
50060 58062 
74128 74553 
70609 72295 
6814 56426 
606 31926 
63841 74960 
60592 72904 
38184 71764 
61969 74816 
45802 74607 
7518 37718 
3803 70199 
31667 35064 
50486 61597 
57138 65462 
51594 60791 
35586 51804 
369 15906 
5175 41623 
26167 72215 
27465 56208 
9583 32632 
69647 74414 
38226 74792 
29505 45484 
26497 54346 
58942 59394 
72061 73774 
41165 70103 
27011 55859 
44818 52159 
66397 74821 
3915 63994 
31218 66563 
62034 73079 
56420 62572 
25717 64972 
15146 64663 
15692 30577 
8961 63556 
20539 54221 
58661 65174 
70792 70976 
25320 33203 
65247 71378 
53286 54992 
24760 57746 
67791 68429 
50916 73943 
32877 72563 
47486 54549 
65902 72452 
65442 72965 
54964 69613 
3707 70950 
48451 61105 
72856 73258 
13800 50217 
42023 54076 
27996 71072 
11322 68671 
55996 61240 
69204 69768 
39621 39649 
73631 74391 
67633 72131 
51103 69246 
9482 57450 
11303 11847 
21691 33572 
45598 52261 
68358 70159 
9458 71242 
14572 33846 
23912 69767 
23119 56390 
34377 68860 
1063 70503 
34445 40106 
27778 41402 
37046 45551 
55817 58737 
54944 70917 
38782 53051 
64005 72570 
39641 68224 
69575 70585 
5622 33300 
46981 64989 
46576 62707 
18633 25067 
54442 74782 
36797 54239 
26706 68442 
2423 21075 
5064 19751 
28280 39238 
10260 71864 
24610 44027 
52288 66972 
21439 22059 
49171 60062 
62695 69041 
72879 74854 
40900 69041 
17666 25770 
62858 66876 
31784 38271 
35615 57427 
29762 38970 
5719 35859 
1636 72119 
33302 52669 
60492 65480 
43489 54634 
69038 71795 
69270 69600 
2983 49832 
45498 64204 
7747 56376 
23729 48679 
61023 70407 
11004 21664 
57791 74744 
49832 50274 
49923 62467 
1142 41208 
74829 74993 
3646 73026 
19270 35078 
9798 61690 
4724 61074 
32463 49447 
53966 70742 
34235 52340 
54111 59381 
63233 70103 
59327 67659 
24283 45932 
33597 55600 
41153 67046 
67209 72664 
40507 73483 
53612 69484 
21248 32564 
71830 73210 
48245 51207 
23629 27099 
4759 33450 
17235 69848 
72747 73654 
29152 34936 
44879 53760 
12675 68003 
19002 39823 
53385 72449 
8106 61630 
12534 47132 
48941 73198 
58861 69703 
7671 25108 
70959 72643 
6164 24251 
29623 33949 
69131 71742 
45017 66187 
65237 74905 
72093 74849 
65980 72764 
34698 73672 
41394 72145 
37168 37598 
20569 22780 
22452 32583 
1208 35153 
14751 38625 
11961 31582 
58538 68394 
10729 31530 
64100 69673 
19372 62837 
23941 54999 
59670 66784 
66010 68006 
36186 37157 
58707 70524 
49083 71974 
19924 26323 
1514 35375 
23749 37516 
67621 68875 
19914 34821 
63423 66976 
6563 19167 
44114 56635 
55957 57121 
4802 33023 
74616 74848 
41681 73821 
31293 66301 
4582 7642 
70484 72709 
28519 60874 
30960 56528 
31721 54610 
48620 70480 
70626 73939 
28148 43760 
59427 74710 
22586 68791 
73155 73451 
70025 73792 
59109 63618 
41832 42847 
27536 27598 
5288 12012 
34992 45290 
24770 56637 
36136 67682 
29585 30917 
58261 68511 
68705 70696 
28131 31072 
5459 6565 
60368 62486 
65377 68274 
46740 63838 
22739 54510 
61605 68703 
39208 46112 
36044 47391 
63144 66294 
44992 68917 
12733 37918 
42275 68626 
4817 52368 
44584 72364 
29448 57029 
16291 56760 
39735 60399 
41851 51446 
28082 40967 
44042 59652 
14324 48189 
50045 60993 
29408 33604 
6717 43973 
12796 17369 
57881 73151 
39156 62384 
73008 73710 
7948 44115 
4032 66008 
72888 73422 
19265 68303 
5833 34927 
60694 74824 
25548 54055 
21579 24047 
40054 58919 
42241 53049 
12306 62620 
29604 66136 
3126 21766 
42320 74802 
60720 70717 
72408 74254 
47496 50106 
13975 60812 
15367 30479 
45793 48411 
53319 59483 
42569 64660 
38316 62742 
27079 68680 
64072 67632 
47577 56664 
1155 4318 
39075 70710 
25817 59805 
53376 56557 
41731 72911 
15844 17148 
27664 47101 
40671 67397 
28389 71451 
59449 70652 
40465 63447 
39842 48847 
9414 17471 
67982 71366 
60490 68463 
60580 73570 
59574 70316 
8443 60337 
54714 58113 
6867 15640 
52638 73994 
38219 45722 
21439 52431 
313 59781 
64371 65657 
21898 27500 
54110 71909 
25355 59887 
33458 36883 
60124 63584 
7079 31621 
296 3168 
22810 42716 
49430 52101 
65027 66915 
27701 54514 
52336 74462 
30566 33337 
7483 15088 
18502 47851 
53913 64680 
40299 70822 
36135 70494 
26401 71272 
63955 74472 
30800 62438 
11748 20803 
24942 46827 
13682 69957 
17375 25498 
24873 60353 
67293 69301 
23210 28380 
38477 62573 
3627 34574 
55949 59711 
18413 64987 
54862 62459 
18015 20442 
13756 56044 
68675 69509 
71323 74175 
62694 66669 
55055 60730 
12398 50900 
19164 27660 
35328 49228 
12542 47220 
44710 50315 
54696 57810 
58757 72114 
48529 52240 
28491 29325 
62573 71368 
28251 30372 
34886 67835 
16843 47466 
24720 25391 
55184 71272 
40739 64601 
70976 73673 
64513 68458 
1376 48281 
69676 70336 
64868 71273 
61858 63778 
30660 40843 
34720 49689 
68457 74458 
620 38784 
55227 59230 
59263 66433 
44267 50350 
63737 71423 
54387 60696 
54147 63303 
48417 54237 
20461 31433 
20562 60167 
14134 69444 
58462 70743 
59506 72811 
28499 35746 
26086 68350 
22119 46683 
32373 63285 
73491 73599 
53107 57187 
29266 40656 
65259 66324 
5592 18974 
17851 59281 
57546 74742 
67924 72822 
65895 70835 
35529 68763 
59037 59347 
10602 42534 
47545 48206 
57959 67086 
39950 63940 
12468 21234 
70710 72040 
35563 72059 
45856 47775 
1238 14840 
52874 65421 
69562 72348 
59952 68225 
70681 74649 
66713 69984 
23410 74908 
34568 66821 
20365 52909 
74383 74917 
67423 74980 
32524 42397 
58227 68261 
45588 55320 
26120 47263 
57452 69665 
34121 44526 
7840 59379 
14282 39198 
29336 29417 
65316 70938 
61954 63697 
47281 69995 
20026 29844 
27425 39087 
29914 45538 
73520 74222 
58525 73387 
58088 73429 
58858 73304 
60038 63217 
63936 70181 
62274 63460 
70413 74377 
70345 73873 
48207 52331 
35658 36862 
16395 71689 
23767 55944 
15594 54828 
38244 72362 
20580 65888 
8299 22123 
50420 55029 
25729 27365 
34326 41793 
56542 59136 
1950 9327 
12909 74908 
32722 48214 
3973 7551 
21856 60046 
54838 72602 
10385 43118 
15827 63913 
3034 10245 
63848 64648 
50661 56391 
43669 62332 
54039 64557 
74041 74338 
48918 53183 
8534 17007 
59951 68970 
61903 70259 
12192 53346 
5223 65674 
17280 53952 
56394 69769 
973 16741 
67643 68786 
38614 49720 
59918 69959 
30982 47675 
31928 71192 
37402 63424 
15170 73777 
67267 69035 
61081 68768 
58176 61043 
58520 66712 
35300 56211 
28520 51648 
7223 51031 
70631 73652 
22721 38522 
70703 70823 
9142 43300 
43314 51366 
22911 63514 
57109 73297 
2712 41510 
52877 54530 
73375 73457 
39280 41615 
34482 61026 
50362 63026 
3046 33954 
53052 62109 
64495 70777 
3116 32556 
28136 60278 
6196 16093 
47632 68433 
35404 73340 
688 34473 
64570 74772 
60651 72572 
64695 70076 
50721 52921 
18037 28705 
17353 67398 
3732 33126 
37506 43350 
58604 73513 
53554 60752 
65556 70469 
42565 73490 
66587 67097 
30563 34628 
29785 52104 
69417 73254 
36331 72091 
53404 61729 
14729 68025 
23347 36571 
53529 64955 
65214 72775 
29134 53173 
59142 65224 
67291 72611 
38567 43780 
68816 71620 
46335 48760 
45224 53234 
39921 68482 
21128 23550 
4981 47606 
34399 62050 
59940 70371 
25055 32403 
50913 63396 
13979 64422 
30112 32292 
22747 60531 
31897 37771 
38279 50866 
68356 71951 
56988 65510 
29065 37203 
68928 71196 
71149 71224 
20168 42559 
13670 43185 
23935 49988 
7916 34822 
57329 68481 
10583 34576 
16133 67804 
52251 69540 
49284 67728 
431 954 
10777 60041 
64168 73854 
46073 67183 
11961 49834 
37736 51604 
68583 72195 
74995 74998 
24601 46614 
69977 72423 
4211 74825 
17561 17680 
73114 73607 
65466 66294 
69844 70455 
73648 73961 
53890 59177 
54488 69780 
71753 72605 
49168 70600 
7218 38176 
1630 22144 
43900 57382 
20885 55553 
44780 45848 
37592 38265 
25685 36056 
64472 68424 
15501 45566 
70101 71731 
73956 74070 
3558 30538 
38376 44529 
1368 62236 
28468 34272 
33082 38479 
27884 39485 
31834 73703 
33329 38019 
18938 72536 
60798 64302 
62233 64526 
59828 67573 
35199 57264 
18545 18655 
28393 72867 
68439 72843 
48350 68183 
68325 74358 
66781 68460 
67134 71656 
43931 46590 
74035 74424 
27400 37405 
24844 58799 
71135 71864 
46529 54312 
25844 55873 
37905 69859 
18634 51277 
6549 37547 
22989 47908 
34741 36816 
37193 70864 
35624 40735 
35420 36718 
20849 48147 
5826 58134 
60574 65674 
42731 70669 
44728 53555 
38650 40055 
34959 61539 
34971 69388 
20459 69008 
24071 55160 
71725 72865 
45519 69690 
53243 74340 
57106 73465 
59261 70004 
54668 64275 
72136 72662 
21350 25422 
8864 26989 
51813 53272 
32694 63693 
30623 37947 
41766 62299 
74984 74988 
61853 70338 
39256 64557 
52644 59031 
24517 51015 
63628 67549 
73024 73511 
411 62950 
67869 71551 
29912 71027 
37911 41750 
43040 64966 
49826 60652 
41308 59145 
16710 62355 
32495 70934 
48967 58575 
19562 64494 
29656 39514 
605 26119 
46708 67180 
53348 58849 
60383 71200 
16184 67863 
40743 50161 
63471 68169 
6781 27037 
45797 73840 
72825 74412 
35809 51977 
60767 69969 
22087 47345 
54713 61780 
45734 47445 
25930 39845 
4385 56410 
19484 37634 
28875 46848 
71423 72685 
72469 73661 
39386 48106 
26821 49393 
5410 33058 
22689 74927 
49222 53902 
59589 67891 
70723 71786 
51148 54172 
8012 22551 
71017 73148 
28592 66074 
26169 29839 
62009 73715 
59321 74818 
15541 50751 
37734 41884 
52840 73333 
49694 59865 
8184 36854 
21788 23474 
73163 74777 
63227 64064 
16292 24369 
11931 25260 
27670 58382 
64578 72587 
63666 73909 
64756 73207 
12429 42818 
45697 70410 
73352 74269 
70192 71895 
64292 66474 
64479 73470 
56918 67435 
613 66327 
24813 54307 
45790 61855 
67860 72470 
25550 42809 
67313 72698 
71282 73316 
42649 59558 
66793 71807 
8519 60246 
68519 73527 
7123 33790 
8288 38419 
1809 65065 
61815 70234 
47320 73380 
62539 63721 
25699 73370 
69388 73298 
20503 55986 
31911 59961 
12873 27663 
66384 70242 
28777 70924 
54681 63734 
63492 74262 
43656 58694 
64334 73829 
25994 44301 
39875 46253 
22108 31049 
61823 70869 
73148 73942 
73497 73646 
41 19099 
24023 25680 
5164 24692 
9065 71683 
35883 62114 
66603 74068 
41469 73004 
31652 70364 
25401 57682 
48343 70135 
38735 58231 
38045 64655 
57435 57807 
44215 64631 
68423 71871 
44386 62888 
58062 74205 
5168 11833 
17652 65800 
32251 51190 
38585 55464 
14303 57691 
64722 70706 
31652 34974 
67226 74739 
53249 72403 
33704 47743 
73089 73259 
40431 56778 
31029 67023 
68984 74303 
68456 70438 
6841 22846 
61793 73330 
60842 65045 
22691 38918 
35380 48599 
11423 43320 
49892 53540 
5471 53146 
35409 59419 
55543 58936 
65249 66818 
25164 61846 
62210 72934 
17021 69270 
11094 11331 
60180 73452 
3341 52182 
62998 72108 
32596 62014 
71275 71800 
12041 16974 
41324 71319 
67842 72703 
18014 35228 
7418 50511 
40875 66109 
5508 73802 
37727 68300 
10351 61591 
30285 35083 
59807 67606 
42922 58884 
39025 54455 
12745 13424 
60160 68302 
10259 30845 
43952 47936 
72632 74351 
16784 39441 
5132 73448 
58737 63466 
14471 54603 
53280 65367 
20854 69182 
66109 70634 
17454 34486 
71394 72322 
65336 69300 
43201 57924 
56543 62099 
13441 65232 
19679 67462 
68360 73233 
40273 48150 
11077 19362 
25438 43162 
10513 71058 
58809 71836 
59072 71631 
15521 33593 
10024 49092 
38804 60946 
40033 44989 
16865 62261 
50926 59266 
46014 73096 
57331 58628 
57563 68502 
60263 72833 
104 17650 
31335 39546 
29782 49309 
45989 55253 
72574 73533 
59819 61923 
32637 32927 
8948 34304 
43744 68218 
66540 72571 
35652 61348 
19026 31287 
34134 59345 
30003 42572 
9898 70023 
38165 60668 
7445 57686 
40768 48433 
5091 19242 
14858 54094 
4149 17365 
55207 72023 
46926 51811 
60070 72020 
6888 53698 
33830 64241 
56499 63100 
58886 74930 
32726 40927 
27550 40889 
59424 65902 
71543 73196 
51484 73745 
1903 38526 
53770 61668 
6316 15827 
66509 67170 
23369 68978 
3233 35165 
63127 69641 
33949 62777 
14671 29445 
44952 71382 
16461 42919 
27591 35384 
58551 66593 
57540 61890 
13884 16315 
41260 44093 
33618 74348 
6981 60226 
67363 69791 
72700 73629 
22224 45149 
28677 64238 
60520 69055 
15444 15493 
23317 45904 
60762 65885 
46874 48522 
47808 56192 
16546 64112 
22070 71598 
46354 49013 
5544 52980 
34169 49004 
39374 71159 
9624 66032 
42387 44747 
52440 54189 
69447 71789 
24306 41715 
38716 49894 
70241 71214 
15162 17503 
11285 68745 
43456 49679 
38485 43265 
21258 21849 
66729 74586 
10089 39543 
74657 74800 
1572 21562 
71628 73790 
7388 40790 
66538 67733 
868 11352 
70669 74375 
16821 69071 
34264 41865 
26327 73410 
42974 66649 
52500 53403 
24979 71421 
71044 74566 
37518 71992 
25580 36064 
31716 59697 
36851 65230 
53709 68697 
15057 37814 
68510 72038 
17236 21824 
7162 23697 
47638 67458 
50967 51901 
52789 60845 
40060 66253 
12408 58530 
51007 67631 
69371 69801 
48275 60811 
20370 73847 
28544 55281 
40479 53496 
35311 44743 
54348 74407 
49259 54913 
32584 49316 
51484 56154 
68614 73534 
27637 41056 
37891 52553 
15688 35456 
55122 70838 
10215 15969 
36336 41115 
614 55445 
41858 69432 
13178 61723 
8952 68807 
34794 49088 
43971 46903 
25869 60655 
24883 35028 
28182 43723 
73215 74776 
57105 67551 
17720 61718 
22303 38704 
66600 68785 
19948 43408 
43087 60856 
48953 67095 
61025 67012 
67400 73222 
39095 54332 
64363 67432 
67920 70926 
72415 74090 
57571 65791 
58209 69239 
72529 74837 
1996 67539 
63608 73185 
58507 74721 
15845 59272 
43789 44910 
71270 71512 
44009 56215 
44225 58459 
41105 55287 
27236 58135 
70826 73459 
60593 68373 
39738 61618 
20080 44077 
11556 42988 
23447 47892 
3388 71959 
66211 71501 
14851 36090 
53780 63919 
51639 54417 
44609 47839 
42637 57281 
49338 55752 
41744 56126 
52169 60401 
25634 67185 
3371 31417 
53182 72221 
29144 44363 
4916 63402 
24403 40889 
32108 74215 
23666 53795 
40717 56331 
47003 66063 
20280 34292 
22584 26093 
15960 18398 
44878 65065 
18679 68005 
29567 66651 
42083 67184 
66101 66538 
67137 73689 
6614 21259 
5739 25435 
67532 73545 
72079 74311 
64169 68221 
33039 73687 
6181 39218 
9904 15737 
162 68459 
18665 20610 
19975 73839 
57777 66661 
52697 53958 
74519 74738 
19164 68881 
47850 53844 
46915 70575 
62844 66936 
2858 70385 
66809 74560 
45755 69694 
19570 55159 
42577 69203 
56209 69448 
35846 65606 
22916 62690 
15550 59954 
65798 65867 
63128 68590 
34811 51284 
36565 49420 
61375 71275 
29112 69671 
52539 59231 
30970 47948 
21861 47468 
33161 35033 
37009 69569 
20573 37151 
26008 34646 
59412 70128 
4231 68358 
22066 40186 
43355 73042 
54385 58416 
56724 58632 
16259 27092 
22101 61425 
61635 72350 
54003 64901 
12196 65324 
3818 63483 
6354 49731 
7978 36035 
38621 55991 
17853 28528 
45937 67147 
7704 24792 
19795 29003 
56974 67697 
25057 51218 
56344 74598 
21098 57186 
47137 69740 
9807 62808 
4984 37333 
67382 70065 
34693 51998 
28600 49321 
51650 54701 
31795 66916 
44596 58811 
25703 60972 
51676 59323 
31147 51764 
6086 36738 
16195 17664 
54802 61577 
19326 26209 
67857 74670 
13967 37563 
9725 43388 
37178 46938 
39814 73366 
60971 68836 
47863 65986 
28911 29904 
24341 51716 
64422 66439 
63471 67111 
12307 33905 
71185 72032 
8490 18504 
4581 58920 
37826 52827 
32789 71082 
45372 47705 
64076 69335 
3529 70048 
47976 50429 
26281 71398 
7431 43274 
35354 47473 
24881 56736 
4025 20327 
61989 70742 
36415 41157 
14973 35212 
14380 67711 
65348 73799 
19709 43609 
33461 42642 
39708 48804 
13670 40654 
32516 71921 
45995 63259 
29751 39622 
4272 6386 
36536 54878 
8980 39548 
61872 70859 
6528 45156 
26929 74737 
53168 70409 
6396 18294 
59621 67532 
56017 74555 
23483 25514 
62613 68762 
69169 69433 
1954 40143 
72909 74130 
2310 46851 
12759 49161 
24298 56771 
27429 58118 
40792 72418 
38348 60039 
52803 71799 
5876 61251 
44883 68626 
18100 30547 
53214 62134 
60946 64980 
37355 56703 
71084 74241 
55003 56146 
50798 61033 
46749 74244 
39151 60002 
59558 72365 
24216 30707 
34731 62324 
56693 61044 
11234 56580 
48887 70465 
59885 66904 
39272 54979 
13410 51183 
62334 67099 
12046 50386 
62099 72877 
73366 74550 
8235 29447 
28438 48318 
74172 74815 
4783 57263 
44885 49872 
68304 73006 
70874 73091 
54044 74269 
56927 69797 
21934 68658 
61725 71859 
49455 49492 
59479 63264 
64466 65201 
23442 35878 
36450 73023 
59116 74690 
61287 63670 
61572 65579 
69602 71176 
16156 73602 
70931 74627 
65775 72177 
43165 73582 
32069 48086 
40393 67325 
37951 55577 
60054 68852 
29528 57157 
39167 71643 
6054 51076 
68187 71840 
69272 73507 
19711 46187 
1161 49138 
52898 63905 
60255 69460 
55576 68360 
47761 49525 
40897 46726 
37559 46705 
37166 69601 
62428 71303 
70725 74945 
46137 63830 
10411 65788 
44683 56304 
53539 59807 
61043 74429 
66987 71609 
1519 2009 
38588 45797 
66079 74603 
18021 72208 
30239 50369 
9563 51950 
41694 59061 
28673 49929 
55844 67125 
24195 30034 
2429 46302 
10109 41149 
42157 74582 
73696 74841 
5115 61462 
21499 32423 
31111 56461 
13886 31478 
24132 65512 
64280 69003 
20 41 
2910 45586 
26892 54424 
30278 71515 
27442 71511 
19873 64760 
5029 64252 
58320 67043 
24640 44684 
8442 49360 
13131 73239 
62584 73021 
18239 45515 
41096 70508 
44729 66364 
53566 66241 
9158 38117 
11261 64048 
63914 70529 
3041 66632 
32639 48026 
18217 31400 
38026 65977 
61522 65909 
34901 62141 
40147 40545 
5691 17003 
65313 70614 
30617 65843 
11027 19549 
73961 74090 
39437 69273 
61085 67756 
23329 28927 
5979 41281 
42645 50394 
6993 33269 
51949 55835 
39523 59978 
24900 47723 
52354 63954 
72929 74768 
67421 74761 
54737 59673 
12292 47457 
15708 66493 
3959 73529 
17515 19793 
612 51174 
44835 67724 
34920 57960 
13935 36420 
38759 43341 
36701 60406 
41838 42170 
51908 72409 
16988 69858 
42841 44930 
68583 68736 
20724 37457 
72700 74464 
13308 14571 
11658 38700 
38193 58527 
8308 27158 
9271 20261 
69442 70813 
42322 48565 
2027 73943 
10015 23924 
13199 36990 
48456 53110 
31827 72667 
3663 15394 
53832 69471 
11101 53506 
54554 58753 
51849 58856 
8188 72581 
73328 74434 
50030 63173 
1187 33902 
57628 67005 
50653 62604 
59460 65799 
53817 54923 
47539 49135 
49964 70217 
4104 12770 
4625 21621 
65249 65694 
9267 55222 
47410 50778 
32901 54401 
26802 63869 
12105 58510 
68186 68848 
74192 74682 
42344 64945 
38251 60010 
74270 74890 
48938 74863 
69143 70488 
37189 59521 
42250 45473 
43312 51056 
51254 72079 
31124 49098 
19458 26687 
72378 74127 
39596 71165 
51141 69182 
25191 40097 
19059 74548 
29857 69161 
39992 44856 
64084 67359 
31930 42616 
13125 42022 
27734 48698 
4692 32318 
31306 56756 
56480 63203 
33653 36237 
34933 65824 
45967 61255 
47605 67912 
74779 74943 
40123 71420 
37970 69013 
13935 49985 
64224 74187 
43629 43917 
47147 53731 
25801 32700 
53001 53232 
1700 70560 
57161 73302 
57343 71315 
27214 72910 
11072 28220 
70965 71240 
15882 51340 
62217 71611 
38862 49650 
11067 35076 
57522 67274 
48691 65358 
51118 56802 
60710 63072 
55674 67865 
38069 45224 
7488 69615 
27569 49052 
35322 46469 
46436 47714 
74583 74734 
56143 72982 
59489 66014 
20152 60289 
20360 61502 
15394 59459 
1960 27073 
40272 40947 
20140 21146 
15917 16886 
43772 51407 
28038 45075 
68396 73861 
58164 65886 
4036 19751 
42616 45684 
39594 55278 
44285 59634 
60302 65719 
56835 62560 
10243 10383 
13921 53165 
74484 74684 
19007 55572 
18118 23741 
63595 72288 
73006 74438 
35198 37214 
56849 64742 
3015 14109 
14699 68382 
16057 65388 
29973 44656 
45022 47786 
71945 72648 
59930 64185 
51907 58076 
69399 74338 
14665 38841 
1355 53908 
28261 33992 
71928 74967 
24559 54945 
65746 73597 
15622 37374 
34273 36613 
41469 53790 
51061 65681 
14197 46561 
38329 66511 
24134 64511 
31579 73356 
54446 67843 
48546 52703 
19931 54749 
67696 73283 
66331 68052 
70382 73300 
30518 38684 
52797 54020 
63149 63317 
72642 72879 
53123 66707 
14692 28156 
41261 48999 
62586 66789 
16304 38194 
40513 60119 
17463 48961 
47090 66158 
40455 45704 
45525 46778 
74234 74900 
42902 55108 
1200 29155 
13010 35338 
48159 66895 
47626 53340 
55822 73014 
25358 53662 
41249 54968 
312 26735 
57951 72682 
44070 66240 
21610 59427 
69695 74511 
20090 34445 
26564 59874 
36646 61380 
37397 71725 
29153 74197 
69871 74296 
30977 72112 
60250 69542 
53214 61678 
6280 19226 
12194 57271 
40185 65984 
31941 72540 
2322 45562 
71781 74279 
40945 65623 
55257 71699 
27861 39199 
67281 71750 
58228 65996 
34079 52853 
16840 58125 
38708 53090 
52821 66016 
63144 70825 
33708 34594 
32543 33001 
2103 33982 
45083 62970 
41637 44874 
47015 52970 
59613 69848 
20656 34821 
59886 64109 
38514 57714 
33410 44567 
43813 47453 
29955 74771 
34858 47559 
31114 56295 
37960 61708 
74642 74844 
62598 68533 
36536 56515 
54229 58829 
61777 72473 
25971 48772 
17281 45935 
40054 70762 
66000 73021 
476 8387 
49428 71915 
59377 70414 
66794 74964 
55645 72271 
52319 55206 
16892 50200 
42993 44878 
43906 56504 
36335 40074 
21631 39159 
44221 69317 
66694 74307 
32918 38968 
43027 48287 
28765 33161 
53093 62675 
26518 65414 
73557 74854 
2362 56853 
19755 39091 
10154 27215 
72072 73856 
34714 47000 
26560 72649 
61071 71105 
44245 50603 
60161 69170 
8270 12875 
63324 72581 
7007 56777 
17024 30053 
62124 69565 
10605 46126 
3196 57393 
48054 53053 
40257 71366 
40674 43418 
18791 64279 
17829 33240 
19624 24072 
30326 63757 
27626 54412 
50913 51616 
55834 74805 
43100 56033 
36978 54812 
1058 5356 
25599 31345 
44038 49849 
52987 54761 
12464 15509 
55370 63260 
1408 65443 
20288 64037 
74463 74774 
62421 72635 
6990 39226 
12161 16920 
60558 66305 
24406 56228 
3395 65981 
62410 70369 
60406 72305 
51025 57733 
69483 72498 
32091 72872 
35058 40929 
15518 38559 
45781 65344 
58844 71932 
72753 74723 
12591 42351 
29901 31461 
36868 71752 
70267 74068 
28922 31078 
53066 53109 
5746 56990 
11135 15791 
28718 44586 
31738 45356 
15576 41568 
35524 68717 
10250 54533 
7035 57572 
13566 33258 
45207 68153 
50421 71572 
31689 72637 
38688 54568 
13009 58323 
59289 71851 
74243 74392 
68900 71694 
64789 71942 
12973 40974 
54809 56647 
38988 60285 
15400 63818 
35308 70510 
14093 44524 
31451 73462 
51 12713 
14178 18024 
65838 70805 
64168 71728 
52519 68010 
637 56279 
24437 69243 
16357 69423 
12606 23987 
73336 74995 
38696 41254 
58662 71485 
49469 56641 
52187 73635 
28536 45658 
23083 55837 
40633 62105 
10470 18397 
3677 40903 
32980 71124 
10308 52109 
64356 67852 
5835 62055 
15759 74577 
21082 58978 
49663 53266 
67957 74762 
65041 65265 
37093 71075 
31920 62480 
2483 49286 
15276 31868 
40067 58700 
55512 69826 
30970 48294 
57897 69335 
25584 36594 
53573 60905 
57942 61848 
17664 49946 
19952 42077 
71176 74792 
19093 20239 
10482 28941 
112 15182 
59061 67803 
1211 15670 
23115 27930 
15065 67273 
63646 66407 
24479 68007 
49338 51943 
41303 64976 
70223 72124 
5858 19487 
58757 71411 
68970 73819 
51183 64872 
31170 48084 
48890 73131 
33150 70455 
44406 48473 
38894 70358 
38866 60256 
23617 50794 
19462 22133 
40314 69348 
3155 47709 
70509 70550 
43471 73540 
37861 45469 
28292 53367 
11184 39692 
37806 62546 
22685 30856 
62731 66072 
23337 37029 
33580 56171 
4622 37723 
42878 68702 
47424 66332 
69642 74920 
39544 70789 
2333 22179 
68684 70464 
57742 67918 
50724 57439 
20081 71649 
23358 40557 
26738 34553 
34822 37465 
1177 1542 
29710 44337 
12940 46601 
6512 50597 
59346 64438 
2453 46952 
15521 18299 
74337 74632 
11414 13194 
71837 74803 
26280 72572 
42741 61851 
42790 67610 
62103 74550 
58154 59927 
43004 62917 
13884 13995 
1347 69697 
54535 54592 
36101 54027 
9797 66684 
54859 66457 
2893 43729 
1213 68885 
13726 19360 
28358 40712 
7857 46928 
55407 73429 
44852 70920 
14844 57260 
22391 23362 
30662 31908 
58433 62159 
68513 74424 
29765 44526 
5097 27913 
223 14303 
35441 72119 
15799 27322 
50470 64395 
6673 36717 
52105 55723 
19419 48985 
30427 44056 
27798 44479 
37922 55081 
47147 57146 
44674 53427 
63567 66827 
30830 41424 
39466 59519 
57755 60396 
3394 56160 
27107 52944 
64402 70653 
10218 41021 
63512 67054 
5880 68286 
49641 57651 
32725 71853 
6618 29802 
25090 64111 
64958 73605 
39516 45388 
57045 68819 
64024 74423 
29543 43923 
71196 72462 
44834 74194 
30959 68645 
64874 71319 
14221 41998 
68607 72508 
52304 66271 
2384 5168 
55611 71663 
27703 30756 
60162 70796 
43943 72026 
51107 51971 
13719 69855 
12713 40023 
17506 29852 
36166 39117 
15047 38388 
39258 45227 
22063 52531 
14876 38344 
3662 69048 
67373 70840 
53775 70107 
7964 38083 
43825 65112 
55304 61182 
21465 59839 
11174 41080 
58770 61113 
61286 70532 
15314 58434 
74746 74992 
35318 68905 
27668 71802 
45890 74191 
11446 15266 
60646 71791 
48783 70177 
2353 38823 
31764 34202 
37856 43265 
23113 38173 
55078 67996 
25184 32977 
42492 74040 
19067 67813 
39155 66203 
56622 66909 
52535 66692 
5875 62179 
56227 61894 
42763 51684 
59346 69939 
40800 61026 
60746 70916 
9895 45752 
43662 58619 
42670 68151 
23455 74960 
73691 74028 
44174 69952 
33519 68976 
22662 28316 
58586 70501 
68514 70771 
74926 74967 
73016 74041 
58222 70442 
70848 72772 
4401 69833 
23238 63886 
34927 44847 
5695 68359 
18628 68675 
5115 40875 
56129 57018 
6476 28555 
16255 19580 
66974 73438 
56198 60085 
28140 45989 
35985 48019 
53128 56257 
69589 74750 
14458 17526 
46086 67449 
34379 43463 
65418 72766 
60760 62342 
34371 72387 
66618 72405 
18130 73442 
604 71843 
20280 31078 
11420 27341 
12238 58982 
48281 59527 
69612 71582 
56806 63023 
17564 50153 
14901 28788 
21544 56305 
63771 66235 
55879 68500 
24388 49740 
33737 61384 
54480 74098 
16218 66773 
10723 26034 
28295 40281 
28372 55444 
56161 66126 
20903 26288 
54303 70391 
56774 57021 
22385 47493 
32537 70070 
1501 72899 
38093 52183 
55628 69494 
38136 49310 
46439 61368 
40276 51342 
29046 52002 
5128 15922 
15631 40247 
56509 64172 
16878 32663 
37968 67746 
53306 55032 
22342 48140 
51577 51805 
1797 31184 
2658 62179 
58923 65148 
22044 71353 
21071 55718 
13735 36246 
29841 38732 
9686 21095 
33520 39810 
25462 28890 
13616 22037 
38532 47367 
28651 68687 
35758 70245 
10445 65431 
56831 73458 
42299 44823 
19298 27262 
28084 61926 
68863 68896 
8192 53393 
62987 74024 
59063 74897 
13426 69561 
47658 73171 
44642 54300 
53785 66138 
58235 63165 
68927 72061 
68420 69904 
26973 64598 
10625 59240 
62882 67903 
40344 58661 
40210 53458 
15731 19829 
68898 71435 
39548 47962 
36681 74477 
23467 68176 
13552 22350 
19203 26901 
36171 38708 
50842 66578 
73855 74316 
40978 50957 
63642 70583 
24802 71349 
4873 59978 
15097 50058 
72416 74808 
62064 63560 
69766 73474 
24819 25871 
32953 72592 
46925 66516 
57247 59078 
25905 56340 
37605 49423 
13381 55330 
40933 57491 
42847 67847 
1800 70694 
70841 72893 
16463 42134 
15627 27871 
25673 68451 
19356 46312 
68454 72685 
57193 65242 
66823 67183 
70243 73862 
65547 71430 
60575 71869 
37439 70154 
55706 68235 
61882 67424 
4317 38564 
47278 73048 
35271 42961 
9065 53266 
18377 55179 
50670 52852 
10659 72835 
59305 74003 
39957 40995 
27774 57933 
26772 59512 
5057 50525 
38126 48964 
37503 45167 
59180 69902 
5690 53641 
55171 67021 
13051 21709 
23978 40202 
72216 72835 
61099 61606 
41964 63241 
8695 17163 
13257 22421 
57987 62022 
44419 54137 
40748 51869 
52756 73023 
34321 71435 
61889 63840 
3630 3967 
28831 32426 
18129 26144 
26050 74230 
32469 40226 
50744 69927 
31383 64008 
50286 70936 
2767 20299 
4814 13203 
48070 74912 
43893 70362 
74634 74814 
68129 73206 
64374 65421 
252 41469 
59903 68708 
5427 44830 
51871 71770 
7489 32017 
56597 68676 
6630 31924 
70258 70714 
74427 74715 
17308 28446 
186 32323 
39635 62154 
19534 70992 
46736 56141 
58192 61308 
1394 49627 
47593 52303 
69859 74827 
36886 53384 
67979 74708 
54080 56576 
74493 74833 
45346 60931 
1262 55736 
54725 62632 
71429 72661 
33632 56794 
25933 34773 
37021 43265 
65671 74016 
56734 57609 
12817 59305 
553 32521 
14111 35356 
37092 71905 
29274 72572 
16267 18970 
50800 54860 
23518 31363 
21245 57227 
60122 74183 
69405 69720 
13249 22540 
58955 59587 
29558 56999 
20150 60532 
2821 58498 
248 62160 
8094 70048 
14673 47132 
33936 67402 
62567 74331 
5081 17252 
48263 71230 
69736 73795 
22050 48894 
73071 74670 
68814 73189 
58620 59038 
22864 29866 
6458 45013 
24729 74155 
51375 61431 
42746 61178 
22244 47085 
63896 68582 
27095 71933 
47340 68377 
30855 67210 
25711 70315 
72858 73624 
29203 34513 
9640 12720 
144 7518 
37524 69279 
10777 48471 
12218 53137 
2393 4719 
66976 69712 
41575 45784 
22617 33735 
27314 33799 
19045 70119 
17025 47942 
36987 56741 
27230 73629 
6325 47179 
58035 63310 
26236 56226 
19468 44178 
38508 71234 
51903 74669 
71550 72572 
40203 63402 
58922 66493 
33898 54599 
63107 64644 
63076 63815 
29704 63854 
42124 70995 
66921 68598 
65486 65843 
54610 55768 
50473 57437 
27496 41454 
41948 64441 
36693 49845 
21357 32712 
42576 50909 
56029 72243 
5879 49663 
6586 21599 
27091 62112 
15114 50098 
53262 74495 
71423 74825 
43845 57804 
51117 69327 
62919 71390 
22573 30036 
44795 72665 
69313 74342 
67232 72962 
60735 69268 
56354 70973 
23820 58635 
20491 42634 
29003 38998 
4399 70171 
13194 33406 
40735 66266 
39939 40759 
50242 62272 
3029 44639 
63631 70411 
66078 72854 
56107 59769 
47856 58155 
4541 25759 
16002 33428 
73499 74489 
6549 10727 
26444 69215 
37835 63086 
21759 29129 
52646 54009 
74201 74359 
13824 52844 
58238 70354 
45981 73816 
15577 61605 
70858 74014 
43038 64174 
58032 65284 
52544 62397 
15966 39499 
10309 26400 
4893 65779 
40061 41243 
71007 73714 
63470 67201 
27050 64926 
45424 50854 
12919 67565 
44656 68240 
68048 73830 
30708 67441 
27144 28953 
14863 29429 
46847 64610 
21729 31893 
58020 62674 
8269 45768 
13408 17692 
60171 68650 
43398 68570 
74501 74547 
4541 31667 
69092 69425 
73267 74203 
72808 73060 
35790 56279 
7591 22645 
50883 64582 
397 37214 
72521 73737 
14478 22167 
65920 71354 
23167 72758 
6514 69446 
61783 62984 
24006 31337 
59038 73498 
56498 61542 
36160 74452 
51759 71803 
10348 13054 
43425 68102 
73437 74126 
58609 61799 
18107 58788 
35395 72117 
63886 68093 
10201 35218 
11495 70778 
56521 70093 
48678 59595 
31393 68518 
4843 55576 
44291 52207 
46950 63074 
46755 51469 
8406 63878 
47948 50345 
30928 37025 
71649 74943 
38040 39303 
53875 73173 
1146 32379 
40733 57461 
60909 63345 
68955 74705 
14068 27360 
4865 60161 
63732 68770 
359 47792 
51575 59858 
70491 73825 
2733 8573 
4645 27179 
19759 48636 
43633 51050 
38324 52400 
23127 36620 
5776 67374 
74492 74758 
7163 28519 
21890 60218 
67027 70115 
28199 50805 
50459 52880 
65 47375 
38713 56349 
35020 39744 
4215 41119 
59417 69354 
12099 73273 
29436 59511 
35442 74160 
2264 25813 
40351 73615 
43853 44297 
63420 64619 
49880 55846 
73638 73985 
67048 69800 
27399 30462 
33986 39963 
70796 72617 
59769 73130 
59044 62101 
37384 44081 
73409 74306 
23459 64946 
68532 71018 
36842 62540 
25858 63449 
23634 66331 
72030 74842 
68835 70500 
54955 67943 
44259 48670 
48608 51303 
39165 57140 
45364 48751 
8783 30973 
74520 74576 
60192 71272 
73566 74617 
7945 8753 
16492 63906 
22912 46727 
2021 57760 
31526 55245 
47529 62249 
60340 72339 
55716 63835 
61984 63160 
1856 51307 
52564 58950 
40829 57931 
49010 71896 
57926 59662 
38159 42266 
49075 65891 
50522 63615 
55958 61131 
74281 74925 
24512 72025 
11258 39191 
24695 42812 
10638 15619 
39176 66569 
1015 73678 
33979 42370 
35604 46659 
4666 26459 
63291 71123 
39462 43202 
73755 74711 
69673 71288 
38871 69945 
11711 20157 
35620 46025 
20977 47115 
5453 38270 
7303 11657 
33708 38686 
15765 64614 
10959 56329 
42700 64490 
45198 63904 
10521 45966 
70302 72881 
19250 54272 
17157 61642 
14268 55211 
15471 60473 
11048 73798 
50776 57564 
68412 69110 
17511 24403 
64648 72408 
15529 32560 
21725 30941 
39096 64841 
4658 29234 
19399 46944 
66200 69301 
23480 45109 
9469 57337 
51539 56143 
31723 40580 
51670 53261 
413 35634 
29862 68147 
18901 31305 
54088 74740 
64486 70531 
68918 71904 
35648 44102 
29861 44380 
55897 61786 
46716 51294 
9872 23685 
71585 74027 
50619 57754 
30258 69533 
33595 55236 
61075 64827 
18174 38131 
1503 46738 
8643 23466 
17169 53115 
15535 39202 
70820 74748 
40868 60708 
70999 72847 
57439 70365 
21131 52511 
32406 51191 
24856 74684 
61871 62832 
61677 67335 
5953 49705 
33603 53329 
10329 29814 
35870 58327 
38632 71862 
49004 59161 
23163 40910 
60523 62019 
60131 62638 
8842 20157 
8232 62776 
47384 67140 
51493 67746 
35166 39554 
15404 29270 
23962 32156 
4170 57725 
40734 47186 
22205 47613 
13707 14079 
4787 9290 
51930 69990 
63199 68494 
21997 40800 
35224 53873 
72997 74093 
61987 62771 
55192 73755 
756 14280 
26822 31748 
19077 20961 
33857 46606 
55460 65507 
11039 39447 
53834 72265 
71311 73601 
64409 73603 
24951 62227 
61315 69151 
37849 55897 
25617 51218 
48555 72365 
63012 67458 
31313 55547 
22228 23538 
35189 66851 
39831 68946 
21437 23409 
62966 72064 
22005 68702 
14650 57663 
30294 65425 
26171 67083 
24866 53561 
74032 74575 
40491 46331 
4991 66758 
73147 73271 
71346 72830 
29576 52733 
7540 22682 
62157 65438 
61594 66466 
61568 64454 
8475 35076 
15623 57854 
39271 51177 
25495 51155 
37562 54871 
68989 72956 
67806 69267 
17224 67839 
24893 26658 
8778 48975 
29419 65384 
54747 74732 
12616 15650 
7107 25434 
71080 73682 
30171 40227 
43307 60235 
37280 49209 
63092 74034 
63239 64505 
4887 74240 
1792 15773 
6466 53773 
8290 72237 
72164 72799 
43390 58812 
25451 43621 
42685 74035 
71071 71645 
48171 52817 
53683 67106 
42089 70560 
11426 47865 
17603 20829 
25168 58203 
37671 66704 
56054 61226 
50638 74752 
7388 56823 
25111 25441 
751 54316 
26301 46956 
38318 38751 
49755 69173 
43180 53734 
10196 29444 
51072 63470 
6601 40180 
60348 60525 
7346 28319 
43057 67125 
19454 24197 
57784 64165 
24030 28409 
17119 28093 
27243 43574 
35279 59316 
65024 68336 
71023 72823 
43121 44807 
67341 72573 
65913 67598 
42619 47402 
50313 52407 
38522 55947 
64943 71417 
69222 69707 
338 23064 
32528 56416 
7759 30865 
48467 62557 
42351 59146 
13606 47693 
44840 64301 
44295 51779 
28070 62148 
28885 62877 
9289 47431 
127 7273 
37073 73568 
21865 43991 
44194 58977 
43333 67384 
9492 74323 
71278 72794 
44757 56192 
12917 43016 
73253 73344 
52070 62666 
66575 74709 
65030 70855 
26762 51131 
22356 74491 
68384 70159 
44690 54339 
18962 38483 
19504 31922 
5813 43859 
19898 50713 
68762 74840 
16699 37163 
39994 66640 
67218 67763 
19561 54107 
68496 74557 
56402 61165 
58584 72643 
23028 51426 
21536 26953 
21065 57106 
14999 25817 
44861 62047 
36997 68789 
68279 70641 
56610 62202 
43026 57272 
8311 34782 
63037 64988 
70800 73677 
56702 73557 
15910 27562 
61558 72234 
35383 56303 
3074 14038 
24934 56143 
68252 72322 
436 62834 
8605 63796 
69145 74463 
58447 64702 
22875 47267 
41395 52156 
17412 65416 
72198 74612 
45372 54952 
8048 65726 
46147 50181 
36377 68191 
69556 70159 
12419 13770 
6310 74964 
46784 60668 
46955 66797 
25361 27600 
27893 62079 
56895 71273 
35522 70075 
26963 28635 
16946 70269 
12910 73382 
31461 56534 
33314 70242 
29116 70065 
39056 65755 
48186 51670 
54172 70658 
58294 68271 
21792 66930 
5238 55713 
69171 72269 
1681 2227 
62498 70294 
50922 71065 
10569 69883 
44973 50845 
46301 52777 
58089 68460 
10776 24087 
44325 59814 
74642 74947 
7767 54079 
59422 62338 
59600 64523 
30037 73391 
7387 20460 
71247 74204 
7850 9300 
44670 57501 
52108 53251 
39106 42821 
9899 50523 
68415 69742 
64270 69282 
34850 47533 
42302 65272 
57956 67072 
41927 52534 
57674 72751 
45266 50040 
70100 72298 
6048 7507 
74346 74715 
29260 39587 
1103 14234 
43767 55957 
18041 53045 
62817 70200 
13822 57556 
54909 68877 
8264 21121 
37300 60823 
65117 70658 
67735 74899 
68503 72513 
25518 34533 
34735 60448 
54095 73851 
20213 72635 
43734 61429 
31097 36225 
49357 54143 
52750 61579 
47252 48320 
72298 73634 
37243 56497 
51502 63017 
426 62774 
38352 67748 
66359 67624 
28696 48844 
71195 71221 
30449 58815 
40963 62001 
14195 54381 
987 13447 
21255 49591 
48320 66786 
66730 72015 
74096 74354 
50225 61647 
40820 45491 
41994 70479 
40625 52333 
70193 74708 
20776 73593 
24086 40013 
25182 57454 
22211 65764 
20438 21323 
30597 59042 
27756 54972 
9142 9879 
357 49048 
66543 70154 
45758 74038 
23221 66894 
4031 34412 
49309 51687 
28614 60547 
62397 74224 
39240 53277 
53395 65327 
60440 61760 
15000 61575 
6760 55128 
1145 26202 
67564 73388 
13287 28363 
74116 74829 
58199 73761 
39507 68248 
50925 60930 
23935 62185 
11047 74569 
61916 68000 
60740 65237 
15761 73217 
10258 14380 
69037 71216 
67907 74538 
15656 62120 
60471 63060 
2540 74996 
17190 66318 
59212 74507 
35169 74661 
44874 53232 
18256 21361 
31635 70515 
56910 58909 
31845 39047 
60696 64711 
16424 60180 
19033 61395 
2997 41049 
50364 66801 
62058 71077 
13723 39570 
11880 48017 
52595 53209 
4626 23643 
55670 74261 
3493 27226 
57675 64391 
5549 41576 
67667 72718 
39815 47467 
57006 64471 
11176 13697 
10920 21558 
9262 11578 
2629 48491 
48749 73459 
31113 33758 
61880 64663 
54778 74327 
8842 30750 
35730 65643 
382 64283 
37879 65974 
25663 46270 
39030 64166 
69740 74368 
65249 70599 
15587 34909 
22479 62444 
31038 40631 
40723 50527 
12321 59586 
44862 60051 
6066 25097 
65743 74355 
63009 71965 
37340 74850 
24086 35729 
50657 52424 
55027 71701 
40574 45309 
26522 43549 
13570 53869 
52378 55335 
54522 72239 
74032 74425 
23029 66905 
5027 74239 
31898 55700 
8657 41592 
35210 64953 
42818 46968 
28958 51254 
24180 44989 
46571 61781 
12680 42013 
16222 41350 
26223 51620 
12633 25284 
39159 39639 
27989 29196 
11414 51236 
17297 21265 
28488 59973 
46445 62971 
58663 65663 
9519 34319 
39113 54847 
19677 48636 
41912 51060 
14630 44320 
9143 51469 
34614 48887 
3040 40522 
47098 50517 
62458 66299 
32277 36262 
63696 68892 
40248 58377 
34992 59920 
57214 74557 
48083 61171 
24675 73148 
12191 50208 
10618 47784 
55380 67906 
55645 59898 
11672 74647 
7642 64187 
64419 72137 
57317 64521 
16202 72700 
23278 64620 
33683 74334 
13053 25455 
4249 60492 
14271 60430 
74073 74346 
24991 45107 
11491 31986 
10588 63682 
70183 72695 
63357 74841 
35338 71968 
53181 66666 
31666 33630 
4943 43627 
34398 67670 
6894 17300 
52081 59821 
53098 70350 
9701 52357 
71417 71587 
42140 51735 
55298 65225 
70467 72741 
63681 70953 
42271 57700 
53226 60801 
17975 34320 
23668 72858 
41291 43034 
31513 57903 
25950 72070 
44569 55196 
64088 64529 
41249 54399 
54055 67550 
7978 69122 
8896 12278 
37977 61176 
51770 52547 
6511 44566 
22336 46724 
6831 42073 
411 32063 
73895 73963 
28148 51220 
5460 20331 
70319 71159 
36877 41682 
29175 71522 
58964 62898 
1420 39250 
52603 61789 
29588 64279 
45477 62320 
7292 56878 
8216 68697 
52218 72167 
30757 33649 
260 8828 
56207 67057 
8514 20543 
17088 46098 
23819 46313 
44245 69876 
2143 25345 
44601 70848 
25634 29431 
66602 71564 
6352 9365 
45193 71497 
39484 51735 
6838 50113 
53576 74563 
62725 64890 
33972 42508 
63427 64582 
45328 57494 
36255 53509 
64660 70842 
26923 57697 
15851 60648 
60366 70154 
2051 70106 
4858 35034 
49357 69448 
35777 59686 
31266 51289 
22069 48769 
57217 69613 
56421 62211 
44933 48258 
19960 57071 
12460 32070 
53118 54887 
52475 73235 
43750 62329 
53665 62118 
1588 2949 
38182 60340 
12955 58194 
3131 23775 
67905 69542 
41667 53769 
52564 58450 
66200 70191 
30502 74457 
34433 47150 
64876 71693 
67538 69886 
23116 34508 
24080 31328 
29136 35784 
22621 24277 
62994 63687 
37301 37307 
46215 52066 
62696 73568 
68892 69033 
62669 70526 
50724 70387 
61218 67095 
20492 74711 
51146 61806 
37894 41793 
54008 60087 
25132 27161 
43544 53209 
5135 15968 
40421 58906 
45625 72441 
30532 74484 
20525 38002 
6130 54662 
20521 35451 
62162 72116 
30482 64264 
43955 67680 
47832 67911 
65988 73632 
28739 48981 
68356 73097 
4235 10292 
54398 73136 
2488 32479 
40973 53947 
63160 72116 
70076 70478 
52941 60888 
27670 70892 
37987 62432 
34835 68866 
20388 23930 
69584 70465 
16402 37813 
63275 66441 
16505 17853 
73511 74580 
73434 74418 
6559 26742 
51367 74773 
45584 52069 
30992 56926 
61652 61865 
53247 73879 
25272 59999 
51834 58607 
20916 59221 
43159 60988 
44776 52325 
48455 74730 
59957 68672 
130 24219 
39106 43787 
3001 14749 
73151 73921 
37723 58442 
28698 41249 
47478 74887 
29775 68375 
70720 71431 
43146 48015 
65595 73023 
5568 27739 
34234 55026 
56183 60499 
67538 70475 
65987 68075 
39462 46673 
27685 70781 
18799 64884 
51045 65639 
55540 65082 
53861 68316 
4430 40581 
61711 61984 
54491 67144 
48601 69143 
41454 44245 
56817 69170 
4887 31093 
20808 30706 
15972 41293 
7722 40534 
8164 72277 
35207 37711 
19761 57848 
24867 54520 
65888 68565 
19159 27239 
47466 69584 
53000 57223 
47699 68985 
32298 39789 
55564 71600 
6872 74784 
62693 73197 
69003 72033 
54443 62736 
11571 51308 
43070 54186 
8178 20599 
35668 41302 
43391 56834 
9622 18258 
13782 33435 
54042 65167 
70576 73436 
19365 49003 
34726 52511 
27466 37128 
53694 57637 
50393 64163 
70206 70818 
13671 47448 
32739 56561 
65426 73645 
35631 71621 
50515 53644 
19110 52661 
36513 58753 
69599 72550 
35484 56189 
63391 72320 
55323 67527 
18886 54816 
55313 74896 
9797 53107 
64210 74885 
29499 74026 
13647 71839 
27247 72148 
67785 68241 
20745 58913 
8316 26257 
19821 57133 
27207 40166 
60217 72056 
594 29339 
21778 55250 
7652 41275 
56014 70941 
14280 22910 
53210 57728 
38516 43357 
16189 36127 
41306 73572 
63512 74800 
35121 55338 
28331 34365 
46018 72886 
70339 74859 
6043 70871 
54636 63254 
36166 57215 
28047 60363 
16729 66915 
3771 8059 
46671 58501 
65941 70390 
57657 70141 
66397 71303 
36625 57157 
43560 74335 
45761 67573 
72025 74764 
59573 74181 
73183 74258 
14181 56380 
31266 41626 
62970 67787 
72085 73791 
8521 52215 
20311 51730 
72144 74800 
28537 43740 
5544 40709 
60392 68517 
21043 33393 
14542 38670 
29599 48844 
11483 22594 
65653 72259 
50148 58654 
57265 59784 
7866 10390 
55110 73570 
984 12929 
29403 56155 
20267 27864 
26873 41266 
56440 69934 
33235 62437 
37959 69562 
12357 45192 
50346 66412 
17366 37641 
65227 67520 
44694 55128 
13433 52615 
51015 72969 
35956 53007 
71943 73757 
73146 73614 
47633 48463 
26179 43159 
64350 71174 
6508 57236 
44441 46729 
67876 74542 
3768 34088 
6498 28541 
41759 72503 
1095 63224 
69817 74304 
15186 53882 
44969 56227 
37572 43460 
9091 71369 
47289 67902 
65941 71546 
59915 60879 
70826 74347 
14399 38829 
2757 28599 
59188 69547 
36459 54218 
70341 73940 
12531 58839 
2364 46741 
8604 24588 
65647 69860 
8846 9268 
55186 56966 
45534 46366 
57102 67354 
51123 65055 
17939 42810 
46120 55029 
51385 72557 
25606 60576 
42021 63497 
3538 34279 
71385 71411 
21604 73337 
39212 43613 
68918 70720 
14107 52258 
38678 47901 
43427 69497 
49633 58569 
29057 52863 
21818 50244 
21456 73682 
57679 67465 
20026 63057 
58740 61222 
32439 37759 
26266 70976 
26897 40536 
36073 62012 
39887 40323 
13518 44216 
7754 14816 
40673 71389 
33414 67680 
36737 56922 
41566 69883 
72115 72599 
30139 33207 
25578 67210 
55761 69963 
19376 73383 
53529 68563 
62819 69646 
34494 55506 
57039 68907 
30585 41257 
64033 71240 
56563 66257 
21824 51781 
32830 42245 
57858 65440 
42484 50282 
50774 57534 
72989 73648 
74029 74750 
17979 19421 
56857 57633 
30417 64222 
20214 47840 
59514 59574 
19086 21465 
3353 19525 
38059 62442 
32871 49402 
72062 74049 
24361 36457 
34882 64450 
55390 66813 
69683 71017 
45694 57320 
11803 32921 
61947 65114 
38558 64556 
74418 74419 
13373 57330 
32142 48463 
17821 24140 
12866 27699 
68149 71290 
27113 45709 
51135 70596 
5211 9379 
40627 66075 
37518 56372 
17150 66935 
47911 62676 
45628 45920 
59312 71311 
18506 72340 
11820 17789 
13401 60960 
61786 66751 
12206 68733 
35867 69285 
32858 61750 
33458 60260 
49640 50889 
32080 61648 
58257 74927 
28229 45865 
36288 57426 
65029 66197 
5833 64008 
14713 60705 
24814 68290 
58756 60971 
33925 60853 
34869 50575 
34980 36479 
64278 72302 
972 2508 
39561 70952 
5422 26239 
25810 71897 
27503 32994 
51830 59176 
9791 42492 
25333 67556 
36513 60765 
55182 65412 
43533 66174 
45927 69021 
50488 56382 
9584 20159 
29427 62497 
54440 56009 
64870 66803 
56011 64249 
17445 74813 
60681 73427 
27748 69635 
72240 72671 
46436 54571 
3476 10961 
62431 73962 
8435 15854 
55706 72954 
60567 68881 
16428 29879 
51030 71441 
37466 39498 
32113 45632 
59842 72788 
65434 74617 
48426 64480 
51050 69047 
53620 73466 
56966 62935 
12037 48753 
10191 35375 
60732 70952 
38180 62919 
59108 72790 
34997 39403 
58580 73176 
26376 37398 
15103 51101 
17347 32920 
53091 70790 
3617 14800 
68688 70808 
4903 51701 
14577 41280 
55416 68538 
47287 48723 
54282 66958 
8199 33320 
54518 72958 
27951 37691 
15486 44276 
48986 49590 
11116 43705 
60498 70114 
37076 39171 
21878 60965 
57085 69153 
34208 53146 
23634 34490 
41248 70647 
2711 73520 
29778 49642 
34084 72600 
46611 64807 
33507 71708 
2661 53130 
54885 61345 
56197 60339 
74278 74867 
74437 74881 
25511 73986 
55923 61385 
69409 72672 
66568 70458 
38557 66516 
56404 59908 
10487 37302 
47731 54024 
67195 73573 
17532 74903 
16573 66780 
62452 69980 
22842 24964 
47733 53250 
275 42488 
52367 72690 
73806 74335 
37446 44027 
14635 15898 
48381 63993 
69995 71893 
42591 60974 
64483 70929 
51773 73926 
15314 16869 
72095 72240 
36102 49690 
66631 74462 
46746 64474 
4050 37608 
18041 45279 
23348 40961 
11151 60023 
36708 56975 
20365 34151 
32430 72931 
49466 60230 
16565 33368 
46081 50758 
1995 12173 
60037 71195 
26467 72773 
18101 73039 
32611 71105 
36580 73379 
4300 25774 
19200 50584 
64775 72331 
57197 69912 
19361 35297 
29157 61859 
67327 67900 
68463 73971 
8765 72900 
55238 63364 
34886 66420 
43973 64944 
64524 73287 
17370 64813 
66443 67099 
54078 72371 
17274 69550 
13325 68789 
44909 45701 
35243 73408 
72842 74947 
72515 74923 
50331 74527 
2741 27814 
18469 65801 
34085 53881 
2835 30432 
2210 16439 
9935 44785 
53336 66782 
70252 72884 
19041 32402 
68857 71487 
66592 72421 
3153 41019 
26743 55975 
43250 57330 
20819 29181 
29304 62198 
54159 61556 
58074 72914 
48843 63136 
18670 54923 
51056 59198 
35919 74130 
34574 70179 
38956 60781 
57995 63799 
10555 53925 
18378 63660 
38145 43594 
23386 46985 
41078 48785 
69174 71537 
25833 50304 
65609 74539 
54498 63425 
2118 51165 
23584 28398 
64230 68204 
33560 35661 
14419 48854 
2854 57926 
53872 67373 
5358 40202 
26717 55732 
28058 49433 
16007 63282 
46594 55384 
23308 24478 
968 49138 
29458 30476 
8504 22653 
23873 71217 
25033 68204 
42529 62458 
66681 69538 
64381 64880 
44363 54889 
1021 29398 
35939 55888 
9300 21196 
31280 41813 
65227 68718 
51635 61631 
12376 53616 
1345 48246 
40366 71188 
60297 64242 
32809 56148 
33853 63376 
34760 68277 
58318 58412 
414 9475 
26331 71587 
64948 73206 
35776 39530 
42601 58240 
25331 43115 
53392 72187 
12569 61714 
25822 31895 
50268 63084 
44005 54395 
15724 46574 
61381 67032 
29298 74371 
35352 63207 
53739 69945 
24513 26001 
61826 62623 
8884 55752 
22315 53854 
64317 72882 
56490 58266 
19797 72933 
17290 70681 
14794 41240 
50610 54348 
58778 70477 
9604 11915 
13835 33375 
40878 52578 
4030 52055 
54233 59293 
30238 54966 
59695 71490 
71565 72254 
32327 32394 
22504 50751 
26058 34517 
24554 57760 
66646 70707 
57975 67454 
34349 48877 
20363 68381 
22686 70101 
47309 50277 
20364 64610 
40119 67462 
11423 50966 
13020 52408 
47169 48784 
43262 45576 
36871 54957 
63610 65166 
11781 20465 
9275 72668 
61668 67569 
32604 38147 
68026 74884 
10088 19541 
15312 74343 
28083 51538 
33140 72894 
40107 56291 
26830 48683 
54023 62562 
14895 64502 
25193 59165 
53939 69673 
8694 64046 
46887 68869 
21206 30382 
20636 24754 
39095 41123 
67277 71045 
18472 51401 
4987 56351 
73526 74436 
22226 32607 
19227 42355 
28178 71403 
21422 48551 
45367 58526 
45293 57000 
2830 43362 
8606 74518 
19485 68055 
50643 50672 
36042 46982 
61846 64392 
9855 46379 
42346 42468 
13572 14728 
23950 37799 
47220 60990 
63690 65307 
61472 63649 
32116 71544 
25367 67742 
31206 48095 
2446 51919 
11735 45917 
67948 74377 
58065 67870 
65587 73580 
49691 61486 
36519 55192 
22127 59985 
61287 66906 
31934 60847 
33588 71194 
11923 40787 
6093 10253 
57977 63894 
6145 61837 
27580 40183 
6123 72680 
36920 50842 
8035 21632 
23554 25846 
54772 57950 
16345 48331 
5712 72209 
54765 58760 
49350 71126 
54803 57189 
25682 68810 
16005 71680 
73926 74965 
14378 14739 
57799 64327 
70407 73342 
49156 58400 
51746 62072 
2459 25333 
63423 69072 
52435 58696 
37019 73000 
31530 34802 
38830 61099 
38422 60267 
35306 70664 
31097 52627 
46611 72377 
57412 59604 
49779 60731 
39233 56016 
31748 31946 
58363 72483 
67078 74234 
8658 64139 
36864 71349 
26568 60048 
7194 53820 
34230 71852 
10719 63084 
66643 68496 
67725 71337 
16224 32231 
1260 44192 
48580 71886 
63160 68673 
54336 65342 
27388 41377 
54910 69420 
6965 72920 
61609 65116 
790 28480 
47114 64858 
16379 60997 
8610 41936 
32154 36451 
35628 58380 
45150 67059 
15493 61072 
41446 64092 
68906 72720 
57238 65466 
8797 25968 
17770 66981 
134 51251 
1679 69327 
24431 66520 
5011 11050 
71947 71981 
37714 65261 
229 19256 
52104 57648 
29350 52572 
72301 74877 
35469 57658 
32096 74412 
27031 66086 
18495 36100 
39084 66134 
58944 63404 
4015 21371 
44462 45041 
28460 39245 
12899 23410 
73915 74394 
13962 57538 
49763 71745 
70566 74505 
70198 74236 
49914 51792 
50629 60064 
51006 58313 
4408 55103 
56238 60322 
15730 33138 
72017 74845 
27111 40649 
36712 46694 
30418 67470 
45827 53729 
60871 65879 
14974 60369 
5940 12669 
22380 60071 
6890 74098 
74033 74104 
58113 69165 
42072 48640 
57730 62662 
67513 69085 
60661 67700 
41095 51431 
37988 50416 
5254 49090 
44309 46186 
23366 71136 
28202 62874 
10643 59199 
29885 31301 
32487 41679 
37129 64182 
33465 54242 
66707 71318 
51311 58903 
60682 67750 
29651 53407 
37927 40333 
44839 57924 
69851 73581 
11271 74547 
9182 9567 
19580 69311 
72190 74304 
63998 67238 
2247 64958 
38616 46548 
26864 40244 
24883 50496 
23002 41780 
14099 34140 
58938 64559 
70736 73615 
10281 57389 
47302 61025 
53616 74082 
66876 72531 
32464 49680 
893 22815 
22995 23714 
67581 71061 
35675 58155 
28812 48191 
44386 48859 
39781 52086 
15693 24311 
26042 28443 
986 17372 
3646 23059 
45041 49207 
32875 32950 
31329 42810 
33764 48169 
12778 20706 
39294 65749 
48117 68202 
41591 61489 
73059 73742 
10534 67746 
52112 65714 
43747 56321 
12971 49113 
62578 64885 
64856 74320 
58235 62326 
35160 49233 
37353 60777 
60097 69296 
65192 66794 
41993 47027 
31814 42264 
59220 72879 
21082 26208 
66484 73203 
34454 34495 
53760 59126 
30702 63786 
40496 42020 
64783 72005 
33937 54768 
30754 31340 
7151 35837 
59456 66243 
68043 71942 
13038 61510 
69924 71012 
37893 72279 
45039 58906 
23815 46643 
31751 48614 
8119 24226 
33940 65636 
24740 49323 
46151 55553 
21752 65982 
65143 69879 
37978 51992 
46357 57058 
64654 73313 
26956 35222 
7739 33887 
36719 43139 
31923 67745 
14714 36432 
52205 61344 
3664 64493 
60925 73908 
27862 42014 
37975 65156 
16177 28165 
31039 42411 
60631 61137 
4345 26066 
4553 33225 
32567 33131 
15220 69259 
11179 33390 
61714 67689 
48770 62951 
47126 54446 
40310 68490 
3824 21458 
24536 51241 
43268 71445 
46816 57406 
72003 74187 
55593 74382 
41361 43186 
45480 61736 
5296 73438 
50470 69124 
39470 45392 
34847 72879 
54254 72608 
54499 61763 
10732 20760 
15632 50684 
7666 48572 
55671 57737 
37620 73611 
2770 47147 
23531 31126 
25381 51840 
6411 65704 
9081 73567 
36230 69492 
65566 69195 
2969 73261 
5414 51778 
46255 57518 
21841 64472 
72508 74979 
7593 22810 
63891 71306 
4645 21991 
3100 19295 
47325 51353 
2445 9616 
24234 66506 
9315 13596 
10128 63886 
67164 74609 
53943 64569 
23096 27597 
34841 56330 
34929 53178 
35886 60941 
38192 40264 
18776 33798 
52674 68891 
63520 72762 
16185 31259 
46652 53673 
20105 21032 
24908 41918 
34194 54620 
39017 40279 
5543 37515 
21385 35028 
36706 56147 
45885 47462 
67245 71783 
31431 73556 
28921 32391 
34514 74628 
50186 64720 
56686 57720 
68998 72262 
20036 33268 
48639 60385 
31573 34496 
51620 70574 
24499 43265 
62423 71110 
4429 14247 
30520 50551 
7434 21265 
28969 71822 
30371 67370 
67445 71977 
70267 71207 
11297 18520 
22662 25116 
49271 58774 
57758 59902 
29932 58120 
1190 57954 
1997 65640 
49614 68132 
23143 49363 
31313 51417 
63673 69678 
54661 60936 
916 26627 
11976 62237 
469 24682 
16744 40667 
63044 70571 
69602 71563 
47284 52638 
40155 55516 
25819 49996 
14676 66241 
2974 70125 
62798 65407 
49674 73300 
13952 73201 
39052 71978 
48743 64899 
1292 63989 
37603 74261 
69778 71742 
44791 45280 
41660 43372 
34213 67321 
42200 54412 
44912 50287 
68131 70502 
10269 66735 
19001 62176 
26447 47487 
1519 35738 
35720 65239 
44570 61701 
32430 72775 
5017 53121 
18856 37512 
41534 54755 
1648 65672 
26799 32910 
31533 32726 
33276 56713 
72329 73892 
4410 71886 
45387 67582 
37640 59574 
68566 73661 
55710 71543 
43786 66940 
1568 36173 
30815 39615 
44432 56372 
69321 70521 
6443 72200 
71220 71918 
14798 38184 
63191 73970 
8400 26536 
8001 62052 
46498 65084 
19277 37514 
1250 47225 
18306 51611 
34080 64699 
48834 58376 
52962 70170 
22629 67378 
13778 46368 
31318 59823 
8195 45812 
38020 70005 
19516 50674 
30152 34653 
21683 49360 
67250 71822 
21202 25598 
23058 67223 
45253 70613 
19944 25476 
36061 49748 
4929 53433 
53984 70646 
34809 43926 
70266 74815 
38970 50667 
48716 65091 
68792 73664 
72022 73526 
54927 64015 
54147 61954 
25080 41175 
69980 71580 
67147 73882 
21999 43266 
2438 8009 
72342 73907 
49146 69049 
44624 67593 
48287 56234 
6179 10587 
24305 37169 
38394 47759 
72264 74879 
53321 53599 
8453 47434 
20959 43980 
65410 65485 
36636 66401 
70715 73369 
6880 42128 
70969 73224 
36515 68648 
30857 31661 
2666 8874 
58342 73224 
41455 41844 
5470 10337 
55779 72205 
30390 55775 
26878 73482 
29889 43552 
32973 72939 
64935 67805 
42594 68748 
72706 74977 
43248 73338 
34639 56451 
32690 38623 
550 44429 
23750 31769 
59278 68573 
49725 62565 
47333 61098 
20627 46098 
5601 27696 
8854 72763 
35856 56726 
9384 42810 
51827 70918 
27162 42188 
11845 27068 
10946 26125 
51253 72679 
13932 47945 
70270 73093 
19383 21517 
54993 72355 
66494 74301 
46738 51611 
71167 73010 
69236 74806 
38836 65286 
20340 41849 
34437 37671 
65265 69653 
44977 61850 
50438 66938 
74564 74927 
6446 13060 
36046 56169 
45649 57449 
5112 55906 
66269 71996 
44959 71879 
30877 50653 
40440 44543 
69682 74648 
26865 30624 
41812 51185 
8003 23725 
54789 62499 
31842 59964 
41652 74322 
37883 62961 
55628 66503 
5688 33923 
52386 61073 
47147 58093 
65704 68241 
258 48341 
347 21324 
65305 74221 
3451 5858 
62711 71568 
57323 64159 
48471 65393 
9668 29921 
64292 70400 
74146 74898 
60348 71069 
32672 44634 
16130 29164 
55831 65657 
57167 59235 
35819 62654 
11608 54124 
41448 56589 
67283 74689 
3401 39197 
21104 57591 
36234 61345 
28977 71245 
62362 67380 
26026 65255 
37814 65299 
58599 72933 
64352 72494 
31048 66748 
39209 58180 
53703 60817 
51541 61949 
27245 63693 
57714 71901 
23429 59082 
2197 8562 
10140 57971 
46966 63874 
59807 67816 
15682 51667 
7647 50732 
62097 65462 
56793 68390 
47848 60883 
9127 27048 
67328 74105 
28709 68776 
70883 72605 
23131 61654 
24799 61312 
61440 65185 
47489 66854 
58300 65617 
16665 29089 
56398 58963 
51742 60737 
72091 72463 
46032 68543 
74732 74974 
52139 60078 
38334 42245 
20963 64481 
54715 56933 
42710 59388 
53251 71876 
31886 54069 
25205 35046 
27276 52799 
59093 72552 
12930 24470 
48378 67037 
30503 61470 
26635 53672 
10479 55392 
34223 60779 
14902 68483 
73625 74490 
1917 54966 
48461 53525 
32003 44174 
26301 54909 
72353 73740 
17525 71073 
44472 70820 
17745 34378 
70099 72966 
39239 56951 
28015 40828 
69508 69966 
19795 65492 
18524 39077 
51206 66120 
11794 32593 
71504 71617 
38089 56132 
11330 64370 
14148 57703 
62339 69623 
48923 60580 
5736 25796 
49290 73315 
63183 71124 
66989 73812 
53760 63160 
47179 68506 
61923 66551 
46348 74265 
32529 60063 
47161 56634 
61274 69521 
55058 71602 
48406 55060 
42569 60541 
68356 74596 
71680 74293 
55797 64464 
5935 33465 
35339 65290 
47017 54285 
72624 73148 
60518 61985 
70671 74361 
29109 48006 
68624 73365 
39272 73370 
55139 65311 
72588 73948 
47242 63476 
52037 70740 
38177 47275 
37881 59608 
69096 74280 
21959 50881 
64768 71600 
66350 72679 
57080 64087 
50752 60943 
48278 74120 
67654 69788 
13778 66968 
5054 42597 
44935 57510 
17339 56969 
49022 53402 
55842 74747 
39670 71040 
32111 59767 
45441 71232 
67378 67816 
63939 66480 
71716 74226 
36073 53339 
44511 73399 
15194 73652 
58766 71864 
54152 64874 
43078 56947 
937 37661 
40349 71962 
26645 63715 
7279 32973 
18120 26983 
59003 63832 
15680 42764 
39740 52510 
62114 74781 
5463 18745 
26127 49852 
28192 61490 
38231 63529 
25593 57931 
5992 19014 
10655 28554 
38380 60894 
30016 54907 
33585 38590 
51600 59752 
28437 37271 
66329 71796 
74390 74442 
68676 73770 
22393 27383 
28320 43382 
19461 42068 
8055 65800 
9097 54920 
50380 55755 
16690 37045 
3786 53447 
4045 7077 
14256 23127 
10855 71813 
1845 5399 
39598 56806 
39050 51075 
70970 73632 
17000 48894 
38686 62331 
71883 73569 
71490 71808 
58630 70586 
29437 59889 
55988 63237 
12648 22463 
40966 56068 
42369 69485 
18950 44603 
30011 51349 
10430 58314 
31196 34325 
14463 30795 
8111 10918 
42514 52941 
47866 56317 
25315 69323 
74459 74480 
24933 25760 
7647 68163 
16816 35984 
2592 48927 
59553 63526 
17224 48065 
46705 61622 
19429 41972 
41618 65175 
44021 47973 
65316 71363 
23896 70532 
48766 74116 
3683 72749 
57025 59782 
62213 73902 
53959 57155 
32616 55098 
13890 43748 
10919 41955 
23509 38081 
52511 57536 
52393 67804 
54805 73064 
40233 45234 
51227 65781 
58034 71327 
39311 56213 
58400 65675 
14877 20773 
30121 44743 
69251 74134 
29318 47774 
56038 58408 
55725 60380 
53358 60290 
49936 62731 
6439 19153 
40958 59404 
49389 67465 
7214 35321 
29241 68219 
36879 68129 
56597 70620 
36710 60220 
66412 66614 
15113 48695 
17733 48555 
47069 51869 
42673 74856 
66326 69287 
74367 74662 
59305 64768 
4719 6032 
48978 61884 
46343 46857 
70946 73559 
59495 60237 
8483 43471 
20884 67169 
15831 44135 
4025 37928 
52487 55144 
36072 74670 
47522 66928 
73154 74874 
39412 56691 
54716 64601 
52969 63589 
71582 73428 
68262 68602 
49977 56641 
64250 73076 
911 66993 
20499 55065 
16194 54377 
37226 71783 
49483 68086 
17940 45226 
33765 45438 
18823 21908 
27980 30052 
7274 14757 
71475 72724 
7136 55245 
73706 74911 
53850 69144 
27939 51002 
58979 74383 
36762 71649 
48130 67936 
4436 6238 
50637 57421 
128 25797 
41811 58927 
18402 26907 
13628 19748 
19012 19598 
35266 46139 
64737 72671 
6175 60519 
63779 74536 
51226 73430 
52483 71610 
65820 74274 
7418 15874 
12889 44034 
43101 71541 
51838 70513 
43059 50145 
68218 70558 
24084 38795 
21847 34997 
23378 24974 
12670 44283 
60782 66761 
34188 64880 
53618 71477 
32762 66567 
41006 71022 
57075 65529 
25089 59631 
21387 38545 
51367 72920 
45082 45705 
8610 16577 
12146 64274 
68627 73328 
53325 73013 
51353 58975 
68067 71114 
59190 63130 
15698 67150 
64379 68526 
32853 66121 
41951 60660 
60542 73963 
61336 70179 
47736 50989 
28059 29840 
58137 59704 
6702 54337 
35601 38380 
1508 31524 
24068 36329 
31958 40370 
69046 69152 
5522 26145 
50681 71164 
56639 62333 
48322 67443 
16385 18485 
2408 39748 
20698 49409 
6952 57880 
2779 56151 
66061 72137 
28911 59978 
53141 65901 
34206 47540 
61514 72254 
65888 65899 
46932 57299 
45791 62189 
51155 56360 
6473 51822 
18491 30062 
38408 56944 
8979 16977 
1651 49798 
60048 70656 
11840 43965 
54830 60471 
48080 65326 
52623 55540 
11017 48468 
66711 74158 
26 71064 
2341 23673 
70651 73135 
58029 60106 
67466 72965 
35256 42638 
50203 59047 
13359 54980 
42477 51161 
48573 70349 
24135 24367 
12814 65431 
53463 59042 
46448 49320 
63660 67252 
20005 42129 
44992 57130 
73001 74456 
65114 67569 
38608 58828 
18922 70633 
43571 54566 
51670 57523 
14949 49549 
47852 58598 
2942 37017 
71770 74358 
36121 37019 
69432 72994 
41741 65104 
58706 69147 
26299 32932 
32108 36683 
17822 59087 
8397 36597 
70240 73896 
41912 42351 
64677 68557 
33585 42383 
48828 63064 
71267 72960 
2658 64799 
61926 70525 
54826 73758 
66501 72393 
1075 28778 
72546 74974 
619 11336 
60420 67142 
32502 48018 
6616 18395 
52476 70701 
54186 69613 
23479 23865 
47585 64453 
40963 44366 
67154 70277 
7285 31593 
68805 69409 
12892 35104 
46497 50929 
24642 36615 
30797 54003 
1932 5382 
48657 52845 
2574 9728 
69077 73719 
54676 68287 
11932 58315 
72807 73358 
13376 21317 
64259 73292 
32540 47071 
48453 49253 
7637 16873 
26878 53625 
69763 74224 
24058 56240 
10390 26432 
1754 6552 
64410 65855 
18223 28723 
41021 50199 
29015 44701 
5663 26417 
38161 51153 
34854 39832 
60474 64104 
73940 74124 
26898 71305 
67176 72195 
52716 53968 
20445 74415 
31551 40543 
23058 34687 
66345 68010 
11409 41274 
44068 50102 
50738 74639 
10391 63516 
5270 45985 
73542 74252 
46048 68498 
12038 60344 
71269 74271 
33669 53938 
20308 49333 
36468 69513 
29400 48324 
12788 71467 
67675 72586 
21413 69832 
7121 63467 
36001 38380 
12515 39442 
4301 5626 
50827 53903 
66022 70440 
71574 74606 
51811 68182 
68939 69936 
8239 54637 
63612 66054 
61814 73352 
35855 70595 
63831 72797 
53203 56816 
37621 69536 
30594 67918 
65349 67505 
13864 73722 
60070 65333 
38215 54485 
22249 66595 
50412 74203 
72920 73782 
23949 74503 
69991 70289 
32129 70963 
55649 69927 
37184 48028 
4927 32846 
68322 71994 
766 55520 
57619 68608 
54488 54809 
43806 49488 
58157 71506 
9363 28302 
38300 43429 
49241 73926 
9034 44286 
60359 60814 
16229 44203 
57295 61258 
18037 71814 
22045 65160 
23246 72091 
23972 72708 
16340 68756 
18351 69228 
28246 38471 
15119 26199 
9984 22211 
53128 72573 
5202 36222 
74073 74939 
29338 51927 
63833 67703 
11561 64563 
4799 13885 
41749 53152 
7520 64181 
54564 58147 
69664 73651 
35829 63141 
27954 62264 
70875 74766 
52234 61949 
52751 66172 
4159 51441 
17002 44929 
23661 24313 
55654 74040 
7418 30823 
40317 50785 
17746 53572 
46847 60770 
3285 32662 
23135 74473 
52148 63525 
8531 43420 
18458 50439 
13698 68015 
30782 48532 
10682 25889 
42538 59775 
68021 72047 
39774 73192 
13123 62751 
21748 70359 
34169 55862 
15493 40247 
18911 24689 
66761 72978 
64657 74842 
14983 42822 
7405 15561 
12056 59276 
3208 61068 
59208 65057 
47165 47555 
14601 63600 
38980 63840 
36006 74835 
6368 25244 
61610 74957 
48774 52589 
70783 72343 
15526 38020 
46659 48443 
74324 74364 
70450 70842 
5142 54363 
74289 74994 
13286 66666 
61259 68270 
51503 59610 
74175 74509 
7028 19732 
38945 73608 
60506 63134 
2028 62879 
45840 70903 
63414 74139 
52682 60472 
38782 45536 
9384 20828 
6145 45602 
69375 70789 
63570 66868 
68957 74434 
71014 71889 
48840 63977 
64430 67817 
17444 25726 
15210 49327 
36552 49301 
39685 59868 
3755 24206 
28834 42686 
11916 49944 
18995 69573 
46044 49436 
36658 47142 
4426 23695 
66995 74455 
49877 73134 
22204 22271 
14113 62889 
56396 64566 
70608 73529 
1338 53350 
70808 72105 
52908 65507 
74908 74938 
49935 64282 
732 44606 
10407 17384 
29757 45435 
16126 46108 
13866 43029 
42923 67004 
16488 73662 
67228 74690 
27168 51167 
26872 53552 
48974 59393 
32180 41309 
37146 68352 
27278 36690 
36042 36144 
8938 55625 
72218 74200 
45781 69148 
74569 74841 
59122 71609 
65490 69183 
27162 30208 
36836 72695 
15788 43398 
46878 62901 
35919 66079 
68593 72740 
37269 61848 
4481 7390 
30263 70586 
32813 57842 
37579 62791 
42756 62079 
8090 47444 
5157 46021 
6903 20115 
28721 68651 
40422 70281 
50000 73957 
50154 56854 
15076 33626 
57487 66352 
60983 70193 
70447 74650 
30897 66422 
25205 73968 
47879 66891 
20569 50941 
49120 63920 
67728 69311 
40393 40729 
37064 71210 
49648 65865 
47460 48135 
37529 68322 
61825 71175 
68790 70851 
55969 56699 
26117 44368 
44689 64614 
29859 63590 
37394 62636 
2045 23331 
67611 71259 
53109 59102 
61765 71460 
7176 24605 
4605 73068 
40085 72712 
69774 71632 
39706 45776 
11702 45035 
12726 18646 
18190 61033 
65698 69104 
71855 74587 
1561 12318 
68348 69434 
49065 52876 
9204 53498 
14340 18439 
9459 46151 
24143 41107 
15470 65775 
21229 58594 
46997 72830 
13763 33189 
10840 32553 
58633 61210 
29462 32881 
34565 58940 
27636 70220 
23529 40142 
53512 70620 
48157 65543 
63287 67629 
26203 62927 
74253 74358 
44835 51121 
3503 42515 
56316 67433 
42332 69018 
58943 65946 
43907 44420 
2411 3347 
19477 59829 
11927 39211 
69235 69742 
15717 39709 
29308 37717 
5982 47284 
43180 69477 
70635 72244 
13930 74096 
74783 74890 
21772 59668 
21373 31762 
65288 71048 
13696 57698 
51316 53432 
5206 50874 
69999 71050 
14311 60516 
68290 71498 
19475 54103 
10143 62302 
33730 38016 
43917 49918 
2014 63830 
33812 49960 
9763 54701 
66844 74074 
29496 48834 
48356 51038 
55393 71229 
53315 68957 
30512 47170 
38699 65842 
55909 65850 
32201 62629 
64249 71404 
39225 73023 
60905 61141 
72406 73109 
67778 71603 
34694 36425 
53438 67773 
32081 45186 
25406 58438 
24225 73371 
1037 20671 
57147 65023 
13366 20969 
26983 30354 
19398 56559 
52220 69865 
51896 72789 
67552 67552 
56421 73555 
18022 66962 
42442 47555 
71235 74837 
18204 22456 
57270 57532 
11158 31983 
53085 73417 
74787 74812 
62773 66141 
26405 72735 
52280 54518 
31129 48324 
38535 40345 
22415 27332 
53047 58964 
8247 10945 
73553 74117 
17458 68152 
74434 74558 
8693 48537 
4479 25181 
11800 30220 
39576 59720 
20476 38890 
69835 71401 
7798 27223 
37895 43586 
60833 72641 
43464 51224 
43377 53420 
70301 70320 
34586 63001 
74364 74503 
5680 64539 
15138 43226 
5641 65606 
66346 66846 
4736 61242 
38675 73722 
63915 72841 
8944 35238 
48181 53411 
42444 62429 
30407 51697 
16612 38548 
54459 54662 
316 40707 
1525 18859 
15707 45439 
46617 49356 
73968 74383 
22719 48290 
55538 73971 
36920 43683 
23197 49129 
27099 39718 
44991 62718 
4648 12530 
60916 64050 
71094 71176 
37201 60814 
14157 31477 
18868 66457 
21763 61983 
31995 43836 
3284 65689 
53646 60706 
49713 49732 
74337 74372 
46083 69946 
41204 50426 
44600 71980 
55694 60899 
50758 73497 
49911 66364 
13015 58107 
20210 30432 
69418 72070 
15976 43591 
65412 66516 
10025 60448 
42520 74713 
56989 70878 
43139 61875 
63877 69244 
54868 58144 
34114 37322 
4081 7122 
55697 58679 
66763 69467 
17537 56671 
69675 71949 
44384 52760 
24045 44659 
22426 39900 
15333 52463 
26741 31818 
49927 54008 
13425 52411 
68862 74242 
70437 70542 
14083 74146 
44051 65455 
2331 30870 
3967 55949 
8988 27367 
789 22383 
52480 56334 
70663 74928 
74001 74064 
38216 71837 
48138 58367 
45478 66903 
7214 17701 
11360 22648 
61459 66408 
23489 69381 
47106 48097 
43428 72946 
26955 28610 
59586 69163 
45839 48945 
24503 54757 
73649 74938 
16076 66396 
54530 67265 
28601 38564 
57287 59137 
63618 66043 
20908 54510 
222 19197 
13644 28134 
38935 70250 
50838 71577 
17417 40329 
49679 62916 
12716 27620 
2454 54372 
58313 60920 
40415 68795 
60599 65377 
68940 74026 
8902 12209 
73444 73878 
50165 69910 
22653 68368 
37393 51150 
63918 72898 
25023 44999 
65389 69400 
14246 43160 
35216 51696 
43220 53157 
61857 74405 
7237 51644 
52149 64440 
51500 58888 
2585 6544 
16886 63995 
31063 42810 
36055 56576 
23986 47056 
29307 63015 
15370 50716 
47469 61984 
42744 64468 
29765 68180 
31306 70075 
8928 56145 
65551 73248 
26942 50068 
47582 50929 
54511 65107 
11398 33480 
62386 67553 
72082 73994 
13332 70836 
34451 61005 
50618 64748 
10955 21897 
27987 68306 
73919 74900 
35915 68133 
2773 32402 
47863 59940 
22458 35542 
2722 71306 
3790 32618 
16162 37577 
9877 51516 
25499 51959 
52020 72429 
60157 69627 
30392 38181 
6438 10509 
59430 66129 
64014 69573 
4337 22206 
33410 61856 
40134 67635 
32689 55601 
47173 74168 
37185 65646 
19734 32606 
61054 62398 
50973 63767 
25679 30202 
54975 74914 
50201 68592 
41557 61810 
44211 52297 
663 71106 
66376 71742 
59768 64398 
14577 24987 
3389 24606 
10501 62135 
39058 44794 
20516 21504 
3160 18315 
67598 73727 
64141 66096 
41605 62434 
56016 65708 
44687 69120 
5079 17163 
72107 73034 
19416 55737 
13277 58297 
19154 69885 
18494 49248 
14428 74598 
41472 51892 
21470 26610 
8443 55857 
47381 56296 
10989 67742 
50478 71186 
33062 58329 
25630 54949 
71360 74842 
55147 63976 
22388 53447 
38485 55096 
61526 62013 
45937 67927 
47957 71643 
64132 70721 
6753 46833 
69389 69503 
50337 52744 
64902 67375 
7501 20147 
52355 60047 
64234 69734 
43229 73746 
51427 63831 
50007 59537 
55613 67535 
74692 74711 
41974 54066 
36839 68862 
19153 37478 
54728 56017 
64069 64312 
8796 26854 
48430 52517 
69569 73951 
66905 67832 
19014 46609 
44418 69580 
72709 72799 
42723 47845 
22941 44825 
8048 58215 
2332 34081 
21878 41939 
63770 66139 
52606 71874 
40054 60857 
59739 61892 
18044 62451 
28005 73135 
6154 24890 
3706 8163 
74628 74721 
19325 27360 
16098 50060 
11214 27221 
3311 31730 
7094 67654 
51594 61156 
63536 66241 
1835 70838 
1659 14447 
69832 70740 
54564 65876 
21766 48723 
48425 53907 
5987 24821 
42403 65366 
46906 50131 
29175 42223 
64920 69945 
31887 54754 
35700 71814 
6793 65887 
49633 55283 
13392 43807 
15402 28005 
12174 27030 
26253 46129 
23713 52035 
2149 12396 
62801 72462 
34619 68537 
14915 57539 
25129 71756 
61173 73175 
13586 39870 
53567 57189 
73142 74493 
22153 40891 
66444 73588 
32671 57493 
36250 65625 
10519 19604 
28543 37026 
11689 74512 
66334 74423 
5410 22740 
35311 44457 
27433 48360 
19797 51852 
37881 42781 
44572 57046 
41904 74335 
26470 48484 
41595 53324 
32068 45576 
34240 50317 
70388 73352 
26286 59117 
45318 51197 
35577 56962 
34385 63012 
44961 68778 
2375 60779 
29203 30047 
29120 68698 
56147 71242 
55072 57441 
10044 56002 
13967 63234 
42295 46266 
71316 74370 
55503 58121 
62501 71513 
31960 62738 
20949 68187 
17323 47194 
60508 61552 
38071 39367 
48897 50869 
65082 67166 
16827 69492 
15079 23949 
33730 59406 
20621 57487 
35000 47135 
15854 32966 
14908 45351 
70286 73094 
66322 67501 
29957 67300 
69876 69930 
15672 27280 
74035 74586 
29874 36868 
42372 68978 
22418 30994 
12935 12995 
32971 48132 
63901 72590 
31630 41021 
49100 57756 
10529 40486 
61677 71509 
39096 50513 
52773 64695 
8990 26744 
48261 53740 
69881 70231 
18412 20352 
37547 47136 
39630 48515 
55836 61052 
72859 73577 
38490 41102 
52339 54064 
69039 72722 
37361 56825 
10074 47308 
28269 30828 
28121 33474 
71972 73477 
18522 25864 
51831 56611 
45090 67093 
21812 65787 
29572 35512 
62892 64177 
30932 61116 
45450 63047 
20508 41645 
68304 70506 
46429 74438 
58033 67410 
39466 71058 
39107 67081 
42952 49686 
60129 64248 
69635 74031 
7041 51725 
73831 74938 
71257 72062 
55920 66574 
54839 73770 
74678 74807 
55147 74897 
68449 72998 
8164 24737 
6999 35841 
71716 74272 
4196 21669 
9132 44145 
19509 54429 
64640 66739 
54761 70816 
47231 70210 
51609 57795 
23994 67664 
14290 23325 
51679 62798 
40296 73774 
29341 72826 
9957 16173 
4109 38811 
19507 56211 
25010 44711 
31545 52290 
837 23038 
24228 55079 
68369 71616 
49394 61725 
27226 68889 
12475 52304 
40453 52938 
43162 66714 
57556 73577 
46844 59604 
25398 28490 
60701 68413 
12219 66938 
2508 65690 
12226 52003 
62070 70365 
16087 72517 
72879 73866 
57770 71154 
33261 57040 
21063 31174 
54891 56794 
34001 40979 
61901 66165 
3178 9854 
21976 47913 
31317 31480 
13816 14461 
50652 56405 
8433 30240 
35867 49019 
8749 23412 
59559 74642 
46754 66970 
5231 9637 
7968 11325 
52313 66547 
8301 70056 
548 13126 
22918 67888 
34458 42966 
23830 67751 
14568 38846 
47662 72277 
35293 61452 
28152 53484 
33728 46410 
34197 35840 
37405 59031 
12134 37454 
62830 66678 
62369 71423 
8682 17472 
16352 17054 
7500 51228 
6312 39653 
42744 66922 
50273 53573 
72438 72790 
34169 34672 
61688 71257 
50330 62543 
27159 68965 
73958 74070 
56206 71163 
34278 53353 
51775 63971 
1543 54837 
2530 66203 
25617 52295 
60839 62537 
32074 59154 
17827 32281 
7401 18520 
330 25089 
39116 57749 
44271 49666 
11955 43006 
53336 63163 
61697 73096 
61117 74559 
6051 63629 
32640 37911 
8565 49296 
11882 16704 
63801 66404 
70074 72678 
3791 27631 
20713 29190 
36895 50875 
49958 56311 
53068 74146 
74144 74178 
7345 44211 
72939 73963 
26539 54506 
23708 27527 
6733 25821 
18520 31157 
44152 47133 
22423 28676 
58969 69644 
59952 62111 
10745 22008 
64981 69990 
35974 38255 
72983 74199 
8974 29506 
74607 74971 
72757 73888 
52067 74505 
69753 73677 
22583 48403 
21437 69968 
54595 72714 
2159 42658 
45635 65023 
43531 46298 
31584 51671 
14544 45700 
28466 43725 
1766 12837 
59166 60410 
42144 62808 
54516 56702 
31578 41495 
41444 56219 
65930 67837 
47706 49542 
25823 74861 
27692 51507 
67458 72928 
26961 33420 
63982 73744 
12962 55703 
56109 74497 
37804 57884 
61703 65457 
1316 55051 
32973 41511 
65200 69101 
54750 68870 
7176 64261 
68522 70898 
61094 74876 
65712 73110 
68844 70104 
37221 39770 
12567 26297 
70666 73963 
17341 34847 
1544 16234 
36872 48732 
37401 41759 
320 24636 
31763 64162 
55506 66965 
66296 67705 
68901 73196 
52678 66133 
25402 56616 
2781 63766 
37803 69153 
68012 69173 
62574 71599 
72815 73155 
31886 72954 
65702 71766 
27824 57708 
5604 22040 
25739 32226 
33158 33347 
44914 68861 
10576 67252 
15894 54817 
3611 16222 
53581 61581 
29811 31658 
16438 26509 
29867 50511 
44074 52399 
21444 27795 
37027 56252 
26072 29418 
32139 60904 
49752 59134 
52073 60397 
20316 35732 
15463 64089 
52253 69948 
60033 70947 
58339 67397 
59280 65220 
41940 62090 
34744 70666 
60899 61185 
30184 37517 
33276 63918 
24872 45805 
57493 66698 
24738 28803 
63274 70403 
730 16408 
40013 72142 
52056 73870 
567 58296 
36014 59503 
20605 55627 
35347 70540 
37154 46174 
31150 64601 
37642 51727 
16438 57221 
45337 47938 
6062 64790 
14275 17451 
6943 74592 
70753 73608 
37172 53502 
10566 16590 
39130 64175 
51260 59705 
72218 74432 
35394 45686 
19310 57513 
36732 69017 
12555 73345 
38734 43032 
34109 60670 
42821 66242 
27299 55781 
68841 69112 
29776 66972 
64271 69063 
65312 74856 
2304 6096 
43104 47018 
38413 70325 
50977 52562 
38800 57033 
47542 67662 
22419 67172 
49745 74626 
38963 43084 
4438 69888 
27929 55323 
48874 71444 
36490 64605 
24040 51633 
59022 63296 
37268 37584 
65781 67118 
70324 71391 
35835 66184 
33084 52289 
42137 54987 
63480 66425 
46040 46055 
60618 69542 
44432 54037 
71259 74026 
15642 52249 
31626 64327 
26727 63926 
28694 72292 
54138 58020 
56872 60032 
39672 40605 
41075 71772 
11861 24646 
27703 52740 
12713 59766 
63556 66801 
58153 59130 
25711 71621 
27872 44448 
64433 64866 
19176 60557 
38731 46955 
5295 20272 
34875 68979 
53490 70449 
38679 53095 
3307 40274 
68595 68940 
28485 70665 
29963 55000 
5420 62613 
65280 66811 
46906 71900 
56317 73469 
16168 38561 
34727 72985 
47140 59793 
11981 20472 
10471 51573 
37853 59310 
35587 74419 
49873 66417 
22430 64162 
50528 59966 
56232 64643 
2957 63537 
66740 74980 
31488 46069 
22691 49062 
52539 60793 
7726 69112 
66764 67778 
28510 65588 
22754 66844 
53771 71487 
61642 69615 
15666 71652 
47907 64723 
23672 44332 
54842 65104 
29187 73023 
28171 69247 
5913 62315 
12230 48091 
10950 29283 
22010 47456 
13361 53651 
23101 57266 
53172 56658 
27119 51432 
23321 48296 
70955 74876 
73339 73493 
5347 36628 
57793 73451 
37377 65932 
38781 61603 
58131 67232 
43123 70059 
56542 67383 
8026 17817 
51295 64595 
49891 53309 
28533 35145 
47566 55403 
24054 35631 
61798 73632 
15992 57553 
40554 53973 
61061 63288 
15124 36132 
22567 73478 
29794 53015 
49013 57783 
20278 47123 
56975 59162 
65160 74342 
68346 70234 
71930 74675 
45963 61100 
12268 47181 
15511 48969 
25385 57221 
51635 54283 
39814 49318 
73975 74789 
13150 31481 
48044 63308 
46860 49823 
23450 46352 
3575 55082 
52541 65620 
73153 73890 
62957 72838 
17628 19565 
74315 74715 
74270 74653 
20432 48235 
10895 29382 
2726 3789 
36728 61849 
64221 69805 
60892 63185 
10222 52893 
40771 61790 
72974 74146 
32288 48637 
51102 53475 
5289 52863 
22891 52756 
50648 55510 
63792 71683 
15138 55764 
72717 74350 
62673 64176 
72357 73489 
44308 47562 
48146 58542 
60535 73837 
1640 46668 
38366 44402 
8186 74734 
71626 73040 
71480 73940 
2880 69442 
48683 71089 
54448 63437 
7282 45389 
74737 74855 
17240 22653 
48035 72492 
10483 32009 
31332 32743 
33924 49443 
6000 10193 
71091 74909 
5698 13615 
62935 72527 
73613 74964 
47641 51892 
62869 74247 
11687 15543 
30632 65865 
38801 46424 
2183 61246 
26180 58861 
68295 72087 
51976 65004 
58802 65297 
22815 47130 
40976 63532 
15458 35132 
45682 49012 
66666 66758 
38871 40212 
46643 60718 
63828 73870 
33957 41046 
5979 67957 
68378 73583 
35648 46098 
48595 51711 
70549 74933 
66372 67497 
52801 72687 
45454 57921 
41632 69093 
68954 69839 
65731 71462 
20536 73636 
17633 73582 
47758 64696 
20817 45548 
41929 59266 
57310 57731 
25678 48280 
1330 52315 
58362 71539 
27619 36988 
53864 57372 
39912 54880 
61286 71319 
62413 69592 
74328 74464 
3608 35889 
12103 29239 
33717 55187 
15991 30656 
20279 71165 
7192 19389 
24447 27217 
60188 65566 
68118 68638 
61878 71647 
67760 67876 
30615 34413 
682 65070 
38153 54633 
12901 68390 
25003 73343 
10829 12576 
6681 47770 
68826 69424 
16142 42979 
74378 74948 
42242 58803 
8506 32886 
23231 55313 
24980 74481 
18862 72967 
19188 23991 
42107 54223 
10236 35364 
10603 63478 
49065 61507 
34050 52587 
59291 65992 
63168 66865 
72388 74304 
45730 56401 
64687 73125 
14756 74161 
73806 74309 
52920 66314 
55775 57433 
70953 71522 
55379 59463 
46698 53243 
58638 61782 
23150 64704 
34035 65239 
59692 60316 
71865 74198 
37476 39289 
47844 62801 
40258 63118 
20810 43039 
39782 48664 
24425 41942 
36753 47282 
39038 58276 
3251 34371 
50686 56333 
32101 65463 
72845 74335 
21934 34138 
61306 65320 
57774 60165 
8203 51851 
38333 40359 
37054 61634 
13311 18044 
48021 56640 
15256 45493 
42289 58921 
63110 73394 
25720 50385 
19761 72353 
43628 51817 
71445 73945 
47477 73316 
22927 57122 
53899 58941 
9392 48440 
40737 51808 
68027 70507 
2394 58674 
41722 53309 
48951 52017 
57746 72195 
10518 43584 
62479 72434 
6112 73492 
58646 71722 
34463 39626 
65561 70629 
31246 66997 
59059 60257 
57487 66417 
70732 74678 
72386 74062 
41103 70461 
28845 46136 
52819 60378 
54462 63275 
66363 67213 
66055 74641 
73762 74810 
54223 60067 
34316 51454 
11350 56474 
70201 73641 
15845 60643 
43164 63280 
41407 44327 
29584 29897 
70543 71181 
9647 11347 
46640 72574 
23581 48632 
3286 73910 
15267 24247 
25165 69555 
9892 73454 
34222 36806 
15024 20023 
67046 67944 
53198 53681 
74848 74980 
7779 48970 
3452 57553 
11464 71833 
38074 68558 
31723 57637 
9428 9444 
43538 60384 
30188 74232 
52561 67954 
72619 74261 
59923 66091 
56384 74454 
37120 64020 
55232 65236 
2160 59707 
5491 17844 
17866 56382 
8505 10917 
68050 73426 
8354 56610 
57724 60690 
21422 66587 
19780 61487 
7970 8578 
10741 42869 
68537 74029 
35628 66474 
33196 53122 
69763 70236 
26782 37083 
57777 62944 
36970 56130 
73183 73271 
31799 36905 
31910 59685 
41360 44364 
54615 55401 
12738 42873 
56280 68777 
74176 74240 
20814 71471 
34286 56514 
3515 38647 
16877 74736 
11396 39059 
67152 73793 
6445 68480 
19703 30448 
52092 72954 
24916 57962 
7951 64935 
60571 65595 
11809 70113 
64209 73099 
69226 73898 
15352 45570 
48826 73683 
23290 65529 
47706 60710 
12823 14780 
32069 55850 
19760 68511 
13925 60538 
7544 43114 
16142 40679 
26994 66338 
28231 35576 
18113 74486 
58553 73491 
72910 74548 
23987 71532 
36224 72322 
39693 52624 
13922 63797 
45534 73038 
11554 16716 
70501 74094 
17175 36589 
39713 49306 
4684 61669 
72729 73898 
25143 43496 
60007 69327 
26196 71200 
40711 61246 
21950 73255 
45909 46068 
54226 68287 
10557 19919 
61356 61538 
34900 72722 
23170 27226 
18763 36583 
44808 64579 
1929 13104 
52530 70151 
26799 41976 
63114 65325 
15682 20125 
31577 61464 
66497 71432 
40750 47208 
19218 26410 
64324 71943 
18592 43895 
73117 73677 
72150 74279 
45659 68128 
67874 72091 
42139 65965 
12999 37323 
11231 72114 
42576 70888 
41100 44290 
39981 67887 
16428 72628 
5167 59090 
23520 47466 
36304 63315 
38283 69019 
49002 54713 
15052 73499 
2349 7582 
14578 23779 
73810 74528 
21656 35717 
8530 27597 
47965 59072 
25270 55638 
51508 55986 
48111 74452 
69593 69811 
19203 43036 
57084 70508 
46342 47511 
6151 54874 
33710 51582 
21410 47013 
11166 41485 
51307 58680 
40872 71656 
33257 47550 
16041 52402 
68887 73987 
66843 69113 
48826 51776 
27170 65367 
72952 73785 
789 43703 
47111 73068 
10934 41658 
70777 71189 
58997 60458 
2951 69387 
66110 73920 
61572 72797 
6676 9137 
72327 74561 
13960 23062 
74403 74720 
11015 41639 
40560 55769 
38551 63883 
3171 5152 
48462 71253 
25394 34554 
12105 17183 
40659 45960 
1961 39815 
48686 74892 
49848 71591 
5691 36203 
54834 56825 
6251 55341 
57819 69683 
69982 72423 
840 11675 
59137 67332 
16878 70076 
23243 62486 
66730 69165 
34222 60321 
44010 56010 
53026 67131 
38966 40116 
33122 62754 
35030 52720 
13499 62355 
64245 69274 
39104 45218 
22040 64815 
11298 22368 
62287 62833 
46009 56251 
28436 29932 
10893 26168 
60211 62877 
31891 46007 
670 3910 
39556 56502 
45198 61871 
48510 69310 
22473 37961 
24307 71488 
29112 55695 
45640 50130 
20595 41718 
5824 18513 
37860 66097 
21537 25517 
3520 61388 
57916 68635 
30444 52513 
57021 64531 
40609 61874 
59333 65083 
16056 68353 
36163 45066 
72354 74389 
27661 31266 
50567 58719 
74704 74990 
16781 62062 
27897 52284 
54362 60314 
59416 73448 
10247 66054 
2749 7189 
11461 68196 
15182 23956 
61607 73517 
43486 56902 
27547 40908 
22048 53481 
15545 53104 
69579 72412 
13542 20132 
18934 47331 
45275 52602 
46478 66600 
49200 74240 
40406 67515 
56713 69822 
48707 66452 
38080 69802 
60045 73000 
43743 67992 
40431 61037 
38019 42854 
45938 63891 
25177 42206 
15948 23375 
64158 65611 
42815 44117 
30855 74025 
26560 42703 
6499 39653 
50106 61823 
73151 73706 
54049 60292 
4383 42487 
33485 43746 
3491 67011 
29201 71530 
22204 61154 
1621 45835 
588 24107 
9476 66127 
10764 40393 
61602 72478 
45650 52476 
18860 45455 
38327 71788 
54521 73613 
8253 63524 
50169 71066 
25856 28103 
63190 70329 
52831 72780 
1314 58207 
59492 60861 
38060 62745 
39840 63335 
65542 74312 
38379 40974 
18771 26643 
38383 50904 
50352 72140 
24658 63700 
44073 62175 
40060 69226 
6375 15353 
68237 68531 
53719 71061 
57007 63735 
73805 74259 
51021 65683 
9595 39276 
67774 72356 
18941 57747 
31689 34584 
35806 74808 
35482 69583 
16222 72384 
64184 65901 
26151 74658 
53898 68126 
73731 74884 
52460 57483 
16059 71963 
50606 56251 
3315 50004 
51279 73714 
30363 46462 
50731 66007 
47064 67621 
24861 30377 
71250 71413 
53533 59350 
45109 71985 
3446 25596 
39765 44553 
47625 67954 
9176 25293 
36870 69751 
36634 42468 
13328 52373 
37785 62892 
52883 59331 
63210 63944 
71216 72552 
28194 43675 
41970 58765 
8545 47029 
39116 59248 
10989 15738 
31498 36401 
52304 65180 
31518 56807 
66023 69262 
19425 37440 
4016 61234 
29664 41699 
35578 36497 
6694 17715 
27190 64924 
24201 57577 
64113 68146 
45906 58979 
26571 70304 
39260 50340 
73846 74156 
57361 62860 
47231 54349 
45568 68173 
66464 71851 
15927 16856 
4688 46254 
53619 62264 
54133 63006 
13892 67894 
50611 67953 
41231 58655 
42359 61744 
7873 33831 
14891 36348 
67694 69027 
63070 66081 
16723 33872 
26305 46854 
22099 36282 
37198 53232 
52424 70242 
65722 67766 
69169 71365 
55341 68684 
13204 17421 
17909 56132 
72878 74975 
27416 59534 
42934 62334 
74737 74807 
24957 30105 
37961 42463 
5651 48408 
41375 67449 
14551 46956 
74152 74915 
68419 73104 
41126 68606 
14632 23886 
57079 65006 
21589 41749 
51401 60618 
19159 52284 
26855 43333 
49949 56926 
59519 71726 
56281 71886 
10517 58450 
63910 70657 
44271 70505 
53620 64988 
2246 23564 
36235 58875 
32156 73267 
68705 73964 
23831 39048 
22477 57089 
67086 67278 
16925 46656 
53454 70341 
36116 68164 
460 12443 
39516 63043 
53278 68665 
62074 74278 
19271 70962 
65129 70827 
45985 64497 
48571 64150 
73114 73458 
47696 59429 
67793 69008 
73815 74655 
14646 48879 
63308 69060 
61245 66798 
30874 31562 
50501 54071 
54570 54665 
12071 43804 
65212 70212 
2979 40194 
20950 68760 
28123 59024 
34941 54602 
20291 47533 
70444 73577 
57084 74249 
52879 72413 
66519 72985 
46196 56629 
14979 16348 
13281 58033 
18836 44548 
22118 25311 
58433 58898 
17460 39053 
46355 55237 
56038 67936 
17688 43173 
17055 22775 
38590 65852 
70615 72627 
11820 28406 
18510 73507 
54778 60089 
64596 68856 
39546 54669 
61271 62045 
59735 60824 
42947 44360 
64625 70228 
27307 62397 
2502 29476 
62574 66853 
23017 25963 
67046 71784 
44073 44389 
9882 56995 
73512 74729 
51538 60080 
49160 70479 
61456 64007 
6333 55508 
18228 24488 
31341 74061 
20788 46841 
68778 72956 
17916 53620 
32709 59050 
41316 43237 
61557 68998 
49200 73465 
4189 63221 
7188 25634 
16351 50513 
14323 27000 
17581 60194 
60055 71295 
61072 68575 
43854 51790 
1988 52170 
40990 66908 
14266 42401 
63149 66221 
50671 73424 
8393 50969 
33477 40435 
43019 71878 
64814 65372 
68834 70249 
35740 72919 
23433 31989 
31377 48605 
15807 43240 
67352 67943 
2267 5072 
4696 65377 
32695 71619 
45351 46971 
62428 65432 
50577 56659 
25 12489 
66321 72699 
26671 54389 
10976 28625 
67152 70284 
63524 72761 
852 62068 
61146 63815 
38287 47992 
17055 21398 
37103 37602 
13192 34033 
32612 42205 
66401 67639 
43200 70547 
23997 50153 
20615 25176 
29692 64637 
65744 74341 
29918 30675 
30745 53051 
12970 51581 
64744 69429 
54577 60363 
56064 72559 
3809 49616 
72535 73082 
7059 18967 
22304 41740 
23910 38123 
35467 52098 
27459 69486 
53504 61578 
37625 46639 
15527 57165 
14380 44614 
71690 72673 
37607 58072 
1053 13613 
18790 27708 
6362 54768 
71317 73106 
35734 39843 
43868 51177 
61947 63282 
7450 41130 
63225 67382 
51857 70633 
26197 56729 
73017 74359 
5653 74456 
71148 73040 
38452 42364 
18732 20350 
39553 66868 
577 36302 
20530 51243 
11166 18403 
28081 35048 
24612 40027 
21617 48095 
72394 72614 
38597 54365 
67221 69013 
10832 56653 
66844 71688 
74630 74773 
59380 74076 
22178 48353 
69117 73962 
63192 70915 
23721 61944 
8053 53411 
48351 50860 
6232 42113 
3835 40418 
36397 69395 
22994 30652 
27745 64549 
35461 69100 
70752 72072 
57498 58960 
69177 70687 
1765 37720 
14068 61905 
14712 72960 
22096 41956 
61147 61336 
64339 70633 
70877 74356 
3889 21898 
43273 57190 
2322 55746 
26479 66846 
14388 24280 
37031 53418 
257 15907 
1294 40086 
70915 73662 
49608 52811 
45561 52398 
57386 62235 
2920 46488 
24065 53772 
72043 74896 
34810 54910 
25810 54777 
61337 63396 
46015 67981 
31648 53073 
21996 47628 
43247 47737 
72858 73062 
1693 54094 
22450 37623 
27822 35557 
18552 55051 
32482 34268 
10156 74280 
14148 42021 
37265 54026 
73761 74212 
23250 65352 
2311 62484 
73627 74683 
74105 74543 
57655 62354 
29188 51599 
9016 32700 
32858 33080 
6209 26069 
37168 61398 
50545 64120 
2784 57648 
56805 60521 
20433 47065 
67257 72035 
23344 26592 
33245 40318 
43778 73272 
39860 54406 
5280 65475 
7171 29152 
60100 68406 
53702 65254 
33918 52874 
70340 74177 
52709 57839 
893 9985 
31565 36031 
38688 50681 
49610 57130 
28041 48043 
50828 52916 
27433 39503 
68075 68136 
51764 66121 
45394 73957 
64709 71860 
56242 70959 
34783 39625 
38392 41841 
58381 58609 
73615 74526 
70330 74240 
48593 56895 
11526 32255 
12858 63664 
3383 26157 
39714 71903 
9061 67377 
45564 48819 
7948 20225 
41942 59166 
50605 59670 
74853 74977 
4387 42365 
70940 71566 
7095 64563 
2384 7270 
8339 37942 
67851 69511 
21897 52499 
376 44190 
38372 69249 
40417 60797 
29010 62680 
68361 71728 
70679 71631 
33898 55748 
15887 22472 
9488 24651 
17000 35850 
34111 62565 
40183 45748 
30807 45425 
44546 66246 
28786 63610 
49566 62760 
13086 29655 
7344 67528 
1510 13739 
4724 39606 
24528 28113 
59744 71557 
57513 71757 
19194 73320 
43978 53529 
65290 69827 
11317 66960 
44197 61845 
2748 21556 
70471 73497 
1907 37609 
60836 65911 
59720 61366 
32360 37577 
11278 42220 
21090 35122 
2040 63202 
23939 51532 
15952 66836 
49521 72921 
65899 68324 
48759 68873 
57329 68451 
21231 56239 
70252 70969 
13179 64535 
44035 70706 
1707 2186 
60397 74625 
24223 47885 
35116 74348 
7278 71269 
789 45228 
45640 46073 
24216 40352 
41042 66866 
12670 21321 
72680 74418 
59712 67415 
31639 45682 
12029 24087 
2062 64739 
68408 71216 
56462 68251 
63139 67941 
33727 47037 
31874 40538 
72810 73016 
21978 32576 
25531 60258 
67399 67632 
35904 54996 
22983 66546 
48807 73843 
4015 43388 
50900 58072 
69117 72292 
23427 63761 
34750 69388 
20428 27013 
15444 37537 
2124 5138 
55746 70107 
54939 64722 
56548 61634 
18770 45378 
55621 56679 
15495 22552 
15399 39039 
5560 30408 
12655 48079 
109 50952 
414 24765 
32035 43665 
30030 53020 
69043 73265 
72220 72986 
62008 73963 
27957 63499 
20499 66292 
39973 54904 
9812 48263 
59248 64053 
3008 28354 
5350 46560 
10652 13324 
8763 40246 
50099 74309 
33147 74755 
70986 74903 
74758 74785 
73828 74001 
48058 59790 
56853 71056 
20275 66862 
61389 68868 
31738 48692 
57427 67884 
63651 64310 
8906 50425 
11804 34911 
61552 72472 
50616 72166 
3837 7172 
199 66602 
1042 50955 
54919 69028 
70693 71890 
67204 73512 
71689 71911 
54565 58002 
38059 46771 
29777 61988 
21073 44728 
48816 60297 
29852 35108 
12445 28657 
4005 10406 
40986 66273 
13213 22196 
47387 68011 
74258 74311 
14691 44083 
49042 68980 
13424 67091 
2212 35617 
69114 74462 
28550 38863 
65696 73366 
53927 71406 
31445 68667 
11696 38107 
17929 21044 
8691 16245 
26432 29283 
66714 72865 
65463 73908 
17615 53498 
18898 70742 
62900 67351 
28238 35045 
39426 40009 
72963 74837 
55988 63282 
7100 55984 
25106 26208 
39767 51977 
5370 41229 
22191 58412 
35163 60313 
46924 47436 
53896 65676 
51679 72448 
45477 48740 
54133 55691 
52776 53895 
66791 67980 
53198 65964 
28610 61454 
11423 68538 
45365 63762 
73554 74964 
24853 69818 
70760 74959 
48797 52459 
58203 73324 
11466 45831 
47536 64522 
52774 54857 
44466 70333 
54797 63749 
58262 67059 
60094 69155 
35877 43988 
1841 15368 
72003 73001 
66616 67384 
38051 74066 
61536 65409 
34531 42467 
23215 56466 
13416 60362 
11076 39978 
70595 74557 
49813 60208 
25307 69914 
52823 63926 
46290 50897 
65624 69854 
74022 74185 
41739 42705 
12144 45481 
74906 74967 
35314 69341 
37675 54115 
54890 72793 
55806 60957 
52058 56153 
44711 74348 
73900 73974 
73875 74572 
63195 72875 
19533 38908 
35659 60716 
1121 51079 
32928 44380 
35494 73891 
68447 72623 
36211 59647 
61391 73844 
27019 72540 
3317 22342 
62973 74482 
36381 60592 
61693 64165 
41078 48819 
58351 71706 
40168 47984 
42277 43493 
14226 34753 
1280 23708 
29322 63621 
7351 49754 
19449 43160 
2477 69482 
68546 71289 
68932 74771 
29203 72362 
45333 55398 
46615 57397 
29810 65562 
72444 72588 
74646 74937 
50320 61446 
6219 47106 
35321 42386 
45011 59123 
24712 32057 
9730 13117 
16309 57888 
29663 45676 
62658 72944 
66540 71590 
70599 71810 
60675 64240 
59265 74192 
37659 40903 
72502 74720 
14419 48289 
26249 56252 
56187 74681 
215 26319 
70654 73911 
53385 65583 
44270 54280 
21229 62269 
67605 69425 
62704 66456 
42669 61785 
32455 51665 
20547 44527 
45147 54084 
9921 18146 
74032 74204 
27130 33793 
67116 68526 
14963 33576 
15136 23553 
65140 73875 
5073 22736 
1183 14467 
24251 38870 
63130 66682 
28272 42893 
43180 72249 
31485 44465 
36145 45115 
10425 54354 
70083 72010 
29898 60335 
71591 73045 
61012 64048 
2410 16802 
67903 72103 
11230 33743 
45355 68875 
40046 55442 
34377 50445 
22457 53554 
31927 74774 
6892 61759 
6020 8440 
32376 42615 
34054 48728 
60317 61088 
9275 72189 
70662 73315 
54469 66445 
48674 67013 
1774 52270 
29616 34947 
49142 54029 
32046 61676 
74449 74807 
51308 55303 
45469 63619 
2373 58775 
58999 59231 
56396 59760 
13497 35907 
70613 71467 
23187 30789 
49556 59595 
29274 67062 
11721 55072 
2651 36116 
68184 68534 
26030 40037 
33405 62608 
54883 58643 
56561 69484 
47497 55792 
74455 74628 
44178 71251 
39474 47562 
37239 54254 
62133 68866 
60344 63688 
37868 44226 
34365 35859 
71806 74669 
46198 70053 
52662 67949 
66921 74043 
52232 61171 
24472 34972 
52866 58903 
19923 67331 
13781 22855 
2062 70367 
18463 63785 
52649 60234 
20435 22483 
18120 30783 
5423 10616 
21916 28710 
64191 74311 
59703 70202 
24218 34644 
41843 67683 
49263 57386 
55666 69980 
54049 69113 
45661 60823 
73074 73844 
5991 32565 
27711 59071 
10416 45731 
64510 72052 
34442 66236 
14247 49425 
2457 11111 
65704 74341 
39613 46645 
17459 65805 
21669 31095 
58087 73814 
44216 60283 
66477 71434 
17862 54051 
73684 74340 
8301 37976 
50875 62943 
43596 61374 
33012 60019 
5515 30804 
27301 65007 
30172 52169 
46254 46549 
36119 40901 
63652 68401 
14366 44405 
34700 63401 
24922 30960 
4323 72534 
68562 71237 
12619 68612 
58818 72429 
65329 68824 
38458 41946 
67527 71884 
18004 52301 
20731 30536 
72431 74418 
20168 43657 
55172 61716 
39344 54719 
46020 58045 
22220 65298 
30371 49551 
4729 33921 
15740 37446 
68385 69646 
28685 49121 
55034 60271 
48852 52956 
1009 55822 
47227 71195 
11823 66373 
36213 48700 
45506 47807 
44296 71217 
13760 74778 
33408 50930 
15449 24596 
34394 43831 
5212 40651 
28845 61742 
57100 59170 
42490 71503 
54126 74986 
65820 68685 
43029 52685 
48310 52019 
29016 33338 
68760 72375 
26767 72699 
12849 57143 
14695 17793 
28211 72822 
1990 68190 
57041 67402 
19380 59522 
4015 34006 
72565 74029 
4390 24794 
22618 23543 
51186 68532 
71740 73736 
49812 61887 
53731 70092 
7866 11304 
30666 39195 
36430 56685 
18447 29310 
12361 30246 
56496 68293 
24404 26632 
8324 60216 
16719 25444 
59965 66191 
61286 67473 
23728 32725 
61173 63409 
39574 39856 
8841 39745 
53529 68363 
41521 56282 
7635 70273 
60707 62645 
55578 67178 
52325 74961 
12562 70466 
63693 74909 
10152 25134 
46090 58374 
63962 67223 
16399 64278 
53380 67837 
39366 46152 
74294 74978 
61956 70242 
45805 52869 
42712 54700 
38309 49151 
22659 49062 
44771 45363 
67625 72080 
52440 58317 
47681 66125 
45611 50475 
51089 51276 
5347 64533 
47802 60838 
6355 74740 
27410 38157 
9071 46531 
3729 70340 
22072 74536 
53658 72132 
70993 73378 
10141 20967 
35469 39811 
66684 74371 
21050 49512 
63942 72250 
29624 69231 
30975 53619 
61057 61905 
61256 68851 
63129 72493 
40966 69753 
27499 49670 
2596 37174 
43860 55483 
11656 23264 
26643 64454 
57068 66297 
15699 25098 
21155 29058 
58544 61946 
58738 59687 
11327 60588 
25949 35843 
38014 69457 
41314 43917 
55386 68517 
34705 52532 
6240 25602 
4338 24954 
34072 43210 
62941 68827 
23900 67401 
56621 69076 
7169 52634 
74913 74997 
65880 70282 
68286 69766 
57739 59647 
25881 55081 
42310 43542 
6676 66434 
46603 47452 
27897 55969 
49737 71332 
54167 73669 
73097 74392 
65341 66843 
34421 57183 
26856 68243 
66209 74629 
20226 20685 
14022 30969 
54111 67055 
17977 26670 
32795 47590 
61580 63513 
62030 62796 
44946 63166 
18589 46410 
73583 74494 
36928 51531 
39582 44146 
51931 68230 
30818 68962 
30006 69228 
58904 65854 
1858 10931 
70581 71247 
64997 67692 
18315 61598 
72130 74962 
41627 68145 
16404 64924 
57408 65899 
72857 73111 
66151 70099 
42869 54523 
58737 66253 
26054 50186 
7957 24765 
25245 44748 
39022 48920 
34112 66051 
19045 72592 
34144 63545 
22706 33762 
23597 71263 
3556 46125 
71114 73348 
40327 43313 
66365 72475 
60423 71869 
54364 59776 
49508 66453 
65573 71476 
63030 67392 
17767 22463 
46073 65485 
44233 59494 
25050 50700 
32685 44606 
38058 69026 
16580 31161 
53791 71267 
5806 46157 
61851 73521 
71788 73381 
64502 68574 
11163 23679 
65173 65510 
13005 68881 
42067 45554 
341 8917 
1170 14888 
60338 70208 
47628 47881 
11629 16584 
73685 73968 
4877 66961 
31419 45005 
37586 49776 
44139 47955 
5810 72905 
64088 69945 
63777 66857 
13068 17599 
44309 62297 
28860 73387 
54369 68968 
72251 74280 
63313 68976 
14338 65031 
33717 45418 
5319 36151 
65921 66390 
22676 26129 
23925 74550 
7502 26662 
34753 68760 
11231 64815 
34249 52611 
50523 59211 
58770 66546 
24458 70490 
37223 74157 
9370 54658 
55909 66822 
64864 72330 
24356 42608 
44407 45836 
8250 73544 
60181 68280 
36919 43012 
49603 51461 
39080 49672 
70667 71427 
71707 74402 
35575 71439 
28556 29531 
17620 56216 
42012 67787 
52765 68242 
20201 30799 
36220 57750 
69119 71811 
42912 48433 
63118 73904 
15823 21903 
54181 70617 
5472 69627 
9818 65506 
70844 73785 
71597 74903 
12508 58059 
11881 51581 
59574 74540 
39269 43274 
47466 60235 
23210 26214 
50689 61983 
66870 72748 
40293 47063 
2864 38864 
29490 38034 
69906 72736 
37237 52063 
27750 73045 
9557 23230 
60410 69897 
9875 27082 
47848 47915 
57393 67273 
23349 73866 
58578 60647 
5638 74990 
9824 50900 
6212 13975 
53643 68293 
72082 72174 
69830 73736 
47517 69147 
44481 48602 
16910 74195 
71462 72079 
17549 65334 
40155 46496 
50813 60325 
60299 67032 
73359 74104 
7075 50496 
62432 67068 
26669 41025 
18624 22876 
24689 32766 
39177 54736 
6759 73828 
7263 58097 
24655 72109 
52034 52484 
7685 42857 
61193 64966 
29251 55550 
49493 53287 
4992 17188 
51271 71783 
14808 56891 
21752 67310 
65552 70651 
11425 57363 
11243 27019 
8462 10885 
56537 59236 
16079 68603 
52115 54812 
23840 38011 
70493 74959 
55235 64475 
37497 37619 
46420 53648 
47362 53932 
14746 19951 
64370 69172 
6848 9143 
59752 67829 
50311 69130 
63745 65776 
46857 72830 
63005 71274 
18920 29242 
16634 72254 
2179 64818 
74480 74957 
34774 60284 
63506 72410 
71782 73096 
11302 72452 
4720 69288 
51821 60805 
62659 66877 
1509 60323 
12293 33253 
56472 60067 
52398 71521 
9226 24288 
34328 72385 
51435 63637 
70862 71142 
23299 46494 
12129 55080 
42806 52444 
18902 70490 
69824 72205 
31377 63981 
20127 67105 
9686 21842 
59933 65140 
12694 30511 
37104 71327 
7904 31640 
71956 73215 
47307 57554 
4140 25755 
65829 72097 
62558 66506 
45391 55752 
29021 59823 
60201 74546 
12206 47997 
37734 71685 
55511 61075 
9234 30652 
72504 73728 
10149 40031 
59840 74414 
16337 27045 
19172 47849 
33693 62299 
32720 43073 
4633 45609 
66001 68681 
38416 50583 
18595 55912 
26129 26884 
74319 74629 
46450 59866 
53432 70155 
642 10466 
66955 73902 
71424 71671 
54291 55625 
2773 19083 
32885 64503 
40376 58981 
70073 74098 
37200 53890 
50829 54974 
67686 69572 
67664 70191 
36637 64189 
63156 70556 
64160 70079 
72120 72498 
30893 64243 
41091 48682 
18281 35192 
18557 51143 
32402 48279 
74627 74937 
37829 56219 
62832 66423 
23507 69072 
16360 25236 
26723 48060 
60124 63498 
20480 48584 
61766 63256 
30436 31072 
4620 63313 
42559 51229 
31859 59981 
65979 66900 
47744 74068 
28176 57504 
37877 58935 
68526 71900 
16022 57453 
30144 30565 
68647 72510 
43116 57019 
33157 59630 
4218 31960 
46538 57689 
8484 55591 
37183 40382 
45909 59246 
41180 60861 
8880 13050 
38902 62385 
5668 55219 
27717 43790 
42615 70861 
26866 46250 
13173 55453 
37839 65287 
18580 67372 
71983 74565 
34751 58911 
72581 72888 
41866 43009 
30694 34840 
27910 46048 
73634 74382 
34462 40746 
47019 54544 
28978 74864 
17287 39877 
4453 47938 
11053 40429 
63307 66343 
71379 74699 
52510 54609 
62957 73069 
57673 74105 
9403 30691 
61122 67508 
8853 28225 
7514 10823 
52363 69967 
68846 69952 
56007 72690 
21517 38414 
7939 13594 
4692 13893 
58537 66556 
19774 48129 
36712 51051 
16749 69371 
38592 42584 
37126 53658 
19668 44741 
4190 34602 
19149 26258 
20425 69387 
66798 67066 
11184 23888 
16408 52307 
18550 58775 
38066 64908 
8149 72863 
59389 61733 
35462 65500 
34794 65058 
16732 20576 
5965 41928 
70029 72066 
28523 70590 
4847 49974 
37297 42859 
28478 54229 
16420 73277 
805 13797 
15478 62929 
55021 60048 
14015 26201 
12497 31063 
18148 66405 
60945 68800 
33384 52972 
20661 71779 
6247 71612 
19690 24596 
67790 70440 
13104 49801 
12165 66197 
62452 67758 
70491 72378 
65409 73709 
29010 63509 
17932 60474 
17992 68763 
19125 70282 
11608 38221 
39591 42397 
68232 74756 
35135 59366 
66145 72297 
29205 72563 
6590 67379 
46461 72751 
2304 20478 
31620 68949 
64496 73779 
66148 69456 
72967 73983 
74182 74768 
44672 61080 
7958 65436 
1731 5116 
330 26094 
38576 46214 
65524 65878 
41117 60564 
12559 27409 
66179 71098 
25357 34810 
22102 45353 
62776 66239 
19476 31895 
31905 49242 
64436 69387 
60155 70737 
62414 74659 
21223 74625 
11998 50581 
47194 53133 
73639 74240 
34489 49271 
37714 63259 
10297 54791 
74323 74475 
33627 50127 
6333 43006 
56993 68541 
72139 72570 
74174 74815 
71461 74536 
8208 61513 
24057 53288 
69014 74720 
937 10496 
8196 8322 
22015 53599 
48721 73076 
33603 45209 
29931 65603 
837 30070 
36103 55123 
36610 37598 
22150 32468 
30177 74200 
4479 15966 
35756 36264 
47947 57563 
52975 68062 
23118 46870 
7478 18156 
2156 57140 
22724 60527 
28683 74618 
6535 52172 
15506 51231 
37907 61200 
25775 73351 
56684 59523 
603 14847 
69728 74587 
22203 61316 
65112 73390 
67415 74375 
9705 30171 
44817 69075 
68209 72620 
63002 74192 
17201 30809 
18247 20618 
48617 70542 
35982 67849 
32716 58186 
19187 42021 
19830 68790 
25424 40936 
51035 55885 
66359 74066 
1452 60513 
67764 73107 
44874 51999 
2552 68461 
3036 13691 
66779 70519 
68490 73279 
1032 65129 
49811 65296 
71816 73904 
15924 64221 
57861 71605 
6459 56919 
73711 73992 
61523 73108 
73074 74269 
72974 74763 
44246 46309 
56121 62628 
39190 48819 
41041 48815 
36568 65719 
42586 64508 
18486 74574 
7228 44309 
24632 52761 
10176 30224 
32887 36870 
21453 28759 
54719 68610 
40295 45578 
15986 69947 
60945 74584 
40872 43304 
3010 17091 
39273 64059 
17128 54302 
67148 68975 
37805 39459 
53775 61414 
73210 73642 
4609 13049 
15253 64344 
34437 38587 
80 1362 
64900 74157 
50632 59611 
71641 72432 
8670 58287 
63029 66087 
68872 73912 
6832 17594 
62982 74466 
58866 65838 
69918 73106 
11643 13609 
9542 56483 
49800 71200 
38211 57160 
64665 67755 
6625 35416 
74239 74478 
21910 33279 
17203 50362 
62592 66983 
21743 29734 
54914 62313 
72991 74498 
63789 72479 
29903 36310 
68880 69900 
60355 64372 
1831 65941 
22161 72975 
25418 56503 
44409 63489 
42136 50593 
59674 62317 
14035 34300 
25544 45507 
44795 59413 
24021 58678 
6877 62840 
72485 74654 
43879 66415 
56711 68933 
3840 13111 
18381 60480 
35600 52738 
52196 73007 
47792 61899 
25876 71808 
58944 67730 
8150 60512 
22975 63846 
41444 73722 
1301 42882 
62511 68326 
50878 64333 
62603 66945 
3735 24398 
31966 41981 
5579 18849 
10547 51306 
52860 67417 
4337 52163 
71059 74733 
36196 37346 
57356 74599 
62978 73047 
74154 74603 
39298 40113 
49513 55878 
33121 58751 
42478 43242 
48607 73380 
7124 55743 
49801 63147 
8762 51548 
42549 59875 
66132 71743 
20154 39975 
49695 68323 
26326 45292 
46160 48035 
21808 43018 
36865 58919 
10778 43037 
11113 46429 
55487 70199 
508 70308 
41726 52076 
73685 73775 
65485 69902 
40772 73195 
63343 73069 
66196 70564 
8281 74973 
53299 62663 
18364 51707 
33778 62779 
61986 74997 
34761 40859 
21694 50499 
66274 66551 
56874 62047 
73447 74514 
39570 74424 
57131 64759 
43144 53882 
20701 35958 
40269 41675 
5335 30144 
32583 74815 
52750 73865 
58555 70528 
2551 58291 
38323 42163 
7905 23239 
4264 64211 
32311 47848 
62179 64815 
49485 64264 
9144 34091 
55082 55317 
65010 67650 
29890 61043 
67729 67755 
10370 35077 
35815 67707 
30206 47706 
54870 73402 
15305 15846 
63512 72192 
45046 65383 
3117 29829 
28478 64334 
10011 13902 
8132 35312 
582 60066 
7341 37875 
51794 63069 
28101 69633 
3750 28958 
2556 15569 
10766 62062 
27021 45322 
14900 19259 
36486 63812 
14957 43939 
42525 69726 
5978 51228 
14785 59950 
10015 35341 
44500 54152 
31649 64340 
14240 72751 
24273 58674 
31990 50695 
5530 34600 
43370 45354 
40321 41696 
45477 73024 
10976 44653 
50837 59945 
64505 74097 
25540 52787 
3659 40403 
64794 69880 
24764 30118 
17684 24658 
4812 42745 
26891 36969 
27454 66228 
106 73934 
1249 18821 
12843 22753 
24922 46737 
11964 30426 
63756 67825 
65187 65793 
52575 71405 
3508 38178 
37157 62342 
53709 66018 
47245 51589 
7929 61612 
36747 54276 
25536 72977 
13432 16667 
27221 52953 
68942 69185 
55567 62659 
3443 10385 
32901 48742 
9816 31132 
46352 51838 
35324 57993 
54454 64727 
68090 69233 
2516 61152 
52802 69049 
33167 67056 
69481 69904 
71522 74158 
14094 70061 
27830 66349 
47742 48456 
22536 47848 
51795 55548 
64212 74227 
5973 17170 
19175 51848 
59379 70271 
18478 47078 
7841 17886 
48058 50460 
11657 16192 
45268 59395 
821 34072 
13771 32237 
37216 59052 
74321 74332 
50078 60559 
28895 43925 
8662 12652 
68328 74709 
16212 66213 
66030 69744 
63686 72491 
59205 64108 
46195 68344 
68305 68448 
34185 51744 
9108 10206 
73566 74554 
66016 68771 
39032 72310 
35529 64267 
65581 73365 
22404 45713 
12678 65754 
68767 74083 
46920 57169 
25009 36904 
67990 68818 
34775 48232 
49788 67717 
67099 74461 
23733 29309 
32104 66722 
16585 70840 
38843 62296 
32488 39834 
40875 67358 
17796 74194 
61629 71888 
10572 18745 
10839 40641 
43559 44601 
71037 72421 
17542 74766 
6435 62893 
5391 50431 
25632 59976 
58993 66461 
68260 70498 
22831 31353 
42422 44310 
5826 36249 
1643 74710 
59928 64631 
73373 73698 
47893 51027 
3934 30585 
37902 49038 
8543 16215 
66832 72595 
45394 57644 
68202 69531 
66249 72177 
1486 72145 
38694 60394 
71482 74509 
20783 52996 
22165 45630 
32888 42276 
69460 71923 
16764 50948 
62621 73712 
19 62951 
74127 74447 
42649 71666 
53111 53613 
36047 49943 
20319 51885 
12618 23123 
71128 74473 
12398 70893 
7022 37412 
54901 64894 
1111 38051 
25900 36285 
49221 64220 
35352 67048 
32086 33819 
72930 73879 
32359 57755 
14828 65597 
62143 71811 
61198 65012 
31918 39591 
35974 72202 
15317 65709 
13469 66219 
24294 52875 
73400 74331 
55486 61865 
54582 56619 
22786 33254 
47527 49183 
16567 43298 
41456 56523 
21124 28512 
43276 52289 
12271 58508 
17235 72002 
67355 72216 
27719 47505 
7605 59964 
10980 36922 
9078 42915 
68264 72400 
49434 73215 
60334 74605 
49616 60333 
15445 35151 
56953 60974 
19107 43974 
65203 65377 
74412 74426 
57385 68112 
51765 68244 
6574 73585 
26301 65107 
73639 74536 
8943 43514 
48368 48973 
12942 56758 
50461 74279 
22759 26616 
17939 39273 
43237 53932 
19130 56832 
27640 33910 
67212 72135 
2596 10450 
62074 65751 
42604 65871 
3870 51997 
34610 45466 
42956 71666 
16339 59529 
19808 22313 
54035 54915 
62257 73864 
5882 55153 
3585 67689 
3379 49132 
43628 49508 
60836 62685 
48477 68644 
67153 69987 
70419 74840 
2884 24654 
67682 68547 
56808 70407 
47153 69665 
1688 54814 
70222 72741 
31557 64678 
65722 69958 
32783 69492 
52621 71088 
5734 12362 
32338 66912 
29765 51539 
68448 69864 
50819 57517 
39081 50342 
3775 60657 
20530 54744 
20142 38389 
54362 64324 
65117 72661 
23352 45733 
51974 66248 
68559 72149 
16228 64919 
60401 71822 
20406 49296 
31537 37436 
51276 66871 
63000 64519 
52481 66140 
20827 25946 
69981 72789 
46682 71460 
35461 49720 
6649 15894 
17982 47010 
71076 73064 
36783 52384 
44319 53197 
20826 65293 
20610 28580 
18671 32023 
24733 65819 
35264 55275 
39977 40334 
31586 42568 
18772 42972 
24856 73137 
64771 71916 
20020 53706 
32682 71518 
44418 69732 
67154 70190 
53695 65787 
28452 43445 
22358 33069 
15542 63240 
68676 74477 
34029 72437 
13138 73442 
42247 74735 
63614 66143 
31076 55762 
54580 71621 
64814 71865 
16847 33138 
17768 70821 
71195 74601 
74237 74795 
24655 48399 
30312 37761 
1708 4083 
44937 50657 
10804 57882 
34990 60492 
32808 73423 
73792 74639 
23319 43021 
55288 73883 
33763 40884 
2493 39805 
5727 51091 
48126 70409 
47584 54718 
55165 71149 
42931 70198 
40472 60983 
34404 71978 
22667 41301 
12360 56234 
47589 48685 
40370 54205 
63830 70461 
58141 58984 
65831 72251 
38221 72841 
59866 69658 
56714 66328 
45592 48506 
51962 54242 
2469 62568 
68171 73287 
7875 17595 
11964 74384 
54818 58832 
49878 70061 
7450 31026 
48644 69680 
67613 70469 
24343 45221 
38286 57713 
69167 69536 
49289 53829 
33437 72197 
65544 72765 
47081 68246 
50587 65623 
16119 37549 
59238 67140 
64271 72393 
2760 42789 
60775 69311 
26317 27691 
31907 47098 
23691 62004 
3763 63074 
65247 66810 
25882 30231 
13412 62353 
36928 45682 
2931 30545 
164 27525 
11027 37322 
55482 71236 
25113 29722 
8276 32344 
33876 45672 
38006 67706 
63995 71625 
38852 56137 
14044 22522 
51856 64212 
29281 67889 
34252 43157 
30847 46248 
8769 13584 
69870 71687 
9569 54997 
21343 55310 
61045 65448 
13672 60511 
16877 58056 
50062 69395 
61776 73778 
65052 73459 
4568 20180 
30236 43363 
1991 42912 
54365 68342 
70917 72383 
50663 61135 
38836 44015 
45061 73395 
16401 27025 
25529 59878 
46283 49508 
20041 44396 
10703 55416 
40077 65886 
24309 38183 
15700 59416 
35995 42342 
44192 66609 
33966 47530 
18693 71745 
53177 62712 
23781 66797 
4027 9628 
35479 46513 
49334 64759 
7942 22921 
30304 56847 
10400 73042 
55320 70232 
17258 72201 
56878 65277 
29390 42886 
54077 59306 
56009 65680 
42650 59898 
16984 27692 
14749 24003 
61214 63123 
7571 49290 
36340 64808 
60926 67175 
65755 66709 
14173 37311 
46917 52272 
28970 33617 
42362 65505 
45303 47795 
33190 55329 
37189 41295 
46887 70890 
18914 58844 
71999 72396 
64747 70197 
58843 69564 
7814 56929 
43532 73684 
69990 74509 
46279 62708 
2245 49124 
61620 72995 
50886 56266 
41038 71657 
5140 12799 
72740 74320 
18891 71408 
60231 71110 
70320 73524 
35149 70330 
52322 59102 
59511 72332 
64581 70690 
45716 47445 
10638 54449 
56948 63619 
16442 27923 
55710 64854 
34346 60409 
23438 28815 
68695 74347 
14695 45496 
51807 71410 
6976 34681 
65181 67795 
61233 65275 
42501 56053 
50699 58877 
12363 25440 
19766 65277 
68857 71942 
29379 58216 
21266 54669 
38073 42065 
33191 51003 
24794 62858 
187 42466 
2040 39020 
5056 30952 
28472 40374 
31981 43613 
26272 73432 
57312 62377 
60402 63125 
74262 74939 
8944 66666 
36702 50642 
36279 68918 
65033 68862 
64896 71380 
37101 57508 
5254 49769 
42091 62693 
20797 28896 
73632 73633 
52309 66043 
8411 36706 
26599 66184 
3578 39533 
37616 68543 
58767 65126 
12476 59002 
49523 70567 
48450 68749 
33314 74930 
51713 53803 
72653 73019 
8793 28341 
64224 72919 
35044 65724 
39326 57651 
8769 47852 
32899 57856 
24429 71554 
34895 73087 
52842 66192 
15093 56950 
3378 59429 
43467 52019 
9511 56384 
32145 48095 
19169 26976 
70824 71048 
69072 74846 
37253 37786 
4413 68257 
35543 36349 
31394 39901 
40490 72421 
33775 34098 
37491 53768 
4427 74700 
7996 31343 
18838 22236 
45619 47301 
1774 40531 
21657 27387 
64532 68780 
40043 59598 
18442 22891 
5598 37955 
18171 51772 
5726 58647 
47328 50673 
18528 20263 
69194 71907 
28247 37902 
61265 64581 
729 33294 
2211 56305 
66426 71873 
39514 63170 
70479 73267 
54414 69900 
21834 53387 
17964 70391 
27163 55884 
59830 70704 
61281 74522 
36529 61572 
34373 56903 
56791 66894 
54203 71524 
39055 61249 
55624 71016 
2631 18042 
70553 72485 
21304 25050 
3204 22462 
60659 62167 
42766 69549 
2698 57120 
16949 49306 
36853 72289 
7629 15901 
2669 57110 
3308 31105 
73680 74534 
54177 59153 
55738 58633 
45003 60608 
62258 74320 
64659 65901 
74283 74596 
32960 35990 
32288 72203 
36874 41731 
10853 16295 
689 58684 
9066 62436 
40805 63498 
48028 67446 
57921 73606 
72664 73103 
30547 68701 
17992 47413 
51370 55074 
16410 61704 
12473 38142 
41731 52687 
31812 66724 
71354 73716 
73287 74173 
73955 74403 
13115 14423 
1346 53634 
16391 34263 
61273 69186 
66705 69232 
33041 60376 
44659 49774 
40918 48658 
73931 74623 
47202 55034 
10368 31827 
66085 72341 
24464 29914 
13513 70586 
57062 65867 
40186 57077 
43177 43203 
53626 57673 
63781 63914 
25430 64962 
74934 74981 
23472 46204 
154 56982 
30588 35141 
61700 74979 
6479 43761 
15343 30063 
4888 13231 
37274 38474 
57648 71025 
30704 46677 
8852 58312 
66196 73084 
27063 27899 
3226 16278 
46079 74018 
5214 66629 
1531 45788 
35313 38036 
63396 68837 
48958 53919 
33642 37463 
41690 52255 
58316 61427 
48569 58765 
42573 54683 
26933 27734 
63319 73763 
24080 46294 
56250 56479 
6526 25922 
26482 55939 
73373 73617 
50739 64567 
8307 27274 
22994 66338 
32409 64926 
67892 68327 
37249 45030 
14007 26865 
64837 65435 
21679 24599 
54264 54388 
6004 41133 
8143 43966 
53118 62406 
48668 54096 
26917 43637 
26685 32983 
68563 70633 
64928 65092 
24816 25333 
7114 12419 
38962 69322 
42609 74314 
44510 66193 
5675 42594 
59102 70931 
59539 71068 
68898 73416 
52256 57897 
55437 56719 
40095 66143 
56053 58957 
1644 35289 
21590 61973 
73104 74489 
43489 45410 
11352 28336 
19289 27447 
47185 71962 
36040 62171 
8522 46180 
44795 45841 
48116 57345 
3651 54225 
33552 38208 
19301 44321 
16628 41590 
46541 57244 
20514 47431 
31118 51019 
49239 50274 
37815 43174 
431 58086 
22831 63982 
7958 32578 
14190 54998 
51539 63269 
51195 58466 
27803 50512 
30480 40345 
33641 64816 
16977 71877 
50164 71150 
71639 74198 
29410 73633 
19017 21703 
18081 32261 
4973 24817 
15228 71527 
30938 51702 
23450 32418 
54533 74676 
4163 21116 
72715 74749 
54312 54731 
12000 28111 
17948 69058 
21446 56628 
38590 74009 
36656 73399 
29569 67800 
55923 60005 
60244 63898 
20620 54747 
1155 15913 
62308 68113 
46493 60340 
38092 65215 
53038 68842 
55315 70400 
71289 71621 
68478 74144 
67959 70560 
54755 65878 
41757 50490 
34786 70281 
66288 68804 
49325 54486 
62935 72449 
17876 21895 
61419 74762 
61469 70684 
15694 49311 
47151 57622 
9409 44320 
23909 34967 
4039 37788 
53808 57254 
32389 40880 
30624 48999 
39504 57988 
5046 18890 
29644 57897 
67917 73956 
73131 74339 
71567 73949 
32559 33678 
56792 62602 
48200 64723 
11521 56008 
21402 63293 
48072 67074 
43806 48151 
48964 55015 
50963 67433 
32679 58743 
20016 42480 
14241 51019 
43559 64613 
48052 56880 
3980 17516 
26272 50619 
28505 64553 
59661 61199 
74125 74364 
2044 36568 
64940 65998 
50497 73489 
17757 56154 
17626 62480 
10349 58582 
44589 57470 
5892 72056 
49299 61937 
21540 71456 
62134 70304 
19036 60729 
67213 72648 
50308 55038 
25854 45166 
24422 26564 
69487 71499 
47621 48349 
74459 74830 
35310 74295 
33355 43224 
35911 69019 
6571 10500 
26994 42123 
851 43411 
39783 50821 
54163 56815 
73093 74445 
33353 59789 
33735 73497 
2257 64744 
69040 70046 
64523 69904 
36327 39153 
56109 74337 
52007 68971 
49620 56551 
66571 69060 
7378 12045 
37662 69406 
28348 35365 
51455 54254 
15021 60757 
9748 31934 
18168 23215 
7006 20481 
19968 33464 
8201 41318 
53275 58031 
54728 62607 
31558 45461 
33584 47118 
1614 42140 
61282 74513 
40827 43653 
70416 72167 
40159 69852 
46543 57682 
37358 47518 
26710 32129 
47034 51465 
42206 66326 
12712 67684 
47033 47865 
7001 17403 
1779 24816 
57953 58591 
73088 74523 
6430 63861 
22605 41406 
70520 74805 
40700 43893 
69910 71901 
66352 67923 
36747 52402 
5367 41087 
65706 71245 
14190 31985 
20894 61196 
13406 57827 
58490 59580 
62592 74716 
65593 71589 
5332 68046 
10231 71089 
11813 32862 
6545 10850 
55383 56904 
51594 74993 
42680 70639 
22029 61869 
62656 73555 
841 64778 
58054 65759 
59084 65954 
72345 73976 
4180 21871 
59612 60705 
29086 39515 
26553 65486 
24884 59362 
33169 36827 
22967 33745 
2544 60058 
850 74031 
27376 44981 
74210 74727 
64294 73717 
26672 34445 
61267 64694 
4068 37929 
45370 53373 
29067 58464 
52910 70977 
23135 71062 
60784 61263 
10121 24550 
25097 66761 
30073 56660 
55402 73099 
9330 57901 
16323 22767 
27593 31540 
59915 63482 
54223 62434 
10062 25025 
3880 20241 
72944 74747 
30535 68047 
9181 23615 
46709 68197 
16795 34046 
63583 67644 
62021 66464 
48838 59973 
51084 63347 
4505 25378 
35141 63494 
4282 67997 
65185 71175 
64386 69292 
27757 58616 
29451 71459 
33133 67262 
44022 62724 
15953 25000 
37164 70068 
25847 63332 
14845 29152 
58341 70504 
36640 70913 
71365 72661 
61336 66820 
47816 68535 
56849 58482 
59064 65434 
33283 44457 
14577 27257 
16378 58711 
67969 69337 
56646 60116 
13808 23484 
56684 67182 
47809 72598 
37982 67659 
38476 39909 
27282 69705 
42727 68941 
29780 38108 
40022 56783 
57889 59587 
30620 71325 
37859 64297 
6973 72611 
50940 70461 
6509 36955 
35426 70894 
63990 70782 
57246 72911 
34095 73894 
22784 63340 
27540 52613 
7045 19863 
65716 70933 
49209 68391 
43360 47138 
41497 44377 
67765 73085 
45484 45948 
1636 28183 
30688 44133 
53597 66020 
38580 61206 
33507 38749 
64571 73308 
72515 74061 
43647 61104 
43111 72762 
15525 39844 
67537 68214 
13808 56191 
46127 74315 
6417 43239 
26082 55363 
71916 74558 
46266 65327 
9811 14596 
4457 40253 
69931 70111 
25887 72442 
4172 62268 
22965 67862 
63724 68099 
69433 71837 
45818 70581 
17399 23119 
68568 72890 
58803 60812 
29633 29967 
5157 44459 
21290 53161 
15599 64324 
63105 69797 
25363 43034 
60813 62001 
65862 67647 
57600 64654 
25212 65766 
29618 55596 
52389 62647 
11042 18267 
11662 40211 
44916 72968 
11051 67299 
32885 40504 
27526 43991 
4124 41586 
41750 62318 
62546 67620 
65629 70583 
67632 68778 
36559 45632 
5195 59521 
18204 45868 
39708 59702 
68867 73203 
5616 36637 
62886 74589 
11950 65752 
67409 74489 
74497 74510 
54723 70578 
23493 42182 
18476 69328 
39299 72997 
37272 73912 
2817 62497 
66823 67910 
52968 68683 
54663 73997 
20783 56981 
3542 40684 
12399 35077 
13999 64362 
54525 60392 
38558 52804 
44277 56558 
41983 58421 
11635 27344 
36560 44175 
49744 58415 
808 36602 
25874 38696 
63504 74564 
16673 48430 
9563 32166 
66590 70425 
71604 73843 
57918 72550 
55846 72729 
4255 43559 
18188 29862 
29230 42603 
27955 65442 
18989 64197 
72215 73221 
58868 71976 
24059 73287 
67583 68698 
16186 54980 
49017 51477 
68453 68495 
74139 74589 
4320 5082 
49268 60534 
51236 72428 
27812 52703 
55201 59528 
15917 62241 
34770 48679 
774 1006 
19587 22679 
23670 27177 
38615 56400 
70744 71789 
20653 49535 
11971 22868 
62779 70215 
57661 60906 
45467 54606 
16425 26741 
40351 49976 
18225 69578 
47369 68716 
29532 68736 
73873 74229 
64291 70109 
58348 63244 
60455 64613 
51900 54170 
10059 50704 
4403 71438 
27300 46717 
25891 36456 
1168 37981 
27867 74159 
41811 50438 
71831 74561 
12019 20715 
18989 51390 
34486 55200 
56619 60321 
40330 73172 
65501 66566 
66310 74458 
24326 36434 
28084 40147 
37151 46035 
4747 31793 
56542 59040 
69734 70222 
32808 68666 
49468 72910 
54683 62928 
40142 56517 
49837 65560 
54437 63846 
53566 57834 
23647 45083 
23051 69100 
4167 9009 
46431 57055 
23159 27850 
59518 63323 
56421 68064 
47408 66073 
67520 70714 
56273 66895 
52754 58832 
41048 74931 
20183 59497 
71382 73736 
55464 63603 
52466 65795 
43397 59268 
43010 56013 
33653 61193 
22972 48146 
18237 36692 
5498 70478 
32543 44618 
12943 50865 
10650 39263 
72386 73729 
74523 74700 
44251 72880 
47087 59972 
72293 72927 
60315 68766 
45793 67956 
49674 59516 
41318 57081 
57342 63909 
10939 25492 
68733 72840 
55291 68942 
39775 54523 
62892 70742 
40197 46470 
28890 41057 
2342 40525 
39570 50851 
65333 66925 
34889 70601 
70788 71578 
3347 71022 
5737 56749 
15461 27732 
27641 69808 
51873 70287 
72624 74724 
25226 70744 
40779 72319 
48852 64912 
26765 65554 
42621 72073 
7568 17934 
39759 51217 
41357 57418 
64793 66797 
37724 48179 
68734 72132 
30514 46949 
38944 47113 
48374 57434 
3294 34702 
62155 62235 
44319 47575 
72434 74558 
43318 55974 
27442 45379 
61327 67541 
17558 69849 
68324 70250 
11922 70448 
69667 72456 
19638 47386 
11411 59007 
51940 66603 
68461 72485 
40989 56556 
36992 64557 
31605 33910 
16634 56538 
36995 71770 
33211 73003 
23951 50579 
72732 73159 
68298 73508 
2891 21071 
40186 56604 
52090 62874 
39666 67233 
10980 73480 
2485 45295 
62091 70105 
34208 61427 
36465 69467 
59795 69106 
8058 28971 
67211 69169 
58923 62743 
53850 56958 
42371 73746 
36040 41521 
23510 28592 
49077 54637 
38886 51016 
8818 42596 
48389 61855 
52345 56223 
13767 36133 
6260 61412 
17861 47704 
35801 39440 
58922 62544 
42016 70566 
766 47259 
18999 66319 
32033 35574 
67462 69230 
8344 70766 
65903 74984 
29013 68295 
58239 62263 
27117 30853 
40993 72564 
39480 58213 
16069 74093 
28879 34926 
66412 70927 
61872 66094 
15412 38338 
58427 69300 
57009 59572 
33436 44265 
51621 55137 
52508 65703 
28968 38941 
17523 52539 
25332 54928 
68342 71343 
58812 71736 
31645 35212 
44216 72656 
30284 45591 
13211 22365 
72916 74280 
27651 32614 
4706 22029 
50931 58188 
32683 54424 
29487 44014 
74901 74912 
27270 30100 
57643 67046 
5549 53454 
19084 43250 
44802 62723 
45790 66727 
23756 46324 
40243 61275 
13969 26091 
9741 59617 
46059 57775 
74367 74644 
57006 70054 
48624 50587 
24351 48002 
13425 34085 
67148 74909 
35800 71146 
40686 65137 
52236 56138 
41406 62080 
23795 72784 
55315 64953 
70655 72780 
14660 25117 
65171 67994 
9571 74825 
43614 73665 
41581 62983 
37848 47184 
2478 24743 
7198 16482 
68540 74270 
62506 68821 
64772 66062 
67031 69374 
9404 25082 
62635 66357 
15462 61744 
8602 35943 
24023 65791 
10253 46346 
59987 66054 
42761 65216 
53635 64447 
6933 53560 
73033 73056 
46073 74799 
32745 35881 
58919 60593 
33446 41725 
34756 67477 
4015 26045 
17028 23493 
63852 70285 
29760 57798 
21362 51121 
56739 63543 
38832 64123 
32798 56653 
16800 33772 
44161 48772 
14633 49164 
23957 69720 
35446 63512 
30903 72135 
33616 55606 
72285 74199 
51252 64490 
22347 41823 
7852 40638 
22086 39389 
7189 68227 
13096 27454 
57427 71344 
19030 22897 
26808 61793 
16012 40940 
944 36685 
61361 64702 
7627 17467 
16657 50872 
15539 46289 
41650 48157 
31739 35747 
24404 47403 
73682 74655 
42075 47953 
54833 55982 
68723 71907 
71786 73697 
34999 48553 
47638 69852 
36321 64995 
26683 37065 
73686 73714 
29901 32601 
50158 65484 
29188 70598 
1783 42481 
25032 28097 
70658 73069 
11739 66420 
65767 66455 
33127 42567 
31281 50786 
3981 6123 
74743 74955 
44474 66997 
47618 70717 
60089 61162 
30226 54194 
41275 51816 
51614 55134 
63564 67353 
56089 72065 
47797 67721 
46267 62615 
57724 61067 
4546 36606 
17061 63690 
73623 74038 
8903 66942 
72702 73867 
45925 70351 
45961 69790 
1089 13287 
12856 44548 
20152 40314 
36179 46941 
69726 70511 
20550 69354 
69757 71700 
19331 31296 
36782 44496 
22526 69455 
67741 72967 
34200 74079 
64912 72895 
26123 49150 
72331 73155 
54923 61087 
44911 73663 
58248 73601 
55249 56687 
63504 68448 
42377 68212 
30617 40019 
33509 61175 
53865 57619 
12544 25697 
58111 64646 
19269 54808 
28243 66068 
38018 53855 
55570 69849 
18132 45450 
57096 63359 
21847 64778 
4103 64341 
56556 66395 
1795 51127 
61695 68817 
65711 74150 
34317 61907 
50051 58900 
49250 70271 
9674 44705 
18713 36749 
1005 44575 
53127 62516 
52272 71147 
22783 36895 
4980 61534 
4990 62738 
3254 39160 
66335 73116 
66333 74048 
28823 64957 
952 65223 
44779 44960 
62581 64173 
19826 57254 
47981 51050 
24618 29937 
21893 32671 
26720 49445 
28766 51979 
11907 74020 
25720 66427 
42946 58327 
1627 60924 
16055 42076 
40010 41029 
19452 70152 
59452 59619 
63610 68763 
56136 58148 
10243 40176 
24700 50408 
20736 31133 
42381 47837 
73664 74127 
5262 73825 
9880 62434 
4458 59072 
29810 70698 
65511 69273 
73646 74666 
5398 44405 
7140 44334 
3809 6584 
51376 56259 
51633 52053 
47630 66824 
20115 60292 
67152 73471 
6965 74706 
26299 27146 
48109 54720 
10881 63161 
51199 66568 
62508 67945 
57311 67333 
62813 69985 
12541 55208 
27580 65698 
56735 73696 
23234 69765 
51706 72178 
69695 74736 
48450 56918 
7445 43458 
55397 65166 
49304 57212 
45564 64925 
31349 55134 
74996 75000 
22453 64607 
11928 30082 
25323 62781 
4757 68676 
68155 74314 
38303 60349 
24905 37587 
14118 19121 
64761 65091 
3241 63961 
17175 43319 
59951 64014 
20509 22981 
13039 56714 
62782 62954 
49320 66600 
17870 44387 
36984 65515 
40446 74089 
68701 72703 
29890 34195 
31754 34406 
40216 69773 
72710 73320 
45563 55406 
65710 66348 
67131 69819 
9693 30287 
24184 68673 
49854 63318 
3419 62157 
28084 28972 
3230 64184 
6765 60758 
62159 69842 
16771 43614 
5129 39725 
66397 72437 
70265 71208 
52853 74060 
58684 59627 
58541 62662 
14002 16434 
68901 69024 
40070 49482 
32649 46501 
12464 42035 
6376 60023 
48994 53491 
27229 63405 
4313 52786 
15117 68523 
29592 44913 
61668 65669 
74076 74636 
1883 18967 
67185 70049 
1768 34310 
60486 66088 
24025 41629 
14713 59517 
23408 41065 
24112 64993 
6958 67719 
29224 60799 
1409 16742 
12511 39835 
45863 64406 
65707 70441 
70272 72230 
22604 50000 
68207 68453 
66936 73341 
51253 53172 
6845 73834 
25466 26622 
17242 62490 
52528 53082 
18112 61862 
32352 35523 
70901 73767 
59538 73701 
38028 44153 
44119 63619 
70891 71183 
25022 74163 
4343 67170 
39865 65781 
65790 68860 
3700 27144 
32183 52303 
18782 47389 
72890 74857 
69276 74471 
67470 71115 
47296 66962 
49582 72940 
10228 48573 
37968 60931 
11855 62792 
44524 59344 
1 35087 
69998 71072 
55487 70930 
56107 61835 
15749 56141 
65663 73874 
14713 40475 
56914 64509 
6394 44932 
36242 37532 
32516 69951 
17864 30511 
66752 71230 
21553 52323 
70774 73169 
6523 61575 
49582 56504 
19521 39722 
11465 20515 
27548 36688 
47358 50879 
37660 55424 
8889 42274 
29809 37399 
10001 45641 
23396 41719 
44948 56227 
67022 70320 
48297 53614 
29577 61714 
1388 65938 
26094 30042 
72255 72266 
46378 46717 
10562 15592 
45936 60526 
33270 51899 
65420 74498 
23648 61657 
64164 70568 
67130 68060 
30739 74607 
2571 62383 
14468 28661 
14800 35862 
9470 19941 
70190 73363 
22643 22667 
62232 65602 
74402 74484 
39901 41460 
26940 35989 
55448 58884 
41335 71753 
66873 70667 
25621 49839 
71821 74845 
15734 45952 
43356 43581 
10012 26103 
37778 39561 
62961 64574 
18534 42720 
19503 56964 
62920 63109 
637 15177 
23177 26264 
59406 67213 
47852 55550 
32261 57069 
34717 48837 
25880 48896 
59190 59386 
72254 74571 
60336 69786 
26284 51994 
8860 63751 
30460 45688 
35220 67567 
15025 35961 
30065 58950 
69557 74181 
53023 54596 
67894 69007 
71352 72698 
32783 67270 
44709 50897 
50337 74803 
48091 71942 
31774 67959 
63876 68071 
48276 74762 
11328 58856 
21875 38566 
43477 49228 
59767 74478 
61278 68849 
52568 57290 
11402 51214 
10130 27952 
38436 66136 
53811 56753 
64795 74930 
30439 51370 
73773 74235 
33288 65108 
24648 74899 
12775 54103 
30047 56218 
25748 54930 
66274 72571 
40621 61432 
38745 48303 
22144 48007 
21556 69162 
9034 33672 
65905 72465 
45020 57806 
32634 61543 
17224 73384 
44410 49124 
33221 45322 
37001 68907 
56872 58954 
7052 22783 
52096 56870 
57044 62222 
62442 64328 
46625 55201 
38421 61723 
47883 69296 
43343 50647 
41699 73842 
61706 63299 
60658 72120 
71151 72713 
41113 69791 
47082 54317 
23196 37398 
45114 54837 
7151 60658 
73822 73994 
63076 71223 
37704 56357 
50519 55675 
18386 69064 
69089 72882 
32381 62791 
67104 72001 
52786 60347 
24837 64460 
50270 73583 
42518 51126 
13910 42921 
69903 70887 
52478 52767 
3836 44565 
28954 44569 
65649 73781 
67441 73195 
42622 53636 
74330 74639 
19479 35883 
35994 61063 
58972 68327 
2556 57221 
69204 72745 
51680 55333 
66331 69509 
37300 73619 
39972 64690 
12844 28883 
45167 66080 
41798 57729 
38527 67731 
28357 69994 
15659 70647 
57338 74326 
5604 17798 
47421 49430 
913 55871 
35122 48536 
39446 65411 
27227 68947 
62699 73416 
34164 38752 
46129 67806 
25735 64638 
69251 74282 
21051 48002 
38328 45440 
48547 69304 
72892 73899 
36586 60352 
43084 44444 
70702 71448 
1178 39817 
38086 44476 
19619 41962 
52534 58896 
22822 71062 
55394 57901 
63217 66247 
61209 65765 
24969 35040 
73239 74021 
6312 62649 
68990 70262 
10014 21715 
16933 23644 
44335 50145 
12538 41890 
28886 54195 
43996 47878 
32851 49120 
25407 30369 
42828 53445 
32648 70079 
59115 73372 
42631 43732 
16703 65783 
1335 28167 
30585 56762 
51465 64826 
14928 53276 
55876 71269 
41210 62778 
17730 37013 
66968 74081 
42723 46454 
40148 41168 
14087 70063 
27542 51881 
9512 36556 
45678 48378 
55668 61417 
49613 50136 
71696 72277 
63118 66349 
13785 71449 
46906 71400 
6440 56731 
46735 59394 
10657 25588 
49379 72353 
41286 48147 
56580 64995 
51688 69283 
8235 20753 
9054 10015 
35517 68871 
26233 49349 
23276 27159 
56868 64957 
13636 59446 
42888 56312 
69275 72634 
48575 52064 
44699 63476 
9215 58472 
54312 55313 
6199 32628 
44875 45049 
38086 62223 
46111 63297 
66951 73589 
16244 28290 
30853 74167 
61309 67930 
48006 66937 
60313 60813 
69987 71876 
70377 70531 
30224 36047 
21968 44640 
57223 66807 
69154 72068 
65717 71079 
8542 72845 
67667 74067 
34229 63052 
28504 54595 
68283 71512 
4110 21361 
6701 49283 
4312 22745 
36415 54706 
52534 58125 
60274 67892 
3314 72163 
58964 69732 
3295 43362 
45225 66323 
70394 72317 
16082 48201 
31530 47446 
18068 45421 
22386 70546 
5419 38574 
5252 45673 
48060 64578 
32281 39157 
69319 71639 
7005 31138 
18969 74148 
11262 51981 
19307 50027 
28981 51954 
17245 35492 
22776 25150 
74385 74574 
69509 70954 
74830 74906 
44357 57854 
37639 44003 
70790 71059 
17629 68936 
17910 23805 
68553 72318 
35177 44074 
15631 67333 
36587 48673 
50721 74798 
56994 69130 
52510 59959 
16808 28298 
21332 47069 
5064 13815 
42561 72140 
47172 65741 
24506 50487 
39184 47475 
50438 65466 
72847 74548 
45860 69254 
634 33899 
714 46961 
46688 63656 
57633 58949 
31377 35030 
13881 36195 
2860 60435 
4955 9680 
43721 68586 
36264 70925 
39990 58249 
70957 73747 
69171 74724 
22132 51278 
35360 45640 
27077 71929 
27502 51455 
43801 63842 
74187 74974 
23306 35652 
6192 31261 
46356 59754 
25868 39651 
64323 70476 
59229 60677 
27541 64405 
71456 71513 
67826 69302 
18980 41814 
62265 73273 
2696 65044 
1535 26370 
33022 69432 
12923 34777 
7486 70822 
25111 34718 
14984 68087 
18429 48586 
1455 7681 
61074 65147 
7378 54938 
48584 57092 
24377 27209 
58738 63595 
73106 73218 
40092 61570 
14231 61453 
13728 15549 
71176 72876 
19354 59186 
14638 44795 
58216 68456 
37016 50003 
56139 57780 
12155 24091 
39364 68286 
9135 34101 
52836 54858 
4624 12195 
56211 72798 
72978 73312 
9315 61700 
66550 67685 
31207 70398 
33827 39022 
46359 67779 
19974 70318 
74749 74915 
44642 47957 
50886 63458 
21793 34923 
16507 53789 
27519 68880 
3251 15665 
6945 23751 
24124 50329 
43814 55106 
21345 60250 
72139 72283 
15069 51488 
70511 72154 
40300 59452 
68050 73677 
71089 71311 
39460 50475 
65212 66789 
56463 61223 
3649 34284 
41021 51545 
57881 62929 
2306 54311 
43262 74152 
36772 52510 
31714 63758 
39649 56155 
71631 71755 
46805 68417 
72106 73768 
50239 57857 
13817 45168 
58073 62129 
36781 46554 
15295 57478 
70917 73678 
6910 22918 
12342 26306 
26796 70316 
53273 57075 
28072 30354 
67265 68661 
74265 74523 
9788 59222 
43836 59757 
74601 74879 
41480 59236 
57110 61240 
38960 45389 
32614 53119 
50418 63986 
70439 73237 
24335 57875 
2410 9476 
48422 51701 
48118 74613 
48601 53065 
31426 44033 
25868 41703 
58388 69229 
19597 61626 
28704 51699 
38054 43698 
20622 71385 
7667 17530 
25058 25938 
63609 73085 
54156 73132 
9773 19928 
48124 67344 
19887 23938 
74581 74871 
12803 27134 
29848 64236 
72657 74312 
7526 56060 
10310 38106 
49170 62538 
17271 59354 
38454 42481 
34994 48525 
22786 67389 
50244 57370 
71904 74740 
39643 61149 
40930 68632 
39577 42318 
50556 70038 
43149 63057 
64965 67139 
51320 58401 
12957 42533 
17624 17646 
41980 53931 
71583 74676 
15889 16064 
15478 24898 
27005 55878 
69545 70456 
38236 59208 
542 37592 
35691 62377 
41907 58407 
74386 74386 
73542 74355 
31880 57228 
6781 61780 
32547 63813 
46392 72197 
15783 69775 
36331 74547 
7983 14264 
63813 67254 
60134 62364 
40528 61493 
3978 58291 
64209 74832 
37695 63634 
68991 70525 
11695 36847 
70442 70742 
54267 68898 
66208 73329 
28568 29263 
16838 57663 
52303 65905 
6882 42009 
45699 62204 
43231 52098 
57084 71597 
13346 60888 
4856 54251 
40331 61656 
32895 52388 
658 19923 
52366 60196 
67792 70506 
49327 68518 
11293 69464 
40689 47387 
61573 70412 
63378 67993 
11 64550 
33056 54358 
73923 74997 
45541 71021 
56054 58419 
64991 68212 
616 47729 
65425 74739 
45934 67274 
28702 47097 
18674 32633 
65567 73118 
50354 60378 
72336 74370 
47754 50062 
20626 27412 
21562 49855 
70737 74775 
42282 66615 
24507 34812 
65917 71556 
67711 72288 
33655 47140 
3319 31426 
70290 71948 
61027 73091 
17965 57095 
58904 68397 
24887 52490 
58846 70751 
47978 55819 
16209 50352 
70722 73549 
69209 73858 
9106 17852 
28793 49610 
43447 51397 
43685 53880 
62515 70577 
66641 74079 
32584 49926 
60315 74131 
11694 32736 
50623 59304 
69521 70496 
8293 69786 
2778 25118 
36992 59239 
37027 64035 
8545 63874 
68902 74783 
19026 39947 
36251 65209 
39341 55512 
48606 74925 
34656 53720 
5922 19406 
44103 67518 
27464 43108 
68236 69931 
33803 46555 
54597 64596 
39664 51116 
47912 70052 
19542 47282 
57268 68853 
63946 69050 
26105 26467 
58646 73766 
61159 69505 
5108 72991 
3559 29808 
68911 73909 
42456 74539 
6791 42190 
21633 24117 
44922 51688 
1087 46366 
342 68706 
8623 60059 
12942 49343 
19853 53325 
6500 27187 
17224 69115 
21431 58801 
8051 45958 
72635 72782 
53908 67294 
33169 44454 
58743 70318 
37099 37967 
21897 73729 
15217 57474 
45064 68680 
31905 32491 
51636 67353 
10839 56554 
39459 64545 
37122 44113 
58381 73955 
8375 42477 
41248 71476 
15768 47860 
74146 74923 
65375 70545 
45873 63750 
54896 60661 
54729 57221 
24547 67403 
24629 48325 
70321 73916 
5879 7628 
70026 70444 
65688 74184 
43272 62321 
11682 73808 
28449 68402 
49502 63769 
10060 19638 
7528 69810 
36620 53814 
15556 73063 
19516 61781 
6551 37706 
24543 58414 
4801 41422 
18465 43296 
31737 63664 
15576 53653 
22506 25000 
58196 61531 
68591 73818 
52489 72748 
31321 66947 
51485 54935 
60734 67325 
3768 73861 
67449 72300 
57591 71292 
40470 60518 
33589 67808 
59857 66092 
2047 14557 
18630 19957 
40797 69814 
65466 74401 
8969 45566 
45991 60843 
4886 54736 
14238 29137 
20458 20628 
66701 70896 
65926 73989 
12179 73382 
31542 34708 
38199 49217 
33780 53110 
6626 25313 
38405 41897 
64497 67262 
100 14297 
48069 70931 
51062 71414 
10775 61492 
71918 74810 
69142 70918 
2115 52839 
19456 22429 
55208 56952 
46845 55532 
36665 54335 
59111 71768 
14329 35365 
15699 33137 
62757 73178 
31526 32245 
4379 22002 
47973 49799 
27635 31309 
23733 47496 
50257 68808 
17994 30408 
34663 57556 
71808 73054 
49603 50037 
68924 70498 
8692 60737 
23708 25903 
23744 27165 
44947 59224 
26988 45121 
52947 66744 
17513 70146 
50506 64362 
40309 58218 
21236 24635 
32981 54547 
62491 71905 
21172 33000 
35961 51890 
40687 41607 
22789 48028 
49970 53008 
74590 74765 
47247 55697 
33447 60141 
15631 33396 
9862 21912 
34301 55289 
64086 69790 
17390 66047 
46897 61634 
47827 56968 
71946 74293 
48924 61549 
65604 66395 
70491 74407 
35767 65091 
6864 10029 
46783 51036 
22090 68220 
53472 59539 
55924 57295 
27672 72884 
45266 53642 
35543 45842 
8744 45318 
65393 73437 
1945 3745 
66903 72451 
11373 14020 
6568 56080 
39630 47329 
59931 69938 
29673 49710 
63014 71048 
2878 23680 
25921 61120 
39127 41687 
18071 73241 
59646 74199 
30686 44287 
33612 39580 
19640 44755 
39318 60059 
48590 64621 
36069 66923 
20272 58632 
52619 72592 
33178 54119 
34900 62089 
73113 73229 
9847 74221 
26894 70574 
47242 64765 
33406 46277 
70672 72997 
58412 70219 
64363 67144 
7372 37467 
10652 16860 
72531 74472 
21016 24980 
16905 22590 
7525 31736 
11860 42290 
6951 9815 
57610 74708 
4854 56376 
67442 74022 
11478 26889 
44353 46055 
62445 70595 
51812 67506 
43507 44876 
72536 73676 
66695 67306 
11057 64404 
57027 59237 
41466 46337 
65267 66650 
41094 60184 
69706 71686 
66829 73272 
40234 55599 
74395 74511 
15795 68550 
68568 74534 
47214 57544 
29780 67001 
3732 37583 
8744 53845 
9669 27557 
26766 47973 
1814 53934 
41014 48861 
72094 74410 
37074 40118 
66447 74852 
44674 57062 
34798 68043 
55901 61438 
44708 58292 
52321 52526 
30582 63372 
63898 67481 
2344 12615 
40607 69051 
56263 70448 
49918 68728 
72737 74992 
69466 74682 
8535 18239 
18363 40740 
66043 67619 
48464 65718 
58209 68802 
71091 74750 
59246 70283 
73947 74488 
24578 32092 
44853 71762 
11582 37212 
47901 56595 
36429 41993 
39921 63769 
16688 21831 
43649 74515 
977 51324 
28515 40523 
43803 72984 
43155 57587 
657 39931 
57331 70682 
43150 49700 
51274 57464 
60987 66966 
50813 72637 
196 1669 
54964 73191 
36932 42954 
27241 28257 
46632 67896 
29308 74526 
3577 8698 
30667 55875 
74559 74703 
30037 34883 
57637 59173 
37216 46987 
23186 33010 
74849 74941 
46740 49419 
15748 16369 
54825 55203 
32073 59353 
18196 37602 
26050 62290 
68673 71878 
54933 57518 
71117 71178 
31843 71738 
40281 48352 
42172 60814 
48275 61888 
12515 60348 
20664 40880 
56154 73223 
32089 62547 
41029 57321 
36093 51644 
55130 66743 
62319 64400 
51118 54196 
3624 24625 
41452 41677 
24271 63206 
32922 60230 
21724 51288 
18830 29832 
5527 9902 
62906 70626 
16819 63576 
47584 53571 
18930 64022 
71161 73292 
51457 63362 
6843 10681 
3682 39640 
58100 65298 
6364 34373 
5231 60658 
60380 66176 
5613 48605 
46999 58961 
56734 57588 
20425 38647 
29729 30217 
57162 63773 
13126 39717 
22003 52398 
69006 71590 
70633 73529 
35109 46963 
38478 61077 
14600 21442 
23620 71438 
20395 50879 
30780 73427 
40122 49642 
74036 74948 
47060 52669 
50928 58181 
26828 35920 
74709 74883 
49063 59941 
70816 71515 
29767 57572 
62635 67464 
5693 27422 
56721 63556 
8665 37826 
39363 67182 
30717 56635 
8126 13687 
38511 47352 
54450 63508 
32952 46063 
72191 74114 
60629 70910 
68653 69815 
36015 44698 
53047 69603 
53619 55844 
32546 70622 
8241 68039 
44917 64565 
40762 74698 
1539 6859 
15512 72711 
24929 33091 
20061 64348 
68590 70499 
54082 67436 
61691 72060 
38456 60327 
70483 71789 
9127 23111 
34164 61253 
47948 66192 
27738 46649 
66515 67631 
67977 74852 
10510 28476 
64496 65720 
25772 36995 
10020 52885 
38994 70481 
19338 72441 
27504 56838 
53605 69249 
21246 42281 
51654 58449 
22946 46559 
45340 48569 
5287 71574 
1043 44116 
24747 50780 
3698 24196 
11717 16915 
73318 73719 
49098 62214 
54590 74864 
36941 52673 
19130 32813 
37977 72213 
69285 74454 
68690 69785 
50582 55241 
37036 65227 
22341 52273 
32552 34180 
55580 64127 
69491 70882 
24031 39403 
73179 74501 
41401 49070 
48798 67866 
1703 49438 
8503 17179 
71916 73725 
21598 26793 
3281 60074 
31471 53894 
6008 24589 
63619 68900 
30987 58465 
68150 71872 
28826 53049 
43560 53202 
4664 67997 
54525 61441 
14196 69812 
31882 55190 
14728 40989 
31840 46923 
8900 28923 
73923 74252 
39982 74471 
41124 70918 
53922 60023 
21111 74583 
14412 61622 
26403 50349 
32336 57898 
35530 43128 
59415 63750 
21477 21684 
37137 40008 
60488 61925 
2541 43057 
1676 59809 
6478 66144 
5052 72266 
10773 24432 
44404 57012 
73588 74214 
6716 10379 
36776 71744 
11127 31821 
58996 62617 
28203 35214 
38494 53257 
60090 64669 
35828 68901 
37278 69631 
61893 65551 
57473 74398 
34121 56589 
24962 63519 
18460 34925 
61880 70715 
26550 59366 
18139 23257 
18736 28077 
50165 60031 
7353 37646 
1857 65325 
62017 63232 
47011 51380 
7878 22833 
32018 57192 
2542 34922 
69982 71193 
20245 30156 
23825 46391 
9784 10812 
71423 74249 
20591 72974 
63970 68915 
57308 60096 
71292 71631 
59190 63279 
46559 53673 
15068 21246 
28114 65410 
56436 65492 
32332 38525 
71320 71782 
18906 70005 
39901 42496 
31749 36199 
13298 43451 
36312 48110 
2611 65971 
37214 62890 
43068 50739 
64361 64449 
13012 60333 
55590 66465 
31722 49127 
22548 60094 
25058 43303 
72861 73431 
55665 56877 
1785 72309 
16577 66578 
30348 64318 
27987 35105 
59930 72503 
25426 59730 
21442 43869 
10597 13994 
14607 66038 
33760 68295 
7031 40035 
50828 63330 
47347 70680 
20990 57866 
37469 51426 
23683 66926 
36113 59271 
55929 57348 
43249 60115 
21253 73233 
40237 67934 
5783 46939 
19456 21001 
24730 50111 
74440 74901 
4479 71936 
25435 62648 
61378 64625 
20028 64630 
16444 16994 
9722 65644 
58006 65280 
5095 9934 
8719 35411 
41173 63326 
71461 72860 
43500 69289 
39831 69747 
62843 70116 
45502 57566 
23932 65164 
22703 54701 
73312 74946 
42457 60849 
35180 37634 
49114 73799 
35851 74383 
55670 72594 
68081 70309 
4602 52098 
58325 60212 
57044 61340 
3414 41835 
19705 69680 
21947 31690 
37172 67586 
40259 43603 
25462 33054 
51168 65208 
24694 64631 
43560 46080 
20610 21614 
57285 62626 
42039 54782 
50590 69419 
7061 42719 
40018 64901 
3747 52623 
13976 38061 
28863 68328 
25327 36780 
45234 47896 
36972 66915 
70937 72793 
52883 57393 
59448 62055 
39027 73096 
71597 74337 
71319 71417 
22063 34379 
35227 42778 
1564 33789 
40739 69864 
7661 41132 
6026 66230 
12171 59888 
6480 48213 
63644 65642 
48891 62101 
35752 65651 
11177 18002 
68540 71785 
33242 52381 
15004 38998 
51988 74791 
5551 65022 
32169 38249 
5360 36211 
46097 66770 
23300 34031 
6422 49915 
26142 50107 
65661 73967 
2963 12863 
34560 69588 
14426 22952 
37758 70988 
66252 73018 
56673 60204 
13115 39607 
49342 64608 
18364 48077 
31932 74676 
25506 37527 
40574 47956 
46104 59441 
62943 73352 
58845 72463 
56756 70497 
71083 73487 
3812 12061 
15168 28180 
60286 61214 
24050 55731 
22649 25234 
18072 25810 
42292 45725 
12903 19278 
35856 72491 
37160 57168 
14065 27587 
51231 72963 
27710 35973 
19049 37359 
23152 31900 
11532 57598 
67982 74390 
57931 62050 
52025 54450 
12567 28581 
56090 72000 
48932 68666 
13287 64170 
63414 69609 
41670 43686 
51821 56095 
60296 62079 
51146 68820 
28476 55820 
6493 58314 
4570 25343 
45529 70966 
22032 51836 
55663 64780 
74580 74995 
38091 39631 
43660 64848 
54128 71544 
52695 70627 
47296 53992 
42183 58929 
3867 24527 
69871 72073 
3091 74321 
24102 25842 
14056 39547 
68067 71284 
45801 74628 
37712 64634 
2758 10527 
71939 73751 
20047 63807 
55395 64088 
38276 71355 
5371 67612 
73311 73689 
5844 35672 
25018 68331 
70285 72058 
19393 20565 
46912 69962 
58718 74028 
57803 61830 
41767 59743 
34171 72756 
49122 74595 
42469 69405 
28713 34958 
57303 57375 
33 39773 
22043 47533 
19043 28360 
6325 7463 
4101 24243 
2509 51851 
58001 67256 
2865 23909 
6577 63217 
32539 35320 
70129 73274 
63776 70489 
16198 31329 
36020 59856 
9242 30808 
55446 55619 
48010 54382 
62106 74360 
8765 16173 
24148 66397 
48515 59682 
68779 72192 
18396 62452 
62562 67428 
12248 16320 
74407 74477 
42908 50931 
31087 39166 
70850 72815 
49673 52196 
50000 72934 
65055 68280 
51438 69492 
24970 72997 
6521 13519 
10000 51918 
10035 68782 
52551 62673 
65482 71996 
1558 49669 
60835 71081 
20150 74302 
10416 56091 
24702 49024 
54934 68745 
72542 73317 
55657 67104 
38994 54378 
40714 44006 
59163 61389 
70587 74777 
54958 59647 
27227 37976 
36310 74705 
67926 72086 
67523 69854 
58447 64054 
56747 64411 
2899 18112 
17920 43177 
58723 65311 
1010 10595 
67381 68640 
14257 62321 
47653 60910 
66530 74650 
43138 44242 
35365 39817 
69906 73110 
58225 64380 
66766 66858 
10161 21869 
11744 14779 
26778 66258 
39209 48357 
11447 17090 
10624 66716 
60971 61326 
55121 63579 
1412 14940 
57306 62129 
59857 68906 
3322 50217 
31381 47252 
1948 38031 
38862 68712 
69763 72050 
31136 45208 
44478 68645 
68018 72680 
27335 27400 
11114 53010 
29418 54438 
11911 30265 
13163 53374 
52067 65826 
179 32905 
13753 67038 
34501 60125 
62544 73472 
12423 39160 
13038 17028 
41997 68908 
30011 45847 
23399 29089 
21380 57056 
21136 45661 
66876 71058 
9618 42553 
10598 69967 
51671 65464 
32389 43068 
25765 63264 
14310 32441 
65500 69976 
46158 64190 
56037 64518 
39940 73441 
45338 48261 
16413 23959 
49347 56601 
47571 74636 
50648 59480 
13816 43272 
26780 50350 
27345 73580 
37898 69713 
60406 73170 
4282 30229 
38544 62875 
36029 56816 
49236 50944 
67657 72929 
71823 73509 
18231 74416 
20808 56467 
41794 70487 
47607 49571 
23344 41995 
48549 62505 
72101 72116 
53351 65160 
35994 47687 
17990 43294 
37816 58878 
16598 20231 
18750 39734 
6998 48446 
28016 41286 
1982 69263 
13890 58920 
63210 68268 
20359 56229 
33785 45840 
11136 66653 
5933 52209 
69033 73903 
17241 48691 
69891 70345 
53636 72973 
35363 49952 
4584 62975 
37483 71683 
40426 45424 
47720 50165 
70573 73555 
5083 18023 
74194 74970 
15386 63172 
61548 68654 
17588 28027 
73185 73632 
66568 68988 
16241 22467 
66108 70972 
58004 61767 
2788 6430 
70000 74835 
13984 35897 
65868 69165 
6771 67937 
68122 69143 
16525 60731 
28747 51200 
33194 62948 
26940 55526 
48697 57158 
37018 74175 
61854 65241 
17427 60325 
33494 66707 
43772 61797 
46291 73762 
62897 70228 
53410 69996 
18462 19848 
68610 72813 
26153 31593 
5006 48454 
24456 64851 
11047 15921 
73984 74593 
14216 48624 
46129 72118 
48170 63921 
5839 9929 
70766 74006 
32348 32418 
60815 70228 
44815 70204 
10479 10949 
46962 64162 
60719 69663 
25482 68378 
44975 66719 
27708 30532 
17842 43736 
12836 52101 
26464 56084 
8012 21233 
68225 72555 
23967 48641 
20123 53797 
60359 66651 
32334 36848 
68218 70760 
35125 49717 
30543 49188 
58927 71190 
49095 55284 
59314 66599 
63917 69254 
41828 71578 
52281 64536 
51319 55595 
17871 67684 
46985 55398 
18622 51893 
16323 20118 
27866 69980 
8561 26360 
19221 27273 
55340 67393 
22939 28985 
2508 18338 
64147 70402 
4387 32124 
36146 58682 
30179 65424 
54095 74773 
52741 52911 
21591 22029 
35862 36320 
33765 62540 
52330 66531 
46565 47788 
4681 55445 
32779 54252 
3676 52619 
6567 46645 
56861 67877 
61958 62596 
41869 74228 
7488 54302 
11698 41872 
60983 74685 
3844 4878 
72685 73621 
46543 47408 
52402 54637 
27579 49796 
71042 72981 
56169 70953 
69724 74282 
1206 28475 
5972 17639 
38396 43020 
63203 70416 
16784 25332 
64779 74663 
8713 20479 
25066 53042 
20518 58076 
17523 39653 
5028 31058 
66619 73726 
49174 64485 
74561 74885 
44337 51170 
13170 60849 
64269 68551 
49389 64319 
70416 70598 
56356 59208 
5059 69241 
30736 53361 
37226 57862 
42641 58797 
74291 74895 
58603 65894 
58853 68186 
763 12813 
18101 63809 
16949 46183 
62500 63086 
66182 73298 
4065 55278 
56756 68824 
39003 65225 
61382 63881 
21375 62596 
72245 74900 
15062 16017 
2789 24817 
74573 74979 
44984 58561 
2639 53178 
43964 69590 
30102 65535 
58650 60778 
66335 69472 
20853 72642 
44721 53658 
18412 70343 
14962 72006 
26206 69783 
54222 56550 
48607 74558 
19468 56197 
53665 65429 
67670 73620 
2575 27241 
25111 38631 
54251 62326 
51520 57743 
16324 29676 
2260 56000 
68402 68665 
53555 58859 
72812 73670 
14732 21219 
13253 54601 
45555 53255 
13317 13379 
12464 24214 
6677 22133 
26547 47437 
21206 25323 
11902 26455 
2051 72400 
8307 54056 
17482 48706 
5283 63550 
13525 56715 
62565 63889 
50879 54390 
12098 72761 
32709 58209 
38823 71844 
72510 74757 
57855 66778 
1198 21685 
63576 68935 
5135 72716 
73709 74533 
69458 74065 
16278 44420 
24406 62439 
74275 74391 
22084 32773 
34661 44208 
35538 39393 
46755 55485 
13161 31853 
4979 9889 
19303 74058 
10051 72375 
30631 69391 
670 57995 
59988 66248 
31711 62741 
41129 44472 
71281 71675 
62941 67405 
21560 54709 
4346 43494 
43902 58973 
65758 73646 
74594 74644 
17340 35701 
47377 66088 
69675 74940 
19431 60415 
47467 63312 
59006 66648 
19174 35429 
39913 57052 
23447 54871 
2770 61580 
32815 52464 
19822 70125 
40979 46165 
73995 74956 
72314 73232 
24323 45395 
46892 68245 
12843 69637 
51669 57076 
74428 74723 
6423 53102 
18830 66024 
59584 68164 
62443 71510 
36831 40943 
47506 48370 
73960 74273 
5637 57421 
36364 69422 
18106 43602 
15471 74419 
36322 48480 
3954 58659 
27630 56479 
31377 68858 
10616 13661 
36834 39284 
40324 65458 
19322 34879 
39904 63341 
33261 42300 
43598 70263 
70797 74355 
10748 41433 
8103 62732 
25044 28073 
474 18259 
36917 72031 
43305 71657 
14047 21075 
57672 61592 
24799 55004 
35354 60666 
34110 72641 
74471 74762 
62437 70301 
17730 46185 
10162 59208 
25954 40178 
21083 28920 
44982 47234 
28162 59298 
31922 64155 
43794 59974 
24291 51495 
22756 26731 
3920 53226 
21426 25161 
52172 71035 
50365 59764 
11517 64815 
44182 62686 
7741 74297 
71918 72875 
64111 71662 
73767 74161 
47511 54360 
53951 60888 
28882 63813 
2235 8670 
63345 73832 
19430 69500 
58518 61251 
17708 30328 
70906 71698 
42526 48682 
67059 67720 
41869 70293 
71305 72930 
35484 60458 
2373 72907 
74922 74975 
36696 42420 
55779 58546 
38318 38388 
67025 72608 
42724 50478 
44843 54950 
68918 70190 
16130 28597 
40600 42442 
14489 22280 
9774 30301 
39527 47109 
34662 41215 
10336 61102 
45000 69801 
22454 63560 
7685 19222 
66507 72683 
28558 48358 
35012 65728 
59856 69046 
16626 37542 
1081 7152 
11165 72063 
10602 33112 
65423 67640 
38259 64330 
56046 70363 
66917 72042 
71165 71752 
26717 68656 
22009 24851 
58023 66764 
22531 60141 
48095 49199 
26484 27000 
6129 65400 
26933 55062 
40418 54264 
6967 14272 
12445 41978 
71424 72116 
4513 65972 
25801 62624 
36035 49193 
43413 72275 
48118 51928 
20224 53456 
66999 70921 
39752 58843 
38626 59604 
6541 58413 
58486 65940 
58827 65208 
74189 74200 
59726 62289 
35560 74044 
31870 59553 
46598 70034 
14733 41318 
61834 71702 
51574 61495 
56956 61843 
45716 73561 
29583 70169 
46865 61790 
4573 53316 
52901 70409 
34145 42768 
12001 13199 
37081 47733 
20644 72931 
645 43234 
44936 64101 
9505 62676 
56294 66807 
29383 62404 
3934 11666 
8127 38641 
68451 74321 
69537 74709 
45695 52129 
4345 26070 
56102 71773 
2934 47235 
8060 10894 
71364 73736 
38611 73339 
59459 64393 
53938 57953 
71485 73594 
73658 73774 
74377 74453 
117 71625 
65180 66866 
10825 51181 
49572 66937 
5247 37303 
51245 70402 
72838 74210 
43729 61816 
59488 72573 
21685 24126 
52305 68309 
45425 64227 
24686 54889 
22630 51647 
20484 32135 
10956 14324 
19948 47294 
68499 73038 
13660 23737 
30372 73251 
37688 55008 
8410 22955 
53839 64499 
36328 52641 
19774 70257 
21351 40841 
48714 53543 
5918 61024 
16395 41607 
45490 48768 
64112 68573 
33220 64687 
49040 64862 
25414 49495 
20458 70036 
69987 73494 
999 73837 
6266 36638 
5796 40961 
5434 24588 
71076 72480 
32852 69064 
36973 61872 
15469 30773 
18023 44285 
70759 71829 
41733 48727 
55173 65708 
61578 69545 
4546 46010 
6357 15123 
69118 71702 
16714 22355 
25107 47070 
7346 32331 
50198 51447 
53993 58219 
45832 45997 
68583 69509 
54512 58845 
34215 54838 
68591 69768 
14957 20857 
43232 58041 
62401 74993 
44241 70670 
17407 40495 
3678 39181 
66053 70298 
4134 47021 
5062 13398 
17605 27511 
25641 29181 
60000 63357 
33742 72425 
74843 74903 
42495 55670 
56350 64439 
37604 49572 
11428 20981 
7682 13643 
8419 30394 
58948 59802 
37558 59043 
64604 74188 
70529 70706 
21435 45999 
18579 66773 
64374 72916 
40923 59702 
65071 71717 
56838 62985 
26640 47779 
4560 10698 
25327 32064 
29051 34555 
37406 56677 
63450 74011 
52052 69485 
71465 72195 
17455 66735 
59184 72299 
55146 56184 
31420 38376 
11747 46069 
21884 72148 
36618 43801 
320 25940 
33985 49050 
30024 35948 
24657 70044 
62187 66969 
68281 69310 
44275 48370 
9341 51107 
68877 73295 
46256 50221 
62491 63829 
61654 67440 
9451 52188 
6911 70895 
53761 55850 
66511 68064 
43613 44538 
33928 40988 
42995 63511 
33955 44185 
18688 27194 
53181 57651 
29948 47251 
34481 74930 
56925 64905 
52102 69405 
37179 53364 
31026 48487 
7527 16726 
71669 74580 
39330 61255 
14650 64076 
51068 62469 
45035 49119 
10083 50627 
786 72581 
25716 59605 
34397 41797 
72859 73420 
32903 49295 
42655 49964 
19263 31959 
37058 38879 
46292 73787 
3796 32523 
46788 64220 
54302 67154 
5106 72965 
29207 42033 
71537 74169 
61733 67985 
6397 22289 
29094 55519 
40194 72188 
67125 72310 
47724 51269 
36384 59594 
38070 41228 
22140 42700 
56814 59890 
25825 37393 
24352 25214 
45845 64196 
5782 36782 
36765 59577 
40122 53132 
43634 71740 
8398 62753 
74901 74971 
5487 52569 
45887 58710 
24391 41945 
61227 62531 
6609 10438 
24548 43242 
8582 54728 
1763 2330 
25743 57252 
62536 73164 
32149 39353 
65351 70856 
74497 74960 
27663 38250 
26746 38306 
33785 42581 
70023 73809 
6989 19038 
69879 70065 
26681 46482 
50662 57599 
42144 65122 
31674 66130 
33179 41907 
33926 59996 
17142 33306 
13053 32709 
17780 21231 
25297 71973 
1083 57504 
46645 68824 
9966 64892 
5370 22233 
45461 53175 
7676 42315 
44501 65204 
43855 60304 
1691 13120 
17182 37925 
70811 72670 
34347 46595 
12044 63700 
51484 70762 
64664 65745 
43732 60219 
58131 60366 
59294 71240 
10678 41553 
45784 57604 
40440 57246 
3019 35584 
3739 43176 
1659 59470 
60460 70668 
30104 66212 
24494 55056 
12789 26687 
30478 65308 
14266 28573 
33699 60869 
22450 23820 
49938 71126 
62134 66583 
66319 71186 
7856 23011 
2276 74057 
18164 43436 
71101 73804 
33919 62182 
8375 14298 
27289 50003 
44471 63347 
5088 70780 
62259 69662 
60377 65904 
57320 68615 
32542 56868 
19275 67564 
28664 64954 
59679 60615 
27167 36839 
2914 29578 
70685 70984 
35149 64940 
59481 74210 
70999 73876 
58308 60663 
16775 45858 
13535 56593 
71398 72440 
17934 46804 
63287 71626 
2380 53147 
7329 17767 
5334 62665 
37424 72599 
22833 69201 
30876 60063 
13580 72994 
63588 72761 
28389 60441 
35893 53179 
29012 73633 
37038 73425 
29574 34971 
4327 20506 
12364 50598 
57635 62227 
19433 67801 
37561 48843 
44240 53869 
27151 60718 
20206 20833 
46052 63969 
12539 19381 
54199 65634 
58756 69671 
14174 29411 
43940 72924 
14599 40932 
29031 49392 
70501 74602 
21716 29228 
66460 74931 
61873 67749 
66079 71889 
42092 49395 
55536 65299 
40497 48991 
59975 74059 
70948 71966 
72003 72248 
34491 71105 
60503 61874 
50726 71317 
59034 67774 
48338 60838 
45424 69076 
56207 59747 
44383 62163 
56846 64433 
49656 60737 
33900 35038 
19026 31783 
45623 71009 
48134 53048 
53384 62802 
9291 15601 
61667 74083 
11062 27644 
60774 70211 
48437 67765 
8866 70490 
18237 72302 
38609 46509 
45037 49450 
61240 70010 
12995 50026 
60265 60897 
31983 56464 
47036 67357 
47965 48528 
592 1557 
41070 56570 
691 34334 
15777 51202 
39378 43940 
65176 66808 
36141 47334 
74773 74953 
22346 36082 
48736 50193 
54740 59578 
1775 64363 
9039 53530 
49609 62739 
55422 67482 
50051 55530 
52617 61938 
38767 55219 
14929 21227 
54019 68561 
37215 41266 
70126 71545 
20995 43923 
50899 61309 
60300 72915 
42 14409 
5135 26062 
57476 65031 
70326 71659 
42878 66113 
66768 68048 
1777 73564 
48152 73911 
14599 63063 
66770 72199 
12061 14855 
51520 68521 
4045 39329 
43597 60533 
60794 63521 
55840 58669 
28921 34489 
31845 57740 
53608 59707 
454 43459 
37934 55174 
210 57530 
6386 22455 
53168 62564 
12909 33966 
46706 64496 
12385 72822 
74313 74724 
47864 58531 
19280 20111 
2443 19473 
11216 70645 
44526 55866 
53581 66947 
4417 54987 
20826 61644 
61828 62492 
8458 46961 
38194 43702 
26500 35011 
17265 69539 
72398 73869 
50171 60684 
36065 38314 
47838 58826 
60515 65394 
8053 50174 
21995 54541 
68670 73467 
51305 57816 
56228 57782 
35935 65405 
63697 64282 
32712 70449 
47739 68644 
34520 58054 
70186 70897 
38402 71677 
58593 72228 
49191 53357 
35957 72927 
39331 71287 
54078 59122 
54838 66300 
60156 74236 
62086 64934 
22455 37414 
2991 33500 
34412 37229 
7257 53205 
1660 58427 
63283 68656 
36421 67731 
82 55213 
4672 72508 
28693 66408 
5925 50303 
4345 10362 
57892 59462 
32844 70218 
38688 52456 
25164 56466 
58262 74998 
2386 3085 
73008 73110 
20281 58639 
58402 67062 
68399 73501 
2695 73112 
47808 74215 
51392 54945 
39264 44367 
42955 51758 
16185 37088 
63901 68371 
17289 67812 
42477 60774 
47546 73201 
18933 22237 
48812 65384 
2879 9238 
28959 29806 
68816 74999 
52437 73989 
710 21771 
6042 72413 
29918 66307 
39145 74980 
9950 49997 
16164 54113 
18105 62527 
13466 53544 
45950 48846 
39535 65842 
63096 73545 
26862 30738 
12132 34330 
55817 59827 
61770 69164 
12796 34444 
30851 40653 
71193 74211 
2126 52718 
33903 49439 
34765 39696 
27607 36426 
52408 71014 
72069 73567 
74766 74956 
44372 44763 
28946 71956 
14340 32817 
65598 72615 
10515 24824 
25624 58047 
26279 70060 
64683 72558 
13429 38837 
51610 74136 
73246 74815 
3169 15384 
63428 71763 
2276 73991 
62988 70921 
15089 32182 
30720 58423 
15445 39966 
23404 27783 
53891 58092 
65735 65940 
13388 30498 
29760 32984 
57735 70821 
31217 53488 
44872 61303 
33008 44743 
25080 32154 
36192 56751 
45982 54617 
58511 65949 
26694 51837 
23412 40487 
69675 70881 
72872 73895 
59568 71440 
14855 32497 
12127 53338 
27325 42883 
25865 35237 
51158 65522 
5027 61876 
19603 25944 
22146 51137 
56855 67726 
47510 73795 
10561 70475 
68563 74451 
17086 57604 
52833 66149 
1896 12935 
44093 61502 
15535 24356 
73718 74672 
54182 73159 
56456 73558 
11650 33980 
15417 43772 
67736 70511 
21217 73348 
31877 74136 
66277 70693 
55254 68447 
58631 63052 
3669 19388 
1804 38838 
32848 71248 
52709 65743 
71750 71893 
58759 61485 
37344 67131 
20833 65196 
48471 52952 
71222 72819 
8193 37760 
54316 55716 
60027 73858 
27811 50548 
49894 57525 
54725 58923 
63321 64507 
23506 44371 
43799 48783 
28902 48541 
10726 57931 
51835 67448 
71885 73102 
55034 74874 
67397 69624 
26884 43214 
38958 56729 
71910 72851 
62625 63623 
67615 71132 
40941 43262 
52202 58081 
21669 45429 
37862 73650 
36819 41498 
34531 37030 
71015 73385 
13667 34912 
10825 11142 
32967 70743 
71193 74368 
42960 54679 
33319 43872 
68119 71056 
21263 73076 
16888 34084 
9491 65024 
4691 17883 
48895 71340 
65708 70422 
25197 57519 
22343 73851 
10304 12955 
46217 65582 
22954 54965 
53524 72167 
52760 57809 
13949 25150 
5981 11458 
28787 36565 
27228 45788 
4273 49063 
22789 74577 
3839 23670 
22172 72481 
46958 58854 
61565 63731 
34581 35425 
30275 48728 
18760 61404 
12119 59627 
60242 72950 
1579 18554 
50302 54764 
53511 65399 
29394 59716 
10304 22421 
30655 33460 
33852 34295 
73773 74706 
30960 41196 
49192 68775 
72212 72587 
37167 41389 
21712 51888 
5426 72296 
5171 38970 
31621 68235 
844 40454 
63030 73038 
51199 69053 
52040 63098 
27075 63599 
65325 66675 
49680 63548 
64925 66725 
35728 51432 
68797 71319 
62145 62826 
40903 58698 
46342 54210 
62792 72337 
72428 73746 
16695 46544 
25440 67611 
64176 68881 
59958 73822 
13942 50846 
67667 71438 
25797 30138 
7822 74069 
36982 46110 
5253 16842 
54723 56523 
55018 68376 
74563 74761 
965 42033 
22607 51383 
74306 74547 
55580 72203 
7596 15283 
7077 64342 
65652 73153 
19183 21841 
65054 74680 
33303 44551 
32294 59888 
66941 68564 
36425 47663 
66464 67825 
69536 73246 
49676 65273 
23123 45890 
44320 68391 
29764 68608 
45833 46935 
12837 26083 
64687 74727 
55143 64744 
2173 39319 
61731 70466 
62142 71795 
36719 43199 
21164 74965 
20701 47754 
18647 24480 
38436 59677 
70394 70731 
20913 70886 
31418 71365 
27958 71004 
27349 50674 
48272 62002 
45571 52194 
19263 30228 
6587 34126 
39999 41063 
3485 27045 
19745 74041 
26139 40836 
44312 48553 
20353 53242 
49229 64163 
65717 69630 
36831 42668 
42505 64275 
16156 36027 
3902 74679 
33758 54824 
60212 66329 
64398 67225 
11818 25201 
45261 51581 
44691 63252 
4433 12272 
26698 52619 
34737 72213 
26136 27356 
56181 65143 
45437 46889 
55283 56330 
49265 73907 
68764 69613 
53806 74138 
28848 44581 
54026 56372 
44612 64984 
6258 46752 
33631 64785 
39732 60254 
60255 70970 
38693 64999 
14150 69904 
29679 43290 
73725 74633 
6765 73121 
417 39148 
49780 72146 
28980 61358 
15468 33222 
70150 70663 
73767 74519 
52923 59593 
4415 70978 
66558 69262 
41311 45115 
3123 35451 
10390 37179 
69045 69151 
7125 65220 
41762 54006 
18674 42528 
45059 61437 
24779 36622 
11690 23579 
55746 65173 
60480 67111 
40729 47323 
10213 37353 
55678 59371 
5256 50957 
41138 60077 
37085 37453 
23450 67956 
5531 48443 
33192 47512 
15126 18972 
25488 55232 
43425 64484 
1810 56125 
28615 60962 
73042 73149 
35894 57467 
23184 28664 
13085 71370 
49723 60024 
40049 40431 
51469 64286 
51648 66520 
4657 19045 
4914 48289 
51151 66963 
10697 61146 
22868 34342 
10014 42841 
66549 74982 
55859 67072 
31641 58683 
14463 19648 
49708 64027 
63685 73175 
57389 61964 
59755 63627 
30887 70724 
29858 48889 
51797 53398 
12275 52957 
13876 72556 
45007 61718 
68442 71099 
70430 70934 
40454 63104 
58855 59216 
44767 48785 
23927 64876 
60464 69106 
71828 73260 
23572 48021 
38813 57314 
43600 44685 
40624 68392 
24438 45351 
64552 74447 
4444 17932 
11080 24265 
389 35382 
39823 42860 
2520 13798 
66394 69081 
143 29357 
23133 30911 
44889 57215 
55806 60714 
72186 72318 
33592 64822 
65709 67836 
64192 72515 
5013 58686 
67845 73848 
12928 16543 
54697 73314 
46165 59548 
29491 52693 
17859 21356 
58998 70955 
67239 68104 
74953 74964 
44115 50789 
70371 71956 
66647 67250 
26020 62178 
74743 74969 
66814 70679 
60556 67386 
33559 38282 
40386 60603 
38228 65836 
51967 58255 
13132 68476 
19895 70145 
31743 69082 
22446 29191 
26213 31880 
20555 73348 
62031 62970 
14747 60368 
15669 60989 
27884 64736 
12678 17269 
21644 26219 
28970 39853 
51109 61478 
29992 56550 
71604 72063 
29584 63283 
11975 51413 
39552 61818 
38798 50539 
38931 55556 
18665 64371 
37513 70265 
13484 19464 
53158 70569 
31482 52216 
42104 61329 
37754 64128 
13466 54069 
72350 73728 
32125 47933 
55153 71375 
63531 68678 
48319 56744 
8510 29044 
62564 74788 
57018 64454 
34734 70084 
42641 43540 
52660 68716 
17231 27055 
30626 61455 
33919 66632 
70188 70554 
1000 3389 
43948 43955 
37701 45434 
50765 71638 
58223 59041 
32441 67397 
13822 70914 
1602 34719 
17702 39068 
50592 70998 
9940 60079 
52034 63752 
21120 40144 
10668 71320 
70787 71814 
4246 46020 
70849 74353 
43099 49773 
2581 11852 
52721 62929 
71498 73720 
27330 46499 
16165 59840 
17872 24920 
7629 55212 
6064 61518 
66461 66936 
25335 50421 
26087 74574 
51900 59569 
61278 63424 
7311 65470 
4968 12076 
31382 58104 
10271 13735 
19178 32717 
28865 42685 
20942 64065 
16940 65726 
68655 71966 
38194 52907 
69757 74619 
61123 62250 
59065 73464 
2161 39780 
55435 64283 
15828 26231 
4681 26830 
67436 71617 
12980 30636 
41292 73349 
50847 62776 
8007 43976 
72081 72338 
31076 61783 
72770 74671 
18394 68084 
27754 74922 
60911 61647 
61390 67776 
55778 65005 
65353 73735 
67015 71707 
23190 66528 
36176 62395 
55097 56539 
31260 74698 
8643 53961 
8215 27554 
31441 72622 
13347 30486 
61656 74769 
42135 61602 
10390 22056 
63866 69107 
12249 20569 
70810 74417 
48212 59698 
66032 68745 
50846 55877 
19368 45707 
32136 62280 
17565 70658 
17853 71485 
19676 50327 
60426 61592 
60260 74430 
30213 45391 
41834 53648 
50826 69388 
65132 69036 
41809 58165 
17268 64294 
15242 46194 
70099 72868 
17744 27262 
3655 22656 
27863 69829 
12835 73396 
39476 48857 
2668 37442 
61842 62761 
19410 63826 
3540 48616 
27307 67963 
41279 71563 
41976 64537 
22520 38661 
48885 70760 
12008 19115 
37776 69110 
58234 66540 
23629 40401 
74389 74853 
56340 60132 
22565 30811 
8713 23470 
54760 70118 
16098 62912 
73963 74014 
72620 73078 
58867 74337 
74994 74996 
71464 73032 
30171 48717 
8087 23223 
66328 66968 
28206 41009 
65900 69517 
18246 24563 
34062 59727 
7950 21128 
25629 52071 
53149 67546 
68477 69887 
11008 62624 
9845 26196 
6987 66356 
53113 54898 
7777 22880 
52108 54915 
19894 53599 
26761 48244 
57446 65003 
14527 29520 
19314 66885 
7389 25087 
59826 66965 
43702 49541 
30619 73036 
24325 41909 
28404 40747 
69700 71103 
63145 73818 
35012 59311 
2645 70015 
4526 45568 
22614 36821 
21362 52442 
27659 58689 
30204 35789 
53268 56330 
12766 57112 
52253 66759 
72210 72603 
64148 70893 
58665 68143 
62990 72309 
57920 65745 
62557 67022 
26005 68430 
53614 65047 
17341 65316 
12489 59539 
6189 51029 
25003 63360 
16987 59106 
20454 29684 
19346 42417 
55089 73460 
6646 64750 
18127 43463 
11300 41591 
57805 68847 
20898 22555 
55564 70396 
5652 36859 
31016 72187 
19062 61880 
68491 71340 
8242 29937 
16433 71152 
72157 73477 
60977 70733 
30187 40788 
35629 51887 
15243 19409 
67247 72195 
33710 68177 
18036 73551 
27851 51801 
2303 33368 
63875 70286 
71600 72102 
32695 49382 
74078 74629 
15661 16438 
40206 48731 
3067 70892 
62740 68831 
31235 67841 
38925 48269 
1244 66915 
64799 74666 
60385 70452 
13090 20953 
34749 61743 
1973 45119 
58524 64459 
34770 73009 
17144 55350 
11113 26045 
27914 47524 
39048 42468 
11731 29980 
74573 74992 
16211 42311 
71325 73727 
64780 69164 
45335 63326 
38210 45571 
43602 71288 
43397 72773 
5813 29046 
34724 55646 
14521 25965 
27930 46163 
14176 37104 
42137 65446 
44866 57116 
71019 72938 
43320 55264 
72787 72848 
37088 64133 
51078 59171 
55423 71814 
68357 70227 
52958 71067 
74472 74961 
47766 72002 
532 6944 
23007 47335 
6287 50280 
73933 74393 
39158 62082 
10265 46324 
39776 54111 
53751 63658 
42734 54597 
52456 69687 
35355 63031 
7704 30271 
16359 36259 
58991 69120 
40133 64357 
62454 67745 
37986 45355 
43657 51177 
56614 58622 
26003 46159 
44757 50351 
12483 29736 
33048 48508 
64871 69241 
47361 67943 
15675 27508 
43840 65658 
5302 37802 
48986 58803 
13563 36544 
54017 70184 
13107 50806 
45042 57439 
27549 65530 
1898 71328 
38456 73630 
74727 74750 
57578 72715 
57277 66766 
41405 57948 
45951 48083 
14771 29773 
58068 74885 
66912 70451 
20849 70701 
5538 35175 
29970 47477 
68810 70786 
51147 71678 
37869 60172 
45079 70980 
8176 74519 
28487 52120 
65367 71518 
17626 26521 
10799 14238 
11547 18328 
42949 65285 
44405 66417 
5714 60337 
18830 31435 
9319 24228 
53096 62724 
5932 34347 
50802 64165 
64405 65718 
25669 57347 
6829 11906 
30680 66077 
59016 63533 
18891 27340 
38527 57502 
38033 73112 
2482 72393 
57468 63274 
29488 59626 
46748 59371 
41586 45302 
36246 69413 
38672 69066 
25075 55663 
45211 52778 
4326 5918 
20512 21472 
56353 68615 
71985 74775 
8727 55685 
52331 53653 
706 30914 
64912 65163 
38631 51162 
35297 64161 
69732 72872 
1062 35711 
259 18718 
42491 60532 
71521 73247 
74427 74738 
19843 71329 
55065 71082 
26463 57646 
35248 69029 
1851 58557 
17215 74823 
24333 37655 
74559 74943 
43561 71563 
12618 62169 
16629 21727 
69018 72831 
18330 47756 
39842 40462 
8740 33382 
32589 46877 
46534 74463 
36010 70471 
35886 68174 
23345 57237 
70924 73526 
10308 69568 
9283 66484 
72401 72799 
54917 62526 
285 20635 
21060 27357 
2586 17898 
54456 60335 
63343 69455 
35375 44851 
74884 74953 
63572 67179 
59667 67287 
48044 62592 
863 64136 
66178 67392 
13397 52828 
34216 50504 
43315 48696 
25499 29377 
8478 24137 
29382 32050 
64713 74825 
18509 61563 
39060 67048 
62767 71724 
45137 73190 
25981 71134 
38192 41968 
525 32900 
31301 61643 
74621 74757 
4196 11764 
55710 65838 
56347 74363 
32837 52094 
43481 54579 
13285 42416 
33258 66818 
34051 47370 
14626 56714 
20750 64911 
71918 73000 
55072 64795 
37018 60083 
43447 66279 
65698 67328 
58422 74122 
34001 66266 
8360 37802 
31161 62018 
43204 72447 
64114 68674 
69949 72577 
72136 74304 
67744 72199 
70398 74773 
60548 66967 
11383 44086 
52720 53906 
57271 71225 
63483 73085 
32141 68922 
12625 72486 
43302 66401 
50797 71863 
5961 40740 
17271 43994 
50087 59753 
73148 73779 
24198 52669 
56406 67333 
39880 73979 
72670 74889 
10462 32069 
57978 61557 
9054 65245 
63462 70900 
50028 70371 
46619 48426 
36034 38657 
51103 62569 
53916 58736 
348 7750 
57001 71572 
34628 43280 
29334 45032 
13177 50152 
73821 73951 
25886 31934 
15663 74072 
66152 69373 
59747 74018 
18649 66660 
47274 71695 
19859 63739 
59281 73034 
66464 73409 
52886 57944 
60044 62578 
72551 72686 
26119 73175 
11037 36642 
16437 20149 
52715 69875 
4921 23909 
52160 56938 
53129 58545 
48644 72353 
30516 66881 
66425 73424 
69959 70872 
47128 72104 
62910 70355 
2451 35785 
66985 74344 
37258 66122 
46404 65331 
55144 56082 
39576 72150 
7620 39194 
17199 64271 
29657 71164 
36929 65137 
33204 59330 
56247 72571 
50582 57562 
4211 31839 
58693 61221 
3826 71689 
49614 60387 
11994 73315 
27876 64528 
62694 72470 
30956 35745 
64466 69363 
36093 54793 
61307 66059 
62311 63598 
70264 73813 
58881 60397 
66851 68791 
20142 45762 
59982 71610 
42031 45155 
54377 57667 
19242 40431 
57982 65471 
49029 51034 
33364 49778 
57844 62162 
44598 67081 
53370 55342 
4751 47306 
68932 73057 
36526 57721 
15735 46546 
2257 67900 
22279 52649 
1210 24857 
26911 67656 
31728 54721 
43594 64515 
32849 70550 
12661 52901 
8933 68021 
61609 69077 
3062 70071 
19943 25123 
42202 49021 
55999 62716 
60702 72415 
38143 44808 
67597 74323 
57918 67535 
47241 69222 
7097 55902 
6823 11013 
68973 72662 
2888 68186 
15030 46185 
10459 23521 
42815 58507 
42990 56242 
56996 69886 
27814 69291 
7227 71780 
67478 74910 
30620 40282 
567 41909 
27136 45548 
29362 41323 
54223 63528 
74442 74982 
4903 23815 
52807 73278 
606 54666 
39444 46536 
10380 66687 
8289 31895 
49804 51032 
67914 68134 
36549 37756 
1182 66106 
2208 27540 
18990 37414 
16134 63275 
73481 74658 
65693 68316 
9100 23878 
60135 63202 
57414 67486 
8815 60695 
65462 69478 
21867 31645 
70843 72652 
31851 61116 
6751 29609 
47687 62699 
58209 59243 
74726 74792 
37115 43780 
15000 33177 
61872 74355 
38089 60362 
64431 71406 
70147 74132 
72720 72952 
7664 55985 
6397 35474 
26271 39528 
56034 71736 
2012 65541 
15028 34752 
69984 74281 
58100 73587 
25616 52553 
59604 65391 
60167 65379 
62067 68579 
50573 67543 
1269 15917 
17256 41570 
21008 57669 
8517 27834 
45599 49411 
31980 74094 
55535 63643 
7542 54406 
16602 58638 
46851 53783 
42268 74509 
34185 51741 
58797 62527 
41235 65471 
18288 24966 
11200 69228 
5895 56144 
20862 70941 
15468 26590 
40443 40710 
26300 32522 
35319 67077 
70067 73225 
17378 52579 
41632 61408 
63062 74415 
64946 70090 
60171 64546 
56006 67374 
31286 41776 
63081 68332 
20880 35347 
59490 66311 
32797 37950 
50174 57787 
18043 69722 
69295 73286 
13765 17922 
67282 74494 
31227 68589 
53394 57835 
6986 68277 
59881 62041 
51348 66005 
73263 73289 
37325 38826 
39384 60156 
24072 40695 
16292 34333 
56070 66435 
13782 20887 
2036 20386 
38611 53020 
21065 35945 
34301 53612 
46831 60915 
59596 72297 
62846 68342 
61665 69712 
7147 65255 
53121 61634 
66238 71913 
64842 72870 
2798 9319 
48006 67594 
13642 71357 
61431 73883 
10124 69823 
52515 65387 
57276 72449 
59256 70843 
24564 26362 
24831 37228 
74286 74385 
39954 69038 
12989 30006 
8510 36240 
15381 36867 
53353 59458 
28870 32383 
44252 70390 
13806 50952 
49093 63144 
8867 41513 
68932 70469 
36046 73932 
52487 57162 
35204 57761 
21369 32228 
53361 67162 
33490 56204 
47347 63239 
68745 68935 
7503 38309 
72145 73823 
74192 74691 
7061 52855 
25902 32795 
46392 67287 
48862 69129 
34989 36400 
42290 71888 
55304 56957 
56535 70109 
42900 53196 
50750 70509 
48109 48573 
47086 62193 
28625 71701 
9625 46547 
23540 72242 
32151 54508 
20432 26422 
6236 50538 
38235 48704 
53321 67552 
64481 68693 
27774 50115 
20202 74552 
11022 30019 
26878 45455 
13019 35848 
21299 44608 
67766 69225 
56987 57212 
41640 42774 
22167 67278 
30244 53761 
30693 57261 
9347 69129 
52327 54146 
29521 50576 
37608 38317 
42837 47938 
282 51977 
26720 52186 
28664 53041 
26163 36918 
2829 64016 
57844 69093 
55810 66849 
13434 26165 
67002 67738 
40133 51119 
27559 33416 
20722 46735 
11051 72201 
9274 29207 
70118 72057 
18472 25682 
38325 45667 
43124 64083 
54158 63191 
46529 56226 
63001 66352 
60090 65271 
45143 58907 
65838 72677 
798 74268 
5349 51286 
25006 49665 
45311 48273 
60831 67106 
71715 71981 
54203 63190 
20421 54110 
56605 72667 
14307 21395 
11552 40381 
32221 73382 
46294 50411 
47391 63699 
35255 50681 
42703 60110 
35235 44776 
59992 66599 
52972 67394 
42847 55272 
25527 59603 
42859 69765 
20639 52065 
17258 68842 
35618 53253 
51081 74945 
53471 59381 
72908 74305 
5270 59433 
6627 36911 
69425 71950 
19149 25594 
37165 68472 
37032 43279 
70823 73654 
70322 74990 
1899 3775 
31428 61706 
35431 41219 
36986 42017 
2412 3623 
68391 70670 
45878 48257 
16341 54408 
31873 40966 
55867 56937 
64607 69674 
50333 59781 
30739 43201 
70790 72682 
13883 47941 
61548 61827 
10212 34441 
41478 61440 
13416 48870 
56902 70568 
49456 71547 
59914 61938 
14531 25101 
61787 74566 
20707 62980 
30684 46251 
12171 67082 
52002 69235 
9481 11725 
51383 60545 
64752 71993 
24111 25515 
20393 59099 
39902 49226 
41519 64577 
72116 72966 
59629 70763 
17714 32141 
68036 69631 
13236 62138 
33982 66490 
33372 59088 
70007 71283 
21922 42079 
69411 72709 
65627 73343 
64108 72820 
63918 68830 
40910 60622 
33191 70976 
26578 64451 
66582 74420 
54477 59630 
28523 70184 
3890 31067 
35631 69379 
40795 50467 
44897 69328 
38984 54072 
29091 58513 
60434 70943 
23804 46597 
4437 51567 
37812 51721 
2689 44235 
51002 73724 
25662 34811 
22900 51261 
2451 34006 
17924 49876 
74961 74987 
64554 65146 
5655 27721 
56375 67066 
32233 34900 
37313 66427 
24543 74917 
39794 56901 
22652 36501 
67244 74209 
20703 47863 
11988 27878 
38367 50033 
14921 39084 
31522 33506 
16733 25943 
49649 65208 
46372 67911 
32660 66241 
73949 74512 
16302 39817 
15355 30798 
66162 71743 
17088 74055 
32680 71575 
22375 53848 
70935 71987 
24625 72541 
41474 62836 
43952 57386 
23095 37072 
38791 55556 
245 45735 
20000 61511 
52891 70794 
3573 40841 
17142 25745 
22110 72826 
35720 59805 
63572 64821 
50462 74178 
8864 39673 
29240 71782 
1425 52674 
16242 72406 
390 74996 
39257 58824 
6570 31022 
27106 40173 
29791 41863 
68405 71828 
41345 64615 
27875 74988 
39676 54952 
14355 32842 
37715 55740 
52335 55309 
61096 62436 
34394 62641 
53012 72165 
57840 63115 
62867 71013 
55090 71514 
5683 72305 
31047 49459 
30916 44653 
49062 64437 
63178 71481 
72478 73561 
66603 74879 
4304 28294 
14117 51095 
4122 37488 
67007 73910 
17952 43266 
65329 70372 
60355 65737 
72522 74223 
38178 43126 
71608 71662 
66307 70596 
46469 72492 
11698 35892 
16974 26603 
8954 10780 
44706 53948 
1847 42215 
7416 68924 
8073 11477 
48177 65757 
1776 25307 
42580 60307 
37025 45541 
58080 67215 
10841 60491 
54570 63413 
46780 72919 
57945 59146 
55543 59078 
27875 42292 
56011 66660 
42810 43902 
32046 43773 
11063 26269 
9639 22345 
3162 3357 
9556 20606 
18239 73181 
13852 29093 
25069 63620 
2648 6511 
69155 74617 
15773 32981 
13184 29142 
69016 71818 
19999 24597 
7221 34318 
33272 72948 
4798 30944 
37406 74167 
62124 70115 
27665 55084 
29997 34587 
44588 57940 
17898 69738 
15192 65204 
64409 67842 
11061 67319 
20722 55517 
36902 70011 
55038 70746 
56089 68880 
14003 45681 
30665 34539 
11982 52023 
28551 51914 
24236 55079 
33738 37973 
18329 43558 
72286 74459 
14751 63434 
4816 64794 
29790 71660 
46473 48115 
55234 69057 
3527 60356 
31747 70372 
27424 34460 
29482 71427 
14546 35778 
47842 55572 
19950 21239 
50217 69717 
73537 73642 
2454 65346 
20815 73452 
47007 71763 
7133 35131 
59392 63882 
60672 61450 
11773 22753 
72542 72758 
13630 52635 
38705 56985 
37460 53515 
24188 67872 
56129 61264 
2888 32975 
27842 59676 
4384 55393 
47363 54376 
40677 52655 
35244 65867 
65185 65810 
64411 72194 
17323 65513 
49298 61816 
7043 21844 
60341 72654 
51353 61117 
69555 73824 
36663 73576 
17728 51097 
49602 73112 
14305 51572 
9691 66310 
26469 28482 
69542 72587 
57764 74524 
70616 73116 
27726 74798 
24545 34429 
27616 72472 
53518 56122 
6145 67773 
29885 58045 
21220 31811 
6021 35542 
12410 14567 
60996 64328 
14946 16130 
70763 72904 
12163 36527 
33932 69053 
37022 45647 
60221 70657 
9647 15549 
57299 65122 
67491 72326 
42420 44035 
10623 49700 
27840 49390 
18990 72475 
7967 59064 
30731 63790 
44856 53321 
47756 58728 
30197 48467 
45625 69006 
35646 45302 
8675 60474 
21481 60943 
70087 73045 
32718 69277 
28683 40318 
15252 63104 
9589 57094 
58616 59802 
22821 31652 
67336 72440 
51159 66410 
64373 67166 
5637 26027 
47586 57366 
33290 59321 
46187 46663 
62059 72727 
40623 68270 
15425 27248 
4663 13389 
19248 66241 
39250 43069 
56047 68513 
37489 59167 
45026 52138 
4717 73223 
31047 72480 
53701 57495 
19496 36693 
23336 59964 
50916 54645 
3946 67422 
945 54492 
10027 67916 
47500 66025 
22145 49300 
33222 37906 
15168 31070 
32352 68299 
50671 67645 
49091 65786 
23529 55352 
50490 61575 
63099 69255 
46550 74491 
4780 29195 
48688 50704 
54317 64119 
10420 18061 
41442 54505 
7205 15348 
44545 54417 
38574 67548 
11959 16613 
51142 60694 
49875 66767 
7849 20352 
4612 53403 
41304 43553 
49742 61932 
22937 74291 
47350 69260 
40817 45665 
58463 67022 
54981 55805 
30620 61758 
69450 71785 
72730 74695 
39273 52219 
5801 29557 
2447 29552 
4396 30793 
54446 60643 
25302 60265 
41418 66027 
56182 70431 
35292 40743 
56278 65861 
24380 32837 
15300 37137 
48060 63301 
36637 65616 
29033 57571 
20700 29231 
59571 59852 
18830 41784 
36928 39084 
22499 65600 
7447 25639 
50539 51220 
48358 50070 
25150 39517 
34933 61864 
40300 42953 
49192 66231 
6342 35343 
37734 55780 
55334 73243 
40509 44205 
72080 74141 
25533 38435 
16305 24169 
17287 29318 
67104 73352 
69246 73450 
74895 74947 
33527 42998 
32589 74648 
69227 73089 
8399 15437 
16681 35289 
64501 68726 
56299 72087 
4044 15058 
19953 59927 
38922 60176 
15222 19923 
56383 73598 
11760 31976 
3894 64899 
58785 72412 
15218 25723 
27296 45464 
50031 55811 
25343 50543 
5228 60186 
69078 71106 
34359 47748 
48880 62854 
46348 63379 
65130 71687 
5226 40999 
9850 69642 
45632 45939 
51596 64079 
2577 42188 
10777 31555 
26486 44512 
70541 71143 
70559 73975 
19783 36505 
56233 61736 
8889 41254 
42671 54218 
38622 67418 
13945 65139 
39885 42895 
57554 60092 
48381 59422 
11045 42834 
48057 74920 
70198 72690 
59969 60841 
18986 38954 
65239 72677 
54486 62091 
52681 70598 
6643 27166 
57773 63338 
54313 60011 
65481 65765 
8309 20207 
37035 42905 
71426 73019 
54826 73337 
22290 30885 
62758 67353 
19793 56532 
46613 58983 
25882 40904 
65914 66973 
51389 52999 
41108 48810 
50335 66421 
698 13633 
7370 48827 
52107 65294 
17205 55139 
16989 22581 
7748 47514 
17374 22231 
58723 60309 
27706 65004 
40280 61729 
3124 20987 
74864 74959 
35681 71075 
14550 73696 
12430 44583 
68162 69398 
64021 69058 
22850 31410 
5058 32084 
6625 65295 
4405 66107 
55580 67699 
57884 70613 
40835 60234 
58114 73031 
10691 25324 
18953 47455 
36644 57008 
74884 74956 
11860 13268 
12902 42708 
11406 63536 
50459 61748 
46622 58754 
66437 67247 
56317 63880 
23514 42275 
65546 67554 
52617 60096 
69207 69414 
12702 69614 
61757 74512 
29017 35265 
62581 69277 
63120 70791 
16480 61360 
62109 69823 
42751 66322 
71460 73460 
35751 44432 
33868 67527 
52427 54546 
36287 51801 
69685 74457 
62156 64934 
34770 67827 
13771 51566 
5163 54692 
24225 32963 
7421 56683 
43624 65846 
64246 74439 
42469 63814 
12405 19633 
71611 73411 
43327 56843 
262 36784 
35142 38139 
39386 41506 
38681 44288 
36720 60913 
52678 70333 
45961 48391 
16048 64313 
32560 39023 
11313 25752 
67382 70122 
37337 64382 
72459 72608 
67499 72566 
20059 29372 
36169 52392 
59992 69308 
47626 59473 
15114 31409 
21385 57788 
20943 65632 
34007 63492 
74262 74959 
69867 72003 
55894 64214 
51289 61223 
58387 67471 
50920 58329 
43483 58563 
5083 14546 
68582 70877 
32627 36695 
4295 42592 
17083 57785 
10413 33303 
11246 63980 
68438 73151 
47575 64401 
68019 72918 
27757 65510 
52273 74981 
14043 28962 
61168 68806 
55391 59373 
3449 60541 
35945 58164 
23674 35669 
38967 55285 
25778 55831 
28394 62113 
71073 71273 
37796 72222 
41263 63716 
34425 45442 
61682 74284 
4794 39056 
24038 64017 
34753 63822 
24231 71892 
28264 54906 
38003 64332 
43930 67163 
42130 60476 
15380 40052 
42638 64880 
46656 54814 
39402 65585 
51894 66434 
35323 40192 
5451 32063 
35314 44902 
35148 52045 
74988 74996 
6408 22687 
56744 68529 
38627 58629 
30334 48718 
59851 68109 
18224 35140 
10978 16675 
28731 63051 
66555 68111 
22754 70546 
65089 69038 
34791 57350 
61413 71032 
1121 34751 
74228 74938 
17717 49921 
5279 13583 
37481 72055 
53770 59280 
29793 33284 
65600 66717 
4101 13613 
24247 29352 
8590 46647 
13276 62603 
64242 72173 
27638 63253 
29128 43518 
59548 67493 
47816 59023 
45843 60914 
37909 71427 
9651 50786 
69509 73629 
4580 39759 
29975 62393 
36285 73897 
59894 66357 
40495 62260 
5930 14587 
2384 45377 
44076 62653 
11695 37733 
26122 71861 
46937 62792 
40369 47571 
19140 26418 
32843 71654 
54171 67353 
19416 33523 
42540 72528 
46584 51891 
4052 13064 
22725 71182 
10303 58425 
16255 16974 
40265 52272 
33224 50799 
30345 34992 
51745 67190 
10418 41200 
22428 34789 
69833 74934 
36625 64362 
67586 73327 
69910 74756 
53351 66422 
72642 73185 
27465 40616 
7483 60887 
39867 69082 
20810 39695 
3697 9428 
11113 26398 
17992 21761 
66019 67160 
43088 59543 
36376 37139 
926 47935 
23496 30524 
57334 59909 
66736 68591 
50542 56631 
74389 74770 
63937 65207 
21590 22005 
54745 69275 
64213 73481 
18651 28502 
61250 65459 
45188 63410 
50053 68566 
33708 70813 
2859 27555 
71952 72134 
28802 35387 
22655 71091 
4677 72518 
19417 57997 
21213 65952 
43714 55960 
68863 74674 
56591 71608 
28606 37896 
69208 74632 
7287 7718 
66771 72783 
40442 57681 
14785 42488 
73714 74455 
38883 40799 
53367 55162 
29327 60413 
14644 66155 
22934 64590 
9656 45061 
33273 73299 
7745 73513 
33045 55468 
5343 38131 
73152 74740 
18304 39473 
50442 68722 
31359 61794 
71387 72597 
39196 63399 
71193 73618 
24511 41697 
18351 54261 
62932 64914 
69721 73947 
22063 67244 
11887 36510 
4479 65987 
61685 74457 
20360 27494 
14562 31749 
4979 21948 
9380 28987 
48975 59336 
54221 74850 
26491 73171 
15210 49529 
12702 38690 
17507 52090 
30077 34333 
38176 68329 
24356 29854 
58473 66139 
26155 71457 
2003 46569 
38620 41657 
15913 60595 
69230 69831 
20906 56050 
13533 26226 
16534 51768 
53988 54971 
67961 73613 
23849 65510 
70691 71606 
10791 34226 
50360 66627 
46959 48786 
51967 57408 
1940 15908 
37514 65682 
60125 73702 
73873 74876 
3085 35957 
30876 37752 
64310 67217 
49152 70714 
41288 64382 
18815 66999 
69159 69700 
29683 54444 
41862 60543 
73691 73860 
58148 62064 
55005 68240 
41312 72844 
30332 43347 
47218 71311 
12229 68551 
48339 58280 
65614 66854 
58954 67316 
57370 70950 
5246 73667 
18735 53948 
42113 56357 
73915 74230 
59505 65716 
59170 65727 
52312 63302 
30874 40509 
18823 29898 
43022 74521 
47544 59981 
6919 54254 
66215 74312 
12301 31823 
42452 48593 
41686 74816 
16954 54455 
25204 67450 
19976 36424 
44372 47653 
65958 67098 
15587 31830 
789 1744 
49427 68908 
2236 70654 
34893 58609 
12894 69302 
70926 71199 
42103 67891 
53779 58533 
49643 52532 
39108 57207 
71115 72817 
72764 74627 
24555 72556 
13777 58454 
19751 50120 
9818 56842 
36853 72596 
1648 60301 
73988 74865 
68998 69677 
68965 73234 
33802 66840 
16557 24061 
12160 73999 
44274 71246 
26721 54284 
55 37561 
40638 49789 
62755 74463 
67262 74503 
65886 69829 
6971 7145 
29849 31456 
30785 33255 
52471 67600 
58499 61608 
49438 73769 
14910 35656 
7448 31776 
30714 50234 
67730 73853 
8350 39473 
37685 70865 
25622 64965 
14509 34176 
9400 54764 
4750 46327 
5604 68268 
21504 39041 
24719 70496 
7690 40897 
73119 74603 
55127 74762 
16159 23515 
30356 64453 
4424 57355 
19169 28699 
64403 72609 
10764 56162 
23158 63385 
30635 56413 
3015 38152 
50162 58468 
64164 72435 
60678 65989 
52818 72915 
16403 37799 
27116 67837 
33029 41835 
45775 55014 
66901 72618 
31194 36421 
39575 71984 
68032 71296 
65334 67538 
49654 62152 
9874 61417 
5264 73316 
58351 58956 
22693 62760 
44178 56149 
46074 62477 
17928 47578 
74447 74599 
74988 74993 
62383 64076 
39405 67993 
72878 74599 
26566 63506 
64423 67770 
10298 55974 
43701 53798 
45078 51515 
64193 73034 
16368 21022 
9338 67414 
72040 74152 
46473 58665 
47403 72903 
27506 54317 
46991 57352 
53614 56630 
46192 57104 
9930 55161 
4074 39082 
18379 55661 
39657 73337 
42236 59431 
40875 57024 
3702 6699 
32280 65196 
15803 69266 
20508 64571 
27616 37456 
73303 74637 
20438 67994 
55593 73739 
65343 70204 
12102 16084 
47400 73286 
17863 23069 
61934 62200 
16334 60715 
60172 69711 
53041 53700 
73497 74313 
71096 74740 
40126 50898 
202 21455 
68686 72965 
17452 73588 
59263 66756 
71029 73603 
72274 72932 
57042 61965 
59622 70463 
71622 74250 
4400 59954 
68190 68318 
69487 71120 
68973 71238 
12958 57498 
53781 66059 
31295 37568 
36042 49255 
53233 63527 
34323 51715 
38143 74152 
47802 50000 
40676 73654 
18776 44169 
7643 68775 
54942 67460 
15295 53767 
56665 65637 
44340 67774 
19037 47880 
25734 46323 
56587 59210 
30464 67374 
7833 72486 
45164 74649 
48389 71366 
29179 45529 
67334 71136 
20468 27128 
3589 61288 
74121 74274 
59879 72456 
9318 46905 
50566 51377 
46099 64536 
49978 60425 
54976 57665 
53462 54576 
67221 72610 
49661 64286 
20499 25599 
19054 68460 
17589 67089 
53883 55129 
52945 53851 
16331 57466 
36375 68396 
34266 50962 
61694 70433 
23196 42515 
72860 72925 
27284 39048 
13456 69530 
33429 46024 
6963 22625 
48980 66838 
13477 47591 
12164 12179 
51767 65278 
14093 30699 
58582 68828 
52125 68473 
64620 65825 
74645 74892 
1403 19841 
53753 57009 
18130 72892 
61109 73465 
43796 70868 
50582 56185 
27919 28130 
1433 24616 
55826 70311 
20841 30472 
8096 32031 
25195 59886 
39982 47963 
63575 67191 
14136 25056 
20916 70473 
44453 61746 
55677 59225 
42073 61930 
23805 68604 
16414 54167 
21176 63148 
40372 69158 
11650 68880 
24509 63041 
12923 22507 
28341 39243 
17893 71959 
69860 73955 
31514 48461 
4571 68193 
74208 74590 
46671 56571 
52960 69264 
43244 44650 
22799 32137 
34897 53336 
26558 67475 
11338 51157 
63206 65013 
38146 59715 
24661 25888 
63200 69854 
21914 57551 
35816 47318 
41983 64972 
15132 68718 
55310 67438 
25252 59335 
36236 40624 
22706 45517 
61502 67722 
14451 64945 
1197 34515 
52946 54061 
36871 59735 
22443 42221 
25578 63205 
54080 66212 
56730 57057 
44410 66021 
55207 63587 
9966 26504 
43000 56778 
18864 55193 
39665 65972 
39047 66084 
66630 73035 
40814 42889 
10952 60360 
41431 47135 
5585 14188 
32733 35767 
25114 58610 
42412 72806 
39942 57508 
71714 72627 
40726 72417 
25829 72265 
41817 68808 
72341 72861 
6319 64557 
58867 59646 
39677 40929 
45925 47901 
25542 60524 
2651 12966 
27615 64334 
52040 64912 
23224 61022 
26482 64222 
27455 38452 
52170 61933 
9741 44195 
4609 58054 
69181 74600 
71916 71916 
22157 37779 
30278 66961 
2554 41206 
65792 72207 
35151 48582 
28128 63299 
765 55349 
38945 41437 
31846 49471 
29482 44281 
5186 39787 
44180 59064 
6629 47437 
73920 74206 
69284 74154 
3076 47700 
74825 74940 
6376 46321 
53068 71849 
19929 39535 
8441 22386 
31406 62636 
6431 9519 
73659 74623 
12034 50666 
5506 18539 
31159 64010 
50515 64039 
7606 53444 
60640 67209 
73417 74007 
19537 33450 
36375 66198 
10733 54161 
53238 71127 
7484 60863 
41911 58997 
62496 64270 
62206 74369 
14260 34132 
60526 72368 
8587 57317 
50136 73773 
50156 61655 
57336 65487 
10640 69966 
66801 71974 
74925 74993 
17582 28130 
12981 47710 
23390 40072 
49644 62559 
37488 72263 
57054 62734 
7623 39255 
6656 69754 
47524 74757 
63425 74239 
5909 40445 
26351 30822 
17293 71468 
60814 64423 
60602 64260 
34548 63498 
41478 67437 
64223 64657 
74416 74713 
3574 25500 
16435 43013 
9446 14303 
21002 29167 
37506 74208 
59709 65108 
36883 61171 
50091 59084 
66276 66927 
44094 55094 
44797 58641 
70351 71336 
40955 47282 
73357 74812 
7689 48062 
59383 67724 
60423 71550 
64365 74482 
23984 25937 
23154 62568 
60544 60840 
4985 66491 
34669 73957 
33449 65518 
55162 56879 
23707 74528 
47677 58670 
62662 65446 
33818 68839 
23200 48215 
41847 58443 
2398 43282 
9306 30042 
49835 54082 
68881 73581 
45042 72735 
64277 71624 
27530 33934 
50600 56195 
36050 73202 
3776 17496 
19155 51941 
31688 41275 
40926 44506 
15071 29005 
12904 51582 
28973 33950 
51620 67287 
61263 68917 
64331 68955 
10972 72003 
70625 74272 
63177 64456 
63063 68911 
3613 69618 
55682 70828 
24070 66205 
44399 53624 
14144 37663 
54949 62796 
20715 51047 
31694 69561 
59694 71926 
43262 44960 
45698 69235 
61624 73881 
57688 62047 
29542 49898 
64261 74700 
47131 52611 
12852 35051 
53096 57465 
40865 44851 
45271 54564 
30107 74617 
13676 42342 
57078 71689 
35414 47062 
74046 74300 
50232 64417 
33505 50668 
66718 70250 
48081 66350 
48408 57000 
61781 71598 
44047 49202 
45385 66966 
3231 51341 
47713 51056 
70409 74795 
16840 41272 
30380 45869 
56115 71163 
65576 67032 
10803 40599 
59780 74299 
50855 60750 
4275 56277 
28035 55226 
31891 71441 
9256 61690 
28720 46105 
40452 74687 
45904 64004 
21355 58021 
7695 69264 
4549 18270 
72938 74465 
22728 70858 
54518 59692 
41203 62624 
3675 57358 
24403 27533 
23600 62724 
69540 74938 
5440 73245 
29214 60176 
10335 29051 
48985 62953 
9746 9985 
11012 65350 
51331 74385 
13799 69916 
60929 62247 
7426 18921 
9171 60430 
37630 60884 
516 49188 
49150 62323 
51795 57023 
32726 38076 
18059 55494 
19709 33752 
64175 67152 
38583 41913 
6959 55962 
40362 52469 
43303 45710 
72502 74711 
27078 62368 
61113 64413 
69911 73187 
43809 52332 
54003 74079 
58791 71698 
5620 9433 
52249 71723 
61065 68263 
17715 38863 
3122 45379 
47196 63965 
5 27683 
47746 64621 
13308 30338 
39002 48281 
48948 54839 
11661 47567 
65912 65931 
74062 74100 
61138 65368 
64216 71361 
42408 48167 
37061 67577 
56267 57465 
51817 74003 
30947 58173 
9436 36083 
42655 58258 
18323 37847 
19728 48705 
48243 71373 
35102 45828 
58627 73310 
36996 42563 
19841 33761 
53248 62344 
39999 62269 
72826 73800 
60028 73743 
7305 58755 
30464 67144 
45531 69829 
15984 53608 
32256 45712 
74752 74781 
63325 69307 
35212 59100 
44351 59334 
13189 21982 
24333 67707 
14853 52415 
33666 61822 
42242 66879 
6743 74323 
57413 73674 
62642 63209 
55958 59485 
44967 66886 
15826 16801 
68807 69601 
14326 24800 
63969 64377 
29308 62002 
72658 73405 
67695 71444 
60963 71614 
12387 50399 
73004 73059 
8791 65200 
31737 70839 
1303 40961 
8562 40669 
18786 27444 
64835 72105 
26381 26600 
69027 70345 
62352 63662 
9406 38360 
31921 55679 
2402 54486 
61155 73615 
18941 23912 
44477 65724 
18322 47897 
54297 71220 
49285 67430 
23587 39566 
30702 67849 
26490 70857 
23488 46862 
22513 47371 
46866 66128 
73533 74305 
61121 61139 
45013 45023 
67031 71307 
2806 50227 
71602 73459 
71330 73242 
27767 69012 
2480 18354 
8145 11657 
47881 69770 
32342 64163 
74773 74861 
54201 62398 
717 15804 
11343 32868 
35521 43320 
56084 68830 
23252 50783 
7477 73805 
71 41452 
11082 28015 
16393 24401 
21558 58294 
19517 28672 
5241 63488 
37676 38129 
58817 70224 
64836 72294 
54556 63877 
68928 71710 
49693 67666 
3477 9683 
42078 52551 
58364 62078 
659 5204 
19291 26335 
52998 62429 
54538 68786 
50957 69576 
48419 65351 
53073 69517 
7054 42085 
38898 44027 
23072 56092 
23421 44656 
54289 58107 
40685 60615 
9297 56119 
74022 74701 
49524 50619 
62840 72862 
29821 59949 
67184 72288 
42016 60693 
60866 74187 
39381 43603 
10842 62768 
42559 57442 
31480 61969 
27509 44685 
26205 37978 
24724 71751 
65100 65589 
53949 72914 
58105 61849 
21008 56465 
68629 71326 
56725 67559 
49508 54447 
30436 31564 
7248 65827 
38165 73601 
68591 72221 
45173 67495 
30899 65666 
42866 44727 
858 2299 
8460 68630 
66382 73382 
21655 22250 
64562 70335 
43987 45009 
73561 74840 
68499 74667 
61852 62871 
12825 62164 
67247 72733 
12965 36923 
21620 33806 
57545 58398 
10345 73062 
45587 68563 
44377 50597 
22164 46103 
62906 63572 
46317 70070 
55516 70590 
7072 11373 
57242 68270 
20657 51251 
12680 66432 
71086 72472 
53479 60951 
50568 63217 
201 11758 
20286 71556 
9146 31201 
60039 61324 
7941 63514 
68260 74702 
27981 73666 
6923 26013 
62102 73796 
49381 52384 
2333 9847 
1836 20491 
44793 72801 
48101 56859 
4980 8777 
24115 30025 
64872 68931 
11491 17020 
55336 63697 
52305 64100 
50564 53516 
70878 74714 
5959 49080 
65015 69554 
68015 70858 
26127 60172 
20071 45442 
73854 74894 
54594 62937 
19218 36590 
45540 67952 
67623 71777 
31322 66155 
51885 57677 
2461 69038 
65736 72153 
63822 71517 
61714 71284 
31632 62019 
63234 73922 
5238 64419 
71945 73971 
60509 72252 
47467 63577 
68881 74082 
7356 17114 
7906 73871 
5388 62386 
374 70943 
22147 59766 
3761 14162 
74090 74268 
44059 46249 
19803 50633 
60364 71502 
47111 49886 
6354 24299 
10985 32036 
64499 74886 
28835 73396 
29994 33685 
66123 66256 
48128 72490 
29239 66273 
3594 22783 
69592 74619 
62690 66538 
65157 74360 
190 50597 
54192 70233 
8876 26517 
6256 37375 
22594 28636 
11844 42749 
54604 65330 
934 22675 
43020 48796 
18193 57502 
48682 74646 
20634 32402 
65363 69379 
5553 9522 
20841 48822 
14750 19835 
36369 71642 
19935 38452 
72807 73194 
14655 36842 
22544 64023 
4651 12693 
25142 67327 
43111 50040 
2264 21981 
14832 15303 
39244 49258 
66400 69980 
42398 50316 
1851 53409 
22097 69461 
28198 48429 
46805 52239 
70034 73774 
19833 34353 
36011 70977 
48290 64458 
2753 7349 
10974 46626 
67456 72056 
9320 68848 
70231 71524 
4249 29930 
14037 48972 
3062 70440 
71669 74230 
3957 72796 
45440 55215 
45980 46751 
54297 74141 
64105 71253 
70419 72496 
20726 45231 
34423 49896 
64559 72693 
37757 52067 
67464 71557 
37379 57572 
36721 68158 
18184 25261 
56230 61137 
67208 70926 
5789 53875 
42440 44414 
2807 26506 
70888 73074 
65740 71945 
16361 34529 
52056 54048 
66216 66477 
62653 66699 
51135 51746 
71424 73305 
10768 11133 
19590 37315 
37291 40326 
16882 25495 
37510 57003 
56518 71877 
4817 46158 
12098 20353 
27877 67498 
18747 60378 
25657 53725 
28720 57542 
23727 66601 
11888 31452 
18624 55565 
15735 58681 
43873 50990 
32001 67437 
459 61447 
39656 71055 
8207 60330 
47912 47952 
54858 63691 
49278 65845 
37600 46753 
59558 69063 
19355 27913 
21720 29739 
68578 74294 
57823 73110 
42380 68652 
28562 40747 
214 54194 
70007 74000 
25936 38598 
51835 73099 
68635 72641 
14376 53667 
67040 68080 
57831 66937 
7989 13040 
44024 50006 
49901 67919 
60379 66031 
63639 74389 
53896 67353 
8021 63725 
35186 49912 
6864 11777 
53862 58490 
45757 60135 
47940 71572 
27425 62584 
34875 44979 
63100 74334 
64802 70739 
40821 68913 
10498 11161 
5401 22811 
63391 73287 
55127 56897 
43638 59655 
43066 62336 
49150 54356 
36349 61393 
11543 25467 
63763 74824 
40785 52773 
22341 22494 
25909 61706 
56920 63576 
43345 60885 
40161 68834 
33028 66581 
34560 36097 
70108 70759 
63893 69608 
45734 70078 
42742 71250 
41060 72620 
47679 66120 
7475 49520 
44226 61175 
6361 20332 
68082 69215 
57364 62908 
28048 62782 
32194 32786 
41393 64381 
26386 71238 
33768 34366 
65956 68217 
7150 73216 
12473 46008 
29341 34010 
8296 48240 
44007 60740 
48267 61771 
38231 64904 
3376 33829 
20744 22729 
36647 52633 
3243 68431 
61103 71451 
50554 51833 
10888 55399 
72225 73910 
54023 67324 
45623 54049 
57269 66110 
56852 60295 
41744 56015 
44053 66970 
30057 47020 
17246 24948 
38398 58465 
51926 73112 
70649 73505 
41237 62047 
67701 74124 
21340 52738 
1442 4078 
7442 42154 
717 38537 
21081 46746 
25985 50410 
67820 72579 
49855 55631 
66781 69872 
30176 50516 
66929 72261 
49502 65578 
57883 71078 
47927 65613 
24893 52710 
29841 72341 
11532 19052 
405 17735 
10512 39796 
50412 51787 
23379 62190 
57533 59442 
20540 73070 
47237 67004 
275 38927 
38120 46079 
59376 72196 
61036 66337 
74308 74379 
24114 44909 
70010 73944 
55908 67671 
63430 64404 
57398 73033 
14912 61800 
64275 64818 
4659 74242 
61031 63030 
26216 50441 
66544 67290 
35460 66120 
725 68313 
35635 56774 
65698 66401 
5103 27194 
9331 52017 
33982 67774 
43254 73394 
30452 30904 
58513 74807 
30458 55030 
50622 55140 
25717 38484 
23627 69087 
72118 73193 
57974 60463 
65229 68311 
20897 63102 
62468 68783 
5904 64527 
54212 69815 
42173 61574 
16638 17420 
4796 57545 
66625 66661 
18690 21321 
57839 64905 
39583 70608 
1727 11200 
39196 63653 
29535 73761 
53071 62691 
10342 26088 
6210 53822 
39843 53872 
64295 68305 
39062 52417 
22598 53989 
39620 69566 
47438 48132 
29979 72200 
60160 62849 
15599 72734 
14815 65505 
59506 70391 
38473 60207 
57714 67321 
72987 74156 
32598 71767 
60606 61455 
67858 74949 
12201 40747 
54461 55989 
11923 21287 
57990 65258 
37817 52114 
17417 69308 
43710 60167 
27178 72506 
58502 64781 
38097 64768 
46192 50178 
60196 69813 
73207 73919 
40478 52515 
27182 44800 
73788 74393 
45698 61318 
13786 38766 
44891 57479 
13677 68469 
40252 51081 
26016 72467 
1593 8343 
74441 74658 
11023 15112 
885 30350 
12470 47799 
64262 72026 
25438 52065 
1515 45279 
11331 63978 
44712 52324 
4262 37073 
42940 72278 
6716 38919 
54051 70814 
38099 48692 
70867 71062 
37597 67467 
67071 71335 
16483 74542 
62727 64829 
67460 73333 
48927 63077 
16495 39367 
9702 65176 
55180 59632 
73999 74022 
27908 40076 
63948 66274 
20748 32952 
68790 71649 
40401 51655 
23911 50126 
73825 74809 
11976 17791 
37220 64959 
4003 11924 
34355 55846 
477 15424 
56489 60166 
14250 52227 
59349 68715 
32848 64533 
40428 42178 
28860 29973 
58867 64154 
11277 28872 
967 48446 
74493 74749 
18736 31992 
62106 65345 
68836 73504 
27477 32078 
49232 70764 
24603 63253 
64779 66857 
4488 73218 
47400 65527 
57006 61871 
47456 62970 
4231 72914 
50013 60198 
60918 74575 
20279 58259 
52931 54821 
22049 48654 
28689 59704 
72940 74832 
53545 56565 
14310 66441 
35481 56687 
31528 44310 
49056 61644 
2821 16788 
73092 73838 
50615 60202 
42451 46570 
34319 52921 
48028 69841 
41756 68452 
39018 41470 
37784 70129 
14265 42723 
51576 68720 
44142 64143 
73617 74122 
26751 56779 
70458 73470 
39764 52146 
44374 63494 
44376 46999 
8870 31494 
74065 74704 
14286 35408 
1362 36275 
71795 72122 
66788 66908 
30746 42958 
5238 28268 
34533 43733 
64825 72589 
66683 69300 
55054 64327 
25189 36571 
39357 61203 
25260 59400 
30353 64115 
6010 50235 
64460 65745 
63343 73524 
5471 71874 
10958 24694 
23903 61339 
45888 58904 
3244 62203 
53829 66895 
13080 57725 
11028 54556 
24700 71697 
73081 73331 
36307 71171 
70787 73487 
15379 49016 
60821 69111 
17989 43732 
30451 33414 
2986 50138 
58481 73720 
55555 73927 
69408 69593 
74005 74296 
63069 70229 
48044 70284 
35846 71910 
50845 73055 
38680 59433 
51680 57695 
74586 74660 
31030 56933 
36844 62690 
47681 67181 
60049 71913 
39932 74813 
10993 12045 
74188 74904 
65837 70938 
66150 67558 
44290 66583 
46429 63477 
25005 48534 
3962 47098 
41418 62412 
46411 60210 
13624 64512 
72111 72228 
56076 66986 
44703 56416 
37908 53218 
45019 63864 
4304 19253 
32577 74436 
27388 55215 
70259 74598 
70915 73188 
54800 72851 
1771 27822 
26333 40086 
26561 34893 
20805 46709 
69949 72958 
46966 66310 
33147 62204 
65003 72537 
7381 12079 
38942 47351 
41926 43489 
39262 59394 
58381 65808 
36896 63057 
40261 65696 
1745 15606 
26153 73322 
47101 53310 
49244 53400 
29631 66570 
21561 51944 
16611 44512 
40493 63375 
21939 22153 
62818 72754 
28744 68294 
39810 41888 
13584 58201 
11357 38675 
53311 58587 
74017 74424 
17642 65334 
16198 23480 
9873 54119 
24382 36575 
11293 43299 
18829 33264 
33649 48952 
20673 31141 
2095 51740 
15573 67606 
40287 73691 
14351 15972 
41146 46423 
47770 55771 
70229 71152 
69192 73357 
66590 74823 
8019 74127 
10665 66730 
66583 68609 
16713 51069 
30880 38715 
73692 73717 
67479 67649 
13116 15301 
68965 73640 
43848 71492 
16615 60462 
50071 72942 
42765 64408 
58032 69525 
13010 46658 
55928 70428 
1722 35536 
57694 70277 
1221 43706 
58259 73821 
53863 63079 
26813 43070 
29947 50491 
56401 60451 
46225 50857 
45490 51280 
62389 72874 
42443 51689 
7610 55330 
57915 62208 
48296 57475 
32109 37762 
40125 45429 
13881 53616 
36303 70997 
64202 73199 
40297 68668 
16907 56539 
63870 71932 
63625 72995 
20392 22490 
104 74717 
14129 23450 
796 26203 
43213 52626 
16603 22210 
24119 57756 
3250 68538 
14538 72682 
35343 56210 
24854 58316 
4285 20892 
39390 48381 
67975 74416 
72146 72642 
68529 73111 
51545 71397 
37206 55648 
18754 58266 
52496 64155 
22027 32520 
66227 72027 
69017 70276 
25878 59614 
47653 69224 
10446 20411 
22133 41159 
52976 64261 
10404 18511 
28816 74780 
73513 74795 
35734 63944 
9357 62302 
13221 46306 
65475 66109 
68417 71618 
54517 55474 
28767 43299 
20661 66534 
40866 72543 
38742 45908 
73043 73919 
5518 24608 
39318 52457 
17091 21389 
54407 66804 
18056 49250 
57151 58910 
50949 54281 
55927 72246 
65981 66810 
30109 48682 
23005 29150 
53935 63266 
70997 71904 
18584 59454 
6914 39968 
55263 58770 
43363 62258 
21055 40630 
13629 67730 
29549 63118 
57399 71619 
40653 52378 
47865 48391 
17972 42042 
41750 66200 
10306 46150 
70794 73500 
40092 71209 
38786 65857 
38788 52749 
61539 74672 
19992 60252 
612 68556 
24812 39424 
66969 73190 
23161 33083 
10629 16658 
30463 32805 
69013 69150 
66615 68178 
32278 39301 
64909 69770 
69388 72578 
16661 21392 
53309 55536 
54545 64210 
28418 66412 
46533 56675 
50474 52617 
34253 71891 
67867 69210 
46992 60301 
40919 71566 
74132 74803 
45512 66452 
33052 45309 
54809 66358 
50784 54856 
6076 45481 
62143 73517 
49789 55042 
56495 68271 
71939 72928 
38628 67558 
48016 68307 
27701 74805 
27987 59924 
34321 64361 
59960 74804 
50734 61579 
45584 71465 
39708 56200 
43403 50770 
56287 67669 
69966 74616 
51226 59066 
24470 42886 
54571 70115 
5778 45425 
14115 27218 
26363 60504 
7584 68389 
7086 63995 
23875 31070 
74270 74469 
43346 59764 
20546 58047 
28794 55193 
734 71868 
59792 66530 
9751 53218 
43433 74785 
39258 67342 
29048 34909 
48945 74086 
6824 73515 
64633 72572 
724 35652 
70948 73018 
67451 71810 
18201 35764 
19012 43653 
8120 20950 
8740 10608 
69512 72199 
59121 64210 
14235 69346 
4814 44279 
61927 64400 
1602 44622 
25515 41920 
37979 50043 
30700 64829 
48622 48904 
16889 31384 
10633 70208 
38840 66396 
53048 67464 
47085 56174 
59845 72764 
4694 19227 
53454 68953 
39369 67435 
72861 73963 
22400 54111 
39917 69818 
74386 74929 
3317 12544 
61428 64807 
44393 57964 
15507 47290 
24841 55017 
36191 39418 
70246 71324 
8154 51166 
61867 67905 
17516 35541 
21374 73168 
11105 31395 
73778 74679 
71686 74127 
19295 48897 
10517 17392 
63021 74161 
56917 67795 
11639 32628 
74285 74438 
47454 74219 
49494 56648 
15778 65644 
30165 72016 
17099 19708 
13411 19309 
28534 50131 
64318 73177 
45571 50564 
8047 68682 
41953 55645 
72029 74094 
36390 47791 
73614 74605 
25691 66156 
21500 39746 
50385 70529 
19655 68483 
68398 69304 
8637 57207 
4618 30903 
5399 68775 
5923 49122 
4285 7162 
66228 74249 
14170 73095 
41541 60661 
40565 49187 
22882 56934 
27150 71735 
35536 62836 
4771 31068 
52641 57600 
68652 74488 
23079 62419 
14223 53602 
23392 68510 
55150 69674 
8676 23732 
31346 65138 
44442 74875 
5192 54545 
55230 61743 
31089 35972 
68701 73237 
12734 27908 
74061 74214 
11397 29868 
1109 5720 
19132 27408 
56556 61502 
74459 74594 
52947 58443 
34275 37957 
8760 21477 
17253 39449 
65778 69947 
60377 66247 
24457 70315 
54282 55048 
64058 70935 
49495 63393 
64751 69482 
44944 52968 
35596 55739 
37702 62356 
31172 68816 
46086 72345 
70594 73763 
19180 27724 
66045 74576 
51084 51980 
62137 70566 
59248 73806 
60473 66339 
8338 29188 
66548 70746 
57024 73976 
29651 36650 
42127 72363 
16991 28830 
36760 45000 
51079 70937 
26866 71408 
35108 63105 
19189 53524 
5360 66100 
3663 52868 
38993 54150 
54350 59310 
13794 52851 
31245 42841 
52719 63730 
50750 67473 
41223 60884 
34697 74065 
42495 55600 
54878 67122 
36101 54622 
18603 33630 
69237 70805 
49925 50960 
50578 70791 
7058 24620 
49632 55615 
70529 74789 
25061 56157 
23200 38991 
60784 73125 
1200 59739 
22660 33341 
60819 66979 
24800 52470 
54899 58839 
34517 45889 
9817 55436 
63909 65644 
52550 66797 
62524 69161 
48481 73813 
28941 68187 
36990 58507 
50758 66866 
8591 74859 
14132 16628 
47398 63115 
66779 71496 
20688 27306 
26895 57451 
43663 72741 
59517 60338 
73278 74047 
38343 48411 
36503 70923 
68245 72378 
5112 46304 
18811 41139 
59789 74354 
73325 73850 
16624 50054 
11170 30359 
62544 63240 
67335 74048 
25864 46813 
73339 74762 
71166 71616 
2775 49405 
43386 54913 
11645 17779 
47702 51248 
25790 42512 
22120 45035 
67807 74573 
40608 59717 
16215 64629 
39332 63993 
70521 70923 
68180 71373 
73575 74557 
40818 61669 
50439 64673 
62824 65497 
47856 63883 
57234 61826 
25451 60048 
2806 61961 
59811 68165 
20680 69103 
29274 36894 
62210 65264 
4066 21362 
9796 52250 
38607 55789 
881 58174 
38314 52368 
58701 61836 
1738 44203 
16154 33490 
65336 74188 
66570 71103 
54096 67991 
54266 61070 
71749 72907 
10689 60861 
37382 43068 
64354 67963 
50018 69011 
36399 44873 
46078 73903 
10749 21307 
67909 71933 
57730 70493 
13215 48008 
9590 69588 
8642 73316 
17867 24291 
58714 68647 
13913 32616 
73446 74166 
26432 58500 
49554 69557 
65100 67839 
35934 63850 
60512 66399 
55757 63691 
21840 51094 
67977 68018 
25469 46394 
27369 70448 
18202 69569 
57758 66328 
41610 52217 
50826 69173 
59146 73059 
10823 27883 
6717 7687 
58836 72322 
64404 69297 
67139 69665 
48579 57852 
32362 66094 
57212 72360 
64952 65415 
52523 70717 
43521 61060 
44645 67298 
32521 66896 
36975 36982 
61307 74695 
9305 73360 
48883 51127 
45244 64443 
35974 41642 
66565 74044 
49277 51758 
37025 71268 
30619 44240 
27122 74282 
34734 44518 
66433 71594 
1896 54992 
60512 67702 
22739 39029 
56631 64585 
32813 34919 
34165 65557 
74725 74986 
6875 24163 
5030 58349 
23694 40730 
2541 55811 
10312 45163 
6774 40014 
38539 66449 
66211 67211 
62624 73394 
19013 34135 
47428 70811 
73227 73991 
49148 60408 
26764 59376 
19587 23325 
63911 73431 
62871 69891 
40452 47505 
41546 51153 
10762 31858 
57497 71701 
45803 73294 
21013 46302 
68551 73260 
69641 72431 
60313 69138 
65460 65697 
16577 56269 
27538 43987 
73956 74111 
29873 62218 
56886 61645 
10274 42924 
19404 47247 
58928 69422 
53004 58513 
56357 67768 
48936 74801 
15079 48309 
14212 59795 
56973 59933 
26770 41984 
54555 73730 
56676 70315 
47685 56578 
24741 52955 
18298 60812 
54151 58915 
6179 23790 
67119 71840 
65780 68958 
39073 40448 
65347 74030 
41813 54117 
38937 49338 
49192 55241 
28855 36554 
17212 29963 
65376 69554 
70746 73954 
34183 52001 
53108 58223 
37907 38090 
17263 59164 
47876 74671 
72257 73241 
20542 32202 
74455 74516 
14875 30145 
74632 74804 
13744 68095 
9281 14002 
73763 74110 
32429 62044 
12199 45211 
37618 54335 
8641 25129 
9130 40188 
22342 66347 
65951 72328 
47372 71964 
14365 66889 
6035 32188 
28321 38839 
41351 71625 
54811 66390 
38516 51721 
25737 73872 
35353 45402 
27900 62022 
69956 74085 
57519 69784 
55430 65944 
40136 51849 
53675 62689 
43812 73124 
23807 26815 
47043 47595 
71204 72855 
64886 65606 
3285 56618 
67373 70434 
66605 67177 
49124 67776 
48821 67696 
71489 73399 
38764 39915 
14307 56695 
57199 63805 
19669 63001 
19926 46866 
44480 61693 
15030 37473 
13077 58974 
51144 65474 
9410 13438 
71852 72032 
44778 60996 
53068 69610 
31254 47206 
47118 60077 
41240 60996 
29369 36745 
14064 18251 
40574 63293 
66094 72406 
29535 36856 
17502 45076 
67464 71701 
28792 53008 
58731 66592 
14604 66107 
26248 34687 
22936 31556 
55756 72357 
46540 64609 
25505 72858 
50153 59335 
44378 61990 
70767 71734 
47344 48986 
9327 71030 
27597 57713 
66790 70298 
34036 41525 
47340 71943 
24319 58487 
44202 54212 
55855 70034 
71258 72609 
51629 61699 
23452 35652 
13095 45319 
6049 37236 
73171 74035 
33023 61110 
71205 73324 
42406 49534 
26744 58143 
48003 58505 
37841 59197 
50010 52664 
30210 43909 
3838 9999 
57380 66138 
65156 71927 
65021 67065 
67227 72031 
7548 69537 
27402 45999 
45708 61081 
38481 52110 
33150 57045 
48878 68039 
59885 74294 
12968 53248 
16713 47275 
57921 59633 
46565 55719 
47327 69301 
49251 68012 
21110 40954 
3982 54673 
56928 60258 
55360 62110 
66044 73466 
15840 72523 
39774 68223 
40796 70781 
33248 72940 
22800 68772 
51369 56385 
4822 6983 
61112 73351 
28643 44541 
54958 72101 
2348 23430 
42758 74215 
23877 56740 
69289 73666 
51814 59644 
9095 36980 
64915 69003 
13507 36862 
25114 40798 
30511 64225 
11226 48073 
23859 48137 
11816 33376 
68455 72730 
73974 74988 
66711 73202 
55136 59539 
18959 41087 
57913 73025 
48522 63059 
36340 65744 
59592 65673 
64314 71573 
19351 40236 
66282 71014 
17686 54934 
4775 45058 
72449 72627 
13857 50013 
65147 74655 
62655 67095 
48549 60724 
47829 61782 
36197 55135 
43773 57740 
47965 51227 
59930 65182 
47759 57599 
63442 74905 
56776 68505 
62599 62968 
70213 74555 
66495 67392 
66975 70314 
61349 74588 
28658 48049 
29563 41072 
12380 20490 
22475 48186 
36291 37019 
70404 74432 
58767 67747 
27280 53428 
27743 53657 
70485 72288 
3874 70336 
9211 62834 
55720 67329 
3077 70232 
31810 52793 
60403 68768 
51891 70192 
67265 70925 
40093 59841 
9380 23375 
22374 53064 
36749 39628 
49722 73317 
20053 58390 
60629 67821 
9496 29627 
2281 42414 
32138 62152 
29355 45157 
18082 42372 
54325 54524 
46313 62805 
70554 74105 
15482 16976 
13687 24594 
37282 50092 
68992 74057 
57960 59128 
30463 34550 
6080 47717 
10721 21845 
67663 74397 
42487 68866 
11473 35241 
45170 52490 
2874 54619 
11215 24894 
54621 59593 
40409 62384 
40001 66223 
57563 69561 
38258 67216 
74429 74846 
19984 49379 
16333 31981 
47198 70438 
22786 56365 
23554 32995 
52484 63443 
18172 68735 
12127 44150 
39007 66836 
25732 27800 
59976 61795 
57448 66852 
43574 69100 
67120 70350 
65827 70108 
39772 51151 
56240 73665 
48885 62285 
16004 30433 
20477 68952 
34928 68293 
37293 72379 
73699 74569 
1652 3233 
16380 74580 
29731 61346 
22759 29337 
64273 74141 
53139 57608 
72841 73478 
40619 49899 
35053 52835 
40967 50300 
11209 30017 
33592 40557 
36116 66026 
64540 72999 
13562 74573 
39695 70214 
3512 16090 
8437 55335 
11050 22357 
7397 23968 
7513 29498 
74543 74644 
4107 7088 
8978 66827 
11379 36092 
45675 67775 
73929 73996 
39781 61636 
69051 74745 
7379 53541 
9709 35484 
34762 56440 
49177 54254 
29206 62696 
42585 43382 
24435 40507 
1097 15911 
5086 60778 
67508 72697 
16083 51037 
10669 38855 
51925 53639 
2901 32050 
30966 31287 
36700 68653 
13986 31219 
21347 27654 
40179 51186 
32174 62773 
47498 69181 
54993 68833 
9124 23806 
7200 34512 
11008 32632 
61189 64425 
44356 45527 
2789 54880 
32688 49008 
41533 52227 
61235 64213 
10591 34068 
61351 61714 
25446 26941 
21208 24425 
39015 68802 
31422 72120 
3353 11378 
41319 68446 
25762 38865 
70338 72191 
9833 11627 
67966 72273 
57188 73871 
28895 35750 
8030 41336 
72384 73826 
60911 69445 
41292 54108 
72031 73735 
16151 67107 
72424 72647 
45951 74614 
53542 73407 
28025 38006 
37575 38294 
16842 63014 
47893 67906 
274 60921 
50478 72005 
29622 51785 
6116 57487 
52683 60533 
23603 61286 
66023 74243 
8058 57070 
56294 64049 
52133 66681 
29995 74435 
19661 26920 
2257 6482 
38614 44423 
70663 71730 
8101 31439 
8275 29976 
22572 26161 
20621 43569 
15701 24946 
62141 68469 
38176 51110 
7569 40717 
24519 51343 
19462 23385 
18716 26226 
7955 34964 
37518 42981 
34457 59676 
28340 64940 
58375 65883 
43614 49743 
60779 65069 
58615 72695 
56023 57080 
5056 48177 
48662 50307 
39490 74724 
53365 61689 
57953 66800 
21016 45323 
74059 74601 
15245 74365 
57034 74436 
32370 37444 
40256 51102 
38736 64321 
28276 72429 
65612 67030 
36656 41483 
47525 52540 
31384 49707 
33930 39978 
16857 34971 
22247 68722 
3868 26920 
68535 74458 
20578 72251 
62918 65565 
62152 63545 
33371 36239 
55063 73723 
59958 68726 
68141 72732 
1686 60450 
29432 55360 
1139 12566 
10523 63698 
53726 59655 
61346 71702 
11191 58620 
33166 67196 
39581 46723 
7565 48439 
28977 67300 
28520 46107 
42485 69458 
36190 53695 
13602 45028 
22217 74528 
59836 60791 
64528 69620 
6287 19491 
48055 71776 
20020 67431 
4252 50568 
35563 51775 
23332 44833 
11604 14744 
43146 61867 
47664 57437 
39353 44627 
40046 52378 
35056 58782 
61083 62532 
48440 63235 
13738 58055 
16542 53550 
44945 65087 
62299 70096 
35 15675 
16938 39329 
40675 65865 
63969 66178 
58963 59341 
2239 50425 
73977 74695 
284 17443 
74221 74592 
21474 55806 
9512 53472 
39187 44961 
23373 32335 
7258 47422 
53094 62480 
33383 61555 
51694 61470 
59402 66255 
23552 51985 
56692 66848 
45315 70219 
22420 61037 
6948 71962 
52866 61409 
9209 70670 
67263 68752 
41715 69416 
49686 62420 
56872 69006 
11081 17387 
42211 64360 
28252 35312 
1383 23827 
41938 71944 
70589 74384 
12800 38753 
15224 38817 
72318 73387 
34147 66190 
19729 21172 
67799 74844 
70928 73060 
17172 45419 
18668 37251 
28999 62620 
29945 37286 
65105 74639 
7221 51891 
33788 63591 
39069 57868 
28999 56465 
41661 73647 
57708 71362 
17444 42332 
36499 46400 
73296 73312 
36158 49641 
9415 28115 
29634 50065 
39458 55749 
12039 36413 
36261 69816 
36448 42537 
46337 66742 
64358 64723 
47128 74189 
63461 67286 
18476 28839 
53034 74565 
61734 69342 
13087 66381 
69793 70512 
55836 63210 
20452 36643 
3658 51745 
46909 70469 
51769 66203 
53337 72540 
19460 24292 
55887 72611 
7392 32764 
46996 47376 
35054 51392 
45414 46739 
43540 71819 
66678 73779 
47202 67421 
64843 69424 
8892 36250 
50576 74629 
11243 67407 
58611 60064 
33779 50391 
17603 41135 
53894 63253 
20998 62554 
71684 74511 
27470 29256 
72545 74993 
11964 49167 
74129 74828 
4034 52575 
29759 65341 
16405 21218 
3398 10179 
22473 23373 
47334 52568 
40703 41629 
63335 73436 
66189 67776 
51801 52249 
54436 73090 
38114 58324 
44722 50208 
28028 74215 
51706 65813 
38291 66081 
39770 59527 
33351 50743 
28551 55627 
8537 61051 
67527 69949 
55509 70580 
71299 71627 
71363 72215 
40259 67569 
3560 46788 
769 22012 
68881 69992 
34501 55202 
19753 52126 
32407 32714 
32483 66449 
27451 48810 
44960 63867 
52778 58052 
65684 67849 
30572 57545 
47327 74033 
44619 55799 
67063 68858 
12581 63357 
49998 70647 
59280 59663 
18480 23278 
11591 22732 
45641 71455 
17241 19113 
43787 62542 
31248 42887 
41101 70971 
35546 52973 
35626 46957 
51070 73730 
69441 70640 
44421 66420 
31004 33116 
12398 20307 
61138 73525 
17095 25178 
13449 28248 
15905 17457 
4303 50722 
12460 68271 
66977 70806 
1203 73691 
40363 42772 
43875 71641 
50681 68404 
10222 46881 
2828 3880 
64857 74415 
25793 57898 
19165 38362 
6430 41664 
56998 71297 
53449 74839 
57295 68024 
33148 52233 
38778 54535 
39412 69503 
15742 46339 
54867 55953 
16154 26684 
18757 28800 
30555 68046 
19977 20309 
18865 37825 
5862 19271 
70255 73106 
20564 49601 
44891 63795 
20073 66292 
41144 43421 
18635 57011 
11837 13827 
9888 53555 
58190 59130 
53728 70270 
41093 47198 
48684 53849 
7056 46129 
10464 58744 
74287 74973 
73822 74365 
47176 48393 
38686 60253 
72305 73968 
8317 29712 
36527 67776 
1818 60111 
52722 55365 
60383 61482 
29115 42012 
54708 71239 
58236 71669 
58970 65850 
9160 47762 
41210 72573 
37355 55202 
13227 26231 
37039 47107 
22191 45530 
4780 55677 
14785 74820 
64807 71648 
20535 58791 
23640 25461 
73977 74158 
45430 62386 
47577 52716 
30182 43350 
65346 70425 
62870 71348 
36788 69024 
65242 67073 
10931 25921 
26739 73146 
65576 70079 
25104 70800 
74364 74468 
47520 72071 
54498 65420 
13120 50922 
8046 33493 
47383 49804 
5701 65687 
8854 44374 
40331 43623 
15492 65886 
16620 28467 
71338 73571 
31085 74124 
52565 67585 
70705 74125 
12898 42243 
574 40981 
27353 74780 
33758 50413 
1583 27964 
16494 40334 
53139 62074 
49180 67279 
56354 65867 
56200 69546 
5953 39237 
22544 46654 
55989 65597 
38286 57049 
70987 74694 
71667 71818 
20744 32552 
74901 74988 
47219 50343 
15387 70603 
17571 27360 
52039 66234 
37698 57554 
68160 72877 
67139 68528 
65491 73066 
61344 68404 
7699 58578 
71678 74891 
38811 66130 
67392 74772 
45356 56668 
61957 71604 
69692 73142 
72719 72930 
33341 51322 
63716 74628 
14999 56507 
56389 59066 
61070 64445 
67484 69520 
71677 74750 
6800 59917 
38135 64804 
15968 44011 
49713 59367 
69523 71068 
51170 58104 
42939 48042 
49502 65566 
47633 73729 
36373 40339 
71492 73810 
8878 46187 
43993 69694 
26025 33415 
21374 50984 
12066 40618 
70419 74871 
69760 74740 
1514 56453 
22537 34667 
74745 74961 
46816 72978 
27797 47359 
47737 58580 
66756 73482 
73651 73672 
30823 73181 
28644 74664 
46561 56059 
73502 73585 
10059 73584 
33435 49848 
69077 72071 
5976 37443 
51297 56707 
42252 68822 
72041 74471 
67508 68214 
37019 64658 
61704 71952 
44212 63485 
10367 56350 
21722 28917 
22725 26890 
22278 56828 
60486 72399 
40852 68809 
17046 37323 
43317 69642 
29871 33327 
20960 42216 
64636 66873 
41613 56457 
31727 66713 
38767 66750 
41861 57731 
60126 64069 
6549 39103 
1004 50448 
45134 64339 
2145 61503 
71021 72670 
2387 23712 
52562 53150 
64990 65634 
46716 64749 
71734 72909 
10624 12410 
21058 36108 
67441 68921 
10582 42270 
28098 72011 
14976 57700 
7420 55437 
36654 51999 
24752 26056 
2349 69304 
49398 50737 
68941 71434 
13475 35087 
24181 43372 
62966 70324 
32584 36489 
46344 50475 
54308 58448 
16364 23606 
15133 16917 
57023 61598 
58358 74209 
33521 48303 
15303 17363 
21146 66767 
14243 24804 
71255 73269 
61390 72070 
34264 47507 
39228 74664 
8311 23862 
51428 63726 
36507 51788 
30864 46977 
4180 11775 
10472 58212 
15083 34242 
45273 65810 
74719 74750 
70675 71511 
67881 68914 
28953 31446 
53889 74819 
16892 30780 
31139 71267 
1696 62179 
34658 43743 
62022 63639 
62883 67497 
22354 59634 
32752 63695 
56245 62882 
66106 66527 
34356 46093 
29268 42301 
39581 68329 
5071 38714 
56203 65819 
30992 31635 
5250 25743 
49870 52627 
70515 73780 
38931 74227 
13091 18227 
2114 62329 
64829 74625 
18184 23433 
46549 64986 
7731 27713 
14713 34802 
56272 74710 
6124 33381 
26337 34961 
68032 72889 
33892 34807 
1911 14704 
25684 39618 
61650 68049 
56645 66704 
32967 73794 
26062 71170 
71660 74763 
4630 31778 
34097 61563 
1446 57746 
42567 67354 
44014 54707 
70739 74505 
22795 28195 
54593 55468 
21027 42926 
3969 40842 
51854 69503 
46747 68208 
40644 50303 
66790 68890 
71463 71931 
26850 69725 
3829 15984 
28799 72047 
32596 34804 
67840 74952 
42610 55268 
10745 16738 
48516 65843 
31999 49791 
2963 66480 
9448 49753 
27205 55111 
51012 52298 
40627 53437 
35822 50821 
1492 73755 
43350 67172 
63773 68547 
3952 7535 
54290 67984 
69551 72527 
23471 63023 
4351 51745 
39918 65225 
17064 19219 
36035 72478 
19171 65091 
33674 66700 
46168 73181 
22322 45595 
26615 57697 
16702 60127 
8399 8784 
71716 73118 
47914 66725 
24031 58929 
17821 56841 
64229 70510 
63910 64679 
42770 74479 
37358 69193 
54415 69092 
25188 33254 
36604 63179 
29148 33695 
38729 57843 
13891 17122 
57155 57336 
73212 74592 
30714 66701 
23927 37048 
47209 62092 
14253 31215 
33104 59785 
59181 64406 
30821 54144 
44496 61869 
11376 44733 
74155 74208 
24326 54568 
51146 68007 
61172 70135 
28993 39262 
5416 35800 
1312 59659 
64514 65150 
53477 56357 
68155 74452 
51868 72069 
3116 12124 
37158 50848 
63409 71563 
45645 51082 
58645 69775 
60637 64168 
14971 20762 
13594 27736 
26582 60022 
61592 67819 
61734 72126 
25389 66522 
2761 8751 
1198 7391 
72591 73387 
35315 52793 
945 18811 
62832 71310 
66549 67179 
70355 74812 
40211 71592 
2210 37349 
36686 60772 
58870 63200 
37824 54995 
22022 25254 
11270 62143 
9352 41007 
1599 2441 
37254 70818 
23524 66097 
47523 65185 
64865 68828 
70897 71323 
22543 36229 
65937 67010 
27674 52122 
73543 74488 
66759 74082 
59002 72409 
65495 72486 
26943 45017 
43344 70128 
40435 63830 
8338 22166 
3848 53236 
7832 28900 
13837 22271 
21272 49440 
26195 41970 
70496 71289 
37790 44333 
9080 73679 
19581 72635 
65019 71769 
13381 21434 
26647 45077 
51536 55273 
5427 70200 
56740 67950 
23241 74394 
61589 66739 
46109 68217 
27595 69478 
47500 55042 
16986 63602 
63302 68459 
57895 73234 
43888 71897 
14546 71561 
58533 66178 
37644 44824 
42936 59153 
14618 65871 
32172 69681 
3818 14990 
62523 66050 
50024 58597 
4604 65106 
27662 61932 
64359 71084 
64885 65314 
3784 57626 
46745 51134 
33889 54440 
24217 68346 
64029 68950 
31117 51856 
17266 60195 
16391 40704 
74380 74583 
65071 73626 
27310 44597 
60611 72333 
71950 72492 
43173 53394 
44157 53330 
47152 49673 
38914 56085 
18403 38581 
59683 68415 
30604 66086 
65315 69883 
49951 54321 
18410 69708 
43289 44142 
32897 37329 
28650 69968 
3356 65278 
33745 48778 
3394 27960 
52290 57238 
2206 68361 
30032 69003 
17804 44362 
6865 49081 
27903 54842 
19152 36343 
15367 25770 
61592 74481 
8625 32759 
74471 74771 
61266 67051 
70669 74984 
63455 67308 
71505 72909 
50208 58433 
29450 42384 
36053 65686 
72372 74046 
70110 72409 
44877 70773 
7667 23838 
74747 74896 
7802 54141 
40659 64597 
13855 25653 
73450 74160 
2426 53267 
70406 73897 
25075 57903 
2629 31264 
36546 59232 
3749 7808 
41370 44503 
73215 73648 
14435 29575 
10786 59506 
24990 68565 
63694 67726 
52553 59636 
62954 66506 
12168 13610 
17117 42192 
10160 42366 
22947 45869 
29784 42041 
73531 73821 
28577 71398 
34131 52713 
24874 67754 
17570 57900 
20597 70115 
56649 68180 
9763 38186 
20908 49282 
71925 72380 
41469 59398 
58259 70049 
71559 74152 
47655 67601 
34907 66716 
34536 35892 
15224 36266 
30498 47749 
46335 53755 
54321 62192 
2801 55380 
54184 68840 
26006 73702 
36404 39079 
33091 51750 
22072 30761 
46236 49014 
64321 70647 
34994 49751 
44142 53781 
27998 49352 
6195 13003 
29817 45318 
54133 54312 
52526 67604 
28861 64184 
2024 15421 
70774 72241 
14272 44386 
45930 54064 
40495 67772 
63078 69506 
73246 73403 
18258 50297 
35346 39234 
65296 71641 
18112 69353 
54470 74109 
59683 62540 
62435 68533 
62462 74614 
42474 65376 
14767 19777 
67558 68714 
46601 50229 
43594 59918 
9842 41424 
26672 51553 
10568 21560 
19158 72763 
32547 38862 
17615 23196 
40886 65364 
13209 45899 
62873 74434 
6687 43344 
51184 52627 
66704 71737 
65308 71521 
879 30287 
16704 26554 
49319 57142 
7572 42079 
13464 56489 
25347 28706 
8461 43626 
56886 68039 
40161 60884 
21489 62843 
70802 72060 
23402 54120 
55723 71906 
38483 56426 
2609 19994 
71646 72784 
10272 41738 
70790 73147 
57440 57493 
37655 70008 
37249 48690 
22274 74131 
18586 72355 
9479 60966 
63514 72469 
6987 67559 
71582 74884 
29308 59509 
2500 61161 
34709 42544 
6795 50742 
5892 54202 
49003 60973 
38577 65895 
21521 72424 
60315 67008 
11052 47773 
58432 67670 
14509 37782 
37776 46994 
32373 41170 
18462 72185 
56527 74213 
61959 62112 
37168 52855 
18381 28926 
4668 35600 
69579 71836 
37768 58137 
29972 70108 
5432 22646 
53017 74751 
6742 74428 
48818 67899 
31033 37194 
65829 70330 
24955 35201 
38195 47906 
54290 71711 
42373 74736 
15922 36740 
37111 55721 
51934 59731 
59626 70698 
31439 60572 
3845 22568 
49997 53575 
565 56149 
56687 65003 
61275 67210 
19943 41393 
73780 73856 
22004 72509 
6298 37530 
44315 47455 
56966 65923 
30368 70937 
52578 72063 
31006 65700 
36279 43373 
23964 47468 
53306 70882 
33717 39607 
65653 74691 
53423 63715 
29173 65751 
1418 25781 
24937 46239 
41866 51893 
7812 44629 
22928 47064 
66165 71474 
13682 14129 
2212 60970 
42020 57565 
8978 46683 
10068 27018 
3923 5911 
28715 41890 
18974 73630 
41936 59438 
38914 74275 
49961 50454 
46029 70155 
27931 37092 
63878 73590 
59899 74656 
42817 70654 
29271 36900 
40910 71509 
5658 17734 
27186 46716 
57605 65120 
21755 68504 
32868 35982 
60531 62715 
52701 60276 
66087 66248 
51219 59333 
2265 24619 
27647 37124 
64541 68962 
29312 35285 
46815 55843 
40554 57955 
33330 46288 
34238 36840 
31133 49315 
66495 73233 
70859 73213 
68343 68564 
19158 29031 
71052 71093 
39169 65002 
69294 74980 
72652 73162 
15461 49409 
72445 74889 
33896 52942 
18793 69948 
9318 57997 
57139 68093 
63818 69380 
45817 51165 
63094 70670 
45440 72302 
11613 19349 
71260 72454 
21756 39859 
8361 72124 
65190 70274 
23530 47279 
69126 74562 
51072 61533 
62247 68496 
17658 69959 
71828 72201 
56380 60391 
6118 27759 
63535 66140 
11945 17757 
27812 34762 
45836 54082 
27518 35864 
19327 66243 
36666 64983 
14756 38345 
40342 42004 
62126 73156 
41330 72543 
25949 40954 
1654 55929 
70068 70200 
29705 44484 
58244 68827 
47879 73260 
69102 74288 
44396 72551 
29300 39889 
68931 72054 
59324 63774 
42585 49786 
67852 70316 
46176 62573 
72955 73478 
37827 64224 
19480 65624 
41233 57629 
4351 69406 
22349 68459 
31389 71999 
17088 57357 
10806 15472 
20183 25247 
56466 74188 
54502 59238 
24132 44286 
64211 72564 
6306 10519 
40373 48529 
9798 55169 
49693 63269 
66339 72599 
10058 56508 
23026 70633 
71341 71592 
891 25854 
18373 31522 
34736 58541 
42961 70639 
25857 63661 
18109 61188 
63781 67425 
70845 72031 
51260 58808 
47933 51281 
59942 67010 
3907 61740 
4131 15111 
37281 48572 
22035 30503 
10587 25398 
50685 68082 
28877 34454 
36310 72115 
34072 46100 
23321 29786 
18336 38446 
45227 48334 
7019 46132 
4273 55875 
43137 49290 
69416 69640 
63853 64583 
71272 74055 
50356 74350 
7595 11853 
28446 37185 
6973 26521 
23030 54381 
46303 73304 
19645 47793 
14092 60960 
71193 73731 
69409 73569 
12359 67056 
72774 73157 
22746 36386 
19083 20141 
32920 68260 
41848 57491 
57814 64900 
28074 30129 
66307 72453 
47610 59287 
13687 16544 
29963 55931 
19417 39808 
62712 74235 
61757 67860 
30748 62926 
8758 58047 
10599 23077 
56724 67685 
10488 63628 
54225 73254 
33285 53757 
19610 28374 
67086 71945 
17514 35643 
30260 52025 
19084 56907 
68586 70613 
22445 59054 
44919 68726 
49810 61894 
68062 70259 
19944 38619 
16078 47243 
74101 74267 
46096 47993 
5380 14132 
17378 35871 
68595 73039 
64326 72291 
43434 56883 
31132 71687 
24462 52588 
46053 57590 
25584 66804 
36857 43096 
60930 71380 
11167 73565 
27434 59445 
39336 62660 
69954 72270 
51409 72892 
55894 60233 
16467 51491 
69615 74552 
27333 45655 
48125 65136 
24646 40093 
13157 60433 
9530 25905 
55356 70883 
23408 33893 
72556 72581 
31447 44232 
39882 47598 
40206 70693 
65134 73335 
63306 67554 
61340 65875 
9375 29217 
14605 59108 
43786 73966 
66812 70914 
37702 57470 
39876 65286 
5354 68666 
41153 47166 
70620 72834 
4762 11185 
26226 31639 
31501 61173 
680 56308 
45206 57824 
23499 31428 
66047 70668 
50966 67705 
74921 74988 
27742 31174 
46656 73465 
64660 73485 
51172 58923 
4241 38792 
22571 41065 
53216 55045 
45294 70520 
37694 71377 
42066 56852 
7547 73748 
65904 66265 
44422 45958 
15551 53271 
35674 42972 
5613 34665 
24314 42580 
62547 64614 
33254 61480 
49933 62369 
62411 73817 
18373 63743 
7877 61271 
47769 52221 
4311 4407 
6656 10653 
59744 74250 
12315 15215 
64948 65317 
36905 56503 
35628 67300 
69877 73676 
24247 26344 
10344 59010 
15077 69528 
41674 45801 
20390 34261 
74335 74413 
62492 73263 
152 17872 
3349 30882 
67677 71237 
26940 43736 
70439 74686 
51145 53277 
23561 58944 
21313 26227 
72689 73361 
7402 67535 
59652 66783 
23746 56737 
58370 68506 
55062 69565 
51939 58575 
18011 59912 
29069 48181 
40557 62912 
71946 72739 
43224 65525 
58087 73458 
70877 72219 
54175 59565 
22668 34616 
5189 13738 
68946 72292 
27442 42034 
30868 36644 
14941 29620 
3454 28439 
72629 74651 
68803 74029 
40473 52855 
43829 59176 
48146 49628 
12799 23353 
63321 63489 
5531 40826 
11695 18433 
33417 36663 
29055 43276 
36598 52374 
24394 31879 
1001 34872 
24206 24451 
29688 43980 
766 18810 
9024 66023 
57713 68559 
12138 41951 
61827 74148 
59854 63527 
65096 74257 
36910 66540 
44425 65423 
21022 45588 
25605 71178 
30826 74823 
49445 53322 
51220 55652 
13858 20837 
74841 74958 
22031 56500 
48618 64103 
52209 57548 
74030 74252 
20458 60654 
256 62562 
54243 58465 
12278 37730 
54186 59951 
58958 62641 
36884 40569 
1909 63309 
22458 60295 
51147 59044 
44686 56140 
3275 25327 
30649 64223 
28427 34427 
1440 21802 
60192 67852 
43983 63384 
9075 58579 
42240 72874 
28722 48793 
5546 74828 
41438 44457 
64790 72828 
62279 73006 
35201 43050 
35184 66315 
28677 66111 
4396 24941 
60778 69269 
53782 62851 
29402 62993 
23326 33453 
14901 53183 
46158 74467 
63925 67993 
39700 62596 
56829 69828 
70116 71186 
37337 63174 
32126 36178 
53639 68441 
33465 41876 
67647 74805 
41250 41302 
12402 52900 
8785 29534 
41684 73025 
5570 72975 
64316 74047 
67505 72456 
19292 56978 
39516 73250 
56332 69716 
73347 73352 
43958 50349 
20421 72693 
6910 55284 
4543 22773 
7585 42337 
29435 70773 
10220 42897 
4555 18326 
67085 74411 
10279 43167 
50559 73945 
60076 62854 
57802 72745 
73849 74043 
61413 65012 
10853 19294 
54149 56532 
65636 73545 
9791 38504 
57722 73192 
47511 65851 
64867 65064 
10463 54809 
44237 64289 
69342 74109 
38956 68262 
31884 52722 
16444 26985 
28652 64683 
19810 20425 
49343 55431 
21478 46327 
1578 12367 
44897 62588 
5229 43764 
64770 69167 
30523 41785 
38031 54243 
30140 33590 
39710 50473 
52229 55868 
17387 67059 
70723 71195 
7989 25678 
13157 30838 
46623 48491 
63663 72110 
53028 64009 
72698 74288 
73945 74532 
51016 69998 
22087 72701 
18259 22493 
19202 39901 
10890 27373 
27902 57548 
13766 20008 
53177 73764 
61436 62385 
25909 36806 
42773 69618 
27103 41391 
24109 51862 
47266 49560 
69027 71872 
33660 41670 
63402 66243 
12901 52379 
26466 59812 
8961 52609 
54034 71183 
31906 41631 
3574 74606 
64024 65430 
40635 73384 
34861 72601 
18008 39784 
45298 49655 
14499 74616 
30324 62434 
60879 64549 
11443 31228 
63301 69737 
56899 65838 
15599 50569 
27762 66787 
5585 63770 
50075 72968 
64325 66127 
39750 57505 
34141 61612 
52924 58695 
33539 42673 
64539 67593 
51975 63169 
16978 74393 
3726 37881 
36882 72223 
59770 63943 
50684 64805 
44248 59151 
65606 67655 
67286 74881 
7402 29712 
21386 44882 
34435 45903 
21748 47791 
11453 35249 
59519 73039 
67516 73395 
47378 60002 
775 60397 
27835 28853 
41201 49950 
55184 58759 
2463 57232 
50962 56317 
14062 67356 
19510 64564 
17257 35500 
47543 51075 
20288 26172 
3859 17894 
14998 54531 
13043 56081 
72122 72811 
1153 28898 
53703 67689 
74779 74966 
74923 74981 
10837 35764 
58421 63671 
41478 54996 
44462 68168 
13039 28927 
44424 71465 
13926 28039 
32596 63021 
45507 52030 
61660 72049 
20070 48294 
42362 62263 
15647 47889 
3068 15663 
23199 69062 
49988 68380 
52161 64871 
37313 72239 
4184 28699 
29520 37504 
5007 17479 
42368 53968 
70960 73059 
27663 55701 
61936 66369 
31829 34313 
17926 31947 
59421 73255 
38494 61821 
60081 60402 
72564 73806 
16234 48702 
30416 67504 
22788 67417 
10498 46836 
27501 68966 
60510 68475 
34210 68261 
70817 71359 
44359 45114 
9403 43828 
19246 32274 
35706 72280 
12144 37969 
39102 49033 
20467 31178 
1051 55258 
48878 54516 
29473 34955 
70536 71422 
14932 38660 
10429 11390 
63429 73672 
45610 53562 
56954 72000 
44034 49872 
21423 70734 
52972 63189 
44392 51505 
34512 62268 
27968 43742 
33172 67504 
51936 59895 
50623 67589 
9040 27112 
25517 30848 
52517 66098 
73421 73613 
68921 69041 
57037 68891 
18626 67570 
7071 62068 
58958 69789 
32372 45516 
72122 72918 
8685 46278 
31706 52716 
12450 64357 
44685 53404 
40823 63427 
4390 46543 
43545 70830 
5940 68641 
73169 74288 
28515 53445 
25637 58334 
65198 67979 
49413 50827 
8199 62167 
30476 64955 
30114 66234 
49011 55459 
62675 67518 
31161 37035 
22376 36682 
10139 14410 
59198 67853 
57507 68387 
33446 47130 
3766 29037 
59864 64378 
49496 67114 
55059 66021 
27371 45680 
44937 61178 
9341 10524 
37383 50627 
70492 74303 
35458 71332 
65242 71390 
46391 67804 
74851 74858 
32852 45254 
70517 73510 
56133 68196 
25153 59352 
29809 37280 
36401 50486 
12840 37986 
33819 37794 
26569 62698 
64583 70290 
41936 45948 
72706 73961 
22559 41574 
73696 73849 
20683 72829 
36616 71074 
68985 74998 
67313 72993 
332 56276 
49378 73148 
25695 33027 
35810 72453 
58510 71719 
22637 38247 
42291 49535 
22124 58441 
4961 64673 
27351 27695 
22868 46059 
4474 73497 
24674 29546 
71484 71594 
50478 71140 
36138 45905 
38188 55235 
66323 73553 
31027 46511 
68754 72231 
61747 63254 
2955 6211 
6301 36359 
7137 21533 
74308 74672 
9554 49115 
57425 69020 
37747 47110 
13294 24809 
71716 72809 
62526 63207 
10602 40349 
47964 53190 
56371 60831 
54076 69927 
54320 62647 
62397 66287 
27749 29407 
56297 73405 
28600 48337 
39411 69213 
26138 39396 
18847 32908 
19425 71169 
31703 42682 
4744 34062 
63063 71359 
3736 10281 
50973 54332 
49285 53337 
69991 72477 
14070 44432 
8160 18768 
15766 58252 
43093 65073 
62709 74140 
14857 64261 
65511 71505 
69578 72482 
2527 29474 
55069 60911 
16781 21666 
35048 64907 
29426 50136 
8546 32699 
53335 73933 
27747 30160 
62365 69055 
30881 61232 
47123 72534 
19538 41714 
14709 32339 
32632 44005 
69540 70580 
8930 64810 
74579 74686 
61629 65991 
1731 36131 
64349 74708 
23688 66869 
25992 31564 
51392 66434 
66264 71193 
63363 72959 
53921 73099 
63480 74679 
66665 73263 
14670 59852 
27055 68403 
53380 68320 
4370 11153 
21821 71310 
22500 67261 
5708 23950 
1905 31308 
48748 62966 
29649 37035 
21964 27547 
64110 68264 
69014 69706 
30955 56840 
74017 74113 
56593 59632 
53304 67418 
60177 67101 
49026 50627 
29619 59922 
11709 33675 
63667 70495 
47027 62978 
74993 74997 
46728 63161 
27014 50028 
34519 43704 
24557 28458 
33213 60875 
28572 73778 
47984 66071 
23663 44632 
62023 62956 
12556 16728 
7835 56835 
32002 38641 
17267 66856 
5503 10922 
72807 74702 
25326 41426 
10039 51482 
61940 70436 
51556 68130 
15528 63691 
27776 58244 
49518 54397 
19817 50697 
68007 70002 
43476 56163 
16884 60764 
54709 59595 
12060 69457 
62493 62666 
53642 68111 
9012 32435 
52286 67175 
40249 74808 
19331 72086 
31462 61508 
266 30850 
1918 66733 
41396 62785 
6106 40070 
47646 72128 
33599 65683 
72026 74018 
32500 36338 
1189 65420 
67979 71487 
71752 74547 
17004 21497 
68452 73419 
43216 55053 
16680 58105 
55726 63404 
3994 4650 
18361 43788 
46521 72849 
17778 28000 
32812 49954 
5243 57982 
52178 53943 
59252 67778 
69630 71837 
33425 64688 
26303 62319 
12219 69141 
51730 70564 
21975 29987 
60895 68151 
12309 29780 
53773 73335 
7007 14083 
18722 40963 
14261 63498 
74615 74736 
8202 73061 
16170 68437 
71456 74051 
25882 29166 
50167 70681 
13101 27108 
45144 57354 
949 44515 
23379 42767 
21612 53161 
20771 46158 
59864 61342 
46695 55711 
3208 65209 
7831 13715 
21157 46804 
41031 42307 
50770 74874 
31855 69252 
44955 58683 
31510 55754 
15221 18719 
54962 60799 
21901 68099 
50944 57400 
59676 68431 
4509 15148 
22376 60470 
65481 71974 
23020 51452 
56923 70280 
66924 72897 
48167 70842 
27939 62161 
74506 74540 
6535 70840 
23704 41509 
68731 69248 
51457 63716 
4917 65440 
51881 69988 
70151 73436 
5984 15490 
32346 68881 
41114 55617 
8606 51687 
55897 66293 
58614 64539 
56557 60030 
62499 71156 
2920 14087 
53822 59619 
2283 47078 
9424 51605 
25494 27251 
25429 39400 
43247 56525 
71078 73491 
34986 49640 
52278 61726 
44788 47902 
68371 70389 
41331 67110 
56480 58244 
1337 23060 
3674 7101 
30172 36373 
58449 66705 
64786 65428 
18184 66962 
42170 63722 
67910 70740 
29188 57053 
23008 47160 
8942 43038 
68972 73375 
65307 73665 
312 11784 
4418 46285 
70684 71627 
74633 74745 
68993 71707 
44667 69870 
17625 73216 
39334 56136 
20078 52342 
72920 74967 
14046 30754 
6172 32475 
4774 13417 
56758 63103 
5556 50166 
36772 54773 
61834 65906 
13142 14600 
62355 69152 
41933 42884 
6914 14747 
36637 68383 
2524 63152 
16559 73968 
66634 68239 
2230 3382 
51841 74147 
58806 70904 
52081 66040 
43005 68641 
43245 73076 
28272 43110 
6603 29542 
47572 54114 
42953 61426 
59731 71937 
69272 74885 
59672 64504 
17212 47759 
64680 69309 
34403 34703 
38344 71608 
24818 49893 
62030 65565 
35755 39446 
45434 48468 
18433 64926 
37192 37589 
30943 55764 
59769 68753 
39077 68884 
14960 18900 
45487 59788 
34580 72122 
62815 62938 
61365 70051 
31606 33267 
53937 55198 
50742 64104 
35315 53054 
9363 38381 
65574 67476 
37775 61057 
13506 43592 
32546 37843 
32764 36787 
61032 66217 
21069 44423 
58495 62311 
36856 40412 
38519 43824 
18243 53073 
26739 31421 
71802 73773 
3124 29980 
57660 64234 
28869 39779 
61278 68911 
42165 70341 
41071 60477 
11017 71403 
53545 61487 
16076 71787 
55544 56589 
46190 54155 
1498 61270 
10081 58440 
17101 49618 
12832 66816 
24989 66326 
32117 34668 
65079 67305 
46597 71138 
12242 66714 
9699 9767 
71871 74197 
26038 71037 
66146 72284 
72427 73383 
71304 73977 
23792 51413 
15904 21439 
51910 67223 
53273 54803 
43694 62884 
26363 32182 
2326 64205 
68330 72945 
72119 72641 
18841 19378 
18471 26044 
63987 70828 
45220 52850 
73890 74560 
60683 73261 
60027 66044 
57807 60370 
1175 11624 
48874 60874 
32844 48291 
27678 61054 
47384 51129 
24246 51188 
18025 26283 
73457 74087 
29523 34317 
39479 50160 
64987 72802 
21550 46093 
28292 43617 
55706 56723 
47843 74993 
53927 72067 
54975 60868 
26888 68288 
33247 53484 
27115 49039 
58577 63883 
72304 73424 
72754 73937 
70701 71500 
18707 37027 
29863 68776 
30996 73955 
8089 71629 
12887 33319 
53095 63894 
64193 65681 
27991 35090 
8550 43382 
15588 63912 
12405 35898 
66824 74604 
66767 72422 
67478 70988 
5625 49205 
30852 69279 
9164 59439 
47125 55497 
9624 74968 
19150 72308 
28850 66477 
24394 55915 
33007 53424 
18680 67756 
30489 66791 
54997 59587 
18360 30116 
27866 36150 
59308 74614 
63712 70008 
12124 59980 
61547 68457 
52402 52404 
74018 74090 
31504 69030 
29349 58491 
18513 72219 
43939 54162 
11153 17044 
42191 42420 
28123 52339 
7051 44397 
46673 65451 
73779 74937 
67750 73361 
9456 37126 
40367 56932 
907 65439 
58173 72767 
16258 25358 
3626 6717 
17678 43175 
49885 49980 
72718 74619 
61975 74856 
10807 51731 
58608 64308 
46544 63868 
12669 54860 
47899 74431 
47857 56800 
28010 49792 
18698 53556 
61769 62373 
51056 72951 
63507 73706 
74098 74354 
14761 15757 
2844 13211 
60046 70747 
19465 40777 
73076 74492 
33108 62969 
13111 51584 
4125 16012 
31967 72428 
27167 60516 
809 20574 
20028 62613 
66378 71982 
49644 71687 
17581 37774 
23565 47411 
72623 73873 
15655 28241 
31790 41333 
45278 73076 
54318 64616 
21350 41369 
10046 20940 
44357 57256 
54220 70440 
72701 74275 
69732 70584 
2133 26595 
4340 24616 
37383 37896 
27488 74974 
69727 71912 
27484 47527 
39663 51004 
70979 72138 
3443 18236 
55427 74336 
41328 50442 
2857 24746 
7678 49699 
43686 58211 
70784 74383 
39933 44474 
42948 51199 
51982 69590 
7310 51923 
19556 57207 
30322 41636 
63325 63970 
69634 71393 
16389 26849 
10120 59333 
41849 68630 
28260 28579 
66250 71885 
8349 44696 
40164 47859 
27097 58323 
34809 62300 
17208 67534 
40509 67339 
49693 68242 
72310 74558 
69363 73614 
32265 49810 
38882 52931 
19611 67016 
61712 63692 
73632 74463 
47548 50128 
63217 73419 
27013 68475 
31816 39106 
64280 72586 
55720 60677 
34733 69467 
67282 71355 
54540 57233 
63111 64986 
11333 33325 
10713 66231 
58872 73192 
17617 47456 
46714 65455 
15601 66858 
4087 20986 
2777 64987 
44327 46316 
67262 71331 
62925 72902 
22429 39054 
28795 29497 
42263 56947 
31503 34490 
19428 31068 
50774 51938 
16830 72261 
49697 63284 
25543 50198 
12087 61034 
8488 46624 
44926 69597 
21754 64255 
35411 52198 
73286 74314 
72784 74178 
34437 73786 
3452 54341 
71091 74873 
25868 73809 
2534 71301 
36108 65773 
63921 64885 
22043 54814 
64906 74267 
34318 36755 
12185 35936 
41355 44374 
16443 50576 
26198 31059 
20048 48523 
74217 74959 
11813 48864 
39135 51858 
59524 64806 
39949 52921 
53686 55607 
25283 41211 
49428 51501 
43423 63959 
21136 31977 
2459 54479 
60514 61916 
13936 35387 
69042 71992 
9381 20587 
61501 71738 
7518 43337 
66046 67608 
4971 59507 
12484 39424 
16578 66751 
38335 52489 
40022 73949 
40335 64101 
19412 67178 
18544 27790 
26509 33894 
19222 70455 
62425 67033 
10896 37206 
22261 73855 
10495 50624 
26030 59375 
20418 51568 
13190 18119 
61784 64048 
36470 51126 
42972 58334 
67084 68778 
37407 58583 
7917 73127 
32113 71937 
49914 55750 
23088 45873 
18691 30226 
4905 32976 
53396 73765 
17766 65467 
37905 44524 
69141 74337 
9596 65456 
62402 72794 
73000 73499 
38303 44553 
3453 54133 
7201 73600 
41561 61142 
9603 33768 
29358 57248 
56955 74384 
2911 63318 
16577 52015 
74270 74545 
32844 38429 
38571 50960 
3573 29289 
13276 58220 
68217 72965 
31571 64137 
4956 46991 
58858 63406 
44985 55927 
74051 74298 
20089 38715 
62704 65799 
67988 68479 
5091 21128 
43429 69472 
34194 54416 
26985 37013 
55697 73595 
19566 32733 
26802 54484 
8012 15750 
43037 53180 
26935 57670 
53647 56084 
32294 37271 
44186 61045 
28853 50451 
11041 51081 
17115 44894 
61266 72981 
43038 69081 
33408 72813 
43584 53231 
50959 59690 
70493 72088 
4321 13674 
54675 65800 
40018 67922 
39393 40244 
44963 54319 
64882 72918 
69102 72245 
8352 37687 
47171 71519 
3664 37555 
36142 50530 
14432 69359 
71845 74173 
7428 18908 
54453 62348 
60418 64393 
31447 49546 
22022 31996 
37717 47529 
74436 74751 
11570 22526 
65960 66059 
37423 41602 
26439 64712 
53564 72268 
29026 33611 
44570 68152 
60179 67716 
26287 63935 
21534 23487 
15948 31174 
71120 72685 
36852 38393 
59238 62353 
68249 74485 
33755 74950 
30575 52386 
31661 56044 
11339 41819 
26655 27333 
8589 21246 
1547 57888 
46858 55112 
22948 62470 
33360 58045 
43632 61476 
11960 49508 
11630 25661 
53427 56066 
6786 48476 
71076 73917 
219 74494 
28131 56812 
10534 43680 
23384 35922 
74466 74486 
5879 55390 
73655 74717 
69441 69702 
13811 54924 
13688 55808 
14051 50463 
4041 23640 
68680 72596 
56488 69235 
22135 54111 
1540 47949 
29786 51682 
40543 59518 
71974 74629 
18832 32786 
2392 18636 
13855 61345 
42243 65961 
28734 45201 
15620 52834 
64279 74325 
71623 72058 
35418 56210 
20002 30531 
58928 61196 
41149 74339 
21613 45265 
27049 70775 
34691 51951 
20861 42817 
66007 69930 
57978 58241 
26155 53902 
61918 62937 
40526 59646 
48404 50252 
58825 70905 
27407 28896 
2595 23508 
16363 34958 
15984 55809 
44277 54378 
17025 69336 
15931 56512 
12670 14717 
44880 71479 
39903 42035 
6549 64591 
34996 55651 
60339 67069 
72353 74830 
51753 71143 
49131 58439 
45265 59814 
46851 47840 
35697 38878 
44227 50868 
21736 34289 
13603 52504 
55258 61953 
12258 53759 
32512 64048 
521 44609 
74086 74696 
3439 24693 
47242 51556 
15659 38217 
68566 72819 
22600 41722 
46292 63807 
24060 71446 
65179 69113 
48724 56351 
63080 66753 
35769 60908 
50423 71340 
36253 74100 
66451 73324 
11567 68383 
44286 50479 
71573 72339 
38460 53791 
60645 68156 
18775 56803 
6176 51028 
6559 62535 
25498 26044 
43967 72490 
56698 58470 
48438 54156 
2273 58652 
62124 67604 
10610 28207 
17222 18817 
63944 67002 
40405 46819 
45206 67430 
73521 73873 
29484 47079 
42385 56734 
345 25181 
62355 73346 
14819 58162 
38188 55737 
15508 74529 
753 44942 
14093 26999 
20432 73373 
49244 67566 
55080 57650 
9605 19991 
8027 37553 
21266 64014 
38401 68222 
8637 69545 
50110 62161 
16894 59517 
25192 67668 
72144 73553 
39379 51359 
51073 56890 
73961 73971 
26468 35166 
32445 37138 
59129 73494 
60679 72874 
2186 32523 
4778 54291 
16840 23973 
22432 27597 
66484 68979 
43381 68859 
7099 47129 
37662 58237 
4693 53144 
8185 55726 
36979 52903 
26031 57377 
41600 61938 
71678 74383 
58301 74470 
18893 65188 
15324 30403 
74512 74621 
43512 43675 
7604 71105 
64063 72313 
41243 41432 
56517 67501 
13601 67722 
6444 72719 
42016 69409 
68720 69683 
6507 10682 
57545 68987 
27382 56881 
52314 71888 
2202 67294 
34701 50026 
63514 65451 
37528 63007 
5578 49374 
606 42812 
6371 12354 
70741 70898 
19369 43518 
29381 40425 
3518 70685 
69054 69383 
8016 40986 
43685 58068 
19254 51521 
6909 72023 
29686 37628 
30623 66891 
36784 71820 
7365 48624 
46429 74222 
18878 74080 
9525 26229 
68381 74311 
20286 32585 
67795 72997 
38219 51588 
44253 56703 
24048 70403 
52511 57399 
34460 49785 
28179 58805 
56919 68932 
28037 36668 
30843 59973 
33473 35393 
1391 36940 
66485 74712 
47560 65826 
25958 58012 
66169 71959 
59182 59304 
52820 57823 
72960 73938 
3973 58389 
60321 68205 
25170 66560 
27982 61942 
51570 73001 
31855 63837 
31725 62026 
51151 69288 
8163 13261 
4228 46219 
45089 74589 
45568 52530 
59606 67036 
61840 70033 
16152 24811 
51385 73966 
62679 73639 
60597 67264 
54251 70102 
53156 62254 
17133 56243 
47407 49121 
32512 61818 
62215 63365 
63813 67114 
14181 55520 
52468 66494 
24285 27412 
54394 61052 
37285 71596 
65145 69475 
6954 45628 
6151 39418 
7980 30188 
63181 67330 
66386 68009 
37708 71819 
48812 53976 
61185 66890 
63525 70973 
49198 72099 
9011 20712 
15732 72962 
11655 71566 
71039 73273 
36355 38853 
29117 51504 
48812 61618 
63231 70471 
48196 64255 
1877 55848 
40527 73069 
44048 58802 
28566 68981 
16334 30494 
63158 67689 
29167 60268 
46427 48008 
65645 66081 
42469 55243 
34214 67028 
63126 71182 
70176 72571 
20999 23859 
27027 51899 
11166 40801 
33120 74726 
671 59663 
26370 68815 
73642 73877 
25480 58320 
60759 71748 
71394 74916 
10578 54280 
28309 72009 
1398 73907 
56815 72952 
71381 72480 
55110 71753 
22898 50719 
26267 70560 
7308 41236 
30138 72524 
16922 68801 
57392 67884 
54433 55286 
65852 74285 
42413 61660 
7281 73395 
27138 66944 
31143 31201 
35341 35522 
64004 71806 
10420 72803 
50364 54064 
25781 73332 
9689 26448 
29970 44349 
25240 60222 
61412 64055 
20072 51797 
35588 59178 
1029 49463 
17 52369 
70928 73912 
11181 17456 
47232 72961 
11761 26492 
13565 31292 
48731 49397 
43654 47822 
74531 74618 
45991 61520 
61513 69444 
17201 18711 
22900 59814 
32777 74574 
6926 11809 
64220 65372 
7521 54808 
66954 70466 
51581 57788 
55257 72048 
39235 63180 
5843 68837 
23703 50103 
64162 67278 
48031 68128 
56460 64070 
70233 71898 
14711 15323 
30422 56320 
6740 24216 
14509 72465 
16670 35556 
41990 65684 
66180 71148 
66005 73036 
46820 67107 
63205 72983 
62097 68331 
3710 16325 
3803 55508 
63152 66508 
64975 66384 
61517 65042 
42314 54450 
19532 45855 
69329 71724 
61106 63270 
16435 54741 
14236 55363 
66777 72022 
5111 28292 
18008 30259 
37358 45953 
17082 30191 
60920 72347 
35203 67192 
3613 14949 
48862 65733 
28105 71687 
17973 36647 
31706 55893 
51843 61012 
39265 70736 
33578 47003 
63645 63928 
72044 72475 
48300 65548 
5669 23435 
21296 61752 
14162 64920 
23834 53079 
68256 69080 
59774 66545 
8654 27652 
42784 58797 
68702 69352 
27521 64558 
49369 68399 
69611 70743 
54458 67504 
24327 58124 
60243 73394 
7164 69642 
44795 44810 
22362 57067 
58511 68510 
10177 65497 
41198 67792 
24134 49826 
25833 26272 
31926 55679 
35360 65965 
22249 61741 
1072 65709 
7710 29705 
2175 44846 
53751 54844 
1737 69440 
7512 60123 
1122 64868 
35774 65194 
8416 11378 
48752 51990 
27666 36660 
30567 51559 
64314 68765 
71514 72660 
59958 67415 
8825 37701 
54267 73410 
68606 72462 
73802 74332 
59557 69911 
36584 58488 
26231 65094 
8557 18442 
48093 60004 
12149 24622 
2815 31490 
56491 71797 
48262 54849 
60665 64551 
27731 35289 
50732 72886 
41301 53878 
74449 74470 
31338 63781 
35225 35928 
55166 70460 
23349 62798 
28821 67132 
36493 57697 
64877 66933 
44727 65748 
29299 74813 
21507 45570 
11336 19301 
12013 50579 
40158 56735 
64261 66077 
47545 61958 
41347 51544 
54576 59837 
15512 68173 
65740 68059 
41913 61560 
64736 70742 
8870 70873 
39073 55971 
30967 33554 
43819 74853 
6417 34176 
13021 13353 
18362 39128 
38294 59118 
1036 4203 
46092 66283 
58247 71299 
33364 71396 
11039 15926 
66185 74682 
37296 47537 
18276 71917 
48197 67775 
21398 47346 
43309 45967 
41552 66995 
60065 60631 
24128 25406 
27456 59760 
67891 68654 
42584 57833 
16936 18713 
34613 39444 
71579 72604 
49056 61133 
40824 67248 
63998 66361 
22878 73683 
32168 63626 
59109 74127 
53482 62010 
6311 25582 
43855 61683 
54170 73640 
74469 74886 
58689 61624 
43451 68852 
20746 51301 
43483 63149 
31737 46480 
60438 70039 
25273 47427 
19570 29170 
267 12133 
48541 67993 
9700 17831 
25077 34544 
37557 56504 
17315 62165 
45794 60745 
46678 67495 
6589 15352 
11572 19503 
28339 39700 
11833 48728 
70096 73515 
1566 2173 
11867 51938 
27934 33149 
73147 73252 
43523 70930 
72766 72991 
13961 41073 
55429 66399 
52278 74427 
67390 70298 
31339 44973 
8672 26319 
44021 61879 
20021 38585 
39090 59984 
64490 70331 
10501 64085 
54077 74503 
71052 72728 
30795 30932 
2268 68320 
10373 31857 
52167 59759 
8510 47018 
42961 52579 
18682 56905 
12069 62922 
54088 67583 
20786 23187 
16636 39743 
48138 52117 
71958 73227 
52229 63579 
48585 50148 
36559 70216 
37821 69733 
7865 8687 
39841 53816 
259 43553 
52073 52502 
61450 68847 
61416 67189 
69411 72559 
55453 63298 
55513 71908 
20484 35888 
17986 54102 
28358 55567 
62303 64466 
32443 66896 
51174 70287 
12740 36052 
1834 25050 
73302 73658 
52224 53957 
73138 73272 
35725 38329 
1691 67866 
30222 32872 
71445 72053 
4533 57053 
661 39443 
70689 74170 
13924 40451 
37916 47142 
70215 74349 
1362 54480 
37072 49200 
67996 73786 
54078 61090 
71121 71809 
10437 70877 
38763 58251 
39200 50839 
3495 62469 
22835 54385 
14116 45909 
18066 28703 
53297 55880 
886 39752 
17243 20430 
23032 30957 
44202 74152 
29428 61041 
65265 65438 
43395 54559 
34002 66986 
1665 72429 
71039 74354 
26920 56175 
2623 22381 
35172 68447 
67361 72225 
72132 74934 
22502 23986 
71223 74473 
50874 69639 
22294 69121 
1387 7437 
13555 55340 
17944 61277 
9192 69824 
42435 59534 
47710 64575 
22815 57955 
49767 55088 
46039 65442 
50855 56874 
31398 49318 
10729 37110 
32313 71528 
2958 18109 
28070 56454 
42217 66116 
55721 65443 
6773 70485 
16779 44129 
27658 32144 
38277 52418 
44204 66560 
23147 43863 
15582 73077 
66680 70850 
63118 64146 
53395 66136 
63719 64197 
50645 62897 
22511 50428 
71674 73556 
42560 69112 
8866 44803 
67484 70265 
39972 48658 
71834 74008 
60181 68055 
46295 58595 
45188 49172 
45233 72191 
70754 71529 
31016 40314 
30279 38319 
44943 67902 
56687 74259 
54738 63321 
29374 64631 
26252 44178 
47642 56529 
42000 52126 
53845 70790 
44635 66328 
23289 23304 
61456 69820 
3092 46517 
37978 41759 
16193 34967 
48672 54359 
7338 20692 
29248 52952 
28076 59565 
4289 10922 
53305 72918 
59286 60247 
41979 67972 
25996 38372 
67363 69246 
39600 53089 
58253 74394 
14101 27079 
54919 66873 
7713 17705 
21851 27763 
41411 65719 
27525 50708 
69833 71892 
9120 21405 
4182 9477 
11699 37506 
10496 17134 
18105 53784 
59600 72117 
11165 30427 
4087 50853 
43078 66068 
3720 50588 
18269 34238 
31193 46453 
14733 51195 
9658 58071 
67798 70626 
65089 72752 
52385 62543 
63859 66951 
64069 72423 
58487 59979 
53821 58703 
42032 62678 
51120 53532 
7359 12627 
2154 67224 
70985 73453 
59765 72209 
13605 23158 
20609 41739 
9438 58301 
48597 50635 
33835 42810 
74130 74613 
52490 53259 
31480 67948 
34992 49867 
13221 57407 
41451 69432 
23746 33382 
4910 56380 
2410 17659 
65235 74671 
41986 43814 
15904 27933 
72065 73198 
17715 53659 
28253 60627 
5138 57268 
24036 59728 
45492 60847 
19470 67240 
20412 71219 
4650 33471 
24024 56838 
35515 72223 
73609 73911 
21825 63596 
45113 55443 
39903 73231 
45772 52806 
20929 31453 
38123 50330 
64676 67400 
63696 71963 
35253 37686 
42237 52644 
31472 53152 
41676 72558 
37238 70057 
54963 58480 
26471 73789 
65826 69794 
63304 67449 
19004 27980 
74220 74850 
56992 64815 
42658 47815 
15468 35241 
6097 49341 
18766 57392 
73976 74292 
68201 73415 
35504 62545 
4934 14643 
37347 57859 
31539 34082 
73439 74867 
4205 73713 
11939 46853 
19699 52153 
59711 71640 
43928 64146 
67155 69316 
73599 74932 
29746 55401 
44911 68215 
64538 67512 
27740 44998 
38569 51014 
53633 59478 
32156 42335 
9382 46034 
28194 33574 
52947 68866 
21027 25848 
55862 57937 
46941 70705 
46073 68776 
39274 42604 
57922 63841 
47838 70556 
13202 55669 
64104 69245 
3637 26955 
57834 60040 
41908 69113 
63259 63770 
2690 73174 
11360 74858 
53129 63028 
39253 70308 
9976 40694 
34512 45688 
51375 67895 
35605 57356 
52331 73019 
8407 11782 
65653 67729 
51446 55155 
36986 61589 
50998 52655 
21381 36836 
71347 73741 
57535 73393 
54167 56069 
11018 46289 
57039 67648 
32794 36295 
29128 40638 
19751 52822 
70197 70987 
23588 37550 
11500 58957 
74393 74666 
29020 29587 
56091 72050 
46678 57482 
74382 74406 
41162 50413 
56463 67534 
46269 62105 
31419 37428 
26814 68378 
48375 63683 
5342 69960 
29977 33751 
19870 29835 
49282 72861 
70475 72636 
20034 38029 
61417 68018 
21268 42620 
58435 65037 
4509 7295 
34185 48443 
63196 67040 
56360 71813 
33800 42924 
23507 34058 
11370 20818 
34762 58918 
36265 70647 
67003 73197 
51121 52988 
60720 62191 
524 41723 
4461 68075 
39641 64226 
31010 62531 
54792 61883 
48286 65858 
27929 29820 
1020 38494 
22660 41933 
73652 73845 
37985 64372 
47448 68907 
43578 54952 
15705 60561 
11633 45793 
72443 72594 
51227 69704 
8029 24239 
13459 74756 
56780 66706 
48279 69583 
22896 53823 
68182 72364 
1422 52805 
39877 65523 
70386 74411 
72273 72563 
61454 71826 
66227 73623 
61276 66990 
11983 73624 
70638 71994 
45426 66774 
70037 70269 
17258 38530 
32779 55790 
36240 53448 
30823 48872 
51640 61595 
64471 73085 
46462 50625 
54139 72136 
69458 71410 
2007 17687 
37504 53805 
1021 14231 
15317 64449 
16323 21336 
55528 66402 
20457 41143 
29218 53058 
30186 51543 
7141 14479 
38821 48307 
6719 13622 
9563 25068 
47838 57824 
63798 70358 
47692 70158 
18411 45714 
19951 72930 
11488 46578 
30348 55259 
19987 31379 
21162 69338 
69889 72909 
27977 74990 
69576 70625 
55030 62620 
50443 66541 
68998 73003 
9234 41703 
14059 74022 
64341 65756 
71594 73956 
71175 73151 
73976 74178 
13641 66365 
22815 31511 
15304 35436 
40372 55305 
28642 48629 
70997 74534 
21925 26738 
10411 49474 
64613 70026 
39886 52667 
34652 51090 
7369 13664 
39911 74878 
62712 74412 
67598 70689 
54534 61684 
52185 63636 
73787 74054 
8280 74659 
51772 59750 
25585 53445 
17549 69783 
30594 38907 
51978 73618 
46187 68968 
74890 74965 
34528 69671 
49462 61075 
64329 70813 
51908 62947 
38448 72766 
59425 66127 
68465 69341 
67613 71868 
71747 74850 
51480 64292 
57185 59074 
74062 74764 
16243 69329 
18088 31685 
34289 45412 
32064 73149 
51903 73626 
23457 43471 
59315 72834 
51091 56446 
41933 60719 
47480 47678 
8005 20065 
57391 60344 
48545 69722 
8351 41942 
46054 66974 
9282 33811 
40265 44934 
29318 68185 
2800 72187 
51431 62143 
18528 45459 
3545 28466 
39435 73298 
13282 38146 
5454 18155 
23753 65787 
15318 49951 
28318 42148 
14018 49038 
41578 61298 
60876 73016 
4397 40156 
13180 71464 
32227 63752 
16219 60603 
7080 59238 
67669 72732 
71057 71994 
4609 11900 
29243 32195 
20259 72656 
7657 16983 
70840 72788 
68765 74416 
4102 52534 
74853 74916 
28972 34848 
28129 28821 
13812 41712 
5098 45483 
32564 67596 
65629 70867 
51680 64787 
50045 59969 
18941 73805 
54530 63726 
56902 70218 
71968 74691 
59039 68918 
33830 74153 
72011 74817 
15326 33688 
32961 39546 
65010 66094 
33507 67513 
55217 60152 
445 69993 
69731 73609 
63640 70164 
1272 40304 
47285 72109 
72595 73861 
19322 39671 
19705 34957 
23195 52484 
60690 61481 
41348 65103 
12261 50942 
18918 26483 
47625 55388 
35353 56243 
63103 73053 
33854 61855 
3356 9318 
18909 26127 
33186 58971 
30935 45325 
72996 74483 
69392 69641 
62584 74352 
13918 24192 
14528 47373 
23957 33650 
55704 59809 
44034 63887 
45396 61096 
13005 33678 
39110 50778 
31180 42423 
51720 58660 
17711 40530 
25124 27301 
69123 74666 
48557 56628 
48684 54548 
20932 59870 
141 41125 
43115 71997 
33337 59905 
34083 57090 
53334 60164 
5769 38702 
56307 74671 
44040 72330 
1175 24088 
36144 43139 
70370 73985 
56573 57787 
68098 70140 
52716 70193 
56828 71372 
12166 52165 
6786 57428 
23564 56857 
66345 72320 
67862 71550 
29306 36416 
43420 45500 
73073 74629 
30416 57673 
18486 22435 
4417 47703 
44407 56946 
12264 65528 
36689 42139 
43227 56409 
3384 59693 
24096 58764 
17382 74502 
47224 58006 
28434 33981 
70950 71002 
8063 12835 
52388 53850 
17924 45353 
23644 50518 
51833 74830 
41035 42424 
59590 66337 
4896 69523 
63192 74523 
35130 50370 
55854 59975 
4149 12443 
40356 69394 
70333 71258 
72572 73266 
30640 38664 
33437 66851 
49363 60741 
20197 40051 
46132 51087 
6717 26423 
70056 70588 
27964 33884 
44338 72559 
26371 62878 
17319 30374 
43880 57936 
28551 60544 
49323 63308 
74656 74804 
58844 71543 
61107 70098 
66684 68782 
56954 71310 
31693 68042 
69939 70274 
25485 69278 
59839 60619 
37259 50359 
72616 74481 
60125 70385 
48545 53645 
27214 53743 
19055 28846 
1900 18519 
51856 61101 
61376 61630 
27310 33774 
21358 56414 
3150 16975 
53566 56881 
28915 40972 
47832 68640 
50785 59062 
46741 73930 
1803 20865 
14781 59291 
23605 70577 
49451 55495 
48362 62087 
1161 36342 
58668 64156 
5786 32809 
59532 63989 
26971 49707 
42425 71453 
53995 66448 
26070 29568 
28101 29590 
10508 59510 
57889 71897 
17656 23507 
29383 74544 
1943 50036 
51906 59687 
54375 74772 
40428 64372 
69020 69104 
28387 33367 
55470 58676 
6385 9571 
68350 72733 
8741 55672 
6952 72706 
43933 46689 
29744 49132 
1354 29716 
53012 74579 
11923 34174 
33088 44392 
7147 12664 
17652 66235 
54746 57870 
69491 73323 
54452 67795 
65458 74238 
73531 74856 
55748 71123 
29099 48491 
16622 65144 
38653 41139 
60763 62416 
9486 18930 
16858 47201 
41682 50472 
11160 74565 
26973 57369 
46421 71709 
30046 37207 
71987 72923 
71906 74648 
36314 36359 
67966 72496 
70321 70367 
4786 35173 
8883 69726 
43550 54771 
69675 69881 
23294 39054 
69658 72864 
64470 68175 
26753 35972 
45353 73595 
29458 46822 
49542 65911 
6202 53295 
23516 46491 
1060 30920 
25214 34489 
17629 66848 
12556 53801 
39298 56550 
62747 69995 
69092 71921 
42222 62377 
29252 50345 
51301 60995 
13325 64166 
24526 62489 
36880 41682 
53104 62587 
53055 58157 
3188 57823 
18852 68555 
49088 56775 
52619 54437 
38783 60556 
38893 39301 
73628 74169 
37059 38104 
31190 56861 
51880 62110 
18245 23582 
12784 19258 
33715 62147 
29391 71126 
13464 64696 
68767 73173 
26970 38801 
31974 73966 
35006 44963 
43894 60371 
23968 30776 
45131 51310 
56918 67192 
48108 57902 
45190 70295 
51658 69325 
66162 73909 
30542 40703 
44838 49850 
50947 59616 
59025 63818 
39774 58739 
58041 70497 
41218 48110 
33716 40909 
19267 64354 
62243 74926 
51425 69312 
3980 9048 
43498 56463 
21167 32670 
6399 37482 
41778 69795 
73490 74504 
40392 61069 
57079 69803 
50832 53127 
63054 66295 
2434 56316 
19641 29400 
68035 70472 
36112 66205 
57081 59709 
56718 74978 
21774 74712 
22865 24420 
40843 42392 
26715 42757 
35234 57836 
25991 62970 
2220 45494 
36475 47364 
3262 57809 
58277 69106 
57798 67847 
1798 24585 
17930 39261 
51639 62475 
26642 66299 
28963 49818 
70448 70698 
27321 50589 
17709 47275 
39498 43402 
47511 55556 
19849 35758 
41034 55108 
43760 68969 
37699 42066 
64726 67720 
11129 52657 
44814 52373 
65258 71403 
5424 46994 
18233 72971 
36139 64200 
15261 35178 
4689 61078 
68837 70952 
56933 70324 
67130 74684 
9200 29007 
70950 73533 
53320 70952 
26863 65416 
12448 56993 
43932 72793 
74877 74986 
32806 41861 
56064 58320 
53047 60914 
72291 73483 
5498 55862 
59713 62167 
59869 63623 
29070 41734 
55288 62648 
8742 20857 
57929 62603 
22570 35858 
58852 60678 
48090 54189 
33088 58213 
24074 56577 
14731 57257 
3075 43026 
26291 45548 
11204 31609 
42659 50100 
9489 16669 
74381 74664 
59558 63964 
71414 72037 
43441 73099 
47689 71018 
1953 38096 
6168 43862 
26300 56372 
26238 26320 
38281 59607 
47484 55293 
16208 49771 
40123 58207 
54404 65015 
15278 70870 
30220 63747 
55866 63346 
50941 54897 
67133 74934 
26944 61577 
52017 70989 
23755 53830 
27097 55423 
29958 71357 
65138 72277 
62317 69422 
59073 68314 
37941 71444 
46874 49268 
39904 55636 
46501 62727 
13852 73436 
68867 69864 
8137 48202 
31343 74763 
17541 60635 
24522 56510 
25571 67207 
696 1304 
14922 20143 
21288 62334 
37505 44799 
42792 47689 
3980 40905 
6220 52771 
65323 71748 
31529 51427 
74096 74865 
53246 55259 
20064 36263 
21892 49095 
49574 62008 
38001 45067 
12419 12608 
63387 70328 
61118 65216 
26025 48561 
63313 66634 
39985 43988 
23329 36974 
24846 41694 
65681 71964 
2719 24588 
25048 31933 
52140 53242 
4802 60199 
32433 73650 
44574 52070 
60010 62359 
1715 66786 
38070 65077 
11977 73683 
23591 46194 
63792 70671 
33300 39368 
38820 47646 
2695 36228 
52336 65620 
2662 43219 
28556 59426 
42136 71746 
72691 74050 
14675 26205 
34777 43726 
55324 66006 
60093 67981 
50872 62857 
46932 55520 
48986 55467 
70583 72844 
24229 74631 
61714 64004 
43941 69791 
809 56476 
3943 19877 
11316 20179 
53842 72935 
50386 58322 
56547 58702 
2109 52782 
43199 71134 
28398 56242 
49878 71452 
47595 50137 
21457 52211 
60179 64233 
58971 71646 
38915 60054 
52672 54889 
23318 35559 
1918 60870 
19858 23960 
62701 68978 
64237 66289 
52355 68826 
25119 27010 
40584 40645 
18241 62950 
45322 58712 
43090 62649 
44357 71998 
7216 16627 
50853 63079 
40020 49818 
10282 19239 
35027 44216 
44303 64123 
7024 46686 
43062 57660 
50988 74387 
6737 69394 
11690 12467 
54408 65077 
68215 72595 
71723 71787 
65406 72466 
36822 44683 
47855 55003 
8709 38243 
8579 28127 
73126 74553 
73179 74152 
74892 74989 
73176 74184 
46876 66221 
31499 46552 
48581 68410 
24900 50628 
36586 45302 
4502 42514 
61990 63837 
58562 66833 
60386 63096 
17766 33917 
19592 41760 
63424 73725 
24277 34310 
43970 45922 
41678 45848 
5689 55459 
48104 73798 
15544 67214 
49587 59892 
31807 44028 
25649 53123 
52325 72827 
23328 32165 
18356 23049 
57162 69302 
35033 43035 
4599 21408 
63929 64922 
34061 46187 
42584 58342 
31285 34155 
38074 74531 
11773 47799 
39193 72390 
1934 34198 
18358 19630 
3219 20214 
14858 55987 
33392 36342 
43307 54280 
57003 66444 
1928 64603 
60387 67842 
33175 36586 
63137 72381 
4409 61645 
12972 65382 
22435 69501 
45925 68024 
1268 41921 
22482 63330 
24080 28603 
48963 74532 
26241 57905 
68381 73146 
37743 57558 
46799 69561 
25408 73103 
34807 52479 
17900 35245 
41165 63440 
49973 51628 
63324 69585 
52167 66815 
65700 74313 
58222 62335 
22104 74961 
22320 60429 
41422 74373 
43542 46249 
41215 65624 
40412 60162 
4174 72479 
67807 70030 
2959 55842 
52150 59762 
51666 71359 
20837 36254 
41190 47460 
69364 71940 
29636 62438 
24549 48340 
25359 39257 
2919 10939 
57305 70919 
54936 67581 
7842 32629 
14966 17756 
65032 73098 
69834 73246 
50485 68373 
61386 67196 
43631 71972 
53027 60151 
10014 53997 
10040 19241 
21299 33451 
54801 60816 
74065 74864 
65943 70174 
70890 73049 
53304 73828 
37466 42527 
8961 19929 
73687 74963 
72381 74648 
40004 60961 
21298 35348 
48116 64681 
11909 56411 
68520 74787 
10731 38589 
54756 64344 
69915 73241 
25878 54343 
33492 36811 
14153 38825 
56615 64312 
11883 71759 
6106 25509 
8969 22029 
18730 37087 
9864 17685 
26840 56354 
71619 71994 
4620 7909 
19852 27802 
18098 60330 
36724 73490 
70808 73848 
61463 63174 
15687 42148 
26957 51390 
62908 67062 
31426 46959 
7540 40907 
44906 47646 
28164 42397 
45379 51551 
5353 41449 
59067 64809 
29660 42121 
27494 51413 
32751 49156 
39378 62021 
41717 61851 
30141 59437 
2320 13577 
70294 73457 
34502 72936 
60227 67926 
26619 37506 
4240 57042 
5202 44084 
30392 43225 
58033 67785 
10371 40005 
66546 67471 
51763 66353 
40039 63874 
57809 58534 
42918 49917 
40261 73369 
72280 72688 
68567 70643 
69638 74841 
56275 62524 
73961 73994 
55500 71287 
33467 71898 
25920 31086 
12669 25627 
72150 72283 
66214 71670 
55352 55925 
23791 38452 
27617 60380 
16684 62168 
70099 71153 
69757 70073 
16733 34157 
15766 69636 
23270 34694 
13647 60080 
42827 50837 
39940 41999 
23890 65185 
13873 48457 
19619 62723 
7782 12165 
11926 31533 
52523 62513 
40080 59239 
38800 64834 
34607 66949 
4347 54923 
18554 50996 
22311 43756 
25724 37964 
48227 64241 
56049 65964 
5592 48370 
72589 74990 
6723 70680 
39507 61441 
47815 52733 
69795 69967 
9715 60294 
70442 74313 
55091 65457 
4335 39713 
5992 38753 
53289 66798 
30572 41801 
28320 60715 
4882 31252 
66276 71777 
47120 48101 
20451 30999 
67765 71106 
49775 64643 
30791 64285 
50020 53751 
10652 57068 
69508 73201 
3688 64928 
11388 13784 
54425 65319 
36443 52194 
19182 38128 
46754 49367 
7007 29791 
12164 18213 
34458 71399 
44093 65022 
57608 58308 
54890 59453 
53095 58600 
4695 7854 
51710 65042 
270 7961 
54902 65925 
6943 48056 
39114 74924 
31024 44348 
38452 40905 
27767 61816 
17930 18514 
42968 44628 
51060 71019 
14474 73918 
30321 47348 
53560 66824 
41809 58827 
70121 73089 
22388 47762 
1952 54204 
48430 51529 
42684 44805 
51157 54086 
57986 58681 
8794 18176 
55802 65197 
72375 74508 
70275 72170 
48778 62649 
14893 51978 
41716 68685 
24104 44265 
45264 58314 
69160 71291 
1605 48115 
44867 45840 
23926 51971 
71085 73460 
20026 67735 
4790 36643 
45449 62788 
50586 71325 
48800 53413 
64524 66707 
41896 47944 
31359 62182 
17200 46217 
7114 50646 
21106 72582 
45838 49275 
31127 51383 
56745 72568 
23906 35025 
15849 66629 
149 3219 
61698 67252 
32002 74236 
21953 46278 
47806 61029 
9972 40065 
38167 55011 
42179 53905 
28666 47746 
71596 74767 
41392 43617 
38029 55790 
25865 66564 
38125 47596 
29022 56628 
16308 29646 
45493 57217 
30760 60352 
68572 69030 
8731 23689 
2090 27871 
41232 70771 
28313 59110 
39920 71361 
576 46228 
44312 64364 
21700 57643 
27229 53783 
56663 58772 
34179 37346 
65836 68457 
19728 21236 
16001 53441 
72378 73790 
60596 69168 
46382 65869 
59410 59594 
6755 12233 
30012 40858 
21361 48399 
51180 58803 
53746 61717 
51334 69867 
54987 65842 
9452 52701 
23271 32762 
58522 71073 
61691 71692 
23543 71593 
52141 53946 
45164 58990 
23925 60535 
10450 57277 
71838 73247 
2622 7376 
6630 51844 
9745 43140 
1584 32712 
62750 67085 
41085 44704 
55555 63225 
37663 67682 
6583 24589 
12450 38299 
30835 73077 
63235 68834 
9519 73624 
25718 40249 
23333 46936 
18741 68600 
33960 62682 
3501 25447 
3136 47245 
14612 21573 
12469 54372 
48947 57422 
67535 73078 
46853 62887 
74286 74522 
41697 54613 
74740 74851 
12935 67667 
50751 59820 
30614 57150 
13360 40869 
41917 43531 
12373 68832 
32611 37796 
4321 41763 
35932 47741 
8845 64852 
66995 67832 
8212 53686 
52097 61745 
1135 6384 
27344 32587 
62418 71816 
28406 65235 
6187 16388 
57677 60618 
40956 55747 
23540 35575 
18777 74974 
7716 70620 
72281 74356 
59107 70493 
70022 73363 
25929 69622 
61781 67270 
63089 73761 
57394 69301 
66084 74822 
38481 42185 
73354 74350 
72456 73051 
3475 64293 
63409 67596 
15654 32013 
5690 18832 
55526 60128 
72041 73004 
53970 69083 
13049 26320 
40334 43040 
55872 59253 
64420 70569 
2501 13503 
20417 73487 
67628 68101 
56504 65794 
61740 62898 
62316 73126 
71037 74435 
22209 67648 
5430 64704 
59225 74683 
60131 65878 
53321 67219 
33470 62703 
41971 63189 
4877 19225 
47824 54364 
65352 70155 
5114 66821 
68548 71411 
61361 62884 
38630 69290 
54116 59877 
41017 70309 
25898 42269 
68940 74837 
51910 74181 
58982 73719 
13481 63114 
11801 12858 
56590 58895 
8229 49809 
54539 60486 
31180 47425 
36213 60506 
38069 63162 
62000 68063 
63047 67801 
13729 66044 
43536 59102 
26978 56502 
38289 67013 
1956 62515 
13783 61076 
60327 64839 
43251 68002 
21281 45477 
38305 55503 
50351 63292 
32217 62584 
31543 70069 
32239 46734 
39446 68287 
69765 73386 
46586 48691 
14722 22986 
50683 58100 
33752 73875 
27345 56085 
16910 74596 
65980 74451 
32611 69327 
28013 60472 
4343 42347 
60545 65461 
14822 37357 
38860 40093 
12139 27338 
53340 60481 
38888 53049 
70396 74980 
28923 61270 
5000 43212 
18721 74306 
12838 20425 
25606 36176 
31872 55471 
23812 59247 
12280 27451 
12218 52050 
34126 56389 
16293 61572 
50240 70631 
44552 57003 
51895 71801 
32067 50530 
11397 24898 
15975 22432 
18041 18161 
73403 73724 
71212 72335 
52732 68527 
37504 51030 
71550 73592 
8461 23789 
35650 71741 
46202 47490 
21842 32708 
64441 72020 
5581 8242 
44321 64469 
68042 73641 
34575 52003 
17049 31343 
16424 51418 
20070 60229 
8794 59147 
14952 72873 
5189 61954 
23789 73863 
40299 49171 
58782 63620 
42493 63893 
74676 74742 
15721 72524 
13250 66921 
55394 56259 
28079 61864 
33682 53207 
63983 71845 
12408 39916 
72618 73599 
35989 49662 
32330 46215 
1473 61153 
71616 73958 
30570 58833 
24260 71840 
35618 45773 
6261 11601 
59488 67923 
15459 40553 
29268 64082 
14211 62404 
22236 65596 
66179 69852 
52734 74158 
71460 74246 
34703 38070 
59319 62509 
5664 19496 
62755 66928 
17520 64257 
2364 2960 
24035 63031 
47245 66138 
64164 73065 
43995 55532 
23844 52960 
3772 68933 
40642 68947 
50140 66973 
11032 47616 
65977 66429 
38725 45713 
5453 32749 
16439 39289 
62539 67077 
18231 61281 
51936 58360 
69767 73720 
30656 34358 
41404 69031 
62873 73664 
12847 32682 
67698 73085 
7136 54458 
33753 41299 
51225 66658 
70093 70752 
14503 28696 
26027 50160 
68812 70655 
63353 70462 
61673 67950 
55577 70103 
37461 56656 
43578 65937 
19159 20708 
38662 41901 
26323 63733 
64712 65174 
9896 67678 
4618 68948 
3204 62988 
74945 74993 
11149 13432 
6877 54072 
72986 73373 
72443 74119 
11491 64695 
18064 21866 
17254 20816 
4216 59847 
17943 71887 
47231 64439 
19004 46876 
69539 71713 
71230 74723 
32106 49097 
37645 47424 
24351 59608 
67218 68677 
11468 14919 
7509 25650 
16849 68920 
72370 74500 
49632 66353 
34935 58383 
24508 39358 
64955 65950 
61174 71341 
49158 57976 
38264 38416 
31920 61984 
19661 47646 
27102 31040 
3068 27494 
67202 73407 
1300 53677 
54462 70328 
4727 37891 
40465 67402 
12033 40376 
5220 8665 
31199 38516 
62238 68562 
46415 59257 
6195 60480 
29519 54284 
18243 68512 
40629 64559 
3766 33070 
58696 67236 
74466 74699 
67155 70169 
22068 29492 
58488 71405 
33025 54470 
66034 70739 
25604 64314 
31406 44674 
18324 31709 
36298 60486 
48594 50345 
6695 66724 
21278 50101 
18900 20086 
10913 71244 
38199 73005 
16889 68232 
50736 70574 
19185 22032 
58183 61619 
54630 62902 
37322 42166 
19012 32439 
9015 65552 
50877 72928 
10032 14180 
13821 41814 
24846 64909 
67596 67995 
53279 72061 
9881 57846 
16852 37879 
8300 21510 
24249 28549 
22769 30900 
74625 74702 
24562 69056 
3245 24005 
13811 48569 
59442 72431 
59944 60942 
7900 8522 
50660 51249 
28405 66025 
11585 42865 
12920 56165 
63973 70871 
27410 55113 
56656 61130 
11215 48964 
40087 45119 
59528 64610 
5804 25197 
54924 71196 
37498 55267 
8925 29836 
26608 51283 
1644 65090 
55651 67112 
62696 70618 
19154 64684 
61728 66237 
27598 34313 
24388 47606 
24389 34915 
51308 67197 
50547 70026 
60237 65089 
54631 69826 
58017 67699 
15747 51471 
22648 39139 
54462 69912 
41907 44302 
20800 53647 
47901 48984 
73689 74016 
10840 55498 
27844 40477 
43778 67642 
19404 23425 
35680 41528 
43202 67772 
26376 55025 
43767 60243 
45793 62543 
37098 57957 
46548 74817 
70117 72490 
53297 64967 
74121 74234 
14413 31565 
25343 45523 
40311 63980 
69397 72591 
64332 74462 
11875 35663 
6497 52193 
34006 72551 
29781 72582 
4987 21427 
61998 71758 
1422 17466 
29545 47379 
39328 62765 
33793 37966 
18933 58247 
2678 70208 
27217 44367 
30779 41833 
53874 63932 
15642 16129 
42509 56781 
58688 68331 
62330 65653 
30152 71280 
17444 68375 
43094 73080 
64358 72479 
21363 68734 
6454 72487 
11108 43694 
50654 67033 
7101 53798 
6153 23579 
59950 67882 
10598 62483 
14603 22379 
18566 62091 
41270 62879 
43823 69824 
73694 74681 
69431 73636 
48090 73413 
62972 68411 
17185 74959 
30486 34324 
31877 50570 
5527 8367 
32970 52660 
20581 61290 
72619 72647 
66020 67772 
9687 29403 
29797 37576 
8446 10776 
36883 70569 
28673 64487 
39788 60987 
5120 54450 
3770 7323 
5100 50933 
23770 60643 
57527 59657 
33875 58584 
48821 52866 
15078 32659 
37818 73581 
56308 57605 
29087 29247 
59246 65891 
62817 72218 
29871 44047 
34270 67026 
65497 73848 
43026 55190 
63405 67846 
56059 57480 
14292 17110 
61433 70627 
9577 15684 
6763 27983 
49778 63798 
53888 64782 
61149 72644 
18532 58187 
23805 45737 
66155 70291 
8230 56175 
43751 73794 
48429 55978 
52328 65390 
37570 65343 
71252 72746 
41883 59874 
63870 72292 
14649 66915 
9700 49874 
1312 8808 
56674 60652 
23546 44176 
35307 73895 
40878 67646 
55340 55498 
61328 70675 
30369 33237 
28726 60987 
30357 62000 
4577 71280 
47839 48343 
50016 58604 
71223 72928 
43579 66087 
44976 44998 
12330 65617 
15512 29533 
24185 27119 
66075 70959 
35087 51375 
26148 58338 
30702 60680 
29529 43000 
48551 64056 
8297 8621 
45621 68586 
18431 67832 
48396 55935 
17399 26506 
31273 72370 
35139 49128 
40670 65650 
8165 65230 
49513 59377 
42651 49478 
10769 17521 
18914 61528 
19544 56684 
40473 49006 
64552 68277 
65007 70392 
1046 71798 
4117 36619 
34853 68758 
9579 48253 
35469 36762 
64178 70594 
28903 67009 
9270 51447 
30240 73159 
62781 67528 
35164 54916 
21350 41618 
2754 4535 
43542 66843 
56929 69009 
47390 52940 
71329 74376 
43799 67962 
38625 74943 
67462 69038 
50029 58495 
7795 32047 
6175 44847 
25517 54032 
47366 52285 
62218 68594 
3573 37288 
400 50319 
12826 72664 
1111 36172 
1820 8301 
45975 69327 
44904 70806 
45652 66270 
54893 55971 
27862 28234 
20417 47458 
66538 72691 
44781 66668 
36133 43535 
43570 57606 
1844 70615 
9757 16184 
72916 73131 
16478 48211 
23858 36717 
74046 74159 
73827 74862 
64674 74768 
3502 37064 
31341 68723 
50750 56392 
53558 72671 
48157 71283 
5904 57904 
7009 50569 
11574 23508 
73346 74112 
8654 55547 
50027 72750 
74189 74519 
56972 72484 
29785 37661 
62494 70051 
50859 55447 
10611 55631 
40081 40607 
39439 72294 
28763 29573 
34902 51782 
20444 35616 
3569 16719 
10392 45103 
67252 69610 
70646 73144 
59408 65968 
25674 38260 
5117 14248 
55747 67030 
21189 60206 
53952 67629 
43065 65077 
18446 49561 
61869 71358 
8522 33373 
1288 3081 
28807 35800 
57183 69657 
5795 33701 
51464 66716 
64824 67687 
10582 40391 
5278 47987 
35470 57157 
62960 73680 
24980 54450 
39454 65411 
26674 45567 
36344 56157 
66259 73269 
28015 62535 
10316 45155 
21167 45715 
51471 69200 
20199 72731 
45604 69061 
50716 57205 
36824 72967 
29143 46399 
2853 67751 
43388 50515 
71984 74881 
6406 44670 
65600 67816 
56007 65932 
43636 58873 
68335 68745 
16437 33251 
68869 74999 
52171 70650 
20308 48400 
73665 74071 
45605 67603 
50771 67860 
38172 47508 
20963 70825 
41794 64790 
64291 65058 
36878 61500 
40928 69363 
14009 38431 
9687 30216 
19155 51166 
56607 60786 
40722 73577 
8404 35642 
24085 47873 
73615 73801 
68230 70018 
55266 64909 
49172 56045 
60094 63638 
55899 57319 
5805 54925 
44221 58326 
43458 67666 
28848 60662 
63292 65469 
53595 60240 
4393 4960 
27783 67094 
46623 66574 
31776 67216 
23496 58315 
5305 32134 
68170 70126 
44128 72661 
21836 28032 
15974 24872 
52015 57362 
56470 72298 
5116 62275 
73623 74010 
35443 68652 
57085 71986 
74478 74720 
20094 57858 
56727 61234 
1494 34570 
20967 26445 
36287 42834 
59344 61943 
12474 74961 
29478 64217 
55598 68996 
1004 74006 
31378 44653 
5526 12088 
15762 36788 
6472 59998 
41080 68576 
50611 70311 
51645 61508 
52060 69006 
45866 63600 
9826 53478 
18258 64523 
11886 31731 
23506 55327 
53238 62569 
34619 44296 
23360 67789 
33144 53498 
36099 46581 
40920 53919 
52604 72936 
44812 47956 
12031 59453 
4810 24197 
54924 71470 
5276 69208 
10897 18629 
39651 67429 
47859 67122 
21080 66302 
59529 63146 
25238 58311 
14692 68065 
16038 44259 
26671 67548 
48292 60177 
70787 72310 
18745 29220 
72788 73878 
6164 27720 
10240 20476 
9763 55016 
19728 59943 
48513 52613 
70301 74577 
18481 46067 
67197 71625 
69485 73215 
17243 24219 
21873 29219 
29821 29879 
60430 65994 
55687 74786 
27684 37988 
47543 62159 
38703 54264 
28642 37147 
33571 44433 
74103 74625 
29563 33950 
49584 52193 
23697 48096 
9443 40717 
41743 59233 
18151 63321 
12485 65502 
19485 23887 
22775 71091 
35971 40969 
4626 8796 
10361 34752 
64036 66702 
862 30965 
22709 25098 
23191 47790 
23125 57204 
39346 74861 
914 37967 
18744 53962 
72869 73684 
40551 67600 
44678 57322 
27254 36614 
66970 74916 
44549 54889 
18671 22075 
7862 36876 
70810 71330 
432 59962 
36387 68252 
39473 41286 
47739 72994 
32545 37851 
2944 23429 
55375 66144 
2192 13178 
65738 69019 
62732 70565 
31171 42789 
32056 43506 
43270 46888 
44194 51487 
592 6901 
42191 69401 
39192 60163 
42344 59373 
36490 36592 
40906 68913 
68131 70205 
40868 60600 
35973 68458 
8817 67919 
74247 74976 
8152 22001 
12143 71276 
63522 72408 
23239 47911 
68371 74526 
28446 37960 
41579 57582 
23792 71327 
32678 72740 
15332 67973 
19312 47104 
13587 61142 
44623 52740 
36920 66910 
49460 54454 
59357 73761 
70927 71826 
23328 28388 
71162 74220 
24407 69223 
32169 33764 
57867 65640 
65022 69695 
18031 31928 
30354 65497 
11403 44421 
72518 73124 
30105 34279 
4829 19446 
13652 50749 
25213 68603 
50099 73141 
49653 69238 
55565 62978 
28051 61397 
2971 51057 
3807 15161 
55291 65974 
9991 63213 
72254 74618 
54913 55860 
68629 71006 
32671 50051 
27 59323 
74379 74720 
68872 74125 
74471 74828 
28723 72875 
47656 52545 
22203 57488 
56398 61234 
46176 56439 
63014 64267 
22913 34733 
8734 57473 
52252 53199 
5364 19812 
39226 53242 
9221 67808 
68533 68552 
34785 56180 
39446 57653 
54208 55249 
66312 71620 
30226 50304 
69690 74083 
48810 52364 
73540 74822 
56392 58861 
10914 23323 
59309 69968 
60588 72187 
260 26909 
34588 52098 
16874 55366 
64932 69681 
61127 70213 
2039 63953 
17151 31401 
2032 65867 
64469 72793 
25303 55213 
62037 67580 
7780 45515 
34651 38057 
61274 66034 
42186 48752 
38934 70636 
66494 67634 
37096 38042 
30510 53364 
47315 72434 
67923 73503 
5185 71155 
35717 43082 
73621 74391 
9859 57603 
67191 72538 
28047 31146 
42245 61494 
34525 52983 
28705 38866 
29193 70987 
74792 74965 
7892 40247 
43217 53403 
38487 42657 
23180 33969 
26528 34542 
67560 68298 
66888 69929 
19021 45601 
60176 63309 
9564 30784 
13590 48105 
31676 40297 
24503 45384 
51989 69288 
39810 48232 
63727 68424 
5732 45562 
36636 72344 
40142 62876 
52341 69522 
29366 58699 
65553 67628 
33556 35465 
25961 34409 
26130 43910 
74359 74779 
10129 35055 
36200 65484 
65243 74232 
30024 32541 
21556 72886 
56299 67257 
39532 69808 
53123 54953 
18381 64695 
70763 71576 
72943 74755 
58377 69765 
3943 44173 
56929 74034 
44359 61029 
55527 73953 
10726 40059 
4943 25870 
3127 61621 
44774 46559 
51276 64169 
27223 67080 
44438 62740 
29557 66907 
12174 51541 
48319 73424 
28001 59819 
29488 32373 
30301 34054 
71296 73922 
968 16551 
60595 65372 
45817 73616 
23936 28330 
28534 51230 
58722 64908 
29291 38662 
37768 44337 
31096 60302 
71949 73397 
60118 74291 
17448 42061 
73387 74997 
21837 48407 
33040 46302 
52513 52756 
62034 63866 
69278 73571 
59782 73430 
18170 58534 
36292 53740 
67371 67995 
4786 42374 
61031 73461 
69410 74619 
69362 72281 
53635 69996 
36209 41794 
40112 70943 
41831 52409 
5591 36395 
60347 62260 
58475 74357 
2783 42756 
67923 71879 
18284 42708 
74292 74292 
11753 53498 
43957 44405 
70165 72645 
72599 74971 
46588 74353 
45431 50394 
5424 62093 
45918 74958 
18877 71259 
33385 54811 
52708 60908 
74939 74995 
38523 63991 
32806 33240 
42592 57761 
74672 74943 
2247 18468 
24900 34584 
14889 37060 
5226 37164 
51434 67305 
49534 58440 
39149 64654 
69785 73769 
10076 52432 
27560 37274 
19317 53469 
66946 69445 
22132 47818 
38855 65461 
60356 74283 
60878 70544 
71607 71659 
72007 73661 
12679 70998 
2743 12403 
60783 71850 
14699 54565 
25514 36054 
53000 66538 
73135 73622 
8494 73217 
54966 56153 
3769 39021 
50831 58280 
8280 51456 
49203 65541 
61535 64026 
38620 71962 
12528 45769 
15597 74904 
9609 72650 
17838 43918 
38171 57885 
11518 56072 
29935 60169 
23576 48352 
18429 38104 
37984 47123 
70554 72301 
10668 61276 
74969 74997 
1190 13862 
20733 29698 
54851 67636 
47368 50248 
67880 68256 
38582 65960 
58601 66932 
63038 64749 
9099 10237 
18053 33001 
5982 45469 
70529 71507 
48464 50005 
44892 53816 
32655 70408 
66894 69096 
57620 73342 
7663 19699 
5108 30491 
357 70683 
51686 71439 
64741 69032 
24931 59408 
32513 32728 
69550 69982 
22093 57554 
26794 52473 
65875 67759 
56129 65483 
68863 69249 
36597 73009 
39269 60029 
7968 21867 
1145 27901 
70189 72868 
33307 46582 
68154 68657 
9455 45436 
18063 69084 
42401 58471 
68204 71317 
61352 70448 
20719 57476 
56442 68599 
10227 45726 
27756 48858 
70268 74860 
4286 34336 
40807 67736 
11137 35227 
67476 71415 
50854 66918 
1116 63150 
27341 59431 
38724 59240 
44164 67456 
8865 47855 
36392 42905 
38550 68824 
45196 65019 
55779 62042 
7091 42319 
46836 59353 
25287 27033 
68815 72862 
32678 69410 
20424 21721 
17900 70715 
22401 63906 
4121 40580 
33546 48170 
37846 70509 
64221 74572 
42965 57884 
15782 74520 
13773 50447 
6952 49230 
73490 74476 
43060 48311 
63275 73074 
5342 32833 
37412 52606 
59177 74421 
52937 71906 
63435 69026 
60033 63961 
39259 55355 
53541 70522 
58218 70800 
62953 74694 
31423 41988 
15567 49879 
71198 71241 
24104 27177 
27991 67758 
3906 45266 
5999 25209 
66321 69005 
54257 58874 
57839 60038 
16844 18751 
13274 18562 
57376 58885 
63053 72852 
9179 21350 
68483 74202 
39255 70647 
2549 6293 
35855 39515 
3385 67892 
50173 70580 
8089 26654 
16994 65015 
71828 71926 
30348 54115 
14354 23679 
52899 68963 
30130 53987 
73246 73959 
68537 71055 
61333 73697 
37101 61809 
50389 63329 
33264 39053 
35160 70136 
32936 53707 
55520 58431 
52905 68801 
42830 54326 
49290 65413 
16663 51005 
67869 72701 
19463 22574 
13566 28292 
43172 61047 
57839 60595 
62216 70475 
33085 73116 
43271 54796 
7602 74832 
8382 35333 
50111 57789 
71176 72551 
57567 73222 
66646 70000 
111 41754 
16481 53370 
39677 56102 
60223 69201 
3446 60881 
57229 72328 
19513 38421 
28671 65244 
60541 62236 
48199 74501 
31300 61125 
66127 67992 
60984 71380 
55784 71806 
3473 18046 
43095 66356 
67999 72415 
67952 71672 
357 2965 
72838 74711 
17499 34307 
67564 72291 
50201 53847 
11529 32848 
23615 24266 
47722 70223 
50073 57532 
61541 71693 
55700 63178 
49838 72414 
42388 70392 
7126 45291 
40467 44836 
51161 70032 
40011 53328 
12149 50063 
49853 60183 
21199 59315 
68215 72647 
63587 66296 
71721 71759 
21553 73766 
2875 20968 
65144 69362 
30539 52033 
45456 69696 
66850 70005 
68515 73372 
68135 72614 
21259 58412 
22342 33126 
66461 70214 
72497 73158 
43575 71710 
30921 38875 
15473 20250 
27127 52391 
38107 42698 
50710 64982 
59326 73947 
29160 67937 
29330 35055 
66183 72818 
38549 47597 
37111 56362 
28988 59755 
74706 74719 
15035 40309 
56070 67615 
52903 71906 
26326 69743 
38931 39663 
36956 41622 
22995 67780 
15603 20371 
66283 69821 
65246 66572 
69847 72387 
32323 60463 
35316 61198 
11828 63638 
44395 64242 
39245 46056 
2456 36849 
57884 74827 
46867 65019 
69106 69298 
36351 68010 
53584 72271 
35600 58931 
1544 22046 
14125 33062 
23295 59146 
55875 73255 
33320 58828 
42161 63190 
67741 71066 
7257 67685 
41950 72216 
58618 69986 
8103 16119 
19392 53079 
5846 6711 
66158 68657 
50706 61277 
10174 42983 
33575 59773 
20732 45838 
19108 57776 
27495 31089 
6334 41582 
22419 55167 
53033 58195 
46323 55337 
65358 66066 
30517 39545 
60009 64145 
72743 73436 
13731 60614 
18358 72598 
45665 54245 
65634 66710 
30361 47905 
69248 71439 
34074 39714 
11179 54054 
50294 56197 
12292 23579 
32451 67830 
45287 59002 
16133 52820 
3928 64748 
2035 4660 
58400 70123 
73590 74652 
52887 65853 
26813 59500 
71260 73866 
68646 74774 
36112 47186 
50757 71675 
3309 24567 
38617 69175 
42836 45375 
5394 45829 
46622 54446 
35124 51960 
72878 74576 
36837 53675 
51538 65209 
29372 68404 
34247 59567 
71860 73042 
57183 67913 
28399 54678 
20461 74234 
51955 65878 
34222 36307 
13706 27377 
65169 67681 
28030 40068 
34235 48141 
59801 64702 
53796 58103 
70179 70492 
14457 63608 
34388 35502 
60983 61624 
9966 13835 
48654 59203 
20517 35233 
33131 72683 
72483 73314 
22007 61381 
46786 68917 
29808 54304 
48314 67206 
37549 54093 
21390 24172 
11570 62179 
61046 63628 
26354 54723 
9650 74217 
23041 48115 
22119 51091 
24234 67799 
13542 60500 
21789 45588 
47139 55955 
59217 73419 
17428 55562 
8373 47165 
22864 25355 
2586 4114 
72262 72877 
62389 73378 
33638 70774 
41954 62180 
51638 54361 
48713 64452 
24891 65733 
43822 51643 
26391 68757 
11813 48828 
45452 49831 
34372 41273 
66404 67297 
59263 59550 
70516 71883 
35632 56321 
14518 38728 
61456 67970 
35226 59463 
63040 73515 
18460 48802 
53065 73906 
47616 69135 
14615 19242 
35 59604 
29415 36357 
14531 40606 
16376 71589 
68426 70462 
28872 47856 
64987 73607 
54188 67429 
57515 74897 
26592 51304 
71230 72460 
68643 74461 
52949 72509 
60251 73130 
10885 53623 
50811 72112 
3672 54886 
49733 67877 
59792 61326 
49822 64141 
58780 72720 
43171 58432 
60107 64617 
8334 35898 
29951 67450 
39804 73578 
44729 53602 
28651 66565 
63470 65997 
67923 74670 
45194 70648 
8507 8874 
37843 68876 
49865 74209 
25443 40623 
74104 74616 
54380 60565 
21362 46201 
32068 46952 
19475 29139 
56783 72981 
2709 20807 
73425 73473 
3383 67364 
47494 58213 
63127 66973 
9920 36297 
40967 65861 
42938 46977 
14608 34136 
73430 74874 
10957 65979 
72190 72963 
69529 70956 
67192 73493 
38829 41987 
51409 64573 
42756 42884 
45973 57503 
73347 74525 
31398 60578 
10655 37760 
74910 74994 
9908 17781 
35556 63508 
73178 74405 
73598 74909 
37475 59430 
57020 60778 
15376 48185 
44249 56584 
24400 74845 
67608 70040 
16187 71994 
42274 73408 
57881 58749 
33124 74032 
33339 43404 
66009 72822 
42740 48071 
14426 72349 
69576 70821 
48568 49183 
46883 57761 
28534 64209 
12004 42104 
7126 40936 
25297 49946 
57853 71656 
72307 72685 
15269 36549 
25934 31046 
16373 46160 
39851 56906 
49099 50659 
46164 49669 
49016 50188 
70083 72660 
41276 67016 
58662 61426 
21974 48933 
24899 40664 
41758 69812 
12037 64908 
60791 64076 
20680 44270 
38970 63211 
65362 66420 
44365 48791 
28444 73916 
72359 74396 
67805 68043 
40809 74459 
23926 73810 
51179 58813 
3494 48354 
12896 66978 
38747 54864 
69797 71523 
25112 65654 
38090 52278 
9526 71253 
71612 74604 
53096 70827 
70389 73013 
31103 67763 
10103 41143 
58275 74004 
9845 66024 
52614 59264 
45578 55514 
485 17704 
72357 74898 
32940 52077 
36099 74621 
14040 21163 
45450 68575 
73190 74169 
37321 64389 
13539 20453 
61413 63539 
67488 70669 
18315 42108 
19193 65490 
20302 60451 
16802 51922 
49488 67896 
48074 74084 
52678 58580 
66808 68182 
45604 53224 
33617 43057 
51010 55579 
2222 69629 
22491 68856 
54481 72884 
22231 70071 
47193 63706 
49286 60842 
74201 74842 
28146 56690 
61009 65218 
6659 42977 
66623 69563 
23069 45300 
19779 54213 
2478 33340 
40295 65883 
16946 40397 
49184 56532 
10037 13641 
16391 25685 
39910 46386 
51634 52128 
52165 63757 
32925 38794 
28181 65585 
45243 57818 
56628 69417 
47219 50380 
32287 59395 
5098 17606 
47524 53389 
24466 26282 
24076 34062 
66910 70810 
43799 50679 
25870 56722 
42726 60263 
73249 73587 
56862 64493 
57511 69039 
39270 61771 
59783 71792 
27808 52811 
5530 71505 
28244 44173 
72352 73395 
20958 73221 
35595 53662 
20155 27990 
8767 63518 
49072 72124 
74396 74604 
53606 67055 
72836 74911 
2906 26413 
51837 60817 
29505 32671 
61571 69470 
46440 47488 
41950 59730 
35290 62397 
32349 66487 
29229 72963 
39562 65729 
62706 66005 
38540 59438 
68318 73301 
40590 56157 
7641 37911 
32567 36462 
18177 57213 
44474 51352 
17340 51315 
42588 64689 
28102 74301 
68891 73654 
45860 56574 
51157 63872 
57214 66386 
32227 56321 
51206 61897 
71985 74017 
53075 59701 
20681 45548 
63130 66829 
29802 71811 
26195 72045 
15734 57177 
39002 40063 
22520 74316 
56958 60855 
48435 66057 
62219 63520 
65088 69242 
29500 42496 
35405 57524 
37914 57904 
60490 63233 
59974 70958 
58923 59365 
34985 71524 
49776 68468 
72199 73645 
43321 68402 
36808 47642 
67191 72245 
17670 33202 
21612 49803 
25819 28114 
70852 74353 
28211 38846 
4329 66631 
49909 53741 
21965 70725 
60580 68529 
42311 68407 
52597 69279 
2675 44244 
13998 18275 
12071 23715 
10893 44284 
3755 67440 
1434 72513 
54000 64455 
52465 65582 
64083 74077 
74285 74641 
2030 70555 
29654 35060 
43500 62659 
17152 27850 
54202 72526 
28891 72727 
29416 47244 
15850 20145 
53974 56614 
16929 22073 
13908 73781 
33593 70641 
57676 70382 
17825 56289 
69199 73651 
2805 30151 
3795 72431 
42431 47622 
30203 30637 
30048 74993 
72577 74827 
20330 47256 
44704 65860 
19415 56383 
14398 39500 
36365 74115 
22048 37466 
44827 62530 
7128 30394 
34949 52017 
38316 58910 
46840 55090 
58080 64716 
64422 67569 
21219 52966 
35682 44321 
17068 46668 
38674 42419 
30835 74736 
68178 70308 
47215 64999 
56892 65433 
57527 70802 
17745 73605 
55961 56242 
27552 58807 
31769 46301 
43139 60430 
16874 45907 
50133 66621 
54719 63390 
25654 66323 
18082 61851 
54427 58506 
53992 54278 
46674 52732 
16054 39043 
34568 50850 
68008 74482 
2937 9782 
40767 74948 
61187 61373 
68743 71002 
482 14029 
72922 73783 
1090 46645 
61157 69801 
68806 72501 
57207 68144 
53329 63585 
15123 67403 
3945 51008 
9804 58191 
32360 67351 
3937 37770 
68741 73496 
21115 51361 
56643 71242 
64699 71309 
40490 64128 
51823 56733 
61177 62262 
54833 74137 
65996 72640 
32896 58091 
67495 68545 
73853 73954 
40037 67734 
55923 69862 
55194 57066 
30418 67441 
52795 53976 
11591 70112 
61440 70728 
61539 70125 
2670 55627 
64068 69576 
60525 62637 
6200 48918 
2686 14063 
1799 35252 
32912 53470 
39656 40171 
61069 71150 
53618 72796 
57935 68917 
62143 72353 
48230 57025 
53999 64093 
47141 57480 
43074 49238 
38223 61160 
74185 74434 
3093 18736 
63292 68059 
50720 61508 
62063 64620 
30689 42718 
3191 61323 
19777 56063 
64163 74029 
2189 19071 
30366 71375 
45041 59317 
53061 70600 
45984 72536 
44156 62282 
57308 69951 
16067 61461 
11815 45064 
7071 54881 
70026 73454 
31659 43818 
73234 73331 
58248 70305 
50509 51180 
23717 61480 
68386 72750 
71329 71646 
62470 68218 
49516 66881 
39626 42005 
13272 41744 
2183 14124 
54458 61871 
7976 62399 
51627 54505 
74003 74459 
16536 27103 
11063 65597 
60995 65728 
23833 37913 
14277 58941 
910 46086 
44063 52167 
24603 33832 
4213 63334 
65558 74682 
14248 72355 
50970 66360 
4251 39345 
4441 25706 
5947 23196 
1814 31537 
28093 74375 
55164 74402 
66957 67035 
59011 70552 
7224 44252 
3001 27954 
1347 15856 
40288 49584 
65935 74037 
73164 74955 
4031 4686 
8911 63817 
54393 61851 
1558 49580 
36716 44563 
43467 50826 
72208 73627 
42734 50205 
56648 67555 
1930 14063 
36694 43116 
42602 72820 
13538 62250 
16829 26922 
6041 27927 
30294 67394 
71191 72406 
17952 67804 
64455 69397 
42188 48853 
47624 66744 
2580 7767 
67391 74894 
719 57866 
61189 71587 
69087 69438 
25333 48128 
32790 61608 
23190 52089 
6231 18235 
31668 63693 
61081 65780 
1670 49236 
48650 60358 
1569 49635 
25825 74231 
7426 51188 
277 33215 
14515 49082 
1432 48326 
12693 44031 
42825 68967 
12932 59902 
5933 35363 
22205 38934 
68474 74471 
33823 72264 
74197 74816 
28163 30204 
25578 67272 
62232 72062 
36145 73614 
13371 57546 
7126 65191 
38406 60368 
32965 74792 
27059 61098 
4159 73727 
67344 69239 
74315 74430 
44282 59077 
47606 66268 
54017 62256 
2619 58078 
26803 65476 
36634 49592 
3087 8617 
6763 61160 
38628 52900 
14767 55227 
20211 72938 
42556 62123 
71833 73498 
54857 58726 
24584 70095 
37803 38814 
9582 43093 
34570 38047 
18082 65117 
2523 61471 
24150 38273 
51851 54657 
27656 35616 
1706 53989 
64590 69086 
53011 69556 
33105 72365 
62735 74185 
16995 42511 
28695 33910 
71923 74648 
49866 60017 
13740 53922 
9827 11072 
28455 33860 
26144 58024 
16392 54050 
1463 68745 
44946 63670 
66904 72545 
18068 53647 
32245 64120 
51884 70538 
23392 71903 
35500 54255 
1107 29036 
48497 51665 
55311 63683 
26226 36672 
28795 41378 
27190 53009 
73503 74550 
67848 72539 
6812 38300 
11605 15973 
10702 16561 
69552 71464 
60196 69476 
14085 31483 
40892 51583 
17290 32971 
3745 55015 
35950 60454 
18103 29104 
14746 49331 
6013 9852 
64694 70684 
39688 64257 
28064 31973 
32945 69751 
3008 26249 
45153 65849 
56714 60937 
17148 41773 
11431 47772 
72583 74124 
496 21378 
24446 27443 
64342 68143 
71085 72859 
31733 56063 
51832 62173 
40782 53422 
43336 58121 
20121 72750 
17768 57784 
18573 44189 
29359 30655 
35524 35775 
35260 45170 
19466 69223 
52710 57646 
11824 68647 
21258 43547 
53577 58266 
66686 67101 
6753 18050 
23988 24746 
41108 73644 
52975 58961 
23528 35384 
31557 63459 
26029 67519 
30336 68723 
61991 70698 
37708 38228 
15117 32814 
44394 71322 
72631 74228 
35744 66951 
2152 45253 
40577 44026 
68708 71021 
10798 45387 
47692 70539 
15763 40515 
31712 64303 
11744 21926 
62941 69662 
40651 51679 
46017 52458 
15879 70976 
47247 65254 
27616 72159 
23278 35291 
5636 70518 
16740 47596 
67029 67965 
65058 65184 
67911 69589 
20949 47598 
12913 74876 
743 66239 
29811 41949 
56307 74127 
21623 36188 
24402 70589 
44432 72979 
5237 31573 
33984 63129 
42449 45193 
4954 67004 
73417 73817 
59325 60539 
51013 74578 
8557 28367 
36040 37275 
64379 72544 
74279 74452 
53899 68913 
64369 70826 
14135 29269 
11456 22417 
21694 69975 
40779 59362 
27107 48509 
28534 49914 
19045 55112 
71371 72226 
42157 51062 
36123 39749 
39307 56317 
40345 44340 
29007 44361 
54911 66601 
6087 15197 
35564 60622 
16970 43840 
54603 68624 
31007 72537 
15411 71516 
18415 69419 
8174 22123 
2512 71438 
72912 73203 
74155 74596 
71912 74839 
12948 74044 
43885 71503 
51682 74653 
32235 37499 
63175 73547 
22390 55013 
66833 74179 
21998 57428 
37293 74299 
38575 70505 
62373 66711 
64346 74441 
13892 28243 
9588 71800 
64854 67932 
36201 68449 
61853 64357 
57615 66552 
25654 33862 
7131 22801 
40797 46583 
67511 69918 
26966 46531 
35241 46522 
57305 68947 
1720 20758 
38713 71133 
24851 65003 
64339 72019 
44885 65681 
58764 63114 
28279 69127 
39203 58328 
29529 54499 
36590 50764 
27960 51098 
28575 54558 
26672 32627 
52300 74262 
1690 64539 
30362 31160 
66600 74803 
58190 65546 
6983 15612 
22906 66627 
24694 44702 
50059 65271 
25332 64136 
65896 70422 
16635 34080 
45215 62060 
1945 9488 
56825 62504 
48301 71023 
24977 27458 
25561 33120 
31191 73552 
593 45679 
18243 28347 
12938 36340 
28009 73435 
13377 41582 
43834 49521 
11253 71763 
49294 49671 
62593 68841 
13446 19821 
21295 45164 
36204 39739 
36334 57837 
39822 67803 
35776 48761 
68250 71850 
29571 56651 
34946 73927 
36882 57646 
71272 72860 
8730 45378 
27843 37503 
70592 73303 
21298 37065 
29077 34962 
25790 65713 
74419 74529 
73922 74650 
27411 64314 
11484 12861 
8302 26611 
23259 72179 
6204 66596 
43483 60912 
40081 49276 
71676 72080 
5475 40721 
73704 73904 
20073 26757 
7623 13440 
15712 18195 
16938 48477 
45964 59472 
50829 74060 
13219 21562 
33230 38785 
49517 72288 
37233 71425 
30435 61184 
41848 45170 
22699 74074 
65109 68127 
36565 63770 
67384 71757 
47664 49829 
44771 46349 
45982 60625 
52313 65792 
16175 41721 
68235 72022 
39218 56395 
47987 65739 
54729 74705 
57399 72316 
22484 24102 
62139 71770 
142 61944 
26824 66655 
27560 65327 
49325 69077 
49940 62530 
68870 72927 
14542 44984 
22807 35511 
73562 74331 
70013 74101 
49690 64831 
57650 58630 
70840 71574 
46378 50862 
49006 63882 
36651 54064 
30725 51944 
60660 73150 
56985 67905 
25760 50308 
16148 36921 
56530 61955 
73880 74385 
39269 43503 
17423 67880 
3551 10734 
52897 71418 
36794 50218 
4897 49971 
53220 60779 
21850 33202 
51518 52076 
47754 57095 
51181 62763 
60319 67898 
57411 70575 
42927 53523 
19101 29710 
36062 49156 
33798 45671 
62706 62823 
61031 73722 
23081 63086 
49571 51553 
20629 35383 
68929 72276 
15300 72728 
37964 57966 
68851 71258 
2157 7462 
33442 57691 
4232 47792 
41805 50328 
61199 70753 
38743 64631 
42941 52791 
42449 52671 
31015 66284 
64074 67415 
4349 29949 
31822 51640 
25432 48805 
38228 67267 
48956 68371 
59796 63762 
31787 32476 
8212 26788 
57475 60302 
55521 67742 
39326 61887 
7075 55029 
38049 69954 
56286 59116 
53146 62179 
28734 62952 
18956 48657 
58244 64685 
59848 67024 
51733 51905 
15469 59015 
18432 69961 
50501 71309 
19843 57726 
30681 61794 
12264 14953 
15951 58988 
68342 74180 
57502 63856 
56828 74763 
19004 32673 
15995 61185 
51536 73948 
8859 14692 
28319 53188 
53642 65355 
72636 72787 
66205 70648 
46427 57212 
34228 56298 
10831 52449 
66504 68417 
41809 43122 
14748 25887 
70951 71386 
14036 20654 
58452 71025 
42619 64499 
62323 63954 
14398 63271 
40519 64304 
74598 74749 
62348 67441 
40876 56860 
34645 39544 
46602 67068 
38985 58845 
32727 48451 
7131 64660 
50568 65299 
25999 45769 
48408 70501 
58541 59597 
599 13269 
16803 39610 
10287 48975 
1376 36736 
48773 65282 
11798 15330 
27280 59138 
41896 52987 
49555 72233 
59753 61574 
42418 52066 
8230 24177 
37297 42592 
55511 71077 
23874 29588 
34330 59517 
41247 73589 
29400 55367 
60096 67385 
57585 64687 
32690 52078 
49819 56417 
66615 66940 
54897 55821 
65462 65750 
29593 59707 
64663 67624 
45127 72326 
13606 41192 
359 36627 
63077 64347 
1743 21261 
45723 52588 
34782 51002 
68233 68284 
36025 64394 
12033 34405 
54715 71581 
64045 70432 
57757 71605 
72497 74577 
22748 33625 
55785 64779 
49887 63912 
68159 72343 
42788 68850 
67835 73578 
56176 57231 
65952 73724 
65573 69720 
19048 26559 
24081 45526 
31694 33282 
15415 72356 
3559 73491 
50622 57898 
5432 27638 
11483 42387 
20284 39362 
42767 60992 
9001 73418 
26822 46816 
68050 68050 
52439 70415 
6937 48021 
45131 63452 
61045 69116 
15274 16385 
24480 26794 
30883 73609 
917 46455 
29455 44187 
13085 26342 
15729 36713 
66771 73830 
49207 59929 
24710 45621 
43305 71484 
25660 32982 
31789 71098 
10936 12664 
17359 35890 
74050 74611 
71517 73470 
25158 53162 
50594 72304 
64606 65170 
22351 44239 
55597 61587 
30134 70271 
45774 55946 
62698 65397 
54194 57384 
15493 53446 
73153 74295 
46729 66441 
6050 42196 
58603 58848 
44707 45963 
40541 74269 
41343 42102 
39733 41690 
8883 15166 
11988 71475 
24057 33121 
20490 56747 
14789 72307 
17068 50896 
64245 67459 
10444 26064 
62196 70802 
74603 74615 
21138 40626 
64956 72207 
48014 57379 
60094 67643 
52317 53076 
13000 66325 
6270 6512 
27544 59475 
4654 16359 
53593 56859 
68307 72424 
39176 48025 
43835 52507 
50984 71897 
64129 74554 
51343 53210 
6334 70576 
46661 51198 
42013 74551 
60472 66001 
35022 47352 
44869 67353 
28257 45115 
34997 36636 
7464 7936 
19927 25436 
28562 70246 
72577 73197 
46685 74369 
9047 45266 
28505 63402 
26904 46222 
20311 26705 
72092 73519 
51915 65360 
60667 69694 
58370 62948 
7615 27496 
43464 57302 
34935 40024 
17102 63073 
56831 66483 
54368 58672 
65443 69026 
49156 71383 
47131 51110 
71968 72084 
31284 61315 
18985 25501 
41990 56497 
24605 68661 
44065 55372 
24464 41653 
17031 56248 
21492 36415 
15786 69179 
59717 74657 
40452 50646 
5755 44212 
65180 72776 
36772 54432 
26548 29154 
35187 44334 
54633 62464 
73336 74525 
6139 62970 
25070 48813 
74214 74376 
49132 64962 
28477 42888 
3628 43510 
33249 47437 
64679 64866 
406 74198 
17830 42442 
36590 65871 
41072 74779 
58704 60087 
22145 24145 
16244 68852 
69456 69894 
43137 63617 
51742 67921 
62993 65291 
54469 61074 
31131 47373 
45059 63354 
62126 65227 
21169 44735 
56150 57850 
60273 64190 
60281 73988 
58269 71151 
39478 58507 
39625 58981 
14177 66050 
3158 39408 
43417 64362 
17065 52159 
28432 33471 
6217 10005 
37315 50170 
66083 71980 
18841 58927 
54684 60039 
19544 26169 
31663 48370 
17693 54917 
70175 71562 
32783 45446 
48162 55642 
54988 73411 
45359 50011 
7883 22992 
70703 71034 
29601 44197 
6247 38494 
39217 55320 
12955 34425 
18345 49156 
24042 40745 
72093 73681 
32651 46259 
29452 46692 
23761 61980 
70787 74029 
50786 67245 
8025 14613 
65680 69914 
57463 60735 
69786 70889 
37927 57913 
26865 53154 
35731 59021 
8904 72955 
67747 68474 
12972 42313 
5341 51124 
44659 50222 
9932 44416 
11981 36276 
420 8236 
34615 72705 
63701 64834 
71579 71719 
63408 69866 
28735 56925 
31011 37616 
37527 64490 
72161 74112 
41920 45202 
33821 43408 
64150 74670 
71569 73734 
66000 71124 
51802 73143 
42913 53684 
16973 20950 
71533 72158 
30257 72583 
8298 47714 
73861 74443 
12842 63841 
605 59635 
61155 74029 
53960 70488 
49367 70009 
60565 73412 
69621 74344 
52387 71775 
23940 35943 
38986 55319 
32542 46192 
6771 41586 
13336 68056 
2966 51101 
9109 69257 
42250 66611 
19513 61155 
49931 61275 
31909 73275 
37599 62347 
66601 67463 
71907 71936 
8023 37732 
70572 72251 
231 1357 
59091 63300 
43106 56176 
54525 67983 
9493 46417 
11494 46324 
1470 27900 
69615 72314 
48012 64888 
36660 53294 
38122 54649 
27299 55583 
3554 64893 
60927 63027 
12301 37415 
52088 66099 
17279 48479 
61604 69072 
49804 64107 
1642 15027 
16704 43206 
25170 70898 
57930 60495 
22545 67545 
65437 66828 
10446 24778 
74475 74855 
68530 71199 
50960 66867 
64196 70077 
54074 70893 
13074 49204 
52629 70906 
72723 73310 
45668 57679 
10256 32484 
40616 57329 
50446 74128 
68075 74301 
17974 20046 
3407 55959 
73860 74694 
9696 31533 
48189 67770 
21893 55255 
71326 71553 
48249 67317 
73631 73689 
5081 70808 
52749 53083 
46134 51742 
19944 65706 
36582 69111 
1868 7780 
21601 29409 
19363 74140 
7113 57420 
50248 50371 
73128 74790 
65783 68314 
45190 66336 
8471 68445 
33929 72502 
72020 74508 
25145 28522 
48868 70530 
41337 55906 
55354 66828 
39859 58091 
48578 56603 
30553 46579 
7429 33139 
44122 72392 
57183 70711 
52628 66267 
21866 51604 
50843 57660 
8035 17446 
6983 53226 
3077 35736 
30168 40446 
68145 71933 
47196 51450 
45908 59025 
19674 44658 
38820 70343 
54535 59403 
26303 36263 
1580 8316 
12952 27259 
26431 39696 
3829 13831 
26516 28525 
6243 42705 
64030 70595 
355 7817 
29833 54103 
25170 65402 
39622 51882 
71462 71887 
37794 40323 
68791 74349 
26243 54075 
74009 74790 
43295 51676 
54513 57708 
46395 68718 
40289 47123 
68562 74109 
61667 66997 
21828 51668 
3139 29262 
736 15782 
5764 22649 
59664 67959 
17024 72216 
17431 70634 
72147 73766 
40492 42593 
60423 62559 
36310 56753 
49267 71594 
60709 65873 
50109 68660 
43384 60267 
1654 60331 
14440 44075 
66264 71136 
1169 47806 
68553 69461 
6912 68464 
15824 63365 
69825 71042 
40481 49172 
14765 46488 
62439 63860 
26183 72546 
20428 58495 
26379 32073 
28885 32807 
49732 74657 
27638 50054 
23010 39778 
27491 64764 
31489 46643 
64890 68046 
45703 50481 
61617 63408 
21655 64936 
41425 47612 
205 51140 
69525 73341 
64436 68248 
44048 60548 
24901 72599 
7903 57746 
50615 72372 
49016 70691 
12279 47728 
29725 34652 
31595 52797 
9069 19361 
1459 30615 
32256 47431 
70948 74736 
66639 70842 
56170 66817 
4976 34237 
982 55473 
51795 61417 
24264 41638 
46171 46565 
22039 49880 
53046 73841 
45007 53956 
15724 56228 
23347 74906 
41202 64706 
6625 56809 
27177 57925 
26248 50752 
40590 59043 
25265 50861 
9119 29606 
43819 47732 
13685 45972 
28488 46782 
55004 60763 
948 70451 
68164 70898 
40849 54362 
63036 63401 
68386 70134 
19532 51506 
38113 40270 
2513 24225 
41686 46454 
4108 64929 
52212 70981 
46645 67037 
53039 72375 
20088 42090 
20054 33969 
13107 23546 
12707 69853 
55902 56312 
59268 60405 
5161 49941 
58490 65318 
46350 59832 
33651 38870 
55938 60428 
16199 31368 
40548 55961 
35749 47092 
57840 58549 
13751 25987 
15218 28795 
52127 64458 
73703 74753 
44161 63940 
31940 72842 
8215 68558 
59002 59354 
21675 45825 
23437 27231 
50229 73143 
11364 52806 
50391 53723 
49209 71800 
24368 42044 
34407 72468 
68277 70064 
30288 39424 
67476 71461 
35160 62771 
18757 26459 
25734 56105 
42254 71448 
42025 46670 
43701 69905 
39394 57593 
46842 70411 
6838 58501 
27324 27580 
2770 57252 
3523 34448 
18655 39953 
9900 47313 
10318 20724 
38297 46875 
45934 67266 
60141 72785 
37842 61749 
11231 72730 
59214 62989 
3782 19636 
56556 59300 
55190 55562 
27325 27542 
38848 39831 
34924 51484 
14137 44660 
7262 8915 
21434 43380 
27821 47332 
50538 62261 
72571 72642 
6849 64314 
26990 65160 
12374 14555 
21657 63653 
71221 72014 
50886 70522 
51573 59456 
74602 74657 
63106 69545 
36040 40579 
35883 73573 
70241 74313 
23974 53865 
46755 49143 
72313 74640 
45036 59470 
6030 57944 
40121 49166 
63994 74937 
55618 64831 
11929 69731 
38318 40086 
32805 45398 
58009 72430 
41654 43382 
12730 17355 
52905 54850 
52588 73092 
60580 62816 
47145 66871 
48765 51750 
52259 65664 
46434 47071 
44514 48412 
31637 36338 
62457 68424 
7089 7561 
17278 32607 
21421 24987 
44569 57353 
44391 57814 
65901 70094 
68790 72688 
6734 20297 
12705 25326 
37520 74052 
60007 60892 
19448 19583 
49602 53386 
5201 28129 
23972 46772 
22197 30553 
23837 65573 
34665 41434 
65646 70580 
8989 39778 
8619 38164 
59737 64768 
39832 50770 
31766 37424 
42239 43908 
70358 72028 
27820 48363 
50963 52342 
22767 69319 
36399 58113 
26964 67361 
22803 62013 
15922 61548 
71733 73544 
36708 38822 
20479 72435 
58876 73139 
7728 74232 
12764 49867 
23956 59570 
45369 64541 
21146 71217 
31616 53274 
38880 51713 
32850 71754 
11209 37651 
50950 52305 
39172 63912 
32941 42210 
50069 56929 
74132 74671 
17305 43717 
60595 65788 
60351 73197 
57672 58787 
30648 34114 
71811 72776 
45811 63311 
35033 60488 
19475 62842 
58865 64779 
48676 70703 
8289 42914 
74538 74557 
64744 69931 
61953 72813 
39167 56444 
47509 68787 
58218 63662 
1934 16232 
60881 62114 
924 32659 
27470 39545 
17866 55415 
51275 54992 
28663 65983 
55416 70640 
67592 73096 
11627 12177 
25419 27231 
57100 58805 
71686 73346 
10151 52217 
32871 67990 
39999 60520 
15069 60158 
24350 29460 
52491 57011 
20245 48140 
50949 69751 
17941 69185 
18666 23583 
53530 74464 
65506 70999 
334 53292 
63005 68206 
53904 69793 
13564 59044 
72255 73617 
51542 58917 
53593 54647 
54380 62737 
30917 66237 
66063 73954 
52323 53550 
10927 35509 
5818 14660 
806 15724 
53167 70610 
19574 34629 
2788 47120 
31630 34850 
66394 68332 
68559 70270 
37934 56708 
50968 66029 
18816 45048 
33235 65379 
29450 50427 
71908 74090 
28468 50712 
42813 62082 
71985 73301 
46860 54446 
21995 32064 
66682 67565 
54955 64611 
9958 34402 
74756 74891 
42824 69771 
20793 47928 
64076 65993 
31344 40453 
65200 72511 
18888 46238 
33994 59119 
18868 38609 
18191 32487 
50309 55945 
24028 30015 
40311 53592 
25621 66030 
40269 61765 
11579 17376 
31960 51966 
42047 58914 
24364 73711 
9703 28743 
8112 41685 
54822 71709 
12160 20327 
63205 68953 
30265 39398 
43382 71688 
50773 63715 
4450 4590 
56432 61099 
72240 74431 
1643 31689 
73404 74928 
22470 74600 
579 28271 
4981 29408 
22310 38099 
10332 51069 
3962 30166 
37733 41950 
49582 66494 
37177 44812 
22105 28679 
3596 57388 
41909 54837 
2484 62905 
3794 40598 
53219 60465 
22072 42366 
63837 69602 
15401 23238 
70098 70744 
56314 69590 
13620 23637 
23495 74715 
63395 70353 
15819 63841 
39273 41953 
64159 67195 
35178 36229 
74103 74957 
71650 74345 
42978 60376 
53452 64506 
16654 39237 
17575 43703 
51931 59059 
35820 49811 
22940 23506 
1655 38595 
52708 73042 
19407 40520 
18253 72864 
48529 60419 
25989 42111 
70121 71785 
71347 72060 
30005 43326 
73380 73980 
8543 35181 
59878 62248 
31528 41504 
9766 39945 
33259 44084 
29054 62822 
24654 65830 
49269 60369 
37263 58976 
67076 68446 
36294 63230 
58773 60843 
30349 38482 
70228 71172 
2372 17338 
19068 69730 
62167 70712 
34898 36011 
7351 27074 
56244 56785 
14382 17718 
32983 57177 
22007 24969 
54430 69144 
18695 33725 
13701 29165 
48285 66166 
49084 51874 
30946 44915 
73883 74596 
510 9519 
53189 59095 
20570 30153 
51141 68934 
1656 56058 
65616 69591 
70252 70814 
17429 59652 
65553 71243 
2774 5291 
33984 69976 
38139 40997 
20114 41021 
40828 43819 
9806 47153 
1890 58255 
58262 62581 
65338 70764 
35494 51717 
41455 50606 
21346 34780 
9605 43705 
66003 71356 
30492 39266 
10822 34036 
46288 64591 
57468 62327 
16410 23403 
65459 72931 
2439 4961 
54897 74508 
50178 62823 
40628 63758 
62202 69867 
62030 65059 
48354 63966 
16797 29759 
68071 69522 
62499 73686 
555 65267 
51005 69260 
25452 52275 
47491 53849 
19293 22677 
39179 49218 
20326 23889 
509 64036 
32274 70979 
13077 44784 
47929 49769 
70377 70541 
64893 68297 
6519 37930 
11616 64664 
22890 36306 
1540 13033 
35608 67653 
26623 40091 
26091 59877 
34969 54303 
34459 68131 
46523 67708 
59510 69779 
50191 51818 
24340 30726 
2047 62794 
12188 48400 
11149 70354 
36440 46875 
49679 58499 
7968 8940 
52853 61635 
65634 70996 
46428 48779 
41114 63735 
17325 68573 
68304 72244 
9919 41422 
35185 45734 
74404 74835 
20796 44579 
44742 72483 
20599 59243 
63929 66363 
28576 31016 
4613 31635 
44133 65588 
62868 63878 
34789 62477 
13255 36083 
34296 60913 
24508 73911 
11022 49185 
24610 60446 
25534 67689 
19414 38902 
22028 37420 
20736 43477 
73128 73410 
11681 68406 
48167 74823 
70204 73149 
33331 63675 
28150 44415 
8348 64919 
59298 66318 
66808 67599 
38378 45348 
31062 40622 
67232 71345 
47439 62106 
38376 39312 
13337 29100 
54657 64461 
57653 66022 
68026 72236 
36126 57252 
23204 66209 
13988 48964 
52372 70069 
11981 47017 
27195 37647 
14304 30919 
24342 37835 
17724 38935 
16964 39422 
74041 74797 
14321 48104 
468 42422 
260 19673 
5242 24891 
62450 68543 
9682 55916 
70152 72928 
64333 72137 
59460 64286 
25796 74164 
40289 66526 
20947 40877 
41932 47796 
3552 13291 
54179 59823 
42784 73661 
41131 41546 
74654 74816 
47588 61174 
24302 24530 
11962 65653 
47258 54864 
57382 69130 
55426 57452 
22835 28351 
23931 26682 
24381 71792 
25013 57395 
14445 40236 
71443 71872 
65236 69917 
4690 27449 
44853 59315 
74442 74624 
31023 31188 
72342 73402 
34237 36616 
64437 70264 
73934 74072 
41933 47570 
52904 59550 
45790 71374 
53002 68868 
58840 61332 
3610 68088 
8919 12465 
64840 67071 
6576 23131 
27922 50169 
66287 74238 
58804 74308 
69737 72995 
18413 64578 
66177 70778 
3545 7001 
37891 68451 
35587 60441 
60130 66198 
56139 68583 
6830 70603 
58137 70377 
68190 73923 
64296 67875 
47719 72044 
19803 48345 
37344 65944 
10005 34382 
2363 47601 
72199 72264 
40761 53596 
67073 67305 
2632 72125 
42871 62717 
56197 70794 
1327 29599 
10159 64887 
73324 73663 
72932 74763 
16273 19718 
8058 17638 
39225 45729 
36081 49987 
24440 62698 
15544 63521 
37225 67513 
21391 36417 
8777 19754 
21213 33544 
43369 74517 
4252 8903 
16460 68191 
3230 55633 
70221 73030 
63364 67855 
71040 71286 
2297 42497 
63151 74852 
38984 43782 
48860 62064 
1684 70009 
53955 62996 
60756 70518 
10242 28269 
71097 73254 
26317 64025 
58675 65531 
20070 73665 
10479 74132 
31032 67849 
22841 44389 
8589 15578 
37398 39643 
52586 54768 
64038 73658 
35882 64364 
31395 52241 
17493 41867 
42981 72421 
35483 41697 
65613 70524 
4752 41271 
55962 58991 
37991 41845 
10995 23953 
22977 66112 
11499 28940 
30404 49014 
62562 68922 
69973 71184 
15912 36966 
20870 73367 
56578 61332 
6927 41633 
54332 72694 
29171 51040 
39763 71681 
50624 53452 
52493 60804 
39749 56351 
14134 66598 
3300 39912 
26465 63081 
1679 67899 
27063 29390 
69842 73718 
10427 29275 
16767 66104 
18210 32675 
35294 69693 
39662 50917 
17128 64866 
57737 70840 
48066 54417 
34397 67762 
5216 45934 
55362 61455 
395 10847 
9469 63339 
43781 56500 
6717 29445 
10429 58211 
31329 58587 
17000 46664 
51549 52437 
67146 68671 
6784 24162 
62589 66048 
60306 70719 
73118 74229 
2196 20599 
59937 64804 
36104 55658 
56337 58616 
59493 71376 
41812 57342 
31753 38240 
3140 67963 
23117 50286 
13784 64076 
5975 8505 
54060 61808 
36820 62683 
67470 72600 
26141 36848 
36417 59636 
4731 16975 
63136 69446 
10429 54378 
30276 52879 
26739 56309 
12507 22219 
294 35827 
35114 61692 
55974 66165 
60480 68665 
34737 70138 
35557 39784 
51023 64855 
27749 61076 
36949 69171 
66075 74232 
3241 9811 
11882 39296 
24461 44027 
10508 60026 
10164 50503 
23255 71981 
45917 48865 
59054 65824 
73354 74921 
16695 25831 
62280 63517 
17548 47357 
49832 56795 
54830 58657 
36413 57026 
53154 53574 
30202 35970 
10214 44676 
26403 34860 
73899 74312 
74500 74536 
61278 63760 
38018 56855 
41316 47674 
29997 69444 
23655 26176 
70195 72282 
7684 15792 
17960 26903 
22154 48714 
38186 59868 
62906 74293 
53011 61058 
31001 36124 
36886 43372 
66181 72760 
25088 38045 
31230 48671 
66400 71745 
15024 20108 
50400 57809 
37790 69119 
64559 69801 
23096 27840 
7465 27612 
66400 73502 
64886 72431 
50707 62628 
17619 25071 
1298 34674 
16028 29408 
3371 67101 
43854 45754 
50603 73544 
70736 72008 
21319 66618 
24003 32813 
57972 68366 
2182 65321 
34547 72759 
180 23568 
53237 69415 
48999 54062 
41150 65930 
44493 70796 
20884 70280 
51432 73235 
64141 72751 
38017 65639 
62522 63379 
74568 74596 
67237 74524 
28780 56633 
168 57910 
44791 57136 
74058 74920 
4110 52465 
19531 55726 
6051 65869 
21741 35196 
66397 74983 
13560 67395 
44783 67371 
66364 74852 
25831 55008 
64140 73374 
66615 72139 
4546 54316 
36011 40343 
51784 54260 
2452 52274 
40173 56123 
20561 72835 
31892 44657 
43303 68675 
19780 74022 
38399 54155 
41623 72124 
28598 38853 
38290 54485 
29328 71922 
53482 60394 
72052 72961 
65471 72384 
71784 73743 
68738 69230 
32868 49761 
28323 33598 
40408 72564 
62366 65209 
69841 74977 
34894 49875 
12872 49522 
41183 56651 
15903 32931 
43620 55921 
38185 67080 
12198 39801 
26363 73205 
48211 68622 
71259 72281 
32727 59736 
28621 43865 
30720 57798 
62712 66114 
51004 51538 
15470 50168 
38048 73332 
28676 41494 
19682 23360 
70217 72446 
22589 70302 
10361 51480 
43203 66910 
13516 67431 
1885 65952 
68332 69764 
42579 74836 
16595 50933 
60745 69598 
12678 50466 
49280 59589 
1523 24467 
70224 73857 
29922 34881 
23992 36395 
24655 57121 
18533 70315 
4408 43000 
55678 64375 
52993 57081 
16797 61231 
44403 59043 
17391 30334 
4552 34676 
64275 72960 
45935 62295 
60498 66780 
3884 26667 
74401 74706 
25350 50707 
70657 74567 
10704 49134 
33715 48149 
57633 70849 
61235 66608 
12153 26524 
65892 73934 
14208 39254 
61663 67627 
39625 63798 
27274 37736 
12720 15478 
6417 8133 
49979 74782 
42311 55401 
50034 64403 
37169 60854 
42495 43000 
33102 56989 
59973 61855 
6032 73501 
9744 18250 
4838 25951 
59475 69270 
48104 48654 
18752 32171 
61593 72670 
48390 63325 
56414 74645 
58349 68146 
54558 72816 
49269 54382 
14323 23275 
47855 69624 
53057 64201 
56437 73106 
18588 48303 
50442 66255 
22152 40428 
73650 74809 
72944 74603 
38844 67850 
15546 41736 
38430 41282 
4322 60176 
1511 27050 
3016 11960 
3556 55637 
7207 65891 
37837 45545 
1278 28519 
8060 26904 
70233 73665 
28052 69814 
45302 54867 
35610 50258 
48548 55725 
20909 33041 
65099 74927 
30994 34184 
26497 62980 
50236 66195 
4132 35803 
2055 69657 
21366 26457 
19948 42340 
11949 72142 
38792 54488 
7361 26708 
2651 33052 
21342 57676 
69994 74109 
38200 60292 
26057 52017 
65706 70204 
61472 65042 
61242 72742 
43735 55953 
32315 57344 
64358 68846 
66298 69969 
61920 73332 
9895 22496 
24680 34066 
10777 15372 
46543 71977 
612 34258 
57873 59923 
50808 72804 
57219 63870 
22494 43397 
74016 74927 
242 38505 
70731 72560 
20153 58015 
17926 18499 
13690 23716 
41492 57057 
66050 70747 
10563 52004 
5833 43428 
41413 56916 
59889 72168 
43129 71762 
62183 71566 
15440 29142 
51452 66382 
40847 47556 
73693 74531 
59974 63471 
50869 56483 
6279 55092 
26320 55037 
8284 64214 
58408 73285 
67127 71730 
15075 52412 
31453 72005 
2199 68377 
8237 17393 
56859 74497 
65480 68541 
19225 58642 
70459 73525 
53385 56231 
9452 38548 
53853 57167 
54610 60631 
61433 61441 
60079 67079 
38817 49684 
57932 65228 
11930 40940 
70401 73842 
37605 68739 
25525 65098 
59403 59476 
1468 59971 
24183 33086 
68092 72824 
51812 59643 
66465 68801 
19795 54128 
60555 71999 
63679 70421 
21954 58244 
54297 60664 
64624 65651 
65016 67817 
8348 17712 
72477 72574 
21298 23306 
60803 64593 
71846 72424 
42563 70552 
52925 67572 
31047 46705 
7684 53499 
58051 61612 
60143 69540 
7082 42480 
54150 72805 
38060 42956 
36210 49306 
64197 65134 
13750 36385 
65785 68652 
39682 64552 
48246 70880 
21153 51543 
45895 57726 
59639 74599 
34351 63627 
1300 32497 
8519 59538 
67537 69623 
35012 38749 
50908 52030 
42220 47545 
42026 56564 
20382 74501 
8536 17716 
60722 69769 
63918 70975 
58458 65381 
65845 72386 
26580 53301 
59306 66211 
74337 74916 
41565 50916 
21404 47546 
57332 63627 
22634 46089 
43945 46144 
23203 69197 
17564 24098 
2186 35704 
27861 71718 
71804 72511 
54227 69352 
18145 22818 
55953 60068 
66175 72737 
37775 38403 
64840 69965 
71220 73464 
42972 60659 
27727 50650 
49919 64551 
68407 71868 
73648 74848 
70065 71596 
72376 74690 
7995 47772 
64509 65183 
74109 74148 
27720 42947 
69632 74487 
25706 37506 
43091 50658 
11765 61609 
45321 72195 
21733 71500 
34252 43717 
12501 69153 
74042 74698 
59271 64463 
46204 66829 
70223 70621 
55678 68134 
52836 64638 
57331 68954 
8569 58219 
63101 67612 
44812 56073 
73801 74727 
17287 17914 
47375 64969 
29585 39156 
67513 68217 
29211 69052 
2374 60420 
64965 73096 
44236 55627 
73556 74322 
73982 74658 
38347 66636 
13361 28593 
6225 70158 
8655 27659 
45489 50979 
33963 67498 
29360 53870 
54433 74504 
46847 47309 
33150 39634 
38809 48990 
28490 38857 
41325 42504 
73994 74688 
34513 63275 
37149 47341 
5318 66413 
10602 15552 
19114 23398 
69862 74674 
10440 40402 
49997 51249 
3934 29832 
38914 61803 
55916 60699 
10192 58814 
67189 70612 
32941 64879 
58271 64277 
2561 30652 
7715 67091 
65748 67474 
20291 24348 
49612 72399 
44101 46202 
70303 70486 
14710 32914 
7031 57862 
60302 61352 
51684 65207 
5466 63798 
67921 74563 
69802 73575 
64569 68825 
24131 40637 
25440 47055 
16215 57680 
46039 67526 
25813 33263 
63266 69051 
67093 74482 
37787 71595 
35429 49915 
7245 56980 
30605 34961 
56130 69749 
20726 65431 
29515 56592 
17307 21931 
53136 68496 
57832 70265 
17998 26000 
48043 54149 
5281 34272 
44104 49252 
33738 52561 
15661 27930 
71810 73308 
2767 39522 
12099 41009 
10518 71519 
23277 59703 
16754 52085 
29857 58652 
61574 65571 
38101 72863 
26105 27670 
57062 65811 
332 69520 
73358 73641 
64966 67973 
62923 67207 
21374 68140 
67319 68425 
42006 66605 
67708 68799 
16352 67689 
46699 60567 
20710 63064 
33519 65927 
18867 64640 
4933 14460 
10657 64999 
24267 36841 
1708 29675 
69884 70094 
55463 74646 
26628 42918 
20961 40454 
37799 49301 
29452 53210 
47875 61208 
8384 38987 
46115 68663 
56294 67769 
42363 47546 
72039 72793 
21304 37302 
61875 69130 
59742 71816 
57628 72634 
49927 64208 
35397 38210 
2045 30246 
63211 64784 
11632 26992 
34376 74606 
56346 74477 
15142 40344 
9407 74504 
46220 62505 
35773 36550 
37877 41531 
73428 74894 
62561 74972 
3671 36048 
46884 55242 
2877 47486 
18680 69924 
39736 68690 
42135 51323 
3161 55635 
6170 44188 
5472 5489 
3544 66615 
53524 63234 
73694 74269 
2554 7441 
29081 59992 
24945 46478 
59442 64457 
25974 55103 
21515 29548 
24275 36239 
36000 49034 
30953 34124 
31442 60421 
42258 67035 
59349 66909 
7518 44833 
45072 55882 
18383 58185 
25865 27795 
68115 73036 
41639 53255 
61710 73499 
19965 66188 
68763 73123 
14284 48076 
25825 54799 
36507 51745 
59675 61110 
1663 21248 
32346 56319 
52556 73873 
72445 73704 
53137 58726 
65510 71274 
55374 57101 
43453 53147 
51582 60805 
47346 52130 
41870 66816 
73693 73909 
10397 63881 
37842 43701 
74324 74463 
17388 53538 
50176 68732 
7655 24283 
42466 55553 
38304 41877 
123 5386 
53620 59196 
48825 72218 
22220 68372 
20071 64104 
11948 34756 
5626 48239 
49304 64153 
53545 72446 
7694 29283 
12650 71996 
21285 61446 
44056 64792 
60995 68638 
3053 52952 
46565 64249 
72083 73638 
72102 73477 
16404 70738 
11006 74599 
62453 63803 
39360 42871 
60528 69725 
59725 66156 
19292 31526 
1470 33578 
66654 69789 
73400 74670 
38601 60311 
8151 31639 
29013 46583 
36969 37751 
6939 28040 
26229 70389 
24889 43830 
10981 61107 
23243 53454 
22268 61548 
42204 52148 
65943 70620 
38466 38777 
56314 58271 
10900 26866 
42970 52831 
58434 59091 
40949 54715 
56156 62588 
31403 62676 
2339 65701 
3977 6106 
34112 52325 
15731 61976 
5295 62033 
4362 66883 
20382 27357 
10424 69386 
68235 74477 
24561 35275 
41596 71236 
27941 53264 
20033 58135 
9109 62424 
54912 62236 
5191 37719 
59371 65114 
18132 52850 
36429 72407 
37014 49996 
70820 71320 
64912 68301 
38848 56652 
15897 66202 
20409 24936 
44596 67447 
8445 31336 
56640 57809 
71911 73804 
66131 67784 
53477 67817 
72980 73786 
20938 66149 
36274 61604 
45394 64344 
21481 48994 
52723 58500 
16 52961 
52536 69261 
53083 71251 
65009 70880 
38713 46612 
30942 72030 
37182 47841 
63332 73317 
40678 63862 
58821 66588 
66724 74014 
22436 63076 
13980 64587 
65024 68215 
23429 67239 
52106 52319 
56911 58168 
10930 74755 
58359 64264 
66481 67964 
4387 8610 
70242 71227 
25369 37350 
41362 64111 
39159 68999 
72263 74953 
61617 65880 
59856 60853 
71776 74558 
20865 21730 
18220 25019 
5403 40058 
14219 27837 
8601 47746 
71126 74591 
3756 19197 
8754 32302 
24615 32033 
56776 72016 
70378 72883 
19070 67694 
1606 28003 
74949 74965 
9627 22190 
28 20174 
7862 23094 
18435 67584 
26557 28586 
50481 54185 
46355 71961 
28708 55319 
64037 70315 
28889 29681 
2509 38313 
50491 63055 
17956 28135 
58609 64199 
61880 63580 
26647 74596 
10036 51244 
12854 28963 
69427 72329 
2123 39420 
28618 53070 
50548 74441 
67330 67558 
71814 74846 
50205 73260 
14838 23610 
55755 59980 
33596 54410 
67288 70604 
56720 70401 
19212 21249 
33116 54480 
32919 67467 
51582 70267 
57682 68561 
51467 56670 
42184 58978 
71234 72830 
55563 73845 
18484 69782 
28749 39720 
74353 74456 
69914 74539 
32530 36395 
47215 48358 
67076 70508 
27921 28643 
15435 73346 
37059 57761 
42156 70634 
36230 58062 
31176 60157 
4340 58234 
23772 47724 
65010 73471 
16028 66693 
58156 74295 
31186 35329 
4513 23073 
11624 44741 
69226 72816 
74018 74155 
33637 63290 
58022 66638 
17592 60900 
42266 43313 
33950 35817 
40428 55075 
50981 59404 
53554 71906 
40780 71671 
49057 72992 
35110 53063 
48973 68297 
38827 40172 
68527 73142 
28494 54902 
62533 67727 
23742 38291 
37063 41739 
56178 61703 
57099 74921 
25337 27758 
61453 63134 
59595 73247 
32223 53335 
49572 73142 
71385 73422 
2015 32017 
70275 72883 
34705 62115 
47883 71211 
19180 53436 
70325 72805 
56229 71090 
32201 50161 
8350 27432 
69436 74119 
52784 73890 
36467 64586 
13113 42981 
33055 70384 
17745 46662 
50638 74352 
52527 73184 
38667 57418 
40834 67586 
52587 71512 
28544 69881 
35344 54022 
36174 52975 
45963 53647 
31934 39469 
49766 53846 
39665 47154 
17490 33266 
25698 35002 
2608 55101 
38305 72397 
40989 63693 
24805 56373 
40902 74665 
72403 72451 
5260 54338 
41161 61752 
59309 67153 
53289 60590 
51914 60429 
13798 64220 
14418 62832 
60732 66404 
6416 25305 
47443 67268 
10993 30306 
53439 66686 
13385 28281 
69297 72239 
72873 74800 
24300 41711 
33355 34540 
16967 30650 
18232 37405 
25133 64669 
71879 73046 
60744 72057 
55542 63429 
11600 66474 
74976 74982 
64386 72813 
12259 51254 
57775 65496 
47937 60861 
27238 32840 
11370 13405 
56502 59091 
74212 74673 
23159 72375 
43042 73546 
48324 51633 
65782 70398 
71457 72286 
51352 58589 
59897 73920 
47668 66942 
47373 64526 
61163 74715 
33294 63036 
32698 54913 
15167 39178 
53054 67925 
46302 55751 
53208 68639 
61338 68786 
8951 14335 
29490 64855 
27423 71084 
13621 28052 
38624 74473 
2888 10402 
47473 61209 
50875 61960 
36607 46459 
30830 50604 
21366 62305 
73623 73822 
19641 73118 
50010 54196 
34887 62621 
47492 70919 
23259 36113 
26713 50401 
6041 17632 
31261 57890 
31654 56448 
44400 71916 
47684 59661 
16578 71402 
59832 67824 
51156 70142 
62248 66797 
28163 74333 
36715 61164 
65231 73292 
3554 67768 
59819 70483 
29793 51970 
34767 55286 
63220 66358 
18871 48097 
35739 58285 
42746 71169 
37949 70176 
28228 63925 
7827 39769 
64322 70781 
51473 70519 
41886 68560 
3351 42288 
38835 63966 
10666 38307 
50915 73277 
51034 62250 
68055 73609 
69411 70983 
10911 70907 
14711 38974 
17110 40308 
18426 50556 
4904 38880 
61655 73798 
68983 72069 
29138 67942 
16305 69218 
74429 74898 
1058 32553 
73925 74576 
37837 41730 
28588 41588 
65331 71649 
59106 70063 
69040 72799 
11152 31512 
73901 74659 
50772 59525 
39792 65499 
66890 74863 
64149 72812 
26696 69136 
42055 53598 
10144 57448 
60329 70231 
5265 63254 
12278 71972 
50343 53193 
67268 68984 
53379 55535 
30336 49485 
29636 29661 
27787 58747 
4222 52015 
11533 32184 
47386 47398 
14549 60761 
72963 74333 
17621 58977 
27529 28892 
8912 26734 
40982 59060 
61787 62239 
42615 66412 
28166 34670 
3892 65290 
56832 57538 
46019 65710 
11163 53112 
63400 68455 
73277 73826 
70896 71085 
11953 34619 
66089 74935 
38410 50604 
64032 67631 
29843 31699 
32582 45196 
22542 29419 
2078 46622 
16469 49712 
4399 71216 
38543 58079 
24856 47397 
54672 65506 
3466 28360 
30469 30713 
7525 64105 
34496 42686 
11373 51144 
7336 71867 
14832 31361 
68488 73538 
28082 49842 
14629 15576 
36801 66185 
51293 57643 
31793 59410 
37130 68401 
18104 59945 
39541 54731 
51065 51512 
34740 61227 
28087 53411 
48080 63082 
1804 56228 
65654 73866 
43805 45239 
31804 61821 
44886 55751 
38400 57478 
68647 70614 
46390 46495 
8649 31813 
3808 23338 
36862 53210 
56955 59443 
38303 50590 
38848 57884 
5065 48896 
52625 53126 
60549 69831 
60350 73599 
60476 71247 
27553 52757 
27954 32333 
51848 72994 
21794 72556 
29226 67038 
15218 46988 
67868 71626 
71381 71922 
47056 69888 
58290 68415 
2032 29093 
40147 42691 
39581 48033 
64537 72305 
15085 18552 
64130 64399 
43961 71636 
57743 70583 
51302 61490 
18974 67792 
37761 48047 
67845 72857 
34691 56492 
33338 52518 
63789 68151 
49687 72254 
6241 36474 
22871 35944 
70164 71069 
11916 54245 
23667 53087 
9140 23301 
72276 72858 
9147 69272 
54278 70477 
23861 53253 
23961 34170 
43692 55915 
44190 61442 
54694 54855 
12674 52650 
12855 35933 
3864 65258 
69704 73733 
74931 74959 
40190 72108 
60486 63151 
18390 32120 
10019 31299 
48224 73539 
24235 36378 
4310 43139 
10058 73359 
3199 43861 
16357 19049 
48846 74521 
49756 54659 
4156 59001 
63585 72945 
52525 61972 
54424 66335 
7670 50736 
66684 67518 
73629 73826 
32587 56298 
53275 74845 
56459 70280 
383 4298 
48587 51005 
51296 67742 
46828 70604 
36451 45981 
31291 37055 
26874 49078 
5264 38094 
9723 33770 
18604 53754 
9995 69895 
10976 64938 
29024 65066 
13814 23620 
69831 73617 
11704 15557 
57914 72160 
55421 66411 
74141 74441 
51522 70315 
48302 49654 
32623 37911 
39197 58727 
41399 51892 
20927 63796 
44737 53605 
66285 69883 
57974 71792 
7525 66840 
36794 54843 
63693 64760 
69848 72968 
43333 59798 
21325 58594 
41431 62222 
70198 74515 
61333 66552 
48932 59674 
74527 74546 
55241 61352 
51752 72326 
59244 71139 
27880 45982 
28730 45978 
25421 61260 
39042 58742 
73003 73084 
46068 50156 
18444 22363 
59877 61713 
60137 67366 
70005 72511 
53103 55980 
29554 57509 
21893 65185 
73005 73513 
25879 53773 
25698 68981 
11740 60791 
47620 66557 
55218 74904 
74923 74934 
53608 73229 
59439 63154 
58745 73648 
38362 68543 
68217 73780 
73887 74547 
68922 74340 
67883 73339 
41775 61063 
34931 73638 
5087 16555 
29371 55248 
56686 60165 
37708 55511 
57402 68286 
30265 47423 
54942 70084 
11174 62574 
17525 64932 
19655 24064 
42883 70510 
13477 37773 
11465 64175 
49380 70657 
892 44646 
67012 70733 
27488 45493 
65395 68740 
72522 73938 
46948 73603 
32423 42742 
21819 66065 
44636 62588 
52798 56716 
12503 50664 
52865 71197 
62216 63870 
47582 71976 
2470 30053 
6396 8310 
41720 44964 
35716 74079 
6379 16741 
63643 74519 
65514 67450 
55606 69926 
26791 35517 
52022 68648 
32810 39151 
21543 41207 
4728 55762 
62058 72670 
39038 73997 
29630 74246 
66418 73473 
5142 70583 
54892 74026 
15164 42319 
26002 36628 
60131 63428 
21624 55229 
38138 55576 
1878 43972 
47165 73490 
28469 65247 
19688 33164 
7780 41739 
8653 8743 
65310 74774 
19739 51310 
9061 54588 
57036 60349 
55407 71546 
55541 59385 
18462 48224 
18659 62624 
62792 64620 
64951 72131 
67076 72295 
22246 74347 
67865 73147 
60270 60737 
5494 36245 
54582 60218 
71321 73117 
18636 71132 
32074 64560 
70903 73068 
59766 66756 
59249 65740 
18780 26184 
38484 74209 
52798 58521 
20896 61974 
25807 49230 
21721 42619 
11166 32882 
25172 27141 
16544 68136 
28541 53935 
7395 74495 
38446 56665 
52419 55284 
3008 55520 
48677 57600 
27274 73856 
38610 57365 
5171 63043 
3402 20294 
32578 58142 
73741 74258 
11746 54404 
13058 74984 
27578 33977 
18389 59081 
52959 61893 
53717 70441 
67337 72630 
43809 47679 
11121 56823 
27997 70013 
49250 55789 
15559 60017 
73497 74097 
37095 37543 
24200 69437 
25811 36568 
48345 65249 
69334 74713 
26737 66408 
42132 49515 
18017 71995 
49872 59446 
27155 31756 
67966 69534 
62257 66346 
8368 43643 
45867 68750 
18852 45032 
59940 63692 
13209 23672 
37439 46741 
15233 29675 
39538 65943 
64864 65039 
16755 43798 
41213 74942 
63658 73312 
24881 54475 
16600 50882 
17491 48702 
56909 58707 
58390 63094 
49466 52341 
1332 16926 
44672 46355 
8721 20985 
3377 28799 
10850 48554 
56516 67913 
28299 51508 
38299 45994 
23917 31834 
55940 63231 
64269 67229 
40662 61443 
67331 73664 
55077 67175 
53406 72034 
74304 74970 
57330 65998 
3293 61806 
32567 43310 
44307 51670 
71847 74719 
50604 68972 
71885 73103 
30375 69739 
44699 63344 
3901 31209 
44248 63191 
73936 74097 
31872 63240 
72896 74571 
3580 63849 
4046 63147 
16592 42804 
50663 67851 
31294 62792 
31674 36150 
39134 42577 
27008 27321 
59563 60302 
72001 74536 
25941 31345 
2637 8850 
21336 35023 
62216 74884 
37472 52620 
66092 66432 
15943 18443 
28641 55415 
33986 44404 
51075 56957 
34883 71761 
37134 53351 
74890 74985 
5389 30717 
39126 58696 
63167 71111 
5326 48885 
107 72564 
54223 57091 
17139 64008 
38479 68866 
6481 17645 
13600 28364 
35650 57030 
59305 74165 
5489 59680 
32753 34045 
28408 46287 
44528 50867 
17719 70355 
627 2528 
73232 74987 
63173 71482 
72705 73535 
24797 51116 
53314 56740 
9726 32452 
64791 67732 
63771 71442 
43218 45008 
29075 36707 
2620 72413 
33359 74824 
9191 59433 
68674 74754 
73711 74068 
29075 72985 
57254 61730 
40832 74811 
63249 72372 
25167 48537 
49355 59223 
21584 41556 
66648 70180 
63128 73621 
50951 60932 
27279 52822 
22101 47164 
32781 55923 
6858 38966 
49584 69634 
54592 69446 
21494 33110 
72822 74127 
15932 30512 
53442 60958 
66241 66380 
33757 50343 
11993 25676 
46161 65812 
36128 45787 
29493 71005 
20006 32841 
47646 62067 
30517 48676 
25726 54046 
38211 45154 
46871 56542 
50765 68104 
35604 69553 
34239 46225 
72819 74509 
32122 55850 
16542 70857 
50040 54803 
16032 41517 
45266 57807 
30715 34280 
6768 63644 
3908 17486 
53043 71610 
66038 71784 
2560 29510 
12882 41095 
72734 74780 
21158 24601 
14695 42962 
18191 27528 
52407 73865 
11465 34080 
41544 46483 
53313 71397 
16272 21184 
20399 66719 
38946 42447 
37357 73127 
27653 30889 
6185 10980 
45015 51768 
6088 59672 
12608 13235 
21556 67303 
74816 74959 
13489 49107 
4700 65720 
34825 59228 
32135 34809 
65495 73518 
32266 59887 
45680 61327 
2275 17660 
36489 58036 
29655 53076 
45236 74209 
49831 66788 
47579 49246 
63235 65298 
60599 63651 
68921 69881 
26033 46327 
13944 21897 
3601 7501 
15450 17780 
36258 57821 
28815 32572 
68101 70892 
37206 65071 
17094 69628 
9500 67036 
37302 41844 
32907 40276 
22195 29585 
32483 42696 
57030 64121 
61982 69649 
8769 68489 
52474 53897 
48582 50851 
60654 68979 
36503 58241 
51395 54961 
72942 73922 
57276 60808 
55837 65674 
2237 67013 
28831 69928 
38638 41335 
40 41335 
7120 50452 
12788 47522 
38483 69970 
47589 59172 
52162 65474 
39103 51829 
37359 54046 
55923 74921 
25828 65376 
71352 74962 
25917 46040 
72339 74837 
19904 20788 
17175 54848 
40476 51020 
30264 39260 
74925 74927 
63824 66659 
5378 62047 
31940 41083 
73666 74739 
16312 74714 
48264 62940 
59246 74719 
37519 66935 
36430 49569 
30870 47191 
30348 65902 
48534 64756 
26109 47017 
37727 52265 
73928 74745 
67702 73129 
65519 66510 
49897 50254 
32862 61990 
34633 61814 
65964 66103 
1820 45998 
37789 55614 
57519 67881 
41803 56145 
1218 2754 
26849 67380 
69323 72853 
28401 41715 
32808 44091 
16585 46563 
49267 53169 
134 24838 
2464 30594 
15456 23828 
26643 51532 
19170 37339 
4936 21309 
32745 74772 
59534 68106 
50399 54017 
44484 57847 
39316 68147 
8904 33638 
44490 57134 
12940 25828 
8017 53555 
15910 27523 
69029 74330 
55234 63219 
9203 54826 
9433 27965 
8611 56158 
64238 68226 
44949 57104 
70464 72417 
55026 64982 
22138 33341 
3283 22485 
55762 65764 
8377 36305 
17042 45002 
58357 63010 
20574 38555 
23710 27432 
65576 72976 
56324 58078 
56925 58972 
24645 42993 
70341 73841 
25046 56569 
57547 62206 
38954 69828 
43558 64019 
68178 70602 
64970 67545 
14046 69804 
5128 74411 
32772 49846 
39929 72048 
64370 67728 
18035 49331 
35500 57806 
62673 62890 
11682 27266 
39106 58498 
68551 72194 
47038 73403 
72205 72247 
48710 48713 
27965 70409 
7033 35469 
34957 58016 
12314 17811 
2594 14698 
52983 56490 
66284 68594 
65383 67997 
43629 74531 
26626 51953 
29661 63279 
8834 47689 
26039 55178 
5002 38419 
38899 67869 
60469 60674 
58159 74887 
57149 59850 
73299 74926 
20973 29449 
27823 60967 
54332 66982 
39606 64745 
48168 73743 
13635 41483 
33854 49062 
45864 52143 
14557 15224 
1665 57178 
19291 59950 
29353 46558 
51864 73434 
53886 69252 
15812 40406 
2727 56339 
58551 65848 
31167 52084 
72001 74183 
62701 72101 
39678 69191 
34235 51163 
73904 74664 
68920 74588 
21366 57148 
44281 50096 
24540 47312 
43030 61610 
35587 70311 
25120 70048 
44429 70615 
48961 51359 
10357 56464 
50774 73352 
5215 13550 
56777 59915 
48022 52439 
8977 35087 
16770 67198 
39328 58170 
49710 57795 
27599 34562 
23904 48639 
33194 72654 
17303 53871 
69966 71880 
11665 72163 
64395 65465 
59442 64715 
34558 72178 
39711 66989 
2461 69201 
39400 46370 
34277 53389 
45061 69681 
11464 23160 
60483 73324 
29028 60161 
10821 71081 
30626 50462 
51389 72917 
41254 61594 
25591 29777 
27091 68889 
22885 45240 
55598 67751 
23484 45847 
52352 52494 
45879 50273 
69373 69695 
67630 68019 
41221 50909 
20760 68568 
24970 25031 
12944 52050 
4404 10351 
33334 57958 
26947 45599 
11334 23790 
64985 72826 
32169 70694 
16042 17845 
62800 66356 
69397 72247 
43270 45287 
56082 56537 
54597 60992 
2163 59155 
8782 54846 
12523 35105 
30544 51864 
31261 42091 
28664 34168 
22207 71807 
23118 68815 
21934 47248 
25423 36746 
27041 61980 
18189 55752 
46324 52930 
12299 72000 
15998 47913 
29809 58603 
19019 39400 
19327 34481 
8104 67279 
21245 69299 
41614 43652 
58976 67673 
63031 66532 
13933 63679 
25055 60966 
43442 66806 
66759 68961 
25141 63061 
47015 74358 
48381 56410 
44991 67959 
34694 42591 
23998 41593 
55112 55805 
71877 72437 
18054 30544 
71328 72510 
65663 69719 
28161 57281 
19389 22524 
22066 49903 
64302 69902 
13850 18875 
10263 65503 
68376 74351 
40281 46187 
35460 38904 
61877 70543 
63678 69286 
62402 72810 
32886 64938 
16709 50319 
68739 71890 
38004 46490 
63901 70083 
53458 69728 
21982 72346 
15632 37188 
16589 29294 
45945 53737 
46258 54296 
14209 32320 
73554 74486 
45246 53378 
34991 37204 
24065 34370 
29640 33451 
34682 34958 
4658 4897 
43253 47055 
35326 37763 
10686 34964 
63326 70878 
22331 73090 
6691 11358 
30055 50997 
33656 62148 
51162 66267 
4601 54979 
70792 73488 
40565 43910 
24223 32844 
66045 74831 
11378 36237 
23810 67652 
29632 62593 
31068 65448 
73375 73439 
22634 56267 
1354 59742 
7192 23604 
64378 68681 
8634 55137 
24290 68497 
43909 59220 
50608 54769 
56681 57634 
54124 58839 
68814 74458 
68833 72111 
28655 66946 
33081 52109 
54517 55582 
122 22510 
55792 65729 
37211 62752 
46151 58657 
23945 34052 
2047 69250 
28426 53509 
54764 74773 
56788 65549 
68105 69536 
416 33680 
68105 69220 
39828 61865 
46212 56642 
63484 67233 
38701 67795 
73876 74686 
47297 57436 
72488 74978 
35756 70084 
52757 59958 
31661 59243 
25466 30752 
27722 29738 
26117 36870 
50608 51161 
67595 73337 
26300 73856 
14239 31095 
3867 32463 
37239 54259 
26341 47964 
47420 64836 
71943 72384 
16862 70741 
69758 71171 
21668 26579 
73574 74451 
72851 73584 
6091 45565 
50678 63115 
36742 59936 
17588 32794 
11980 33072 
72827 73535 
28554 60440 
71350 74890 
39160 66757 
36008 45041 
57315 59620 
42949 57285 
19774 54307 
58555 63957 
58819 74212 
32670 41134 
14827 74971 
34778 57678 
58218 58519 
2887 27065 
53154 72269 
11887 50167 
66244 73615 
24038 31950 
52963 54069 
7676 8330 
68319 70325 
20141 20461 
37326 46975 
71758 72412 
40184 67635 
21066 65196 
17933 24546 
58297 60932 
25238 36229 
38717 44555 
38483 63253 
5825 39902 
37847 69299 
47847 54471 
34551 38981 
40289 48994 
49294 72609 
54454 61275 
21619 27880 
4545 57113 
922 13110 
21085 69893 
14473 49258 
66090 73351 
9973 20380 
15887 72004 
12536 34678 
59338 63537 
33797 69206 
68851 70126 
51764 70839 
8854 69679 
53893 55400 
35911 64252 
26623 30501 
52948 74540 
28320 65924 
41920 56782 
35457 60086 
12889 16529 
61543 68831 
7649 74106 
22553 61290 
42192 55160 
38645 64573 
62483 67239 
11868 61105 
31656 61332 
43975 49371 
47026 56835 
53720 66648 
2039 50679 
44459 46403 
16356 70037 
28489 64798 
19105 39437 
31234 74844 
60810 69713 
67863 71736 
27565 48396 
74643 74707 
33644 39117 
23284 39416 
74113 74997 
44621 65742 
8531 48695 
67857 71139 
21605 35512 
25028 58674 
56066 56896 
42384 43939 
22325 50619 
17740 26731 
22495 41173 
65986 70588 
65551 72612 
66372 67582 
4816 12843 
10419 68343 
38204 42213 
22936 61410 
17127 38811 
31415 32187 
36592 67280 
51642 64121 
65174 72575 
56117 73333 
29788 71809 
25640 47145 
11519 72640 
28500 58868 
68518 69918 
37170 42616 
19874 28202 
62792 69821 
45895 60109 
6716 36225 
24949 74288 
74321 74370 
41650 42474 
51906 71365 
14436 34069 
66063 68459 
9347 14008 
62489 72110 
8515 28069 
19827 42541 
53824 60040 
46922 52246 
37252 65581 
6525 73236 
57318 63524 
24516 64772 
65245 71604 
64900 70187 
65074 72424 
2685 34036 
9629 54733 
57272 71195 
40411 53077 
24145 66513 
73103 74021 
4122 28659 
43476 73581 
8984 26446 
60807 63405 
8781 27431 
6583 34473 
63501 64001 
5690 43300 
24132 66212 
70083 70719 
72562 73386 
67019 67083 
34811 62253 
21683 52360 
38014 42338 
8965 50844 
11087 49157 
383 3657 
60026 68577 
46816 58177 
17059 55646 
30823 55603 
50877 72829 
39120 49191 
64081 71851 
12645 31101 
69545 72960 
59099 68948 
4429 66508 
22256 26228 
9870 37157 
59778 64421 
48411 51939 
16424 52056 
8241 42778 
31790 74485 
39539 59451 
73719 74183 
62164 70961 
74937 74943 
29766 30924 
6377 45298 
59241 64150 
17878 61313 
14847 22585 
45885 49456 
4055 67721 
36324 40078 
67506 70190 
24004 58332 
1405 42589 
33284 74068 
69731 72141 
5405 64219 
50743 71462 
35036 60866 
32244 68708 
6272 49071 
12279 56112 
20840 43813 
20040 26196 
2584 30880 
73873 74621 
24679 71457 
55646 64412 
9351 15282 
11852 61551 
61471 69237 
22722 68748 
66570 73187 
57736 64508 
5771 72125 
15171 51138 
9964 53661 
45350 56061 
42298 57358 
19720 57745 
39117 40008 
66872 68139 
68198 70570 
48226 54412 
69583 73473 
45112 58447 
63928 65685 
67702 72721 
11968 13846 
28752 72594 
54295 56093 
53086 54583 
1290 63111 
39729 55056 
57051 68129 
35768 60240 
33826 51292 
70082 71515 
7807 73955 
28877 45975 
58453 69136 
11316 28242 
10663 52384 
55852 63947 
55363 66175 
23028 65945 
30590 45809 
45370 45797 
65446 73519 
64693 65027 
7971 60946 
40487 71438 
62906 72971 
71655 73364 
46630 71013 
25613 28102 
36860 58496 
51937 53695 
56974 57483 
49272 64362 
44731 65927 
70346 71951 
23200 34882 
56947 73096 
40722 74106 
12963 16766 
5659 24037 
33368 68592 
44250 73092 
69164 72981 
12477 27940 
33624 36061 
74953 74969 
69291 72827 
50345 74793 
38420 43810 
68144 68687 
65217 70818 
28101 30669 
70717 73036 
48938 60008 
57949 58635 
45615 62730 
26237 26761 
41795 71693 
23422 65137 
46845 56233 
21655 23199 
59347 71330 
45229 46990 
44276 68879 
29510 29948 
46855 72355 
38161 69814 
64582 74258 
17037 70565 
59732 63330 
5559 61126 
37364 58758 
74202 74249 
47765 50078 
71289 74371 
16895 43952 
45031 53405 
1507 51784 
5705 40847 
47992 55222 
65932 71501 
1419 21665 
64041 70799 
24552 42382 
66817 73702 
30011 45055 
26181 48013 
50345 63066 
28725 31271 
49664 68473 
11924 13719 
9943 51848 
66144 71136 
46307 53266 
24346 71061 
4562 53790 
19840 52625 
52604 70775 
7173 56265 
5836 67528 
37811 71639 
74099 74295 
53948 54201 
50636 65921 
14909 43933 
73440 73805 
6710 54311 
14177 54611 
17600 47156 
49922 60480 
59253 65639 
57601 71321 
2674 14755 
60989 63317 
13775 47956 
13354 66307 
66013 74099 
57254 69154 
39740 72010 
38833 71620 
32708 39362 
2944 8857 
71025 74932 
8911 66331 
20009 39076 
7682 53992 
38648 71799 
4478 48960 
69342 74087 
62957 69802 
10865 25643 
40540 70268 
63408 68316 
29159 58241 
30903 61616 
14167 32922 
57854 74749 
59859 68762 
44013 65566 
37346 50582 
30235 70634 
56699 57776 
17692 29797 
32317 59226 
28334 67853 
46221 66796 
56502 66773 
38145 56586 
55229 56223 
69213 71382 
7385 51949 
54647 65139 
69555 70570 
37706 49300 
50727 62513 
48367 67002 
32826 70425 
7797 31785 
69083 71513 
70413 70876 
67681 70494 
49687 59512 
55971 56844 
20410 50438 
32591 66767 
70509 74359 
58042 62596 
44232 52729 
20702 34393 
58560 72793 
20457 49929 
14374 14544 
8258 49221 
69590 71602 
31273 69796 
4007 33237 
73409 73664 
1492 22134 
47074 65464 
24665 49229 
2632 48255 
59339 61436 
27743 60303 
58413 63393 
2101 60074 
17271 49905 
35084 59902 
54838 70077 
19409 57116 
31523 71038 
43894 59752 
68344 69389 
13516 63278 
43667 50155 
33394 51939 
37353 55528 
29538 51965 
16249 28305 
27649 28578 
6717 14288 
5703 36349 
49134 51603 
20790 40939 
9287 69016 
59046 61988 
65714 72140 
47092 48152 
27114 57269 
32545 36074 
61763 67744 
44274 44858 
48104 62489 
49137 71920 
49652 68608 
13322 53633 
9765 16052 
15468 62276 
3103 72118 
57671 69683 
59452 62345 
7260 10196 
59548 70298 
23970 27679 
27640 67585 
49416 61575 
60271 68078 
11974 70258 
16587 49175 
47608 71218 
44823 69312 
12764 74017 
26464 42700 
43654 43775 
52230 54421 
69935 73595 
7692 67977 
31897 38899 
73674 74702 
66231 66549 
39577 65051 
50071 63341 
40684 59594 
22599 55509 
27855 63378 
9287 66366 
40956 48553 
13046 19797 
72800 73626 
42432 71096 
2140 59643 
64930 71031 
46225 70673 
42207 51990 
62181 65836 
60705 69036 
34543 41253 
28779 46746 
73692 73899 
34426 65620 
26198 50030 
3968 37711 
25455 54989 
49051 61468 
13280 55582 
24207 61653 
47657 64539 
25312 61921 
59238 72806 
66557 67101 
45112 62680 
11031 30929 
3813 6195 
63722 73658 
41390 73107 
45285 49289 
46804 67941 
61636 68569 
30606 55755 
60639 72536 
34651 40649 
72370 74167 
10202 59230 
5437 5446 
1625 61313 
24359 72944 
62561 69313 
63978 65734 
73425 74507 
18339 29948 
9439 47929 
28533 50967 
5904 21771 
64689 72721 
72853 74903 
66061 73237 
45446 73239 
51397 55688 
41583 46059 
772 14534 
21776 43059 
14184 66796 
40029 48138 
1152 21761 
68850 72593 
63215 66201 
5577 32725 
27346 66449 
33465 59931 
42399 55938 
34445 42076 
25519 44286 
45883 68353 
9426 18587 
25245 51303 
55897 59955 
64812 73048 
35662 66123 
64062 66641 
64776 67109 
51086 56885 
66602 72005 
65705 69233 
45000 66771 
53016 70000 
39073 54848 
30431 57540 
30602 48387 
45139 45745 
72412 74608 
58783 69119 
12331 33449 
59350 63218 
59463 69790 
61305 66052 
72960 74036 
53726 67244 
72141 73441 
52324 60415 
23281 42248 
721 53539 
43518 62090 
13158 24086 
23479 69328 
71344 71368 
44078 72383 
24015 74086 
42392 58113 
13211 27102 
63014 64694 
37748 43647 
11587 57035 
33253 39398 
61359 65699 
73843 73903 
37474 48782 
19483 35102 
65245 72770 
5588 69377 
27031 55801 
11061 69001 
61025 63511 
5124 20949 
2914 33324 
35865 62378 
72075 73626 
46638 73738 
47547 54230 
7169 8424 
68241 69997 
6686 9268 
70293 71383 
48027 64413 
24734 53788 
46659 59092 
38129 40013 
28175 56838 
48953 52515 
63116 69002 
69102 73553 
38635 62462 
20310 31565 
34426 68035 
54018 67919 
2670 63905 
47332 52711 
3592 22822 
48209 60101 
46477 57834 
55697 64850 
41367 72540 
44704 65360 
32509 32794 
13674 36993 
20060 28908 
30533 74722 
31381 58205 
22255 39035 
71724 72254 
19417 33476 
38837 49735 
51276 64269 
40859 44410 
5949 13460 
69820 70508 
67409 73450 
50503 66729 
14212 45287 
64249 67399 
68019 71654 
27770 72818 
43313 74813 
56322 70283 
70090 74737 
38235 61395 
31912 51337 
55670 63488 
11309 54747 
4214 11546 
61618 67562 
5881 35900 
45893 74113 
73113 73996 
65617 70472 
73835 74683 
54504 64998 
55764 67942 
43392 70345 
24774 40907 
59446 61456 
10964 30889 
14136 50580 
44630 51558 
3597 45326 
9495 55119 
37901 49349 
33446 44357 
7697 64310 
52528 67430 
66939 71552 
47121 63733 
40970 45606 
53542 70261 
38441 59345 
49589 58293 
68245 71393 
38699 39218 
3139 34689 
37317 57432 
28582 54595 
29436 30998 
46598 49273 
15313 50776 
6392 71719 
23295 36113 
18881 31058 
52395 66270 
46176 56030 
54020 63764 
27547 42982 
60932 68459 
49644 68539 
40504 70391 
47039 60013 
50619 62472 
67819 73062 
28760 41849 
72327 73721 
67391 67444 
65537 71884 
71967 73382 
36359 37767 
28706 58476 
14728 41239 
33705 42636 
72341 73991 
62411 65203 
52208 65620 
71283 73190 
71455 71855 
73082 73409 
54150 64884 
70068 72680 
53141 63215 
22427 72674 
63655 70627 
7990 17523 
29695 50229 
25236 39071 
74919 74933 
25045 34839 
2861 72221 
74613 74710 
68173 74480 
9170 34253 
61595 62940 
29203 65462 
57551 63808 
22442 63732 
16746 71029 
44826 67977 
74068 74792 
31489 35838 
5598 66349 
53607 66154 
28180 33137 
62158 73729 
62481 70947 
34641 63855 
44926 67837 
7398 45709 
7813 53277 
15437 34676 
29249 66234 
53761 62343 
21127 25298 
56681 64490 
41657 51608 
71616 73782 
71499 71687 
44944 56510 
9903 26087 
73677 74653 
34873 68199 
39551 58449 
6916 38323 
69802 72420 
39602 52223 
60507 70463 
62763 70707 
17688 62563 
27631 72792 
70275 72855 
5877 74323 
24344 62982 
47452 50476 
54005 60344 
14332 54617 
22036 39509 
61645 74112 
62946 69140 
3651 47423 
21391 28361 
66267 67849 
43391 57751 
49636 59733 
42297 69060 
16849 49592 
67873 69749 
584 30718 
49193 52908 
63756 74778 
50701 64739 
69842 72939 
14913 70828 
59613 60556 
58986 67993 
3506 50119 
42999 48313 
40645 64122 
71666 73018 
35429 44762 
24337 33930 
36679 45336 
780 39149 
45504 53588 
35985 62279 
69109 71501 
72009 74888 
54722 56586 
45641 54802 
12228 40998 
29222 56133 
24342 61387 
15690 31040 
20733 55999 
31701 54784 
36275 55105 
71538 74201 
35905 61232 
37582 44555 
70019 74784 
28686 51663 
19170 64898 
32975 40248 
10531 31174 
63876 69862 
61308 67505 
73534 73963 
5548 29744 
74100 74449 
69375 71177 
44973 68716 
32828 63864 
67010 70350 
32289 33297 
34082 60743 
17011 18654 
26361 31063 
56782 59912 
44416 58260 
62044 72363 
16757 42151 
40831 61803 
18988 37327 
16024 37257 
7358 16763 
20154 71499 
64496 72384 
46510 54874 
38931 49814 
73986 74706 
41071 67652 
58207 65198 
14997 23875 
23785 64120 
57042 71043 
39712 58062 
50530 66395 
39063 63615 
20041 36064 
48728 72954 
439 14352 
60644 73062 
65151 67572 
26317 60180 
32109 47288 
36706 36945 
56919 71096 
60519 62359 
51473 61171 
66851 73706 
24510 39642 
23015 29220 
20934 68811 
41614 62013 
64619 69084 
72127 72591 
39859 63370 
29089 36015 
16089 39693 
38957 58217 
65886 70217 
58928 66332 
55331 68196 
12695 13761 
63209 68517 
62331 66314 
54283 61001 
10817 58458 
25049 43686 
24499 68058 
66131 67924 
57758 60511 
53557 73749 
46854 51886 
47985 49026 
55690 69132 
51623 70433 
60476 69297 
70399 73069 
66113 68350 
64544 70256 
22659 60728 
34502 38565 
66843 73567 
58781 70445 
40760 64182 
68979 74580 
34824 46549 
40739 59601 
55073 57420 
63164 65721 
69502 74500 
5596 44270 
23940 69139 
1005 31149 
25206 65029 
2279 59360 
60921 66628 
44457 44565 
36851 54878 
38001 46068 
32473 35144 
49076 57526 
42789 62080 
14239 65087 
40531 43955 
14413 15914 
61675 73354 
48801 59586 
67843 72912 
54415 63719 
9063 58763 
7793 30849 
8021 45703 
6097 24246 
33247 51321 
29190 31498 
36272 50043 
39257 65483 
13366 21318 
73039 74202 
37488 66772 
61182 63063 
8433 43757 
58049 60919 
12479 48561 
72345 73630 
40554 57978 
7246 27324 
55166 60626 
51737 65403 
63856 64435 
68791 68813 
9224 38496 
74197 74679 
4037 47583 
39203 44734 
15156 20708 
66051 68023 
15325 40441 
51822 68492 
33767 51898 
3093 6782 
62003 71438 
43808 53187 
49869 73908 
47905 72903 
13824 41217 
26857 69886 
56152 56696 
47198 56253 
11864 72777 
28178 57902 
4327 54242 
27942 57962 
55593 74839 
40030 55830 
59545 64962 
20075 35238 
7825 55075 
12141 35846 
32074 34654 
23819 46348 
45772 50651 
36094 68450 
61147 61422 
608 2942 
59565 71630 
37562 49640 
1691 51389 
19599 43292 
5741 28733 
43810 46752 
46358 56456 
38391 43330 
45411 61913 
63593 72320 
41358 58231 
29699 38086 
68535 72995 
54117 68003 
55501 57450 
15482 25708 
21482 59578 
24540 35554 
55195 55642 
9352 73370 
7094 43414 
11902 41927 
43084 63443 
33483 35707 
10650 61619 
51643 69881 
56802 67900 
73671 74966 
66861 70268 
43696 72974 
45097 52142 
49159 56742 
20391 66186 
8552 71369 
29962 39780 
11512 53602 
58236 61668 
31727 53780 
71436 73226 
9527 37416 
18789 30991 
62921 66986 
5467 70073 
68684 72969 
26477 32760 
60548 67739 
57849 73516 
68001 72691 
21807 26651 
63976 64264 
6791 52063 
72526 73896 
71793 73816 
51982 57808 
8706 41375 
27125 69624 
9861 44093 
37700 44254 
5927 45595 
70038 70076 
51091 56342 
37502 66986 
44712 63720 
43367 47775 
70306 73251 
24082 57328 
55293 62250 
64737 67377 
46393 71328 
10610 42221 
9912 35401 
9120 60041 
66028 71732 
60924 73330 
26 24850 
21059 45654 
328 28811 
15674 74549 
51238 58397 
67571 68289 
68604 71111 
69544 70488 
16853 20616 
46085 60242 
1367 56641 
74837 74895 
6678 62856 
64865 69238 
71187 74306 
33710 69238 
37790 47613 
22093 48380 
45242 65116 
46044 62631 
68575 72410 
35543 38224 
66873 69852 
34902 62264 
39151 43386 
72023 73101 
26659 67660 
8381 41331 
60632 70763 
52244 59467 
50541 63023 
28050 38436 
10858 47664 
41671 48055 
25887 35836 
41591 46986 
36697 63421 
71853 72087 
24414 51291 
23138 26281 
37442 43418 
5548 60736 
65913 67414 
30359 59464 
42588 68925 
2781 52890 
9151 38577 
1734 60733 
53856 67946 
58760 71409 
38697 40969 
36693 37417 
56428 70991 
39794 54989 
49158 54630 
51291 71409 
55688 63785 
74409 74621 
23875 61904 
53917 68754 
14443 30999 
24867 49308 
46813 61269 
44107 69572 
22385 56155 
39754 41931 
18881 26477 
62713 65550 
68910 71801 
67766 71899 
20211 44361 
55934 69266 
20707 56683 
51954 53844 
32595 49295 
5227 8961 
57627 63718 
54943 63933 
32047 37527 
31371 55141 
67809 73289 
42668 70415 
24166 60124 
38236 49917 
61683 68285 
54902 67767 
7252 73036 
66349 70740 
16512 27242 
12450 30431 
47421 52380 
73372 74031 
40511 46594 
13132 23465 
17683 46782 
54523 60270 
44508 74913 
61487 71711 
40105 57017 
59832 64611 
57515 57881 
1610 43633 
72422 73614 
19348 62441 
22908 35304 
30474 64356 
62509 69752 
35514 43007 
20370 62278 
69608 71276 
47444 74289 
60838 64316 
7623 70985 
52128 65098 
43493 66978 
46875 50506 
29372 58270 
52222 73541 
31234 71258 
70618 72118 
36706 46960 
64062 69985 
70131 72053 
43380 56552 
53123 56647 
63167 67484 
46478 64531 
49000 65361 
67244 71648 
46203 51249 
39098 62405 
51783 67373 
23372 34755 
66289 74381 
50700 64750 
44420 71189 
40419 53884 
34438 67894 
28447 61372 
64698 73971 
74936 74956 
47371 57919 
53125 62020 
55530 56957 
64840 67393 
54271 57687 
22069 52702 
41155 63111 
70311 71560 
35718 52662 
16581 65815 
66383 67408 
27477 42109 
6204 46705 
63153 72155 
32518 64030 
37450 72247 
64369 71312 
16546 34503 
70705 74390 
57606 58916 
5578 12438 
24903 32266 
30097 36815 
18758 50131 
8847 21293 
40729 74417 
50699 73790 
54503 62846 
49999 55313 
57969 64514 
42117 50017 
19781 74752 
65413 74614 
44927 72565 
7190 74380 
33761 51250 
21863 40419 
57952 65980 
68231 71207 
35471 69008 
22548 69648 
3039 32083 
71551 72601 
71963 73849 
12954 46121 
13980 49431 
69943 71893 
6657 29652 
27592 53242 
11369 37323 
24635 65491 
37900 70884 
14167 63117 
26152 33354 
47168 65071 
21379 65849 
47847 74518 
28582 31923 
48283 72939 
42225 73653 
52029 63490 
39048 45254 
46930 59403 
68789 74367 
601 21857 
10192 28701 
5079 29766 
28594 63172 
66452 70401 
29479 70301 
71844 72180 
49695 50460 
14385 53294 
28431 53110 
73178 73635 
22653 70659 
55837 62662 
9476 22555 
1643 29879 
46432 66857 
26842 37647 
33601 58669 
14388 40276 
28612 72515 
39949 64681 
73093 73864 
30925 33009 
26060 49185 
53987 63640 
12865 20816 
37454 64190 
64904 74832 
20991 46763 
59447 64956 
36069 49030 
52410 65160 
52541 64919 
18249 71249 
71678 74872 
33227 38240 
55535 66575 
61562 74161 
2729 55673 
15767 20081 
15420 74072 
69874 70782 
42607 67707 
39422 44855 
64234 66429 
59262 72052 
43335 63957 
62928 63646 
15926 21431 
87 44385 
13720 45097 
7858 30856 
47121 50576 
32579 74783 
59353 68053 
15726 56730 
43294 73849 
65755 70553 
30714 60376 
21759 72334 
14590 14960 
20559 67668 
39247 62762 
54026 66061 
43840 54471 
43264 51561 
5504 17959 
56881 68036 
9391 12330 
30380 62449 
36986 65975 
8840 59896 
838 7387 
66121 66361 
6012 33799 
44685 47222 
38051 47752 
1226 71222 
36828 37050 
52519 63995 
60667 65139 
65372 69127 
18442 44947 
32331 45330 
14830 50777 
41710 43564 
6583 39117 
53426 66827 
43522 67224 
41582 60141 
73657 74170 
73913 73997 
11200 26536 
33481 43555 
7295 45128 
8054 74664 
54030 56257 
11777 15848 
51181 62981 
45482 47012 
42683 69791 
39470 54111 
37169 72649 
57480 71992 
60474 72584 
3421 20649 
27680 53623 
68312 72831 
39988 65964 
30878 47007 
28658 57126 
23513 71701 
53256 62939 
72761 73267 
58603 71361 
47556 67303 
8220 52929 
579 36038 
5691 31152 
60271 61575 
7365 29980 
66680 67226 
13824 52638 
40339 56132 
48526 50303 
61501 70676 
7567 59726 
33963 56342 
29367 34789 
43767 66138 
6642 74455 
64970 73774 
36380 57188 
65142 70908 
70715 71425 
52046 72342 
12274 13540 
18212 50081 
63840 74673 
59546 67945 
17928 51111 
70111 70642 
61933 64832 
3422 49449 
31704 52234 
60641 74323 
49600 71822 
9694 35624 
73268 74870 
27891 34881 
36110 53501 
20542 55183 
4342 73840 
69462 70445 
19168 39911 
9348 18946 
32531 45128 
16689 28206 
50859 74776 
14965 17972 
65517 72028 
25877 53121 
25417 45242 
53478 73464 
7492 34794 
18437 46163 
66945 71656 
59324 62917 
37358 73192 
43318 74181 
8501 40275 
45633 61989 
56355 64493 
67648 71626 
6513 8999 
47699 65643 
72216 73602 
32212 62332 
73257 74343 
73323 73870 
22187 55989 
70629 73020 
53032 55229 
12323 21157 
50053 59622 
55918 73405 
2237 26399 
64892 68097 
27224 62452 
25774 73087 
10223 40106 
3677 13502 
49425 74040 
1690 44813 
19357 58180 
11137 41647 
72686 74293 
4038 74621 
74652 74670 
67082 69811 
55884 62465 
67083 74071 
59468 60900 
20827 34063 
33763 39537 
63037 69962 
15300 60312 
68304 72059 
39068 53400 
67772 72072 
33191 59829 
54229 64694 
3335 44065 
38394 53520 
2656 46044 
19822 43621 
1121 14473 
72815 73199 
29396 41288 
32198 67660 
33377 62516 
37124 63081 
3697 31106 
62947 65378 
74081 74193 
74842 74981 
16583 63332 
67257 69267 
72175 72392 
65594 67658 
39042 72007 
10351 61109 
35028 54826 
70041 71457 
60956 74815 
68559 71799 
50029 71132 
47610 63876 
58740 64829 
31433 31831 
64093 64388 
36424 49537 
28518 48838 
39846 56995 
35205 41524 
36673 68807 
42637 73655 
19592 48068 
44886 58972 
1606 20252 
18581 30895 
61082 63749 
14858 59036 
49649 73178 
60001 62590 
43599 61789 
39135 63684 
62826 72645 
35541 60160 
58361 66703 
21270 68489 
71044 72519 
73186 74603 
60730 62462 
66901 70856 
47572 61562 
70262 71814 
13612 24304 
61928 64914 
44316 57116 
48290 51036 
33031 57195 
55704 69721 
39513 70660 
27014 60541 
37314 49942 
18145 22368 
1262 53981 
57776 60831 
63485 72047 
5261 7689 
34111 43563 
34791 66495 
19008 59909 
69460 72294 
11389 67921 
42617 72330 
5409 29265 
30015 74851 
15682 25667 
13353 66488 
5817 49698 
16916 25779 
38969 66331 
10938 58446 
52253 60000 
26629 32508 
21574 55401 
56787 73944 
29160 56530 
58580 73078 
26968 66756 
21538 65843 
319 963 
24512 60735 
13122 13146 
69247 69744 
12235 54445 
33059 55662 
10040 56781 
63659 68231 
2275 59834 
5821 42573 
23989 65117 
45865 58793 
39648 53698 
33929 67099 
34683 72593 
60751 61770 
22221 71832 
30420 36470 
22770 49588 
20046 42934 
3467 71305 
11499 45398 
60977 68983 
46458 70799 
2416 23076 
24262 63738 
5900 24245 
55815 74906 
955 18468 
11183 31167 
1919 48660 
46033 48234 
4286 13628 
19879 62835 
37349 46827 
24245 49153 
2018 24252 
58924 61785 
72066 72445 
39081 71478 
47942 48635 
70031 74689 
19297 53395 
5065 42679 
69251 72255 
4993 42137 
9230 12489 
66821 71170 
24270 25623 
9851 46608 
23052 49290 
10469 37154 
67674 71231 
37553 39511 
10043 55327 
8938 69326 
18451 73765 
24354 46672 
36929 60404 
3195 18469 
45563 49537 
48700 64627 
24038 28084 
6726 30129 
35872 69101 
1918 73986 
1559 5542 
66875 74064 
48483 49495 
41975 45914 
67544 73721 
25502 34673 
62922 70758 
61890 71326 
12737 58337 
11583 14135 
21123 54032 
50058 54473 
69979 70189 
13106 18982 
73768 74957 
53847 64252 
58238 74975 
28022 54603 
24913 31890 
34458 65991 
46500 52935 
26699 73969 
47755 70648 
34025 50943 
36935 69049 
33853 55760 
41919 64759 
22767 52321 
31890 45938 
50759 52424 
28885 64742 
64388 70957 
72519 74180 
52540 55280 
25034 56289 
55030 62789 
37029 50043 
19898 59318 
37988 44401 
61213 62004 
16595 69148 
41647 50939 
55926 68525 
28215 45913 
13509 20880 
49651 59567 
69004 69600 
36897 47805 
35228 69192 
13608 22908 
70219 74229 
18890 37302 
71616 73217 
20070 29535 
48043 74893 
44618 66645 
5736 61136 
27044 42598 
70130 73427 
43727 68923 
16036 56834 
52839 60759 
40125 46948 
30640 74715 
57350 67759 
37475 71421 
19233 34120 
63483 72591 
30026 53316 
19003 72773 
74845 74958 
7730 42742 
43156 61348 
12967 63966 
5880 22183 
50654 57294 
21714 45245 
31616 55245 
19841 63979 
39282 73983 
9836 45285 
13854 23560 
3843 52549 
16372 38119 
10530 73115 
15369 33893 
11528 68195 
67407 72593 
53619 73074 
39442 43618 
66914 70363 
62533 65681 
44794 45324 
14614 40684 
69143 70171 
52087 61581 
61536 70416 
4460 65979 
62235 66181 
62889 67879 
47072 57178 
17697 45145 
74432 74657 
62465 70930 
6048 10660 
38644 66139 
5744 45165 
45398 46290 
33739 45820 
19744 64002 
63134 69085 
29 21429 
48323 74123 
436 18227 
27516 40635 
62960 67724 
43725 48312 
40392 66192 
9770 61207 
30087 50474 
20489 40204 
34653 46130 
13501 38155 
49213 68839 
22 68520 
34780 62317 
35238 74737 
21773 44904 
33575 50619 
66108 74232 
58833 63011 
63186 67248 
23890 50465 
68948 70791 
64945 70476 
69009 70605 
27527 53268 
55449 66488 
73201 74607 
13620 13656 
33808 69994 
21330 62285 
52175 63024 
35578 70971 
12773 63303 
53127 62248 
34311 68239 
25685 68258 
35339 67321 
16464 40635 
66249 69655 
17054 58384 
2099 66781 
27545 66426 
36133 52966 
11309 48670 
25100 37439 
65496 69058 
5262 12272 
62358 66230 
37636 69558 
58073 67883 
37702 52768 
47290 73368 
55580 64836 
74485 74562 
33628 68868 
58168 66107 
65725 73699 
41569 56467 
51588 55804 
12363 30359 
59747 73353 
4276 71042 
23682 72000 
17229 44615 
22027 64980 
24813 65191 
57027 61730 
61707 72871 
52297 64393 
45270 48541 
51013 64620 
52670 65787 
5068 7630 
33827 61183 
48981 50341 
17471 66945 
44587 71167 
31578 73532 
43978 60437 
41385 69934 
932 68738 
55710 73616 
31097 72750 
54517 66013 
10159 61550 
20782 63884 
74260 74709 
70364 70937 
7087 18745 
1903 52003 
1207 56768 
35979 44114 
62891 74904 
29983 60626 
61625 71237 
10919 13147 
45176 52417 
69952 74133 
30216 46223 
37109 61527 
39631 63790 
16306 27783 
636 15129 
44017 44923 
34348 60389 
35359 65828 
19577 50785 
15757 38385 
49722 70867 
64455 70490 
21451 37733 
38875 43047 
60908 73158 
6683 20495 
74441 74697 
12982 69177 
41591 59064 
52739 64374 
72086 72271 
72270 74344 
7313 45327 
22001 31362 
42528 53794 
68775 74727 
70134 73846 
45041 56655 
33930 64503 
58057 59585 
53893 73594 
64776 66961 
62248 73395 
24019 72796 
62187 70062 
50149 67415 
46576 65834 
61970 73906 
34416 53585 
33666 62648 
32013 44868 
42083 55700 
60365 63884 
37869 59143 
74075 74440 
43458 65537 
55355 69226 
35907 40001 
26449 34786 
9646 55953 
52779 72594 
50537 62761 
66320 74532 
32751 39377 
38908 50301 
72324 72662 
47123 61677 
55637 61969 
55659 63745 
5346 25281 
45333 69201 
52977 71382 
67469 68905 
15624 35788 
8066 42490 
47732 74723 
69776 72050 
66773 70632 
4874 28001 
9040 66210 
68212 68851 
54638 58775 
58424 65189 
72975 73554 
8586 53868 
67015 67387 
22545 70149 
4017 41303 
24284 36483 
34137 43825 
6321 69215 
10229 54403 
71679 72852 
57525 71719 
30166 43529 
19610 52895 
42914 62461 
36439 37666 
51763 68909 
73425 74035 
52040 65637 
41702 70008 
69856 69977 
45627 53789 
16779 59122 
10491 49669 
35181 69942 
43925 58375 
6399 13613 
5717 60364 
55742 70543 
15855 37971 
55889 65013 
55197 57298 
26262 30519 
60959 69086 
18447 29738 
67919 69107 
41353 73211 
41675 49153 
337 4535 
69590 71428 
13334 35101 
16295 48407 
9576 10555 
42529 52801 
39657 57535 
71292 73550 
23657 70339 
24221 26801 
20512 25476 
71838 72777 
62886 74837 
1699 45879 
44276 57495 
65546 67232 
26954 50498 
19008 46714 
38362 48666 
63956 66809 
47310 51510 
9963 71541 
19337 40646 
59751 67319 
15847 44107 
57967 66910 
391 38728 
17346 68016 
43532 53184 
31556 73616 
37826 49667 
34443 61151 
45101 67041 
24921 46906 
54329 74797 
14309 48730 
14200 21247 
20474 63773 
11516 71112 
46828 55254 
960 14371 
74066 74548 
37654 69553 
10276 63913 
38994 48634 
435 22042 
19104 38578 
59731 61719 
18065 66368 
3530 14119 
69469 74465 
30235 44020 
15154 71787 
15786 33421 
32573 32614 
10483 39912 
45740 51047 
34821 51877 
54878 59550 
63143 69511 
35153 45276 
44475 70333 
57309 60286 
27988 56999 
58178 62491 
56912 72368 
40941 48140 
56448 69287 
14161 14590 
17836 30577 
60422 64209 
5335 17388 
43238 60538 
69997 73715 
32488 68019 
10582 66211 
32981 59206 
74616 74620 
51767 70441 
51953 56105 
64828 72893 
37601 50415 
55533 70823 
9922 55656 
24110 28505 
18311 18721 
1376 1802 
34936 52184 
45978 62717 
55300 66260 
6440 67243 
27339 31394 
8115 73117 
51113 73856 
53977 56992 
18041 56231 
38735 40792 
14222 52424 
27053 72814 
23227 57432 
28936 67801 
50973 64897 
45333 50370 
31290 73058 
54090 74158 
4559 70608 
17855 18417 
67378 72205 
24807 71978 
34674 58102 
55184 59390 
11976 71492 
42888 70875 
9139 46314 
57795 57912 
51363 72238 
17824 30689 
5179 48306 
18700 28926 
39262 58313 
13656 52273 
33517 42614 
35559 73980 
68658 71457 
59499 74222 
64444 66539 
36459 54967 
67765 74912 
20447 66434 
66769 74351 
23995 38171 
64452 71150 
5145 68595 
36136 62956 
53962 66366 
15518 37070 
58949 72698 
21966 68822 
71728 73589 
67153 70522 
2820 8338 
71341 72994 
55813 56691 
48429 69707 
25668 52243 
55247 73876 
41117 74795 
14936 74143 
4489 20972 
26802 62132 
34979 68603 
49582 56003 
66645 71718 
71649 74554 
29874 51019 
42909 61623 
10679 71656 
68267 72471 
21024 72285 
521 38052 
38913 74534 
12139 33754 
34191 67333 
69109 72076 
49298 58413 
19298 73950 
69633 73878 
53209 54201 
24055 64275 
18817 52681 
63297 69502 
34395 40449 
16634 44096 
3162 7497 
11703 37994 
11517 19973 
56302 67229 
27896 68788 
40266 42574 
15394 19240 
1231 68789 
41930 49526 
62893 71788 
69621 71754 
3914 24498 
66068 69397 
21592 60430 
15330 21487 
16803 63445 
20952 59739 
46189 47155 
8626 54771 
60483 73290 
34326 48905 
32958 61218 
32548 36024 
53359 53541 
20169 43930 
64094 69043 
49729 65175 
54333 55706 
36009 73685 
8021 22041 
727 40008 
20874 53889 
61503 67029 
30033 68151 
1161 5597 
5046 19791 
22921 45473 
74051 74768 
11294 64222 
18848 34773 
39000 54085 
63327 68957 
1210 22991 
65120 73721 
58909 63656 
16998 44050 
50013 50245 
66346 67013 
67978 68941 
39144 66554 
37454 56027 
50600 52571 
435 16709 
11922 44301 
24799 54149 
22801 56275 
70424 71938 
24145 66886 
6707 67627 
74594 74678 
6272 46631 
14319 20843 
70890 74216 
49936 53444 
23211 27635 
52006 52631 
65587 72577 
14698 26833 
39644 45010 
17787 42911 
22237 62532 
1927 23528 
36169 70112 
15412 59167 
60953 70202 
11800 21709 
47694 64682 
44881 61258 
3506 18021 
39584 57551 
74296 74918 
2430 10859 
71035 72351 
63628 73077 
40105 54035 
28581 54745 
63817 65119 
27723 49209 
43059 58545 
35490 40746 
68041 74670 
38878 71277 
30012 59973 
47788 60376 
32963 64033 
44912 68540 
58855 66873 
52727 72376 
18221 66614 
50010 73086 
20814 53515 
13340 59660 
7284 20972 
13613 70964 
23357 47429 
14284 69820 
13794 66735 
66083 69790 
74764 74810 
11835 37264 
57222 65896 
20609 66413 
6456 46714 
29177 54690 
39294 57235 
57318 63555 
34476 72022 
57755 63192 
41209 64915 
35061 50462 
5989 29671 
21168 50299 
58268 65524 
32971 62028 
2428 22529 
39784 70777 
46988 70829 
24466 24825 
29822 36570 
33782 59501 
47690 57713 
74281 74394 
68728 73523 
21607 68327 
64379 72189 
68729 72398 
5363 35883 
71347 72480 
25890 61522 
6129 50175 
69514 72795 
39700 63497 
42492 60968 
4938 66918 
50125 65611 
35143 36852 
33437 49028 
22 2500 
47175 71997 
73917 74482 
4531 74763 
70541 72907 
10389 39272 
74428 74971 
68602 70384 
54967 73727 
56286 64422 
72482 74751 
54275 74366 
14616 70394 
20884 46444 
23722 47535 
30758 31624 
2209 37431 
59688 64591 
70568 73322 
44145 53754 
56585 61200 
36024 62416 
67041 68560 
35746 63299 
11018 64443 
55039 58622 
51094 60193 
58979 63993 
11125 73617 
16007 44215 
98 68679 
2280 58831 
41242 47465 
62660 69617 
67911 68197 
45850 72594 
21727 69002 
28724 70233 
66503 69752 
52445 59322 
45693 69561 
18189 37407 
54424 74432 
7627 49354 
45618 57727 
56779 71443 
124 48539 
68516 71182 
3674 67380 
30899 69081 
4058 56347 
70318 72813 
70605 73684 
13996 34587 
8368 21855 
14792 62740 
38882 43377 
39681 44145 
1218 57949 
6826 28345 
68825 71834 
3664 5465 
69168 74380 
23921 32606 
51668 59321 
73488 74615 
46605 59591 
68633 74946 
65961 67491 
14934 74477 
15711 69694 
46809 67572 
67638 70966 
25065 49747 
45466 56462 
39971 69676 
8813 11573 
68323 71079 
30599 51538 
31624 73646 
7132 69642 
32993 48502 
23868 30290 
52615 55978 
61885 73489 
64298 73180 
62437 69880 
17036 17333 
31552 66041 
20104 52959 
11678 63384 
38326 70896 
59314 59958 
68846 71477 
36860 69746 
49868 65414 
53388 56168 
66073 66730 
34981 50242 
58271 71332 
20790 54785 
42992 58193 
50165 73032 
6469 20598 
70482 71847 
38665 71694 
11593 64150 
49444 62816 
14808 46490 
4347 37738 
23520 43132 
65563 68327 
22884 35264 
57084 61515 
62212 63204 
37002 73613 
13843 14120 
28758 69727 
7942 66889 
25532 51694 
57215 71998 
48806 56483 
46207 65461 
6997 67871 
65876 69099 
69935 73807 
14077 58377 
63396 66296 
42124 72597 
13972 40277 
73276 73526 
17086 50319 
46838 73351 
46658 74843 
6711 68533 
44376 59672 
23174 67040 
23113 36858 
30419 33409 
4585 67852 
55759 56830 
10307 32620 
18248 29306 
52712 66715 
1993 21806 
6905 35756 
46354 74487 
41685 53500 
56447 73664 
19115 30484 
40125 54735 
19625 66577 
32213 42729 
43912 53411 
54791 66480 
20583 49079 
17616 30232 
13588 37212 
67190 70215 
70809 73953 
20334 59104 
13390 15597 
25025 31644 
30845 57815 
64349 66210 
52354 56049 
21057 22455 
332 519 
58508 63695 
49637 64418 
27655 35438 
4304 4467 
26701 69775 
58260 61074 
37657 42240 
23911 73081 
37004 66785 
27281 59710 
41069 62032 
68179 73923 
48927 55419 
37332 58032 
61124 71907 
65061 73439 
16953 60380 
27192 55980 
25884 50998 
48122 71349 
5958 25493 
46288 48534 
53851 68527 
46066 68802 
21309 73795 
62984 70923 
74371 74710 
42326 47523 
50700 65759 
883 8867 
12262 71244 
69818 71120 
42131 45100 
3298 34597 
41766 72066 
41450 61869 
46707 53588 
21213 49322 
23221 60077 
2627 25378 
71583 72430 
73691 74271 
62836 74214 
9591 40393 
68587 70970 
68232 70626 
35771 55115 
53563 56896 
46268 61949 
29689 53634 
63187 70300 
59303 69127 
41822 43245 
28107 49663 
26782 56448 
24282 69294 
35475 68879 
4788 32806 
14603 56682 
36115 53459 
20914 36554 
45108 72460 
11746 19844 
9342 19841 
5200 43355 
47965 67946 
55355 61879 
61830 64119 
12619 13740 
4049 48423 
42313 72804 
23547 45444 
44690 52902 
68131 74282 
31526 42473 
21448 23425 
73159 74210 
28346 31115 
330 10423 
57618 68456 
64379 71567 
15205 18531 
1150 52590 
74077 74141 
16970 43719 
23261 39748 
17117 23984 
16225 71114 
52332 69927 
59903 64234 
56102 56369 
33261 63759 
38614 56581 
59165 59302 
12345 39665 
56485 66341 
51902 57101 
73707 74533 
32552 64885 
64684 72765 
30728 73031 
8465 9217 
62371 68908 
46005 72388 
38275 65548 
53662 68893 
37932 56932 
70899 71721 
41764 45403 
64223 71532 
19590 35092 
73459 73664 
19127 64261 
47660 62349 
36980 47107 
33028 42901 
58761 60484 
29689 62709 
44451 72998 
73019 74970 
20025 44242 
2866 64413 
45284 72534 
10005 15490 
39144 45823 
7182 66488 
3404 69369 
62880 65511 
36123 63909 
26397 63494 
18983 63132 
50520 53038 
57562 68395 
52683 73447 
43798 72417 
8871 12787 
37240 74140 
47242 63890 
24080 56461 
51585 52905 
46797 56783 
2832 47699 
24412 37223 
61636 65088 
68994 73009 
64349 68761 
30531 73936 
60283 73398 
60790 65324 
6487 41383 
74328 74905 
32939 63119 
50667 61079 
66698 74245 
74529 74895 
9952 72691 
59707 63224 
54086 70807 
39141 43661 
62787 73924 
73175 74297 
13677 45205 
22745 58728 
26157 27607 
19386 59104 
50968 64859 
36495 48067 
63631 64082 
9635 65009 
38223 66230 
73721 74826 
14235 16585 
52795 53333 
16738 53655 
4730 45177 
30473 49903 
56831 66241 
18073 65966 
50830 54398 
19913 20313 
9752 28092 
18139 25839 
33371 62466 
23668 33224 
16655 74361 
2641 66867 
3517 26156 
56648 64566 
28236 70415 
1298 21708 
164 37110 
36674 56295 
46126 56519 
36024 53067 
44822 64180 
23535 60866 
71703 72704 
56933 69823 
13896 27982 
44129 61029 
68668 69865 
54289 67140 
74054 74105 
44805 66604 
49340 69274 
10989 45069 
25155 38331 
18943 51893 
3687 32300 
21106 52856 
52505 72529 
4734 72344 
39599 57954 
50995 60111 
19970 26379 
63960 71628 
50490 62769 
8199 19089 
15144 29100 
73671 74832 
43465 65753 
17047 70780 
8857 36602 
23933 72221 
15642 43459 
17392 69234 
60857 73858 
27092 57116 
69684 73541 
7262 54733 
11734 31100 
68749 72743 
71624 74100 
59778 61152 
48874 57162 
55633 67095 
29561 32382 
24595 72939 
58081 71901 
20735 25215 
24358 39429 
45012 49629 
20542 32223 
36889 58140 
70859 73361 
28671 41084 
3150 34023 
58845 71037 
27861 34538 
64000 69311 
70198 74244 
23727 66519 
55683 74037 
29937 34905 
49539 51705 
21726 32075 
36850 69138 
70308 71370 
11157 39238 
8260 18519 
35864 36138 
2789 70084 
42574 67484 
70729 71163 
52952 55440 
28637 33940 
71568 73646 
32258 63114 
1101 1803 
12732 35708 
43054 74473 
46615 49378 
52367 71016 
10067 55521 
34399 50045 
15440 43328 
42970 48603 
20982 67902 
10783 67653 
54408 71173 
17275 52006 
9593 24606 
49217 50222 
30702 49459 
29265 52760 
9224 9528 
68772 70964 
8205 74558 
12774 28056 
67996 73430 
13477 41036 
9471 50460 
4228 42265 
64273 64402 
41663 64866 
57905 74236 
40552 51151 
3910 4131 
64791 72228 
11325 72592 
64382 70347 
37607 73183 
21008 59114 
66711 69220 
4576 6599 
60264 73338 
35203 70915 
45902 71674 
20671 27401 
32354 50139 
73134 74871 
31483 56412 
63979 73835 
17507 45077 
37295 53466 
62718 63297 
41286 45494 
62067 68694 
61125 61825 
15891 44094 
22997 42723 
41348 50300 
46379 71415 
22265 66811 
34158 46844 
28151 58925 
36499 53028 
74261 74795 
856 4593 
48068 57085 
52356 52603 
32928 42241 
37098 66155 
61052 61212 
5855 65915 
61722 72514 
65952 66794 
53953 64545 
10409 65987 
21558 29929 
26887 57054 
21868 24742 
58439 67811 
18137 61298 
58884 58994 
27312 74737 
26011 71574 
34871 43793 
60125 66134 
3771 38326 
10755 55180 
17583 71027 
1174 68878 
31887 62001 
63543 65266 
34071 73691 
4381 39890 
56793 69844 
29353 42465 
18058 20144 
63309 71615 
67756 69438 
10359 33922 
7979 54285 
24981 48502 
18776 60536 
69648 73556 
10252 37691 
12438 60789 
32818 72547 
51331 63315 
34740 54959 
59139 59394 
72879 73188 
65503 72470 
70465 71940 
41745 54954 
66425 74181 
3010 74458 
10031 22843 
73507 73751 
56487 65214 
59603 64025 
3139 25953 
31352 62815 
15499 67189 
71123 73714 
74332 74662 
60050 67589 
34638 51100 
4739 46040 
29459 33214 
17668 32423 
69071 69220 
8717 33717 
34182 62399 
66549 67043 
64210 65348 
66096 71475 
9256 65580 
13860 22378 
24820 40739 
9699 36475 
9907 69188 
33529 67718 
28153 44842 
53790 55397 
61642 66404 
33669 43127 
15724 65279 
54405 57261 
6114 38844 
27452 59344 
8748 41502 
60977 69492 
73255 74110 
35713 57563 
46126 67972 
7464 68257 
37756 58609 
70590 74910 
27767 41693 
35168 69818 
50174 72956 
60108 70315 
33051 70430 
15563 17532 
10429 16573 
9889 15118 
50335 69693 
46827 74876 
12461 73193 
62809 67649 
38369 52558 
26355 29779 
69631 72165 
72298 74423 
8197 44753 
24000 41852 
13684 71255 
73657 74349 
27490 44932 
21629 69919 
32243 40138 
58939 69263 
53011 68247 
43244 66275 
25755 50085 
38807 70749 
34191 59626 
274 73982 
26307 66349 
18056 51501 
54893 62593 
64808 68783 
8700 50409 
55747 61193 
17368 70447 
67897 73317 
19411 19483 
5790 58753 
69143 73308 
4112 37792 
66565 68937 
42525 51904 
14960 30003 
7831 48985 
41668 67339 
36195 61290 
65637 66244 
13369 44823 
72696 74658 
51384 58207 
71561 72562 
55507 67895 
3097 14249 
19280 49650 
28221 54563 
14861 66583 
56718 60621 
56385 57417 
9292 73429 
11580 17658 
35856 36998 
15369 43090 
70549 73461 
15545 27041 
72053 74401 
54172 63486 
69050 70602 
53401 58777 
54506 64261 
43181 61468 
16522 72372 
570 71212 
34879 35755 
23270 60167 
74523 74554 
919 23565 
9154 9194 
68855 72270 
1710 71875 
47436 55649 
50097 73901 
2339 2775 
44822 51686 
29469 49680 
66326 72523 
15863 36362 
26459 63663 
2392 56899 
70360 73548 
72805 72938 
36411 45169 
47278 58040 
13985 41333 
22335 65453 
20167 56932 
8693 22211 
19230 37628 
44179 48504 
472 56344 
1799 39591 
71348 74944 
43206 65184 
1677 72117 
35433 70917 
68708 73820 
22846 71057 
5074 32850 
61755 73646 
2119 28636 
4107 66857 
50162 57620 
57166 72117 
35839 69685 
30426 37814 
3467 64867 
31667 72052 
54207 73896 
36879 53812 
72109 74026 
65292 70673 
15243 43634 
13034 72765 
47234 55206 
21213 32603 
7986 62458 
49883 71877 
26222 29621 
51989 64480 
19829 32621 
21318 35940 
25982 39944 
51576 51940 
16126 21982 
31172 39936 
7852 14711 
60703 67772 
25329 38162 
19693 21593 
16400 37339 
20867 37217 
33105 69757 
74719 74883 
5994 9401 
31888 35962 
5877 61231 
59897 64844 
70814 73518 
6572 52698 
3303 45863 
30753 42618 
49724 52282 
45363 56476 
8833 74307 
53885 64906 
51257 60500 
64353 72723 
63095 72098 
37153 50675 
20738 38461 
51388 52854 
51054 73496 
45779 69337 
36377 63185 
6410 35206 
38729 67543 
2279 69860 
16349 73371 
61454 65439 
65091 71408 
11871 20632 
17735 37461 
20191 56420 
41203 49709 
60149 62790 
23490 58964 
24817 31509 
72229 73682 
56160 67765 
18438 27567 
5257 5821 
26713 70978 
30710 35987 
3995 40531 
3264 70274 
63599 63837 
33973 49753 
37552 59358 
3877 61061 
41787 46890 
22512 41553 
41542 54941 
5878 41523 
46080 46213 
65019 69612 
5994 44229 
31595 59509 
61027 64431 
24830 34364 
9280 31928 
22617 65245 
65245 73794 
40231 62118 
8596 31027 
57236 61525 
63057 72962 
73690 74382 
68513 72039 
60628 73190 
23681 71133 
2377 25338 
11789 53230 
12907 36546 
47582 61159 
45478 54437 
31810 40057 
57865 71361 
37232 44533 
45343 74176 
53809 54906 
44465 44694 
29060 62839 
67255 74467 
72854 74301 
33099 53965 
5803 71118 
23622 74865 
74040 74833 
5115 41520 
73022 73978 
28641 72405 
24230 46199 
59835 63226 
70293 71222 
36682 54734 
65267 71134 
52641 65770 
63314 65859 
74785 74791 
39796 67854 
57523 58080 
71292 72145 
48821 69904 
54035 68002 
48663 58029 
62231 69882 
31063 65555 
63993 72133 
15290 35613 
27170 43104 
22208 45794 
46483 46607 
7681 16989 
19418 58659 
14208 37870 
53144 70710 
42153 43358 
30474 65401 
6498 43941 
14263 47499 
51063 66691 
69065 72249 
16217 20582 
72206 73806 
1655 32084 
60466 73150 
30301 55625 
11133 41892 
43528 56215 
21625 40846 
59926 67016 
61553 74182 
61327 67636 
17817 38453 
6272 56152 
5909 27457 
10256 65179 
45655 58584 
27658 35513 
1905 10489 
50994 54294 
35797 37561 
28672 60603 
3386 67209 
39682 48990 
69307 70338 
3631 73243 
72740 72840 
28166 61085 
30981 35720 
3553 5883 
73352 74113 
34860 37261 
70668 70737 
1274 24981 
32570 35238 
65040 70684 
39810 72710 
57728 73471 
38784 47315 
45704 65523 
60856 71995 
62063 68121 
14734 48437 
16133 49049 
28207 67273 
37295 56244 
30865 44371 
30241 38185 
21247 31836 
17042 23258 
45048 61769 
43295 43944 
8590 48074 
40917 53534 
38224 61513 
27624 54403 
40050 50927 
68239 74575 
73223 74217 
1498 40665 
36685 44160 
39884 69474 
26917 68158 
26431 32980 
62069 64025 
43117 51499 
9734 62103 
72481 73432 
54507 68379 
26851 73259 
25708 51520 
68713 69484 
5804 33874 
25311 61617 
29776 68764 
53752 67751 
42058 73105 
17314 40004 
12903 48283 
1396 23428 
71630 73865 
53532 55778 
36373 62531 
17747 42314 
17579 70477 
36212 67704 
31212 33068 
4996 53617 
22430 37938 
545 24295 
29359 73503 
35130 42948 
67540 72517 
3032 34398 
47292 56310 
57933 68064 
54048 62007 
4010 27618 
46315 47309 
13690 54541 
13966 44726 
28439 60020 
50750 52996 
17580 44601 
59671 67060 
36762 50202 
21062 23799 
16725 32826 
31487 57422 
47281 62834 
31017 54744 
67332 73696 
44675 74741 
37126 55338 
31022 73544 
9799 38177 
37184 69290 
60162 62441 
65775 74769 
60903 61630 
45875 59120 
22694 73920 
9372 29502 
14320 42885 
27477 56058 
402 71241 
60469 61445 
41771 47337 
6765 35995 
63133 63623 
4988 49184 
11841 46825 
40814 52578 
70274 71151 
38250 47164 
70419 71950 
50555 64301 
41246 55946 
58553 64927 
20845 53744 
69794 74220 
13523 29732 
1818 26001 
58897 64934 
37457 64780 
69041 73496 
46317 72608 
72159 74087 
46828 56150 
5149 35827 
43647 59541 
40926 64790 
25528 70374 
59446 68746 
73885 74946 
15259 34596 
33684 40654 
74440 74910 
61699 69822 
23975 73284 
44014 47173 
1674 67793 
41034 52745 
624 30369 
25179 57563 
68242 70092 
55983 60630 
8820 70276 
5130 41790 
20190 37852 
33274 66410 
37976 50545 
32581 57182 
13021 53235 
63164 70285 
39023 49990 
47982 67929 
21087 53092 
74896 74941 
62884 67839 
11795 68630 
12446 46540 
71081 74258 
70614 70614 
42788 72460 
48455 56534 
9321 33054 
32216 58282 
52318 55394 
62124 73469 
71279 73512 
70697 71829 
39865 73556 
13856 65489 
59942 63993 
23505 45664 
73912 74922 
32608 39827 
58660 63912 
24073 57990 
20921 53737 
59656 61240 
72496 74668 
38841 41751 
32540 45700 
63696 64157 
40670 53458 
63200 67494 
49363 52006 
66153 73621 
57759 70381 
60487 71599 
65442 72487 
73359 74424 
68189 73302 
39885 72473 
23608 32796 
22183 71391 
24056 45968 
18550 65519 
51196 56439 
38203 62172 
32511 67993 
60301 64211 
72785 73401 
64381 73879 
64707 72533 
39035 49062 
3972 6624 
4681 71730 
7346 63239 
61657 67775 
70029 71563 
17576 49423 
65847 69451 
67759 74988 
4969 21965 
55606 66524 
46558 66870 
43854 58224 
17631 18715 
64797 70626 
49034 65048 
11881 20719 
27420 41438 
46723 61979 
54688 65744 
48729 66710 
11438 71226 
40799 67080 
25399 72797 
380 2756 
66426 73975 
41156 59061 
33434 48266 
7320 49988 
43072 60390 
47452 50707 
9739 72672 
53263 60590 
32101 42652 
11448 73290 
46203 53205 
68085 74042 
44886 74191 
22439 41712 
22813 31564 
74725 74771 
6207 53385 
7857 49935 
14392 38182 
42876 72524 
11285 19471 
60512 62023 
21172 25011 
19417 64296 
52855 54680 
28444 38963 
47124 73189 
71102 72704 
390 48142 
16875 25201 
32498 44311 
19235 28818 
74998 75000 
72315 74206 
61575 69157 
49714 71517 
49007 71267 
74838 74967 
5818 25064 
27356 35163 
28527 42479 
32839 53848 
49712 52375 
66979 69235 
5890 19091 
18347 19518 
43407 69768 
53768 60020 
50773 56463 
4457 52213 
3072 39646 
65547 68633 
48494 68792 
19146 47158 
49696 54335 
25304 49665 
14322 60725 
47370 53409 
31450 48347 
35891 40523 
10109 57552 
64947 72112 
52305 55230 
61173 62907 
3687 23470 
16299 60567 
1578 12878 
74031 74438 
56078 65649 
46580 54966 
53058 61627 
48293 48933 
39904 47671 
24714 66594 
28418 65607 
2090 69335 
42401 49290 
16384 29619 
71917 74112 
52061 52727 
38838 51464 
10199 52645 
49797 66382 
1724 32230 
27014 51632 
72724 73462 
25900 31518 
40297 71167 
7676 30240 
67219 68681 
10368 60059 
15878 45615 
12476 66800 
44230 72657 
6792 8826 
28518 64020 
45977 49097 
41991 49276 
48625 69643 
44359 64311 
27102 63553 
18554 71913 
7021 64937 
35999 37933 
56694 70388 
73608 74878 
45003 56336 
36978 49653 
26846 54743 
58783 58979 
58815 69024 
44326 68576 
67542 70538 
5662 19168 
3476 39592 
42932 69251 
22290 33480 
55014 72236 
3743 46678 
22330 30256 
32536 57534 
56652 58275 
24450 69603 
53631 66415 
62042 67123 
14673 27653 
58135 73180 
66857 74451 
2691 35195 
45935 69589 
12695 52723 
21763 59768 
40934 62612 
71058 72241 
35769 41304 
43568 62136 
56078 64614 
38295 45932 
9924 56530 
65227 67922 
58832 74833 
69626 74378 
8131 17581 
17028 71253 
24382 56606 
16287 20722 
44495 59998 
32199 72451 
46744 54044 
62879 65752 
68638 71541 
27857 45687 
2500 35716 
68722 69472 
43911 66240 
4121 20524 
4613 55271 
48469 74568 
7675 39886 
14273 50214 
34514 55469 
55731 73898 
41790 68189 
2207 34252 
3873 6129 
69926 74327 
15472 32095 
57103 74974 
43529 60827 
55423 70734 
10304 32173 
19492 65054 
2909 37373 
19473 70094 
64686 73502 
8549 33902 
70137 74486 
20575 49136 
71844 72208 
27393 38173 
30596 58412 
61431 62461 
72163 72683 
60664 71252 
48168 57789 
29501 73769 
58157 63503 
45192 52491 
5181 40684 
30980 44741 
53903 68485 
17544 73016 
74108 74436 
60237 63267 
6478 44589 
26250 56055 
14374 29838 
45288 58037 
1591 52024 
5792 34050 
54422 56324 
36688 64598 
44027 73460 
46868 68598 
32623 67748 
16154 20853 
23798 64495 
44199 66268 
36155 73514 
32478 42838 
18748 33129 
59457 59818 
59780 68652 
69532 74447 
72374 73083 
42713 60102 
61225 66409 
9846 19605 
22220 72356 
20050 40998 
17402 50443 
74406 74548 
1007 39875 
56069 68463 
3040 45632 
20126 54372 
55245 70019 
21348 25584 
42268 70128 
44340 58410 
41612 46773 
14639 69873 
27914 64833 
72508 73126 
69670 74267 
16750 50384 
54519 63867 
2628 16723 
64909 74665 
33484 61156 
59053 66869 
49058 58386 
53748 54583 
307 30654 
26146 47835 
73207 73259 
54533 71630 
45258 68467 
70268 73214 
17128 49715 
29011 68025 
44577 45034 
20607 42562 
26251 43336 
61402 70561 
67561 70214 
63769 66696 
8672 52881 
69484 73498 
36164 46473 
54789 74069 
70304 72190 
2271 17144 
27607 51820 
61920 67133 
17777 69211 
21301 61356 
6116 33166 
14955 18233 
16759 31321 
579 37623 
57225 63537 
26861 52636 
36049 37629 
12211 62425 
15793 52150 
31595 42639 
1354 39233 
19905 35742 
62352 71381 
35316 55284 
33164 49429 
3091 22484 
22609 53504 
56937 57418 
9760 37645 
28023 44308 
40323 45326 
24760 55246 
17076 22093 
53730 70199 
64925 73797 
53716 71190 
20209 74191 
48439 57188 
45638 71593 
71332 72253 
2793 15040 
15920 61805 
40765 54732 
10545 62982 
5160 33662 
53104 64829 
65189 70132 
56241 66325 
64967 66074 
44845 48436 
40959 60784 
35290 69798 
10391 55689 
18745 27066 
26834 51938 
19189 58373 
20759 21626 
23 52317 
36946 66784 
15267 50141 
62521 71229 
29646 32852 
70733 73891 
35210 73047 
17170 67795 
44608 61052 
53234 61612 
53707 62286 
68170 72148 
19951 57551 
26280 27141 
23933 49662 
64414 73143 
44894 65318 
60380 67477 
52083 54243 
2408 63232 
46654 48311 
10276 55427 
5340 46892 
1624 58912 
27740 72355 
74808 74864 
58409 67472 
51122 72538 
13015 25108 
18843 49662 
36297 46288 
35413 40310 
36447 45744 
14609 66134 
42481 68559 
20403 61340 
48926 54436 
53220 61225 
63793 67867 
35735 66695 
62878 65502 
47439 55962 
6861 68709 
46052 47027 
10235 32192 
6585 72488 
8965 19184 
58516 64828 
63002 71650 
39541 60428 
58705 59490 
57103 63691 
30010 57094 
44704 70073 
50376 51941 
49620 66118 
55653 61155 
35411 63322 
71038 73715 
52147 68149 
15464 22219 
677 50348 
66005 74361 
51726 57510 
47350 58260 
14387 59806 
30843 56028 
2825 23134 
40367 51033 
19510 53138 
51229 51658 
28542 35885 
42684 47400 
58247 62649 
56644 60549 
9765 39611 
63455 73054 
15434 46861 
54318 55127 
18879 31358 
73917 73935 
60328 66556 
53800 66052 
7318 57930 
18670 59492 
74757 74771 
24119 36771 
50446 61733 
28665 33586 
56614 56674 
37586 53404 
74591 74627 
48555 60427 
32754 48673 
26856 36842 
59957 65130 
65396 67911 
65615 69871 
53699 59506 
27314 41898 
39562 57373 
30933 50175 
72361 74730 
21011 66752 
59348 64677 
47315 50166 
11351 69828 
55486 55580 
44970 69627 
32148 34082 
33108 58894 
57310 71754 
10460 35487 
7659 54966 
26259 57413 
33260 42026 
55034 56445 
53386 71215 
32097 47073 
66917 73051 
22422 69149 
59336 64592 
74428 74607 
65830 69233 
72291 73929 
16911 39872 
5817 44474 
62744 67963 
24169 35654 
60029 71445 
61639 69522 
36591 50534 
48826 55436 
12923 59282 
68120 74266 
11405 72423 
45864 58113 
5109 74232 
15630 27463 
61023 69602 
29723 64739 
7374 36087 
13708 37721 
16239 58585 
19679 44013 
64933 65819 
7049 56667 
24428 69202 
66587 70299 
60170 66539 
23098 28991 
39202 52395 
275 25061 
63100 67518 
67845 69388 
23903 31796 
23052 27391 
5667 58480 
26506 36259 
38523 69677 
67312 68977 
6060 55671 
69037 69648 
48990 54649 
29432 50234 
32851 71247 
47590 48865 
51800 66123 
4844 12612 
36906 47979 
42355 52246 
68639 71402 
10661 60387 
74049 74319 
57338 64769 
31388 34142 
16195 20638 
14351 73147 
9913 22880 
26991 52783 
30293 51182 
33252 71992 
50414 61019 
21353 74312 
67795 68838 
34742 69848 
36 15680 
29912 50386 
11670 67765 
13276 50182 
4061 11667 
727 19152 
43177 52896 
31311 73739 
5918 26715 
73990 74790 
37800 43906 
30080 52424 
51845 73081 
32950 59703 
7629 23641 
26057 65346 
33394 43674 
35505 73424 
16447 50211 
19833 42703 
18567 57001 
12042 58179 
74535 74779 
49657 57942 
33978 70424 
26825 43002 
24718 28174 
13632 54343 
39251 67524 
24816 59810 
16001 54859 
7453 55914 
41555 51320 
68602 70881 
39889 67388 
29870 69609 
46305 52776 
73308 74680 
20171 42936 
29138 74930 
61149 68640 
63788 71297 
21904 66796 
63511 66111 
42515 46665 
31570 62870 
65568 72811 
34381 49648 
18928 57965 
42398 55355 
35053 72122 
4057 61916 
54512 70645 
14826 62540 
50234 65393 
15438 72177 
54958 60578 
25688 49577 
6729 65915 
64352 73594 
4910 16257 
20357 20933 
18767 22812 
58540 69686 
69624 73250 
52031 58174 
69372 70760 
55568 56098 
37615 50128 
68781 71754 
21655 23948 
28413 71582 
46856 47773 
408 24851 
60133 65632 
42282 59682 
46523 62573 
36284 42982 
12014 42429 
29441 44187 
16896 29229 
52695 68070 
10353 35554 
34130 63811 
42047 66361 
20868 68157 
62202 65133 
3067 51855 
2035 37760 
35867 51287 
37449 48607 
3235 51563 
31679 39306 
72638 73802 
49623 51698 
65791 72510 
57935 69704 
2477 73973 
6657 58367 
24854 36732 
38592 41191 
71821 72731 
18817 62476 
10603 48818 
26956 41036 
21453 32390 
74090 74604 
38065 56918 
107 58423 
40062 62375 
70774 71746 
68655 71801 
68786 71635 
7933 70197 
30919 72610 
37902 58578 
47714 69715 
32995 60999 
19801 27376 
10533 56312 
37257 65352 
73931 74768 
62415 66171 
27747 44202 
67004 68444 
51399 64982 
41504 41749 
26666 69252 
32183 38040 
45088 73670 
53016 68021 
61765 72364 
59476 63561 
38013 72605 
69902 70576 
70246 71283 
11681 67897 
30790 65553 
24786 73713 
14639 43289 
44471 48313 
61543 62320 
46804 64146 
12045 36959 
37250 65634 
73143 74089 
71313 73216 
12248 39961 
8631 57291 
52708 61756 
24875 51180 
22554 57902 
62873 72448 
11988 43617 
20734 26313 
58921 65403 
31572 66469 
27090 29748 
11107 71954 
10349 33897 
54764 56139 
72737 73898 
44820 69567 
56530 56655 
22700 56997 
61573 62310 
1035 56713 
11388 27390 
62395 72055 
54716 73445 
60663 67384 
54325 64882 
60479 65750 
61278 64110 
71673 74589 
2964 17125 
20945 30001 
27416 61419 
47938 53616 
21715 49024 
53433 56447 
27949 44514 
48430 51152 
26007 32678 
15271 37306 
7595 45620 
38378 39380 
16700 33889 
18330 60646 
19515 56370 
70068 74090 
20431 53710 
30898 46061 
47657 53450 
3961 34409 
73282 73576 
5026 71142 
53522 58701 
26425 50465 
61671 68862 
50467 69614 
61194 73903 
56580 57376 
39473 46486 
66273 72890 
69484 70122 
22502 53961 
39376 58577 
15922 39861 
4337 33672 
62870 63618 
54516 67132 
18839 49638 
5780 33227 
6438 54463 
34900 39036 
55254 68341 
56313 68100 
23624 62743 
51675 74648 
14584 72604 
41501 53399 
17282 40983 
71132 71171 
57424 74565 
22967 59740 
72676 73080 
11452 59809 
36730 38858 
65711 67477 
62546 66427 
57056 59645 
17403 73016 
66915 70164 
3190 46797 
69272 70682 
11395 73394 
6302 32399 
38553 70731 
65299 67189 
68741 69483 
60546 73729 
65731 70767 
15607 37313 
21781 25852 
7175 57738 
24748 46955 
63541 71090 
55735 59660 
48375 64677 
4058 67680 
66994 74242 
47929 66386 
58548 65801 
61239 69881 
16816 37875 
15275 45762 
8503 8803 
5530 11577 
18109 61185 
33016 35980 
32010 59360 
24952 56884 
10288 70856 
31540 39561 
56960 62522 
72468 74530 
56720 71680 
7796 9293 
54766 56030 
38937 63023 
38319 68520 
71369 72575 
50769 63545 
2012 51434 
51312 58406 
29920 62710 
69312 71239 
53689 55582 
1979 29412 
58791 59881 
46678 50238 
54819 59889 
34742 58449 
47498 71520 
71557 71691 
73261 73972 
42800 55130 
41832 49798 
66499 72763 
56285 58074 
57277 62085 
59687 73632 
14005 57986 
73558 73835 
3341 45524 
33264 55478 
869 61538 
69012 74588 
48937 58996 
13038 56563 
41165 66983 
68040 70794 
46084 47507 
74861 74871 
60535 69105 
26443 31658 
61490 67026 
20995 66250 
13577 18640 
52936 55808 
28595 30942 
22831 26889 
23304 48510 
26368 42858 
15458 21269 
18789 63250 
52891 70842 
33811 38783 
6571 39866 
25853 45517 
44858 68700 
61703 72474 
14078 52159 
28204 70681 
11351 11897 
43818 70439 
40585 58287 
32932 64046 
61592 66103 
74477 74712 
30865 34141 
21009 57337 
2048 73995 
48609 50146 
31201 39324 
74809 74920 
13315 67608 
14843 47450 
25646 57540 
23751 46848 
120 27387 
17346 68165 
59740 65170 
55597 55688 
72531 74669 
60830 61852 
61527 67751 
72107 73145 
48871 66703 
69831 71858 
47888 55089 
53967 70409 
62144 65499 
31085 42076 
29535 59584 
50802 70682 
43810 51028 
17923 28517 
65279 66524 
12033 40177 
21759 46996 
673 69282 
37075 40052 
1711 13712 
30398 43268 
56405 70899 
64027 67318 
1464 19193 
54584 69581 
8310 69266 
29620 65092 
70951 73092 
43918 50576 
4986 46565 
17780 21862 
40135 45049 
5623 71299 
37005 69992 
50701 60690 
44079 60470 
8007 25715 
66714 72461 
48968 64121 
38394 41200 
26832 49895 
73881 74395 
58485 58701 
73468 74168 
47852 57207 
44312 59097 
46484 66233 
60951 62015 
41139 42623 
25255 55248 
44704 63732 
58927 59231 
70924 72627 
61247 64247 
9057 19611 
39138 60730 
49778 51708 
29166 46345 
27414 64974 
12578 52081 
74988 74996 
72824 74938 
19378 37913 
11207 46669 
10251 34584 
7284 70128 
9085 56429 
27817 35344 
68678 74980 
28123 45848 
20032 64324 
45751 55570 
18019 45808 
26607 53010 
35072 47096 
49549 68281 
26582 36765 
60258 62770 
27075 46182 
34873 62406 
21363 57011 
376 27193 
5448 46704 
44875 70851 
15407 50158 
19355 40943 
7106 60131 
63251 73739 
57311 67622 
38747 70195 
54284 65253 
74321 74657 
47033 66554 
65241 73884 
10023 11657 
39873 61322 
1826 18106 
47316 51600 
23662 60258 
67163 72620 
62084 72316 
40356 56745 
53904 67882 
17532 67032 
55761 74173 
52437 63976 
53479 69657 
29693 32840 
26293 31220 
31571 61341 
52299 53414 
27455 36358 
46138 70955 
5797 20752 
35280 70903 
67225 72215 
74977 74999 
73126 74259 
66765 73850 
12008 20434 
69315 71551 
19388 64326 
11933 37643 
47516 61725 
8825 32440 
58954 67004 
1254 39937 
48311 53651 
44402 71542 
73073 73566 
40440 41941 
33884 36469 
20471 23237 
60904 68563 
13595 16301 
33076 45257 
7734 51276 
51730 65860 
50537 70541 
7876 41695 
49013 69080 
69735 72740 
13402 52563 
24497 26079 
55346 74898 
54111 59425 
45624 53398 
24304 39726 
44213 49629 
38263 62209 
33090 60177 
65865 70754 
71204 71623 
5828 71022 
55771 69261 
64528 66216 
32413 46596 
73849 74455 
38486 70665 
13591 68030 
60413 68159 
67863 72055 
8323 51514 
7309 52578 
31576 58165 
38207 39897 
602 46595 
70177 70669 
15624 26690 
59284 62732 
67612 70234 
14474 62442 
57881 70075 
22976 48748 
61937 67784 
56412 64508 
16859 66171 
52434 60189 
45236 68982 
61320 70404 
7014 62049 
4059 33819 
61256 61738 
23124 56193 
36744 64561 
60611 66800 
69428 70458 
18674 28894 
57215 67286 
36336 71004 
32513 39180 
21737 37437 
53018 72596 
28215 54482 
39122 57768 
71720 74026 
28075 41038 
50435 63837 
35666 58800 
25923 32267 
50963 53098 
15381 17733 
31809 39216 
27728 56015 
27041 68487 
9385 54237 
29409 63758 
8339 58032 
58323 65090 
51558 55907 
70390 73543 
74319 74821 
68378 73889 
71541 74638 
15182 42295 
8491 9567 
24276 67005 
6676 12028 
72364 72818 
28997 44190 
68455 68545 
36043 44629 
33629 36718 
33832 38271 
35212 48980 
4904 59803 
25477 67386 
40737 44928 
72066 74865 
68638 70171 
40229 63685 
69991 70043 
62529 66647 
32727 66435 
4599 50422 
11729 71654 
714 33130 
9275 14533 
5269 47474 
11641 30867 
67233 69717 
18568 19534 
43095 48199 
63409 66421 
45193 67803 
19362 37274 
28075 35576 
50398 57633 
30488 71444 
55817 57019 
63510 73610 
49099 53115 
4502 38334 
49677 66025 
57985 69137 
67727 72659 
20218 44682 
27872 55191 
46 3988 
15125 33674 
35045 59031 
54513 74047 
34877 66083 
8245 54755 
2878 9763 
39915 46130 
19760 51539 
33779 71335 
20398 64385 
49460 67023 
16468 16809 
14370 47366 
14937 59428 
34863 60710 
52687 62748 
9180 14448 
12600 58283 
29559 71019 
37774 59905 
71434 72546 
65537 70322 
19801 42130 
41263 46718 
74476 74869 
8403 71609 
34811 52817 
10471 73899 
53239 74061 
1337 43593 
192 12635 
458 43409 
5032 6554 
19436 38425 
61724 73684 
72008 72641 
43008 74110 
38653 59979 
31490 41735 
21884 38784 
71801 74135 
72837 73481 
19393 28480 
73993 74016 
9527 71861 
4652 52564 
23113 63231 
52352 54401 
57447 62478 
62196 64305 
25817 30176 
68142 69814 
70469 72891 
60351 64219 
2913 24408 
4855 59284 
62142 70751 
22865 38008 
64766 67761 
55269 64070 
53463 61725 
49773 54942 
74943 74948 
37613 65178 
33452 73812 
35441 48361 
50278 71440 
11210 38900 
42318 58956 
21704 32250 
56444 74924 
51762 74212 
13195 49404 
4396 49216 
41437 63193 
51107 73583 
4635 73766 
55246 63499 
20363 29157 
74580 74885 
64291 72391 
33784 66519 
8903 27836 
25128 43942 
688 70158 
62917 65217 
68299 74738 
39609 58592 
61923 67928 
17992 74780 
72853 73985 
25806 30081 
16183 39808 
19125 37822 
43514 71614 
57359 73955 
30512 73077 
74597 74603 
9883 31377 
2806 65370 
4434 49490 
40604 65482 
2823 60219 
16986 57071 
27721 35062 
61896 70386 
45220 62361 
45476 55670 
19136 67437 
68838 74317 
56115 63768 
47818 53028 
42123 42140 
30452 60348 
18189 31722 
6777 74924 
26581 29214 
21843 23994 
5069 33333 
64488 66089 
40780 43958 
49585 65105 
39727 50319 
24550 55057 
1232 7033 
52811 70785 
67832 72856 
23247 56241 
6565 52282 
59587 61324 
46415 54746 
69662 74026 
37933 47521 
45540 45760 
25526 74376 
65204 72062 
23534 51300 
73823 74681 
23053 23353 
46490 67531 
30733 43222 
73526 73732 
30935 64903 
61590 70985 
65835 72340 
43408 54858 
73665 74850 
15924 59217 
10745 22003 
16248 65625 
24187 59024 
63838 65815 
7472 49270 
5695 28948 
30225 74649 
19448 67830 
20303 33254 
70326 71997 
72158 73133 
71350 72321 
69906 70675 
11110 52280 
67434 69088 
51874 71952 
49305 54144 
21920 61011 
61068 62261 
57446 59736 
34897 70416 
22818 63804 
65448 72204 
4747 42369 
74529 74878 
33165 50381 
46478 58825 
57176 71737 
69310 74239 
46083 54496 
40981 61738 
48977 61895 
26525 48410 
14633 38807 
18555 53600 
37192 53358 
31720 47452 
66984 69636 
16852 31835 
59301 62852 
63388 68756 
68114 70951 
36170 71104 
52510 67948 
9485 26553 
17800 38246 
20787 23760 
44560 65514 
2729 65408 
58433 62237 
40495 49589 
50669 60549 
11089 38835 
13637 30066 
2018 63905 
55827 64947 
62627 73553 
45891 65160 
53413 56509 
20432 31030 
47377 50156 
45642 70993 
12438 61901 
71964 73764 
70602 71262 
20316 54901 
18041 51842 
43465 53502 
27786 58108 
53012 69183 
53609 68977 
21322 73068 
43070 68703 
59791 73128 
1259 5952 
32455 55829 
14408 70786 
59929 72829 
64560 68641 
66470 67347 
57845 58382 
58367 61423 
40668 58852 
21460 67134 
42574 72074 
14912 45153 
70888 73825 
52761 68413 
33570 39271 
72186 72778 
54665 61307 
44021 71081 
23252 54490 
72766 74306 
27336 35658 
35149 63333 
58494 68678 
56276 59639 
7303 68201 
28231 37035 
37574 41139 
29613 51852 
20225 37956 
71987 74071 
38449 66490 
51759 71163 
5309 35436 
854 65335 
57629 67323 
940 54427 
33909 69557 
15479 60704 
68237 73637 
66252 68253 
57857 70065 
13100 48148 
74133 74298 
57621 72198 
39478 67063 
28501 51977 
50563 71167 
60904 70166 
56341 65589 
24081 54375 
31063 65902 
60768 71424 
32196 49441 
40356 66760 
20030 27570 
58786 66383 
21755 48537 
57088 72574 
54793 64768 
3689 9818 
19682 57379 
67443 67936 
46347 50124 
17237 53546 
36897 62876 
60519 66895 
4393 62749 
72421 73292 
73860 74693 
8634 21553 
66689 66849 
12829 67981 
64992 70478 
39878 63180 
61950 72312 
63288 69877 
35794 43289 
7304 28026 
5157 15057 
40727 69996 
23612 61956 
2410 74754 
4180 28142 
16793 61845 
11365 14147 
20581 42086 
50190 72969 
3320 31030 
36982 59496 
44032 67321 
72459 73201 
4506 10155 
4435 54047 
72185 73110 
8491 58065 
61283 64244 
41296 42327 
37066 38582 
71170 71872 
33490 64730 
50410 71355 
35232 37683 
50809 59812 
30042 51495 
21301 64129 
45316 63588 
12513 31344 
4486 69126 
59660 66142 
40430 63070 
38082 73502 
25124 31917 
59354 72239 
68970 70349 
49159 51515 
69801 70212 
62262 68714 
899 20003 
11840 18679 
40755 57391 
32954 36216 
32858 41469 
52412 54231 
72801 73190 
45157 53004 
69509 71755 
9335 47692 
52544 64539 
53654 60103 
72742 72827 
27499 48551 
63282 70387 
3336 50923 
33157 66525 
47242 63788 
22278 70644 
57989 59312 
2421 50297 
31746 62242 
66681 70007 
15125 19820 
27457 31674 
68501 74229 
33834 43864 
32745 63319 
7302 45820 
74292 74945 
24508 56467 
44758 57325 
64465 73324 
24661 57772 
14549 71983 
73954 73973 
16605 48676 
35987 60198 
19453 52188 
35622 41572 
47213 61451 
34771 55596 
67826 71900 
39755 57905 
9594 36312 
56133 60327 
5466 29083 
21863 59720 
35820 68507 
43859 47825 
43770 46252 
18278 18731 
34016 45077 
36395 68094 
39280 53994 
8293 15498 
46254 68872 
51288 64784 
59013 70694 
54013 65155 
32348 64976 
20730 62703 
18993 52437 
7475 27229 
34423 36903 
451 33376 
34230 60404 
7402 18916 
59922 71385 
68150 73149 
15118 53168 
44997 66145 
67584 68789 
26883 42439 
51766 72505 
41445 50864 
38833 45642 
51129 56756 
1850 37774 
28661 41565 
28682 72405 
38648 51889 
24222 35418 
69936 70187 
11024 17799 
16741 38110 
20124 52093 
41637 73381 
65947 73228 
592 71224 
28615 59812 
35074 62283 
38004 48151 
34960 68935 
11289 21756 
4933 58162 
11821 61007 
10682 34294 
60983 69713 
3124 30359 
63603 71475 
2552 54148 
42332 63937 
53209 68843 
29280 47677 
27159 65402 
3208 5084 
24220 60284 
30788 71314 
6253 7559 
50464 52451 
16296 56229 
28935 72658 
15092 70551 
62835 70665 
46631 70821 
42442 42659 
65379 71331 
39147 46734 
66498 71627 
8220 71017 
47135 66217 
48184 59090 
51192 70868 
29564 57655 
67123 72358 
8422 38269 
29794 55995 
55245 62236 
47976 59366 
70767 74864 
27853 56614 
14602 74057 
5634 26205 
67093 74927 
64823 70116 
14465 31040 
51298 54263 
42719 68429 
24199 39766 
58025 73534 
33964 34270 
67068 70221 
1305 29240 
41386 60128 
56764 72515 
26680 63035 
62179 73187 
62198 62899 
8359 67060 
55750 61700 
62580 66531 
62336 67960 
33217 38671 
11435 63945 
48338 60948 
46303 58434 
19141 72882 
66009 69582 
34516 59793 
278 52108 
59493 61428 
13228 45378 
34726 36615 
58190 66159 
45876 47079 
38687 71180 
12011 33636 
4517 14183 
44460 71694 
17739 21808 
62275 62585 
10567 57615 
56670 72551 
16751 35384 
2513 20097 
14089 57447 
43143 62841 
33713 69059 
42221 49239 
23294 57732 
71487 73461 
33837 57352 
1840 27915 
23648 55143 
35879 44607 
22709 59359 
65250 73950 
1361 11678 
47163 63568 
25049 61787 
11222 41236 
9317 20916 
72101 73769 
52985 74250 
42639 42911 
58141 63618 
26007 60993 
64269 67036 
31544 55740 
46495 47098 
16739 65902 
9162 56298 
13552 17174 
36563 45562 
44383 54901 
34829 72641 
8645 49918 
58453 62264 
7551 69752 
40786 73096 
50406 60379 
42024 53272 
19031 32934 
12157 35293 
40989 58326 
57029 61806 
40974 61739 
13794 56640 
2256 39629 
51247 51654 
61630 63031 
61080 73175 
34990 66420 
29178 66958 
29774 65493 
27652 64105 
67451 70780 
27083 67633 
73448 74543 
71673 72436 
12581 50504 
22755 45435 
47146 60244 
28087 41235 
64432 72600 
56442 58310 
28237 47337 
64569 67487 
62275 65482 
49850 56287 
45249 52645 
48990 74476 
62634 67641 
23885 60947 
48685 53900 
67551 69659 
6290 28508 
17850 36613 
63327 69161 
63391 70883 
62183 73061 
24506 63206 
7170 27874 
47543 62010 
13392 40009 
50073 71540 
18139 40799 
51029 69108 
42943 65879 
36079 44022 
54136 61466 
39117 61938 
56008 58975 
29087 74457 
66280 66373 
1517 37926 
48836 65854 
22817 69597 
46469 50702 
37971 41347 
46208 47668 
46192 49647 
61603 62891 
52600 56987 
74955 74987 
54438 72221 
8931 20952 
26230 36204 
8451 39293 
20297 41341 
74731 74998 
33864 56658 
37108 71608 
15234 22987 
16862 18017 
46574 72413 
36336 53282 
31069 34921 
25387 36222 
8531 71917 
52181 69113 
63188 70196 
16034 17398 
7420 19032 
1693 42772 
43387 68828 
45704 63984 
71285 73513 
26195 41769 
11360 60599 
36340 40606 
22620 55119 
2551 11743 
57599 60463 
42607 66955 
35964 66845 
45140 67855 
30454 59687 
35272 37746 
68366 73595 
74538 74788 
58841 60084 
55801 60093 
35076 73400 
60518 69248 
30957 54617 
4701 23187 
1572 30092 
30808 69652 
66497 73068 
62473 68550 
56634 60772 
31356 49623 
61317 61403 
10811 65652 
69830 74059 
42268 68745 
40787 58557 
49428 55647 
31270 69996 
40924 46660 
26021 26849 
73904 74315 
40210 51169 
62288 74234 
54231 56830 
46156 60033 
23931 38525 
22441 44574 
40922 71488 
56302 57542 
61047 67095 
7203 13461 
4339 70952 
51989 57728 
8626 60161 
38838 63917 
67443 72754 
6674 66986 
71718 73177 
27428 39351 
39561 61175 
14817 52176 
63109 74413 
48962 50161 
50309 73746 
25151 38841 
25693 39637 
6143 28151 
9208 22204 
54374 60684 
34596 41059 
34977 48193 
23156 66074 
17307 45563 
37669 50674 
33277 67299 
18913 38781 
71959 73127 
63419 72733 
52035 67169 
35778 69904 
23122 67706 
66565 69099 
67318 71592 
25944 74303 
10522 40791 
11573 60355 
60620 62565 
5026 45641 
63210 67103 
32644 71343 
70540 73070 
52644 64669 
10325 15183 
17476 31471 
25881 43849 
41167 71542 
22280 28408 
22255 40738 
18573 67135 
50677 60127 
31192 57435 
61481 74337 
14212 73705 
37989 41235 
16767 28186 
71160 71484 
36289 68661 
3461 21075 
35066 73462 
43423 53961 
44553 52505 
69763 72725 
62863 68319 
68634 70742 
44225 50967 
56954 63634 
6632 9365 
20657 41033 
41849 52084 
38785 40031 
64591 69312 
37863 60405 
39209 74051 
39004 59090 
48551 59587 
55721 63586 
6979 9961 
47137 51112 
4251 43132 
34775 74058 
27090 35533 
59832 71701 
15395 21246 
17761 20108 
51139 58898 
13381 38469 
70237 74205 
62950 73065 
54440 66327 
36051 72112 
2113 13973 
63408 64001 
12059 29277 
1224 14282 
49503 61853 
47398 50232 
27931 65395 
65777 73197 
20715 51178 
58996 63230 
65845 74334 
44713 73882 
38422 60457 
54845 62889 
1607 68226 
65984 68555 
51849 58066 
7319 60522 
10944 44224 
37987 72023 
503 44459 
17710 45546 
3643 55175 
54058 73005 
24626 41899 
65741 65969 
24660 61777 
41977 45312 
13856 27719 
31162 41760 
28615 37879 
53942 61538 
32411 38430 
3191 21613 
56275 67184 
52216 58770 
66880 72177 
58943 59200 
30528 47694 
52534 52727 
30800 46362 
72305 73606 
42278 52810 
9234 37708 
3601 61275 
14814 71601 
63984 74530 
48620 54017 
57237 70798 
55719 66384 
29377 64565 
65385 70753 
61930 68335 
7026 21541 
66528 74132 
52363 55806 
29634 52511 
61102 68916 
7351 8070 
49243 61387 
54516 59449 
37078 46867 
12914 19504 
29960 47695 
28336 29153 
36622 56438 
57658 67331 
25596 35015 
18956 51085 
53539 66037 
70492 72414 
65106 73450 
11396 56614 
70266 72568 
74422 74654 
35105 51923 
7869 67513 
12292 62171 
43674 46775 
60884 72665 
16442 16594 
55554 56748 
50124 64220 
6188 31997 
43046 73067 
44856 46006 
1589 73596 
7475 17730 
64230 64366 
48892 56134 
23182 44179 
46713 68272 
65241 73160 
8482 37518 
448 6762 
2742 67237 
37925 54324 
44724 55185 
13728 49695 
41682 70066 
42271 72864 
71471 74834 
46143 59619 
39555 41561 
38191 39114 
17745 52420 
38394 42220 
63567 68645 
27331 58774 
36363 41652 
67447 69431 
33597 72910 
48873 53436 
61018 69498 
36219 57087 
52311 60156 
60498 63486 
10524 63112 
10344 73429 
32890 68802 
48530 60575 
2704 21976 
47627 60398 
27174 35402 
22497 32575 
67895 68513 
13409 64214 
9108 63704 
67302 68623 
68048 68251 
36781 73754 
58451 59325 
55053 64297 
24514 29976 
25720 34643 
51910 74307 
52574 65045 
170 63450 
33214 53045 
43237 72990 
58139 60735 
64835 65400 
10284 61990 
48453 60536 
68519 74194 
63380 71249 
56204 63703 
58343 70446 
29957 73040 
61275 62424 
63908 67967 
39189 56342 
3101 13440 
69152 71893 
42730 70286 
55957 64303 
26291 50364 
62682 63278 
22536 24299 
9905 68662 
45742 71401 
51887 52891 
8118 28174 
18618 47003 
18741 25058 
19453 34746 
36969 39186 
15601 32144 
41489 67226 
70807 74605 
50567 60796 
11857 56002 
49600 61562 
5693 42617 
35718 72444 
60562 72095 
40019 40360 
24561 46463 
59423 60551 
40872 52355 
19880 66805 
54391 63173 
59640 73574 
18068 70940 
6797 35900 
44693 52932 
50392 64287 
24248 61543 
71774 71845 
9715 72113 
45830 69677 
1750 42918 
44713 69319 
6394 62916 
27295 54230 
18100 33255 
37180 60014 
20252 50332 
54499 56262 
14379 33597 
12141 43713 
52793 64857 
67542 68998 
22500 43475 
31877 65746 
32001 60063 
49969 63693 
8457 69035 
57826 70880 
66105 73717 
67712 73971 
49136 61323 
31262 63572 
74347 74579 
38794 69675 
11714 73394 
40088 54955 
66838 68538 
23713 34664 
17456 29516 
54829 70434 
43691 46817 
11209 48574 
40748 71429 
57625 71003 
27284 34350 
38294 66556 
3447 56803 
12714 26183 
25639 32604 
73581 73803 
16375 40568 
38107 55082 
29695 47078 
23050 47949 
11750 30391 
21588 56623 
40881 55301 
3176 6167 
14679 38977 
2910 50702 
67912 69269 
65528 69135 
68030 74950 
12639 16843 
60181 65371 
10849 16474 
11648 30445 
17323 17825 
70046 72477 
30772 53123 
9734 53918 
52002 67883 
68706 69168 
57652 69541 
36956 39181 
57747 62587 
20454 52330 
59211 61020 
63449 74901 
38957 69603 
7733 26605 
7036 34194 
41815 44394 
32233 44046 
12450 71636 
26306 32909 
18738 26584 
33479 66770 
21617 52344 
34642 45971 
37831 67802 
63223 64098 
66924 71316 
67656 67752 
638 72721 
53069 58415 
67162 69524 
11276 16451 
911 73140 
65483 72929 
66151 71095 
62244 67612 
51756 73658 
14284 52293 
30001 72370 
16185 68305 
46528 68911 
35374 36468 
23140 34006 
71226 71450 
74652 74711 
62191 64597 
51966 58344 
13952 31558 
24921 55129 
62801 72866 
20173 73690 
44890 57986 
49027 69886 
74749 74911 
3480 20327 
64298 64420 
15421 22719 
47915 72036 
42444 64648 
25787 62417 
59132 72977 
35879 44952 
53790 65440 
36577 68545 
38604 67377 
12432 23070 
68640 71765 
52737 56807 
70406 71309 
18203 59990 
55905 73901 
74354 74891 
22006 66092 
70960 72197 
17839 64226 
33724 61108 
44912 74875 
735 57243 
35944 53850 
7252 26128 
7566 32982 
55935 62139 
38512 40512 
53318 67581 
57507 70559 
12960 67294 
44723 73476 
38047 50145 
34855 62284 
8123 19569 
33358 49490 
48690 68319 
35682 62339 
19829 51088 
27534 58755 
55221 58298 
58634 61009 
72997 74700 
11938 56601 
67628 73342 
42619 48728 
66153 70849 
3884 20332 
10367 34052 
45773 50970 
35594 53608 
15336 31106 
71894 72961 
70179 74259 
66773 74204 
44510 62452 
15787 28438 
34829 54685 
15723 16005 
36639 66707 
35465 50546 
741 41228 
56523 63714 
30880 73744 
43309 74330 
12630 39886 
3008 41666 
8573 11642 
64785 68034 
48398 69756 
34427 44333 
18808 71597 
73062 74250 
43050 49888 
23834 28575 
57814 61239 
61758 66920 
46186 64691 
67868 72492 
52259 53819 
69994 74418 
13659 58678 
55433 71965 
19669 44425 
7275 65175 
20959 28935 
43134 47221 
17364 40436 
33464 66286 
62548 64947 
16443 40301 
52420 62296 
45662 50063 
52317 69350 
50728 59754 
17950 34644 
581 50078 
34670 70955 
7942 72386 
45208 60537 
43254 66987 
14327 54961 
1720 28328 
28092 32175 
35683 38052 
31809 59217 
41996 53430 
27494 42813 
62728 71155 
65015 66737 
52023 72188 
21075 45163 
69465 74301 
50828 60433 
43507 73041 
70838 74929 
56638 57658 
43988 74282 
12259 20322 
43508 68764 
63305 71099 
66966 74143 
53409 62562 
74636 74932 
12361 23396 
22091 54904 
38126 66916 
59561 70014 
68688 74458 
14099 44652 
64784 66904 
23506 43533 
43141 51486 
36489 39884 
63078 74601 
22979 74705 
48866 56425 
62084 72282 
27372 48500 
56161 68658 
53115 58438 
26574 28815 
43787 73680 
23648 49247 
433 37094 
11135 52405 
45196 50868 
13257 41244 
18139 53987 
68120 68184 
42140 53242 
44998 45673 
66522 68281 
51569 58110 
58439 62999 
48204 60075 
48374 63611 
37 63637 
58420 65330 
64939 72608 
64098 68483 
41233 49442 
31553 46968 
44858 45683 
18110 39561 
23286 64315 
68232 71392 
50671 50674 
16598 20012 
48975 73723 
56799 67126 
44698 46490 
1443 60863 
16308 54643 
56712 69721 
69581 71604 
54649 60745 
46694 48833 
64768 68498 
45631 73740 
49878 74632 
38996 72262 
20901 41682 
512 32483 
63316 71442 
55231 63410 
17231 17645 
10980 58668 
69083 70241 
21746 26257 
2679 10266 
24210 46964 
36121 40360 
36088 38544 
34836 72227 
1541 38995 
9027 20255 
57486 64485 
32726 47850 
46709 67390 
25501 43984 
17078 49198 
52892 72170 
31245 31413 
3725 63838 
64987 71053 
23364 54133 
52536 69631 
28038 74785 
17996 71512 
844 32868 
28797 66870 
52543 63459 
63148 74615 
33641 69753 
44391 70188 
33275 67864 
52503 70323 
43773 49386 
51677 65996 
17726 39184 
32894 74764 
38210 67173 
25050 53450 
25750 50380 
29220 34185 
44112 52767 
35565 73910 
68038 73703 
65902 66973 
31658 72032 
57536 67790 
42678 60348 
56821 69292 
23850 33328 
67978 68307 
18412 54439 
35459 74682 
16940 23132 
30148 49269 
28412 69804 
38471 73718 
4870 22814 
42234 56240 
74483 74938 
3758 44932 
33346 34139 
68862 71388 
38169 59986 
5041 43794 
66535 69499 
25995 51304 
53157 70720 
29949 55793 
10114 53468 
65500 69467 
42525 55652 
34893 59829 
56352 68158 
63968 72594 
5649 38566 
34737 70377 
43020 62105 
19230 23173 
42974 53982 
8708 36220 
8248 45842 
7967 26381 
41839 55893 
43429 69492 
31275 57537 
21438 52871 
48153 57189 
28937 63541 
20274 69288 
65479 73317 
25657 47057 
40684 49662 
44122 65810 
27802 66936 
27625 31093 
61991 72522 
21321 49531 
9845 20598 
32510 68783 
59234 66783 
4529 17311 
20767 45458 
58889 71331 
19992 29877 
13107 16200 
26613 69831 
69696 71859 
4950 36291 
58709 62444 
7556 18584 
3343 20908 
26351 29227 
52293 61499 
71172 73926 
58545 73102 
68635 73441 
74294 74820 
25291 28608 
7354 72402 
3970 56153 
40598 48576 
9050 57953 
50725 53558 
54182 59479 
12061 48194 
48884 50155 
24503 59185 
66547 68987 
46119 66783 
33535 44995 
70023 72576 
16099 58359 
42833 45740 
19841 62368 
60305 74185 
8945 61999 
11330 66244 
36295 62173 
74242 74329 
8658 46615 
29435 42026 
15886 52458 
428 30332 
74008 74674 
46106 54356 
17691 35556 
25640 29618 
62622 66691 
30623 53591 
50643 68843 
12348 59869 
70072 74523 
3438 69509 
41461 55880 
68161 71152 
16124 68854 
8847 20564 
23039 48324 
15928 49674 
13420 67610 
13601 52167 
15031 67144 
63670 68965 
27501 32186 
38630 71963 
43360 60062 
55290 56457 
53524 64162 
61370 64790 
15602 69587 
63187 64503 
60540 69307 
49206 73389 
68203 70682 
28336 48791 
29026 44619 
15127 58274 
23378 54950 
67592 69013 
70213 72703 
45307 47915 
41209 42798 
67400 72855 
28846 69027 
13493 57570 
22365 40874 
21073 74592 
56474 59672 
41172 66547 
36304 46927 
65491 70290 
18880 48273 
7358 11498 
72086 74762 
10178 32748 
72576 74301 
65126 69834 
64464 66312 
4034 28459 
27716 42665 
12347 61095 
30428 44511 
35706 41650 
48523 55288 
66074 68709 
49008 60650 
25356 54516 
14008 62649 
41846 42431 
49767 65650 
26253 34418 
27002 61642 
40654 47579 
44311 56276 
9062 29253 
64100 67700 
43672 55877 
38529 53717 
56932 64490 
14828 17396 
32300 41407 
45840 50546 
39833 69055 
13277 17987 
1740 32284 
47941 53996 
62283 71276 
44611 50044 
49456 52384 
66505 72878 
18302 19370 
39560 64754 
62311 72326 
69502 70671 
34499 54793 
2780 19876 
39143 73572 
62163 72123 
47652 74286 
38748 44267 
8354 42072 
43271 63324 
2709 4331 
66856 66867 
3751 22991 
47644 70023 
53576 63317 
28788 60442 
55133 71696 
4074 36762 
67793 73966 
43503 53710 
34474 35027 
64459 73447 
22584 27278 
26906 40042 
66904 67414 
36548 43473 
45111 63996 
69972 72243 
61036 62923 
39151 62914 
48668 69241 
20145 30877 
67853 74654 
53491 69346 
36308 49549 
42746 46267 
63225 73934 
53972 55187 
45081 47805 
20749 54477 
38302 61259 
65243 70946 
5155 45087 
17651 68683 
28118 66793 
10698 12542 
39589 51845 
38751 46821 
2816 27325 
32965 55609 
35477 54782 
51979 67374 
31558 37269 
59667 73614 
23942 51297 
40073 58026 
70960 74418 
45655 48967 
650 16431 
11695 41897 
43079 65137 
44742 62610 
59655 61471 
36983 47548 
41796 73383 
18868 30999 
53301 57971 
63223 63613 
59573 69842 
33727 55712 
70682 73037 
26760 30558 
67337 74760 
61932 68656 
21811 40159 
43441 44442 
48449 65746 
60486 67718 
5227 34241 
40179 59465 
61503 70397 
6373 49951 
46082 74891 
39728 68952 
2240 6365 
3958 70002 
74956 74998 
60417 60502 
55102 69493 
43606 49058 
39088 69799 
43052 60265 
7881 52170 
52820 55885 
50350 59785 
42751 65374 
82 27894 
61083 70122 
47809 74399 
22195 73220 
63397 71906 
11927 49549 
72673 74873 
33455 57330 
46937 74002 
46341 55852 
71831 72368 
56388 66529 
70173 74428 
11271 39160 
49067 51372 
70583 71706 
35204 54793 
58516 59755 
56011 58622 
6851 48780 
13065 35577 
11307 52343 
64643 69698 
22189 41659 
70871 73247 
46743 51853 
64090 70626 
10761 25923 
65994 74206 
70168 71765 
7211 49731 
36433 51972 
16241 42821 
14127 40355 
14403 51113 
37779 73776 
65920 74134 
19862 31701 
64463 67819 
60219 73485 
23147 49032 
49755 59422 
24174 44493 
3289 22835 
48783 60970 
45265 63736 
72181 74520 
47157 71365 
6624 67828 
66106 73151 
43919 52263 
32839 57403 
68893 72353 
7325 67775 
44410 64799 
52081 54244 
4609 64171 
16352 38589 
25743 59699 
18122 53707 
11420 39016 
7694 27104 
5683 34601 
45523 51219 
9601 22191 
7612 41424 
42332 44342 
38500 56439 
13546 21481 
6 67582 
51536 63505 
32544 70023 
7636 58516 
69403 71679 
6166 19716 
36858 60935 
14639 29992 
26949 31924 
32008 67621 
4827 59891 
46885 62502 
50290 55146 
24776 31110 
66403 68151 
7633 46111 
46117 54781 
46189 56717 
28588 38629 
26855 35193 
48720 64897 
10038 43095 
50722 72943 
13384 45625 
9523 31206 
54673 70245 
27980 39979 
55044 74103 
15067 59565 
49883 55829 
32227 56754 
55872 71396 
46223 58823 
42108 67646 
67254 68985 
25733 66012 
27304 28793 
3711 5724 
54148 57562 
46501 64253 
50806 64453 
50398 63380 
43419 65524 
37316 48045 
7308 9746 
60070 69018 
38656 73926 
73029 73585 
21670 33563 
53526 71596 
74814 74975 
19181 25757 
70722 73357 
54854 74126 
57547 70286 
52872 62460 
65234 67654 
37936 65180 
2081 72874 
11413 25358 
8056 60997 
12112 66215 
2774 22582 
37766 48685 
45408 45564 
51226 57643 
683 22699 
41222 60647 
2231 57420 
36 296 
58710 66104 
12762 37958 
26537 27723 
46265 48096 
16408 47809 
67128 72812 
570 48067 
66476 68525 
73297 74971 
74622 74813 
74512 74672 
39797 45786 
42261 45442 
64235 66757 
1483 35850 
44371 49880 
70020 70511 
30523 54879 
21118 55787 
55590 74955 
10083 48747 
56188 68845 
16160 41312 
34518 47786 
3802 26755 
32166 61239 
4207 12571 
40031 43898 
66959 67426 
2890 27122 
15774 56482 
13064 38545 
37126 72552 
60646 68729 
50915 70007 
54419 66924 
40768 64639 
43451 49061 
30367 38321 
50283 65489 
19155 23527 
73169 74794 
66638 66950 
30022 37454 
7240 73433 
14677 44189 
20709 70612 
48320 56862 
19271 57219 
58555 62092 
29314 61997 
6843 39300 
20398 23296 
19456 27016 
31900 57674 
21488 48820 
50447 65840 
47084 65430 
25802 40812 
68260 73472 
56261 66442 
31902 60550 
57399 73100 
52434 61447 
53322 53833 
31434 36169 
72859 74422 
31549 38713 
8744 20629 
4584 55001 
42017 43271 
24503 28034 
19769 37120 
69866 74219 
63290 64627 
25062 72070 
45353 58876 
14252 73308 
46677 53963 
32916 45820 
36028 74333 
34012 66422 
57700 74974 
56044 73375 
66884 69752 
57647 60316 
58679 74873 
17963 52422 
28202 63286 
15873 57863 
11159 62932 
11377 12126 
31929 64321 
53645 70469 
18188 42408 
19201 62647 
15570 60616 
39662 50586 
8162 72102 
61820 64152 
73961 74387 
35648 72414 
58070 62919 
31927 69022 
38770 52848 
9593 71233 
15975 47784 
70428 71939 
38286 70770 
51588 74870 
31286 50202 
4839 5080 
28397 36857 
25010 67219 
24031 27867 
73567 74671 
48445 59593 
73673 74749 
59744 61643 
8763 42029 
59370 74140 
54199 59516 
17561 44133 
10252 43157 
15217 24138 
28493 43782 
48425 60104 
45390 61350 
38310 68704 
60563 60657 
42800 65446 
68357 70748 
22026 57672 
64699 71419 
27442 71090 
67458 69034 
36772 52033 
25716 29313 
49461 59998 
59451 74771 
27113 34243 
64798 68077 
26054 49704 
45504 72864 
68990 72015 
1426 54914 
10040 63634 
27628 55961 
55968 59547 
64994 73526 
47157 70058 
33972 71898 
16380 63756 
6480 62239 
58100 67099 
56280 67843 
50097 60434 
19538 20495 
62550 73676 
25166 73129 
52905 55987 
65581 67649 
46758 56556 
58862 60961 
50208 66654 
3093 55269 
71318 72769 
33138 48759 
57173 62982 
6968 73623 
54314 56813 
36065 66619 
67024 68999 
58042 58868 
20704 30052 
6360 61206 
54426 69314 
43838 65094 
37460 48934 
24753 34729 
1041 70866 
12199 61930 
49912 54708 
8504 56880 
53715 55696 
15894 68873 
3772 73947 
61300 73782 
13710 20296 
52202 60603 
37330 62215 
935 48054 
50526 66256 
57726 61844 
42049 52322 
40334 67084 
47200 71543 
914 42307 
26564 30064 
4314 22519 
50579 54563 
56118 69524 
61149 74175 
25743 60125 
27626 46901 
19736 60971 
49037 66539 
16234 60633 
37297 54216 
47265 59617 
64172 69434 
9346 63446 
70716 73405 
52649 62507 
42560 58251 
36672 72841 
32004 74709 
27561 66048 
23673 49276 
24349 59293 
44249 74842 
6979 15842 
70670 72631 
15854 26674 
34975 69920 
20999 57426 
1759 41413 
8170 60187 
41475 68555 
35129 40942 
10122 12986 
35266 69259 
39588 56050 
67143 69205 
71931 72620 
51713 54536 
2224 41934 
74250 74758 
3249 44782 
18482 22371 
23714 57040 
6109 48377 
44384 51213 
25321 65451 
9924 64309 
2913 34502 
62660 70405 
22472 64492 
7076 73295 
17763 71410 
16667 46336 
72362 72408 
59815 71469 
57095 71797 
31315 45202 
49894 71948 
55153 71492 
23940 27246 
52196 73103 
54639 71982 
22660 32909 
39249 46880 
10182 16915 
41869 60236 
24859 34550 
73997 74520 
22252 56935 
12273 69885 
28286 68556 
40581 63312 
66530 68232 
21586 47548 
5679 24541 
37189 51633 
65455 67598 
73899 74464 
66342 72510 
56265 74126 
23839 41580 
45025 48306 
31568 44647 
62043 69955 
28788 58328 
19689 28111 
60554 74635 
70641 73342 
70991 74553 
21891 24513 
34133 62215 
72929 73268 
51792 71261 
53350 55450 
25667 67019 
13517 13938 
24194 31110 
44527 58666 
21864 54496 
13051 53138 
2900 54646 
4749 74156 
42130 68295 
13589 38143 
55496 68097 
4559 14420 
724 55357 
13627 21854 
10685 36359 
14449 54126 
71924 73660 
26148 40172 
34290 41093 
18148 42574 
6230 62062 
56465 58017 
6408 31125 
5315 61703 
66312 74970 
19433 65434 
7352 42825 
59752 72957 
5598 54887 
27544 54028 
13913 72775 
14088 61615 
4655 17948 
14703 28719 
38334 67462 
67854 72840 
4438 57466 
16341 42488 
20235 63609 
25947 57963 
15965 16048 
67242 68699 
50025 69400 
13801 59366 
65437 67808 
49781 66564 
23295 58506 
14146 59954 
68267 69520 
55563 70720 
53426 72645 
42268 55278 
66349 74515 
7146 26932 
18186 56955 
23627 31575 
39840 44156 
65346 73392 
71582 74916 
8106 51423 
10129 18657 
61075 69997 
42686 52174 
59298 62359 
72563 73980 
39160 71766 
39170 65017 
35526 52140 
41339 44804 
19863 68748 
48658 53434 
71501 71828 
45582 66680 
34205 72979 
37739 68730 
21035 35672 
30760 62319 
45721 61668 
56625 61207 
7951 69349 
34918 72023 
43115 70025 
66731 72048 
70717 71916 
10806 25154 
41873 46329 
61687 64307 
46069 48858 
35209 38232 
74014 74858 
41753 48813 
56344 70820 
59287 64773 
41781 55778 
73965 73977 
15463 47590 
65501 73481 
43745 59732 
50586 61023 
46918 54531 
7802 37946 
49451 66738 
37681 58520 
60750 61478 
32974 42947 
3814 24497 
30256 58320 
36702 39732 
12212 52665 
43491 61530 
67621 72696 
50651 67551 
4412 36942 
52865 67770 
28094 31806 
36298 59808 
7439 47069 
55591 71296 
22098 26996 
5995 49678 
63690 66903 
59311 67534 
3468 36448 
11444 45398 
41349 62214 
30010 46300 
3809 15606 
71694 74675 
33683 63520 
32282 71577 
24535 41673 
24881 70849 
1060 9833 
47332 50312 
42001 71309 
27609 39947 
58560 60858 
5147 41079 
51379 59416 
3071 48335 
22171 67814 
59486 68325 
68640 69487 
28510 61117 
6705 65568 
59831 63461 
20045 63114 
16130 51475 
1328 57713 
3632 51841 
15303 40253 
49415 52500 
44897 67328 
22079 51894 
3093 21120 
55929 71509 
27282 27332 
53323 70174 
17713 36236 
48963 72753 
59585 60878 
7469 7792 
1779 14751 
1666 61553 
63493 69348 
41090 46263 
20169 54950 
73536 74149 
6311 40998 
11568 71737 
1910 20845 
4020 23426 
17333 66081 
1317 63212 
54715 62239 
73154 73818 
70919 72284 
3048 50020 
55082 63378 
10470 51258 
59085 68559 
46709 65178 
9161 71835 
16816 35231 
59249 65276 
26811 59494 
17771 18273 
56459 65247 
7606 63597 
63879 68399 
35226 49000 
63040 63660 
26323 47214 
20720 52636 
13269 37449 
32564 74882 
22371 50212 
24381 55970 
49472 65051 
52766 73112 
63081 66483 
28477 40661 
38026 52735 
68145 70386 
45359 73778 
55837 57560 
5959 69249 
12819 61839 
43669 69915 
58955 62637 
55668 73611 
35821 60196 
71422 74742 
60156 74311 
3452 13082 
59619 67013 
27090 27345 
18317 23931 
68167 70483 
42949 50421 
33475 33481 
57848 68253 
57994 65911 
11383 17536 
9227 55225 
19894 25623 
21879 65631 
773 8126 
37749 70130 
16008 43141 
63682 67366 
51274 70040 
50787 69819 
39262 52553 
74121 74197 
23027 73392 
41485 42498 
28337 36060 
13375 70362 
44671 64191 
5698 40520 
54680 55848 
35464 45510 
58465 70644 
66221 71162 
67978 70251 
66768 68381 
73414 74421 
42899 51915 
57852 66535 
27967 46452 
62622 72809 
30993 62103 
15612 61725 
34853 50406 
47870 61264 
22351 40238 
34029 62784 
14683 33757 
51637 55468 
48330 51743 
73081 73345 
24713 68684 
4817 8437 
6860 10487 
43918 68958 
72458 73842 
1386 53990 
68767 72246 
28774 58346 
16280 65624 
52566 52657 
17757 33780 
8625 19919 
48941 59395 
56302 60908 
3972 33651 
19418 35544 
70173 73364 
74497 74914 
24769 56074 
55757 74221 
3753 57242 
7928 42827 
22493 51915 
15016 55502 
44647 67718 
66830 72181 
6069 54298 
25271 74890 
63786 66996 
37547 58544 
27972 46204 
17737 26492 
19685 30799 
68382 74762 
8867 47268 
35775 36033 
20171 56348 
43366 70335 
20755 26450 
54624 61538 
47597 52859 
54503 65616 
56259 60340 
38341 71232 
66215 74487 
49128 53828 
8841 44145 
12411 38449 
40279 56541 
62334 64639 
2000 18524 
41404 59855 
6885 39333 
48316 51073 
31384 32172 
48400 55152 
24011 32468 
47538 65616 
52526 70069 
51110 66002 
51470 66941 
44891 67301 
38611 59118 
43435 60188 
21199 44215 
73181 74480 
33316 62716 
72773 73546 
8149 52950 
58417 71977 
49567 69140 
44144 51905 
22051 56736 
18241 71053 
35857 37997 
39602 56064 
56728 67486 
72297 73658 
4555 54852 
2627 54826 
24537 29787 
35016 59752 
67466 69891 
31202 59481 
32502 74236 
19882 67656 
42460 49655 
73429 73909 
29423 68774 
40118 59190 
66214 71627 
8538 36054 
38756 45836 
33126 34655 
46355 61054 
53392 53498 
31534 57652 
53015 57239 
65299 73417 
2004 64253 
52197 74369 
26544 31034 
11696 19272 
6442 29985 
42651 62665 
59948 72967 
52337 64852 
16095 31128 
72932 73100 
38038 53163 
40393 44227 
42116 54342 
12256 50593 
66400 74842 
45131 59198 
46481 48975 
43618 58542 
60329 73560 
6561 66572 
28966 68459 
41073 69459 
30800 52814 
18094 64405 
12519 63672 
59689 62768 
18884 33746 
68009 74069 
73962 74766 
45977 68853 
43804 65402 
46621 67022 
44988 51879 
11965 46444 
28702 70650 
350 47339 
42945 55166 
3642 9854 
73145 73402 
13660 61934 
54978 58088 
29063 33781 
5915 13533 
16420 53696 
59615 74371 
38636 57663 
60071 70734 
20632 34911 
54318 69235 
51761 70175 
63903 69818 
62584 69911 
4494 18260 
68637 72211 
53047 74181 
26862 42196 
8030 59927 
26472 40505 
1547 37455 
16111 22998 
9052 62369 
21299 30740 
5459 72170 
30823 54280 
42016 65737 
10887 39794 
1468 60360 
38957 63907 
34648 38865 
8167 40963 
58803 65184 
1685 30414 
44121 55899 
17183 26194 
34130 57932 
51523 73892 
58840 68667 
24291 48560 
52321 55506 
17663 70073 
39507 65759 
65443 68957 
72499 74231 
62964 67013 
67042 74896 
63561 64044 
451 31161 
17940 55604 
26406 63498 
49241 61457 
35378 61112 
37183 40710 
16324 63783 
27799 49710 
42277 49033 
67743 70688 
71376 74602 
11081 39559 
48310 55976 
9111 72632 
25877 45777 
72717 73922 
55924 58022 
17963 27362 
14578 57190 
53792 54750 
22277 67362 
9876 74931 
44299 45616 
22369 45972 
72033 72438 
18662 26269 
69321 72002 
21587 59710 
53993 56349 
53332 68255 
31252 70539 
23541 69967 
37025 61637 
44189 60557 
2761 43559 
42602 50793 
30008 74569 
39762 46508 
29458 54051 
40505 48334 
1686 59747 
66591 74061 
3650 39957 
56815 58449 
33092 55479 
47310 69476 
39130 53745 
5989 71054 
62307 67582 
42123 57680 
24010 46649 
56759 60495 
16419 65293 
24015 32032 
37893 57272 
49152 61202 
12433 60770 
21101 70157 
34807 42523 
46855 58569 
2745 70327 
31396 68123 
55474 73462 
12852 59859 
9331 12006 
73228 73544 
25364 56305 
28395 70658 
49918 55492 
56136 58153 
48301 49172 
43214 45220 
43680 56969 
11296 71572 
3637 52723 
68082 70802 
61523 61559 
36652 38973 
5088 18007 
4938 23136 
60917 62977 
43548 58919 
65229 67971 
3652 47242 
27135 60849 
24657 37636 
36335 45104 
74099 74302 
31831 44505 
44169 57420 
9747 13016 
34176 71799 
33944 41644 
19827 41806 
6255 25043 
15759 39890 
20536 57133 
56760 62699 
20006 59264 
59936 62098 
64387 73334 
16098 60140 
14548 59381 
60240 61202 
44697 54455 
1884 10888 
56223 56410 
33198 58712 
58918 62350 
53215 65643 
58088 67591 
115 43050 
57048 74202 
8750 57257 
13251 32441 
65154 70476 
15107 22022 
65057 68043 
71371 74853 
31409 59129 
61947 71202 
58741 65795 
40900 52354 
32172 64437 
61728 64975 
70209 70700 
30541 54577 
34620 46115 
12836 27737 
49312 50286 
17547 18270 
64284 70721 
67665 73580 
41953 43243 
5760 14010 
2547 19269 
17443 35612 
51864 65470 
3247 49609 
30761 45300 
69896 71564 
67873 74346 
5172 19357 
61586 65210 
2717 24496 
33871 56612 
52498 54547 
42710 59370 
19982 35117 
55585 62287 
28759 35050 
53866 59474 
46174 60748 
63364 71817 
54335 74904 
62918 66548 
68995 71285 
45066 54195 
74247 74483 
25939 26836 
11238 51158 
51290 51660 
30261 60065 
64544 73784 
59616 66168 
51065 69851 
4316 17565 
49133 59312 
36247 50631 
59019 68224 
47957 69699 
4910 68891 
5806 53248 
20909 38748 
66238 72276 
54884 69238 
70360 72017 
41698 63525 
16552 33004 
70140 74106 
22909 35955 
42106 65315 
71600 71770 
58968 69977 
71574 72833 
6144 8302 
36806 63948 
51526 66552 
7710 20518 
65960 69619 
62047 62849 
50947 71751 
38374 69507 
58875 73740 
37380 61886 
5807 41475 
35708 53505 
570 73097 
3491 24384 
28217 47818 
67445 73027 
31041 62395 
44649 49519 
34579 39033 
6985 50351 
46178 61725 
71250 73528 
57598 68309 
59987 66367 
52086 57126 
12143 14664 
19361 67274 
36760 54793 
53530 64881 
29305 39852 
52539 58890 
36758 74956 
26461 45172 
10787 53790 
69458 71741 
66002 73996 
20477 31214 
73748 74372 
46348 73044 
40632 57157 
51565 57919 
4013 62855 
3248 9862 
17401 69215 
52330 69841 
22511 68908 
14453 74336 
63543 66510 
38402 41710 
10839 51420 
49177 56488 
33162 67997 
32917 33332 
54404 60868 
2234 53208 
30070 72213 
70238 74622 
53618 71411 
65787 68785 
25768 28898 
5518 51688 
68110 72069 
44083 49097 
20481 61016 
51389 54419 
53397 65073 
50170 57569 
65352 66026 
58424 67036 
74055 74353 
368 29301 
23068 56949 
40960 70767 
49825 50035 
7722 32391 
64902 72224 
50535 72925 
13171 25776 
72325 72426 
52733 63092 
3027 50740 
37195 42063 
6348 73043 
62085 67470 
27708 32649 
36253 40604 
37049 47803 
70517 74867 
8844 26718 
67389 72774 
62079 69772 
66039 69686 
11759 68481 
63041 66067 
12368 40824 
25099 52698 
1034 5743 
29023 66381 
60378 64281 
21274 23896 
65171 65238 
18162 59182 
54069 68735 
18244 54504 
17144 70887 
55359 73968 
46142 53705 
23622 63612 
4898 73501 
73938 74542 
276 32585 
65021 73803 
38989 71961 
41122 47716 
22027 43801 
44159 48430 
28311 66569 
58913 66369 
31259 36104 
6640 73126 
15669 28720 
5523 9142 
37226 54263 
21063 26268 
55398 69227 
9363 47176 
43481 47885 
44133 46865 
46236 50597 
36419 66866 
69681 73338 
25202 44869 
13325 44433 
55237 61479 
32114 33131 
42209 70957 
60698 69331 
28485 44654 
6889 56317 
23718 73897 
65581 68645 
31798 43429 
25769 74631 
23007 34869 
16931 33368 
2248 11065 
67629 68990 
43900 58850 
55706 71389 
41856 47307 
41655 74252 
65406 67711 
51754 55763 
2692 28840 
27125 31886 
46093 70162 
69100 74488 
72445 73576 
49313 63271 
15992 41866 
2323 13893 
27872 32180 
50375 53235 
15992 72881 
24794 37651 
52485 66420 
63505 73542 
48969 61429 
70558 71538 
22676 37499 
40485 49197 
56354 68826 
70988 71327 
27076 47860 
71010 72536 
25555 53363 
22234 37545 
16190 53698 
34970 67111 
39702 66251 
40683 51386 
21756 71739 
63432 63622 
32413 62507 
34021 47518 
63030 69433 
20600 51879 
61948 72299 
35439 45536 
67308 74726 
60949 70536 
35571 50305 
3776 27839 
59121 70785 
74146 74537 
44074 52446 
65998 70061 
26274 50275 
70499 74450 
25524 26945 
3246 4279 
50625 61817 
73104 74132 
36071 54891 
31876 59343 
19726 70955 
73198 73321 
9130 58173 
28131 34200 
10278 57176 
30023 49470 
15856 34884 
9868 67126 
49651 71885 
19784 71848 
10635 42224 
61838 69358 
7497 47689 
61357 74149 
29861 56786 
6931 33637 
5136 70525 
70907 71958 
34264 74382 
23884 61182 
47094 63614 
62873 65346 
3686 41715 
32230 49251 
25166 27987 
54222 67013 
40600 66406 
37794 70581 
26106 59666 
19986 70793 
25762 36650 
36864 38294 
35358 45751 
51878 53389 
14465 64242 
40023 74995 
30982 31700 
14249 38336 
31111 34428 
74965 75000 
64605 71089 
18932 51761 
42115 58731 
49037 60486 
60179 66095 
58601 59328 
55405 69825 
73114 74935 
33501 42706 
40297 74015 
23245 39339 
7092 38637 
18998 42022 
14275 51632 
32892 70566 
68644 71799 
64295 70736 
15351 32416 
25606 26370 
51054 71679 
24143 45226 
4677 67015 
18381 61690 
21964 56652 
35458 39106 
22589 72644 
60888 65298 
9274 42467 
13567 23636 
35136 36158 
65827 73811 
32098 39373 
17061 66830 
13086 28163 
9491 63443 
53182 61917 
61106 73350 
27248 72410 
70053 74043 
21280 52699 
57626 67583 
32269 56218 
12363 53044 
29538 45823 
16305 32518 
57996 64274 
67294 74253 
19103 41233 
42582 57464 
39040 40614 
13834 66934 
12678 72621 
34249 65722 
4609 71307 
67457 67475 
5893 63145 
41819 55363 
38481 41156 
40494 46766 
32820 64438 
29871 54441 
22404 51302 
14278 71673 
73408 74295 
67946 73047 
12175 22144 
11729 16539 
40183 66351 
64145 73364 
34840 48108 
69227 74113 
63492 68079 
7410 18424 
10258 15548 
66399 69692 
16107 57093 
4842 67092 
39954 49342 
68306 68544 
73256 73452 
68783 70983 
22272 69506 
43068 49986 
66160 66283 
62511 65576 
8965 64065 
14118 23915 
39795 67758 
17025 44271 
72456 74432 
34746 68891 
27996 31659 
12309 59158 
50701 72579 
42213 72386 
6537 42921 
29845 73553 
33052 41237 
17703 54976 
27691 44638 
13714 40228 
15800 35690 
12743 74478 
38665 58956 
67857 67949 
40534 56255 
55522 68056 
67981 73106 
9118 71168 
53738 63079 
40474 72723 
46709 59172 
32317 62864 
57970 61337 
17476 65733 
20880 51265 
55142 57065 
59102 63742 
22521 32540 
22363 53319 
11161 50042 
30679 38739 
43299 70291 
13281 28985 
56247 63773 
24942 42381 
49961 71476 
15659 23978 
66069 68335 
11631 68385 
54030 57534 
7926 45820 
6938 56016 
15336 72661 
16447 59247 
47537 50379 
72688 73565 
44228 47130 
9071 64255 
41616 55817 
51807 51975 
43990 71074 
1080 1226 
4441 68481 
42801 66762 
65018 74979 
24853 26840 
2218 49654 
44915 74346 
21395 74537 
34758 63252 
20662 35053 
45201 46193 
32618 71659 
58283 59338 
2806 31233 
8102 51896 
63770 71163 
38229 57095 
56840 57876 
34001 45677 
71534 73912 
11832 61902 
30088 53686 
6701 17202 
58175 58711 
46501 47124 
49779 66688 
71154 71678 
5603 12483 
72524 73095 
41919 63184 
43068 45878 
72107 72963 
68713 72629 
73805 73970 
31615 65976 
4336 50061 
47965 64072 
41618 68666 
4795 34338 
44391 69872 
58623 61448 
8978 33029 
36197 40209 
37036 39677 
14007 44391 
5684 61214 
32546 41639 
67010 73877 
15752 49010 
61297 66685 
34281 41621 
56951 72515 
41798 58043 
27218 72118 
18887 29302 
58669 73594 
41293 74776 
42460 54874 
26938 51599 
55751 63690 
57181 57429 
64552 69765 
46244 65544 
66068 71987 
49191 72022 
31467 44615 
18601 36020 
41811 73751 
47958 62189 
17832 47399 
70260 72192 
48287 51389 
30616 64779 
21448 51829 
59917 72112 
27435 59286 
24257 31792 
60853 61357 
70901 71608 
37732 74746 
18664 70403 
57516 72235 
74894 74897 
63216 66414 
41146 67018 
40282 46287 
19158 51553 
36170 47922 
6092 50795 
21648 33041 
37597 40931 
68349 69700 
26383 47455 
13733 40473 
3683 67277 
65825 69619 
1374 27139 
5109 11995 
39519 58251 
28242 35923 
8420 55496 
35946 74148 
40874 58629 
4996 61052 
40681 58076 
21846 38373 
15281 35714 
58982 74580 
5476 63877 
18814 70728 
1874 31400 
387 30947 
9631 36766 
65277 67591 
66079 67882 
51568 65971 
58388 74756 
4758 62840 
62784 64658 
1905 22192 
27728 61871 
22557 66887 
51065 61291 
58550 61486 
72057 73892 
17458 66313 
19288 41744 
32349 40281 
66995 69035 
73459 74078 
52510 70826 
15076 42268 
479 39001 
42196 60209 
60761 70202 
40678 56410 
61005 73922 
15642 37110 
68211 73761 
30714 55381 
67615 74705 
8610 59496 
23948 71839 
17201 30132 
51337 59918 
9285 39807 
63659 65761 
63151 66570 
74301 74797 
34051 74859 
62944 63235 
38031 65049 
54081 59857 
50497 73353 
68550 72136 
28838 62989 
74428 74948 
16901 37728 
19614 25253 
16220 28182 
6888 8752 
18503 45109 
11918 59989 
14001 15442 
45268 45871 
28729 52420 
51377 54127 
43443 43854 
46687 61547 
59794 73899 
24961 71466 
39612 47741 
59397 70702 
38727 53546 
46845 70177 
43372 48818 
45981 60737 
1207 69758 
57731 67735 
36451 63359 
71773 73178 
21354 43308 
47705 58587 
46476 70510 
37645 55169 
49196 51015 
33388 35782 
27812 69374 
63219 68765 
59682 66591 
28504 31396 
63320 71860 
13539 24659 
57586 74332 
32124 37147 
31795 71472 
846 47150 
41361 65323 
3702 14050 
62688 70812 
24386 62126 
38416 55226 
8826 35877 
14654 16342 
51015 51555 
39335 42179 
67376 74701 
67583 74685 
29797 63465 
27955 37605 
25302 66380 
26835 44029 
45115 60594 
64758 69387 
50790 63579 
28111 67952 
56866 62658 
73913 74461 
16766 50884 
69116 74030 
63568 65187 
13632 63449 
22926 50804 
43122 61328 
36566 42455 
6462 32664 
23031 49920 
52197 52446 
12696 35851 
61890 62071 
52705 72636 
47453 70213 
46296 46697 
62600 66663 
60093 73389 
67576 71421 
41185 54551 
63295 66704 
36258 56394 
47686 74901 
61296 65962 
53947 61939 
32111 43255 
48217 59738 
6043 55587 
53908 61604 
1431 71648 
68685 73537 
46918 72064 
71257 74030 
24461 63456 
38801 68156 
19054 42990 
61907 69337 
21194 23653 
14619 20361 
22896 40983 
18915 46353 
10904 73018 
46219 55523 
19135 62554 
26839 38728 
68763 72321 
4864 54601 
20195 68610 
49956 64288 
38514 71900 
12475 41058 
32660 37332 
50658 64577 
74713 74713 
62560 71813 
38959 68893 
27495 40180 
15052 38052 
29792 38324 
74020 74454 
50116 66124 
14923 61384 
18373 46585 
8065 40785 
21059 27836 
30284 62298 
29993 54079 
17203 56308 
55256 62450 
11220 18594 
53913 72663 
51837 57526 
73793 74893 
51720 63423 
51933 53090 
3072 38159 
70997 71669 
25196 28229 
28892 46802 
3017 37364 
19121 31178 
57669 72595 
56416 59903 
46790 57794 
14076 21384 
44660 57985 
15679 71084 
55602 57580 
62172 69966 
4561 8429 
63641 64996 
8380 10741 
5699 49201 
24642 29543 
20798 54479 
11929 24566 
37463 68998 
25111 55615 
34193 64786 
22477 47044 
72209 74419 
50417 64538 
67495 70872 
70387 73220 
71562 72826 
51602 56191 
68834 72576 
31148 40460 
55691 56519 
10561 61551 
28528 72019 
3564 38816 
13293 49898 
73920 74273 
54708 60081 
71309 73978 
45132 61326 
3300 26453 
4642 28734 
52841 56916 
6586 40662 
54811 55770 
28410 28523 
63764 65725 
49511 50674 
8882 69724 
63035 65683 
39589 51613 
48461 74295 
55715 70708 
54326 74936 
14089 59656 
72930 73239 
856 40890 
22850 34768 
53461 68001 
53567 54195 
70367 73706 
38803 42493 
14579 58843 
22497 30927 
5210 40034 
40633 74434 
33300 71215 
65332 68370 
19372 58777 
12116 67686 
35743 54280 
26843 70956 
23956 59713 
39662 59094 
36985 66386 
69661 70413 
51541 62517 
49893 62778 
3570 29652 
53641 66014 
74428 74687 
71829 72276 
55900 67991 
54799 60188 
3792 44759 
46609 72836 
66876 66955 
24653 28277 
13717 23920 
52271 52663 
14865 42539 
3645 24500 
37622 63963 
73703 73801 
36771 47031 
9406 37470 
1176 23485 
56526 62411 
45641 72832 
46302 67948 
57736 66518 
37391 58135 
28640 37036 
62831 62901 
59748 69969 
55862 62208 
74424 74431 
47231 65433 
20040 46896 
34486 60976 
73746 73756 
61612 72140 
70342 74708 
25153 62633 
16105 25292 
12247 62915 
2111 52858 
74920 74999 
49949 69770 
14296 61181 
45060 67578 
54006 70210 
71163 71587 
5702 38182 
54275 63381 
74657 74921 
69295 73233 
2261 67513 
53945 66459 
63686 64717 
32456 56307 
17037 59258 
38248 47814 
648 21542 
52482 72476 
18754 74046 
27781 52696 
16176 55075 
48932 57567 
64000 71679 
2675 44243 
56735 65289 
64582 64948 
27922 63362 
16810 52436 
71947 73790 
35062 56704 
40270 55187 
23436 69049 
73706 74022 
22752 39975 
34968 45058 
3871 27816 
19783 36629 
25035 38482 
19508 34182 
42841 57774 
19268 61434 
67599 68586 
63054 74352 
26867 35036 
64180 74618 
46170 53771 
10862 65256 
46074 57585 
10985 51088 
72785 74881 
40397 58025 
58370 65816 
42839 47301 
53420 57375 
34554 43895 
3696 64321 
62827 72152 
42714 72492 
58695 59191 
68654 71623 
25581 40426 
32636 43275 
7799 50285 
42878 65083 
62770 62857 
62821 64222 
38442 53801 
67827 73214 
39663 48553 
20512 63431 
66450 72891 
48023 71818 
74929 74993 
40878 74643 
23233 23707 
28026 46356 
24933 35928 
32011 56197 
12624 22043 
56951 66777 
28265 55476 
3183 46422 
16754 25856 
38421 72742 
25368 36711 
9598 28346 
18845 34425 
59131 59995 
37212 45732 
7819 74890 
2109 33949 
60919 74970 
9953 15740 
41785 49549 
74602 74887 
9989 48243 
14921 64670 
13580 58844 
30414 66930 
346 44860 
15505 25619 
10500 67294 
67182 68173 
19980 37325 
20100 63497 
6622 8414 
47436 61722 
16797 72561 
30111 69483 
31562 67480 
15970 29134 
56014 57287 
4322 44528 
33063 45123 
40667 67316 
6386 41105 
67417 69226 
9488 55673 
14418 58592 
34853 40203 
29945 70977 
63449 71381 
69306 72816 
738 4992 
8996 52639 
6242 69953 
9869 42562 
27958 44395 
72198 74963 
9122 25826 
54544 54649 
65700 74609 
73349 74354 
61840 73495 
73877 74846 
69530 69850 
61011 63059 
12893 49225 
21906 25084 
29316 44380 
21760 32765 
34938 70241 
68003 74617 
61750 72122 
63404 64435 
72396 73051 
66675 73272 
29171 59181 
26256 37864 
20033 73318 
26051 51375 
6025 26656 
1208 52689 
55673 67358 
56420 73280 
56869 73927 
55692 67300 
74388 74486 
17627 46652 
20306 27025 
12784 38571 
10355 61966 
15960 24379 
7306 58453 
6209 43812 
23641 37042 
9990 17659 
44894 55481 
12918 64869 
975 41511 
687 30731 
29767 51989 
15790 30756 
49058 67527 
25087 34215 
67483 70420 
28308 51046 
73973 74242 
19725 44495 
36684 44099 
17137 49421 
7641 13151 
47894 54448 
37756 69847 
15524 63298 
24576 68294 
47968 52337 
6669 28216 
66944 67480 
28083 37813 
154 69704 
29824 54517 
26248 71872 
31840 53528 
29190 35458 
7460 73238 
29431 47352 
58692 59809 
68786 73182 
59366 70907 
57867 74327 
41951 68954 
3248 43568 
44436 55810 
36624 74215 
15110 46976 
58687 68688 
31508 34047 
44885 56856 
40654 54124 
58842 67108 
12747 66960 
50416 72591 
69916 71107 
23375 50184 
42907 58856 
54178 61421 
54793 69498 
44248 72397 
45245 73323 
19746 33101 
50805 73696 
34247 42106 
11852 46275 
54267 74787 
29783 64648 
42870 58824 
54442 74346 
34110 44770 
27171 37324 
21672 41664 
39759 40284 
63503 65043 
51141 61556 
71519 73347 
42906 45317 
15479 67430 
55984 73275 
30027 61378 
56180 67341 
20676 26930 
21032 43816 
6096 58072 
8767 51842 
19024 53462 
40751 66149 
27159 27967 
17589 32320 
46750 74614 
56031 61247 
27506 57673 
10130 53741 
68605 70457 
47046 70495 
11531 13313 
68621 69387 
2722 37256 
12681 60244 
73908 74785 
28629 46540 
15357 56786 
15110 27237 
31410 44267 
17177 72632 
53279 65183 
62791 69330 
19404 24581 
44125 48103 
8584 56833 
22339 33915 
60922 73107 
19649 70314 
30918 70451 
27974 43980 
71981 72523 
73153 73972 
21236 59140 
56209 62967 
18968 56586 
10582 45217 
30436 55033 
12655 71412 
74246 74644 
6387 36557 
15876 26344 
25223 33788 
56581 60558 
8922 46472 
24709 36908 
62955 64121 
10734 22303 
7228 8031 
60802 63572 
68850 74958 
43663 68661 
9768 30656 
61132 66814 
1808 47592 
72314 72440 
19607 47553 
29170 61592 
41812 58707 
33589 70609 
73600 73727 
10650 58947 
1887 72411 
26023 73828 
34101 65374 
60069 67523 
17044 71089 
37684 70845 
25993 33099 
57725 60096 
54808 68276 
61141 70552 
7144 7355 
74796 74996 
63300 69064 
34982 37760 
16904 25856 
66590 66775 
15377 64076 
37217 49498 
32983 57918 
44976 72101 
72889 73907 
59263 59704 
24746 65262 
49244 66603 
11089 71684 
58859 71865 
62890 66421 
68849 68961 
21885 64484 
40602 59053 
73763 74426 
53654 69118 
15083 61830 
54425 70862 
61755 65780 
61787 73872 
30584 66171 
58095 73937 
58364 62082 
19524 43811 
72282 73552 
32392 50822 
44002 48910 
54763 62552 
14850 65353 
6153 36269 
53129 58416 
27457 42372 
32129 54355 
41956 46621 
31317 40051 
43383 45728 
13928 49648 
4780 51825 
2251 60549 
68580 72092 
10114 69095 
4396 4840 
26554 51299 
62527 73570 
7013 18215 
16470 58079 
58514 71389 
30515 72955 
37157 61916 
54507 56380 
15103 31091 
19775 54323 
29332 38061 
72095 72100 
72596 74726 
54913 59240 
17849 47550 
18747 20712 
31460 65530 
39806 50608 
36217 45632 
12758 36225 
29793 31182 
41238 69613 
24480 43698 
29482 31416 
1150 72228 
48211 69807 
13696 49054 
74191 74209 
61876 72151 
51196 56100 
57132 64068 
30511 48379 
11321 15136 
23043 57397 
16999 49200 
63052 73439 
41678 43172 
45964 46961 
49425 65847 
50879 70260 
53027 63479 
55182 58128 
42003 73191 
42040 43323 
30427 72222 
30056 35223 
52209 68986 
39521 44402 
26557 32237 
74898 74982 
61221 66863 
16837 46830 
20942 36601 
22434 64256 
41031 74888 
2703 11730 
11021 16252 
2097 10822 
41027 53875 
56974 57115 
16021 64870 
28567 56535 
74312 74964 
41759 59244 
4577 28086 
35372 68344 
63191 67328 
46463 59293 
19022 49611 
57701 71717 
4946 15336 
49719 70333 
37629 44215 
1762 32433 
31499 46798 
4753 31247 
24509 41774 
58746 66682 
42112 68493 
68459 70953 
51036 71114 
73675 74671 
20855 26790 
30086 36088 
31218 59694 
40086 67512 
44382 50435 
62200 70898 
35984 58334 
51475 72214 
58948 67462 
63170 74168 
25616 55164 
57572 57867 
24401 59217 
61379 67708 
20808 48920 
2127 23842 
40185 72276 
72187 73929 
12630 33605 
33887 72714 
34058 41258 
26626 66311 
26687 36403 
49267 60949 
71681 71858 
9825 49095 
57208 61831 
34165 45394 
63929 72409 
58262 64975 
29208 49322 
41091 60012 
17569 63731 
1656 31188 
70384 74467 
48908 62750 
45796 72512 
26268 41672 
5427 52268 
17760 62311 
53294 61525 
7514 27738 
37510 49670 
58011 65949 
47616 70998 
29636 50186 
51376 56190 
46449 51099 
1216 65112 
73493 74498 
34705 56050 
35994 64781 
50480 61201 
1537 51362 
39105 42567 
1570 24778 
48064 72167 
21285 36388 
56511 56743 
54746 59519 
44379 65619 
55249 62386 
32365 55910 
71582 72970 
26661 71951 
46059 65239 
44180 54033 
74818 74964 
27253 31450 
3330 59023 
24657 26055 
41893 45755 
51021 56248 
40074 46741 
11930 60155 
5235 25791 
13770 57323 
56651 57339 
54891 59474 
44515 65248 
57529 72901 
39761 48947 
66218 74012 
5980 20525 
35829 50569 
11458 73477 
46151 52948 
36678 45567 
68321 70997 
45082 46282 
18119 52680 
71741 72943 
32629 68003 
38921 43594 
66106 66313 
54652 58302 
41811 70132 
9962 14945 
16273 57027 
36620 67070 
50445 66431 
8852 66275 
50923 70412 
5083 63375 
1081 14617 
45744 47357 
49669 63998 
32734 56137 
52008 56837 
61800 66977 
63859 70235 
55568 69391 
71069 73489 
22712 52451 
23127 69397 
49805 74852 
43801 46460 
46240 67011 
44027 65620 
62641 72966 
19685 21065 
21374 56607 
50056 51861 
17164 29024 
7901 11645 
45396 71262 
64453 65366 
53085 74394 
73128 74732 
59050 68099 
33472 52960 
60076 70727 
65681 69670 
23196 64372 
22556 23582 
14809 61974 
16445 61596 
55167 68467 
34794 60777 
7657 21322 
24435 33485 
57431 60923 
17178 39300 
55657 72480 
58184 74529 
36870 56404 
64268 74959 
38520 53519 
51701 52409 
68638 71110 
64008 69772 
35021 71850 
72076 72826 
22762 37753 
17360 21194 
15654 59553 
69194 74081 
35639 63001 
68863 68946 
71430 73756 
4330 13314 
29155 57631 
73191 73212 
60848 71865 
33592 65730 
41527 44630 
33455 52822 
58306 72944 
57775 71486 
51443 73786 
71658 74270 
42978 54649 
35943 65689 
1688 46111 
33430 56641 
36405 54300 
64838 73090 
11670 47096 
32846 71016 
39055 67753 
28346 39267 
21597 58525 
27082 72291 
47881 74030 
25719 43143 
38507 47528 
65051 74721 
35447 43490 
47607 63008 
57461 63393 
61744 74614 
67728 68862 
29768 57961 
11038 17601 
8048 30380 
61329 63247 
63795 73395 
50424 63140 
10124 72598 
13844 36941 
19911 38562 
66208 67988 
26774 27945 
32800 52109 
65711 72941 
62800 70358 
48375 49542 
3774 16096 
18994 49221 
66604 69290 
44393 49399 
25205 42635 
19307 19390 
41504 45638 
71937 73367 
49023 68146 
51414 56620 
36034 36241 
46946 57115 
19174 58629 
44646 66466 
8623 40419 
31968 61004 
62726 64994 
63000 68056 
27733 62141 
22453 71208 
35512 45240 
31894 70302 
8169 28828 
7951 15626 
3506 11955 
10498 31056 
70616 72898 
48813 60364 
28261 67325 
33962 65249 
12223 64844 
26913 55085 
31810 40947 
7849 34878 
66571 69403 
70926 73477 
37070 37147 
65000 73773 
22294 36134 
32696 55915 
51523 60127 
38054 63454 
11236 63471 
68787 73656 
50021 51126 
46176 62525 
66416 66468 
7662 67656 
14005 52578 
61865 73182 
43633 54885 
69133 69607 
9160 17602 
34995 38798 
14809 15555 
22574 26540 
63440 74235 
66537 67007 
64716 66316 
34960 55971 
7442 42328 
69598 74341 
38987 72838 
10524 71224 
19744 53367 
18076 56841 
15915 41597 
12194 23063 
21712 68206 
61515 68482 
26196 69019 
56620 67438 
18300 64286 
53191 73086 
25280 26870 
13775 33808 
51297 55343 
64719 74552 
63098 68455 
51419 52523 
14700 69202 
72621 74050 
34557 64883 
14518 63672 
2067 73122 
62137 68747 
47441 48532 
74971 74987 
74572 74851 
44443 68304 
23950 60838 
11837 56219 
58632 63836 
69793 73009 
12821 50558 
64535 69689 
3906 7023 
13458 41650 
43382 44500 
15146 65863 
61497 65937 
35393 71236 
28384 39287 
47881 60149 
71962 73246 
60397 70423 
33300 66199 
6190 60530 
36554 71758 
58371 71388 
24000 58621 
27542 51328 
20923 30739 
53746 59291 
53117 74325 
71869 72792 
46952 58329 
60446 66441 
10214 40762 
14878 46390 
39593 40050 
72370 72778 
56163 67789 
2973 9178 
56485 69717 
66722 71040 
4828 69284 
42174 70397 
43694 68145 
52849 66650 
71868 74011 
51006 65400 
28335 71056 
65359 73464 
57366 62778 
10038 41699 
43215 50352 
68191 71724 
32554 65017 
37373 71998 
60753 74669 
24124 50273 
60047 66525 
35944 73268 
73986 74615 
18222 27919 
46860 67067 
12114 15746 
14372 15863 
55288 62470 
6149 18052 
67643 72518 
30967 55807 
4275 73876 
34407 46947 
52112 60890 
1322 20147 
10927 49155 
8774 70407 
38449 40973 
40745 48954 
7419 61966 
4653 49990 
5760 15422 
31983 58477 
23533 29375 
27243 49761 
63390 73424 
45535 47282 
9579 63627 
12082 51045 
53570 65585 
46144 53311 
62004 72048 
65279 67163 
55505 69128 
7350 33599 
27205 64965 
60095 66314 
30108 49501 
51456 57381 
37904 53476 
44784 45439 
34145 68686 
3556 65584 
6034 28906 
48894 64962 
59284 69650 
56902 57448 
57729 73559 
45915 74662 
38484 50932 
15416 46463 
1599 52458 
31461 52247 
3998 7028 
20852 57026 
8926 16514 
34408 51427 
22874 47936 
3858 17934 
53760 55988 
28974 46565 
50131 66584 
43705 51749 
55057 63151 
51244 53232 
29813 37103 
4453 54420 
34163 73851 
71687 73241 
64770 71353 
68112 69468 
5994 34467 
30706 47982 
50007 54080 
992 29146 
34538 42386 
12377 48863 
23369 48636 
45076 54204 
7521 15549 
46402 57577 
59142 72302 
39601 71267 
59002 63570 
18715 62895 
57215 58033 
48217 68735 
49564 63551 
11480 51934 
59871 60439 
3803 69712 
42490 43712 
18128 52588 
6565 32831 
42794 61555 
47802 56772 
68812 70238 
55193 56520 
65440 71562 
22279 42646 
21284 45868 
56454 64780 
4889 46862 
40055 72321 
41408 58029 
62752 65804 
47886 73910 
60021 64703 
27329 68407 
40359 42448 
7051 60072 
43634 53587 
61873 62066 
33606 49322 
66498 66785 
4536 22404 
30495 45272 
36268 61803 
56621 57600 
74346 74484 
47749 67261 
65930 71444 
32240 73560 
58020 62690 
62033 72891 
15703 70483 
32291 70351 
45375 56670 
25360 64244 
32673 41797 
23750 46084 
45761 67698 
71831 73018 
38672 39222 
27191 58246 
51393 61269 
44363 46715 
14854 49067 
23095 30269 
16852 25877 
7305 62649 
74377 74609 
71452 72359 
67238 71127 
24182 66734 
301 49281 
14653 57352 
19323 56540 
54774 73457 
19143 31527 
27894 30056 
69931 71273 
52820 65312 
57383 69858 
63851 64390 
38414 41565 
4590 48921 
37781 68416 
22951 28396 
26300 71071 
46646 71846 
19419 29258 
34023 34189 
30813 45982 
23681 67220 
31642 60095 
52204 69954 
40575 63333 
11373 72168 
64928 70149 
61188 71313 
9685 26516 
63004 70933 
51763 67836 
63595 67666 
58454 69232 
69166 74523 
30502 67285 
42809 73283 
11777 55116 
45905 47578 
43087 59826 
73912 74342 
53981 57019 
63373 64955 
69952 70307 
53537 54093 
3333 52936 
24745 40552 
53851 59000 
72792 74172 
33636 64633 
19845 48091 
65620 73325 
29762 41303 
26479 51849 
49419 66927 
69808 72213 
43965 68676 
2003 28813 
8227 62588 
27483 62136 
12994 53655 
29107 64863 
19084 67057 
3259 11861 
52844 62785 
19301 32789 
4433 29473 
23667 34530 
72607 73121 
66959 74373 
66075 72611 
41532 57131 
24736 60146 
58212 61419 
3547 52608 
48164 68624 
25169 73686 
62177 72401 
404 66331 
53232 63699 
53482 54855 
39503 61155 
57072 66456 
53731 69639 
50670 60422 
20629 69599 
20872 51223 
64388 69815 
72488 74482 
49755 54704 
68555 71228 
19323 37899 
11998 74150 
49398 66711 
55448 58923 
45585 58367 
44035 61183 
74787 74942 
17747 70377 
73964 74725 
67828 73028 
34096 62442 
55144 55871 
56693 61365 
30748 48449 
61015 65515 
35689 56991 
11959 16213 
14933 46457 
15223 54350 
57482 58672 
11478 57493 
67756 68471 
73325 74328 
3861 4141 
6820 38827 
107 20067 
67106 74189 
15501 43725 
64651 65158 
39402 62636 
36170 37787 
6842 42350 
30585 45385 
185 42160 
17372 54772 
35134 48144 
71047 73210 
1555 52481 
65813 70204 
63641 65272 
53065 61898 
28927 41294 
17915 46945 
58995 59687 
67852 68992 
60176 62042 
37836 42072 
55029 69013 
44371 46736 
57712 65926 
48341 65478 
20342 34969 
71448 73120 
34626 43290 
3806 6018 
52854 72661 
44496 71571 
52704 54077 
42491 70900 
47634 74725 
69355 73601 
32182 47504 
5082 62773 
30694 71075 
4589 67407 
18325 40509 
37628 65361 
17301 37771 
49931 67780 
332 66010 
36015 51609 
17417 46404 
55363 64611 
38666 41859 
3307 3663 
36204 61568 
4425 67157 
70544 73651 
66433 74854 
35417 74930 
6523 25521 
50055 69316 
30926 64923 
30090 53097 
47587 54699 
44550 60627 
58026 69087 
53419 65277 
14835 33120 
24155 52880 
65532 72600 
35244 35377 
20576 66892 
381 50750 
42024 50888 
48887 53692 
71607 73915 
29844 39001 
51265 67723 
15151 69689 
20289 38515 
64055 74034 
5210 33203 
32718 46835 
46661 53632 
10175 21264 
62459 68284 
66763 73585 
35464 44975 
46531 59507 
62610 66926 
29938 55234 
30130 61238 
24055 29441 
74364 74597 
37223 45066 
49937 69908 
24855 25420 
3895 19146 
31009 60958 
74500 74990 
20041 63833 
49399 61594 
39242 61596 
62796 71560 
4277 15600 
1296 7932 
72379 74909 
50067 55951 
3324 62614 
34922 58549 
12557 68813 
51677 58376 
46422 57604 
48761 54322 
4454 30276 
20218 66800 
30724 40068 
45735 48337 
71715 72365 
49764 61528 
2926 17583 
65374 70360 
6310 61191 
358 54961 
53016 68550 
616 68365 
56268 56863 
30637 58304 
10973 45533 
14064 30454 
55020 64887 
47362 70686 
16624 36369 
69842 72975 
14805 51624 
26803 53693 
28987 41434 
37822 71504 
27550 71962 
46888 68719 
13627 26000 
33228 47685 
41739 52293 
18929 64892 
8969 48628 
44441 65650 
29872 54159 
5004 27763 
22845 23918 
17597 55004 
9754 41949 
58730 68161 
14622 15215 
40235 48299 
18747 22607 
7313 35410 
67517 74230 
38954 60215 
22513 72865 
8629 27425 
6303 7813 
2353 47737 
752 18591 
60242 73295 
27537 71970 
33089 50223 
69709 72332 
69795 71858 
14646 70594 
28275 31803 
63487 72368 
73269 74900 
70645 71407 
59632 74782 
65936 68360 
19222 70059 
43224 49829 
47418 66923 
33051 73583 
67240 69144 
17705 19121 
3373 33091 
18894 32372 
19324 61165 
27847 67393 
44284 44804 
592 46489 
30983 50148 
24923 30767 
67813 73259 
37283 48255 
11215 51826 
9946 17965 
53050 56961 
42770 61981 
62801 74699 
46666 63870 
6674 25492 
45997 55898 
67951 70141 
29131 38293 
72388 74330 
4421 4625 
35018 66329 
875 42256 
16709 22807 
25448 52757 
59413 69918 
63069 71109 
23885 38413 
74513 74744 
65084 69448 
26265 52909 
62016 70164 
8884 37809 
52393 54681 
47581 55382 
28174 74987 
67631 67642 
13421 13964 
36319 65758 
24452 66911 
71633 73624 
61645 68802 
68188 71469 
68869 74300 
54547 73141 
58819 63032 
69364 73133 
67553 72444 
25334 45505 
631 6825 
32735 33443 
72537 73345 
74947 74967 
26029 50679 
962 20715 
7586 25880 
41538 72667 
45960 57910 
14826 24324 
10743 30642 
49514 68859 
34336 53847 
52545 59745 
71798 73543 
46058 51142 
67731 71360 
27650 70459 
56577 63409 
2289 73103 
48367 56551 
44841 50079 
38482 42627 
42433 62758 
62629 72842 
74904 74962 
55086 73743 
68149 68576 
1665 33120 
72914 73489 
38299 74371 
50612 53189 
6007 65786 
28576 57576 
13158 41865 
34190 68521 
69699 71809 
2734 67064 
35328 55639 
67821 71311 
7802 28413 
20714 23079 
25994 61897 
49217 62649 
54104 72605 
19657 35883 
54066 71950 
12793 51263 
45119 66739 
8514 50834 
27701 56495 
21027 51894 
73399 73921 
17986 18419 
29939 51513 
16050 37056 
19303 35989 
45163 48807 
8937 31851 
45254 58176 
55947 59738 
12990 60260 
38703 57589 
49374 53289 
20435 67449 
20649 55329 
60409 63152 
1738 63512 
9 32669 
34725 69806 
24681 73561 
13596 14146 
30770 51861 
9466 23024 
16124 19830 
33347 62600 
4077 62147 
16349 37347 
31579 45952 
69305 70739 
59249 64672 
30672 45589 
44426 52386 
32997 35792 
5162 67921 
62789 73847 
32234 36696 
48956 57627 
71396 72184 
53964 64668 
41324 60768 
27810 74686 
19781 74891 
28237 48564 
62894 63642 
71253 72101 
46115 51155 
69044 71482 
40869 67987 
33167 45896 
13871 74858 
31541 45141 
37719 51838 
8407 16030 
54413 56296 
5123 64358 
57731 62780 
61616 63864 
52873 69052 
24573 38654 
72003 73736 
68542 68693 
23423 34432 
64191 64226 
19038 70097 
11765 35717 
1381 66660 
70126 74470 
32358 46645 
44867 53436 
61951 74012 
20748 63806 
2409 6994 
67754 68059 
39179 64191 
18130 58445 
3036 71894 
58275 69173 
73564 73690 
37324 53676 
8195 22788 
23496 71269 
67752 73289 
21129 72046 
61205 63499 
44005 52906 
19904 27409 
70215 74404 
42367 67350 
68627 71796 
58303 73228 
56000 58231 
12981 21896 
69607 74719 
56347 57824 
71084 72126 
52437 69498 
68634 69789 
25626 72948 
16852 34347 
6926 67378 
10045 25896 
66874 73113 
12715 52222 
45824 70320 
47066 59438 
23677 45818 
16058 26821 
28546 40769 
5318 15870 
45787 74419 
51769 67577 
47159 48607 
45933 49996 
8600 17610 
22495 58331 
20862 40743 
60939 67509 
47481 52603 
40815 69944 
58346 60856 
47102 74822 
19876 55288 
64247 64762 
41519 47091 
39722 43075 
60054 70199 
24288 57968 
562 66174 
20208 29400 
24473 59875 
63402 71549 
31238 64825 
3642 39101 
31105 31524 
22440 71628 
46016 57522 
41107 55544 
66591 73299 
24370 67918 
42355 66221 
4196 24724 
52758 71526 
69499 72661 
69309 70811 
44656 68776 
68642 73889 
37728 60117 
22741 57997 
11934 67349 
17388 50776 
26250 42849 
37085 52703 
72820 74029 
68338 71149 
12207 67198 
57272 58098 
32414 37437 
9047 45129 
40937 49643 
23857 46642 
45692 61176 
6638 70999 
55472 68568 
69809 72619 
48752 59067 
60134 74257 
37049 39516 
40466 53989 
48068 50591 
7974 14628 
69471 71418 
49963 65256 
52514 60426 
16887 36197 
66181 74176 
43465 61403 
70669 71372 
29170 64722 
44066 71845 
4410 45752 
23459 25562 
65743 71611 
34886 67283 
55842 59820 
2114 40888 
61649 71925 
56452 70469 
22078 27272 
39686 74665 
25633 49465 
53326 60782 
37834 40912 
3698 58745 
48817 63086 
44598 74264 
70211 74547 
70841 73406 
38229 59133 
685 53028 
6787 54203 
27888 32104 
475 38585 
37159 54703 
31454 68265 
40119 59152 
48533 73167 
13360 14192 
8611 59815 
52275 70091 
73840 74906 
3929 48532 
16731 52858 
27061 52252 
27613 63001 
23095 65209 
5583 19134 
3251 30908 
63813 64102 
22396 50677 
25817 49925 
25674 50822 
62940 63635 
3273 56126 
72406 74725 
20219 32136 
49401 62335 
30823 52150 
7415 10469 
38177 70766 
6182 46771 
27959 34333 
52340 53018 
59397 72918 
33198 44381 
40505 64772 
3090 52238 
52266 68714 
1880 47268 
27772 67989 
21581 23198 
45980 59113 
62772 68387 
14024 52353 
29444 52410 
10814 41106 
68590 73583 
18472 57412 
70511 74981 
71823 72613 
47378 63841 
71680 71954 
14529 31359 
20714 67519 
11201 36017 
47851 67886 
74335 74627 
65262 70478 
5594 36402 
39025 63431 
60651 61241 
42986 62579 
42776 54859 
63210 63263 
70312 71252 
36381 73315 
7803 30800 
224 74908 
44788 56091 
74164 74890 
23577 63118 
73534 74587 
6218 66651 
72411 72995 
68430 70541 
38329 49378 
35561 53668 
12245 35451 
24070 32962 
49532 68325 
24750 73078 
22985 37262 
35377 74340 
61578 65335 
34304 71286 
62105 69544 
36114 60148 
6654 30972 
12398 48392 
51773 71460 
32029 50372 
7910 25713 
49622 60947 
7208 16640 
42765 68512 
47846 70434 
12090 17637 
2654 40773 
23920 47674 
16748 28745 
70666 73836 
36588 55954 
53982 57641 
73178 73299 
36374 65900 
24909 34832 
14897 16597 
1202 67276 
36600 72381 
30619 70535 
45144 55554 
41290 57088 
37181 43731 
42199 64318 
18031 60557 
9389 42570 
73357 73510 
30762 56205 
9088 52792 
52435 61926 
73433 74362 
65806 72853 
73380 74200 
43934 54403 
46751 49088 
8752 28885 
57877 72613 
53466 58598 
8018 66306 
35847 63474 
3679 39458 
53344 66933 
57825 63863 
43501 65368 
73895 74213 
10178 47657 
51575 65252 
54963 65778 
34529 38178 
3830 20563 
59269 68529 
40666 42488 
27292 52514 
1093 74209 
69045 70577 
53793 64070 
50227 71847 
10274 44925 
15464 30577 
38426 49976 
1031 72849 
59536 72022 
40882 62080 
21239 43713 
32019 42844 
49034 72179 
2560 43438 
64672 73583 
40641 66900 
64290 70797 
37077 72273 
34840 64911 
61890 70952 
6716 29063 
58451 61733 
42164 74943 
32467 59390 
15231 32434 
16650 61127 
22717 63355 
18413 25878 
54638 59299 
50119 66857 
27240 60967 
24821 44720 
20874 49424 
23801 69047 
21186 50627 
5008 47225 
31244 58325 
27334 48565 
59894 74096 
5379 64482 
44131 67354 
40747 63456 
28520 42412 
42240 64098 
26577 38485 
39213 39260 
46350 47248 
56587 71317 
68375 70244 
41069 70953 
10146 17578 
43468 72027 
48391 70864 
50545 62243 
56460 72086 
70584 70996 
56723 73327 
32505 63583 
63342 72827 
16583 51788 
46609 47820 
11847 18340 
65563 74103 
17897 44498 
61376 72612 
4950 42598 
44683 64996 
60878 63879 
20144 59711 
26384 30812 
38019 48902 
46131 69180 
20126 28675 
63322 66671 
54166 68523 
3272 6610 
29952 69870 
26997 39275 
58296 66682 
59860 64367 
64099 67448 
70262 73676 
50242 74908 
36691 55609 
17272 28275 
36880 72596 
30892 43345 
70762 74566 
51059 57656 
63801 70760 
57660 73807 
64512 70583 
31729 62246 
69111 69547 
35670 40788 
2744 62542 
32289 61716 
65476 66882 
1544 41266 
10487 59539 
24693 42021 
38712 46968 
37203 62499 
22286 64997 
4170 52407 
60139 73264 
73521 74196 
57145 68944 
67708 67735 
3204 70218 
33260 64274 
38498 40931 
10494 60426 
36319 51690 
49944 68194 
73119 74450 
68534 69032 
33573 60345 
28738 67720 
34616 67765 
41994 58937 
69024 71346 
12656 49937 
20749 67120 
20897 22648 
206 69225 
27792 56628 
16854 55980 
58960 74529 
5727 58223 
1104 15758 
35650 74990 
29958 62728 
28680 51184 
38198 49273 
10470 55098 
46059 50611 
39038 73169 
48746 55508 
22377 54287 
42872 50986 
52439 56334 
23858 27801 
62170 71790 
74058 74602 
23891 57461 
62620 64717 
11067 60900 
70708 73542 
43281 58718 
9858 42580 
678 25216 
15839 69253 
32124 58551 
56427 63565 
53992 70693 
13488 16474 
21719 65245 
45701 61210 
1706 7258 
18243 61877 
20884 57635 
11923 39778 
13930 14281 
15416 16814 
73513 74871 
72151 72846 
52286 57643 
49192 57170 
9334 40284 
50386 57282 
12199 43598 
35133 53798 
24820 74246 
44894 62842 
22326 39053 
4705 61375 
74753 74922 
22295 64641 
47756 50329 
71595 72967 
42136 64780 
17690 61133 
28115 40498 
68418 69967 
23516 55725 
69147 69507 
20473 70965 
45018 65060 
17710 60975 
3136 72719 
70926 72641 
55199 71312 
65566 74857 
53668 58995 
53687 58378 
7848 12202 
40588 41656 
22405 60642 
65432 71859 
29621 63453 
66428 70435 
5174 68448 
26825 35037 
594 64303 
63797 72144 
21013 54752 
29924 37225 
53855 64481 
6742 12082 
42646 63579 
9624 66236 
32680 73979 
48012 48237 
20504 37555 
32016 46124 
52069 67851 
9887 54962 
2830 31869 
60987 74612 
27077 48861 
38259 40456 
5100 64593 
37692 49810 
62905 68933 
22410 45570 
20500 42487 
73392 74979 
60109 63229 
41113 61043 
68932 73647 
32566 39880 
42642 63170 
73356 73771 
33200 64907 
53574 56608 
34979 55062 
54445 66312 
58420 67657 
63685 71304 
19684 32280 
69814 71160 
71146 74519 
41586 56306 
9118 62412 
35529 72982 
8126 36816 
50582 58775 
41688 64665 
54104 54746 
54142 71623 
41899 70528 
22070 44798 
44410 45060 
12252 20709 
68838 74952 
59771 62496 
5872 55134 
64221 70617 
19096 38442 
69498 72651 
13185 51122 
50167 64127 
13362 34312 
61853 74692 
47510 67110 
32529 56450 
23661 28013 
29198 55769 
32639 51343 
67487 71195 
32714 60891 
4056 32617 
53141 61026 
62637 68180 
56266 67203 
62015 67363 
33840 50768 
33882 53282 
25471 33702 
73068 73838 
71515 72458 
61814 62253 
8448 32200 
67113 69204 
30519 55371 
39222 40935 
28750 65438 
2403 5953 
54754 63209 
26618 43188 
40238 63302 
31608 34678 
41323 60587 
65090 69893 
4409 5480 
46368 59620 
49808 73083 
49737 72378 
54749 70136 
68921 69542 
51606 67154 
26632 39260 
20148 33999 
28441 49139 
35924 56771 
31733 63801 
50708 70114 
10794 32659 
13345 26489 
19297 66666 
8096 58381 
8022 25015 
66453 70865 
68655 74797 
34251 70721 
6042 47781 
71060 71774 
31950 54147 
30739 61422 
70385 72866 
15103 62433 
44762 51058 
43067 73772 
66299 71096 
52855 61026 
22100 30520 
47549 56139 
7481 67532 
22703 41030 
71972 72139 
12371 19377 
21130 42586 
8638 20344 
14462 19876 
69682 72954 
56451 72042 
18588 64814 
42683 61296 
54424 74002 
51555 68599 
37132 43984 
13431 14453 
56418 57842 
67778 67956 
16254 55620 
72218 73898 
22546 54323 
5928 65644 
38666 52225 
62068 71096 
24306 24489 
55764 57764 
42324 62699 
25918 50804 
59799 68955 
15741 39836 
67803 71936 
50938 65248 
9338 25919 
39459 43546 
22033 33113 
43169 45779 
71366 72114 
30653 56586 
42586 74543 
72538 73170 
48221 48228 
18310 63161 
8650 39912 
6408 56981 
56166 71888 
14051 56837 
43088 50180 
61298 70453 
73958 74877 
71788 74384 
52963 63121 
70494 74711 
62650 63439 
12929 59926 
65689 67046 
72495 73922 
12302 25189 
67590 71037 
18943 28786 
28876 36959 
5829 67074 
72254 73453 
18486 37791 
38011 55810 
2193 32469 
59436 65922 
69951 72730 
22645 69565 
67708 67733 
50157 62049 
5047 20523 
41268 66610 
50688 64272 
3882 33233 
25321 59565 
20103 65742 
28629 48630 
40021 74986 
47578 53631 
42975 55128 
762 28720 
70020 71017 
56492 60195 
30270 33986 
15131 29337 
32030 40763 
27946 44490 
7208 33175 
909 21787 
70841 74267 
70762 72253 
56614 68805 
43738 67430 
34038 65855 
24832 36174 
74005 74540 
71526 71993 
13909 66705 
5408 31326 
63789 65394 
72606 72758 
49919 56715 
21505 24299 
74270 74664 
69380 70445 
55685 64824 
57753 60226 
55425 60203 
15270 36722 
74445 74677 
3565 55543 
71116 73406 
65299 66837 
17598 31912 
2422 35811 
60722 62204 
3762 59890 
18916 20312 
54727 56526 
52317 64633 
10999 25537 
57382 65105 
37695 48296 
29424 74325 
34195 39856 
66042 68070 
32857 34569 
47836 74934 
27232 72143 
31847 71994 
72830 74485 
63688 64678 
70543 70621 
60283 68393 
64454 69759 
60666 60733 
36698 55072 
20945 43291 
34181 73835 
61411 65288 
61576 68253 
38980 71435 
6459 60362 
25642 27037 
38564 65153 
28744 39133 
4689 38546 
57881 66024 
58996 65488 
17164 48838 
42243 53216 
60823 65494 
40902 45945 
62548 74157 
66043 73299 
12089 43943 
52686 68442 
28738 52478 
3271 15416 
33306 62637 
51641 56824 
3760 33160 
66063 66172 
35852 60881 
72166 73583 
61533 62373 
6956 70802 
55628 57713 
23036 25297 
40653 56838 
5234 46338 
14994 32088 
52471 56378 
17215 57919 
16802 50423 
28129 62315 
41281 57580 
10202 49371 
69514 71598 
48998 65027 
68987 74899 
13717 36379 
31062 42985 
32258 59421 
36498 59212 
53058 54305 
37371 64513 
69323 73580 
71717 72799 
4247 9909 
72991 74065 
45884 73022 
24106 45042 
24466 54745 
39745 48410 
3348 66068 
73537 74968 
60249 65448 
71034 72623 
74554 74603 
37857 73878 
66048 73785 
43837 47700 
10301 19099 
31698 67404 
69571 73825 
51025 53557 
28813 56162 
36267 66339 
11560 35376 
51375 60514 
54000 65234 
3995 73403 
27159 72362 
36955 68346 
60984 70373 
26381 70729 
45594 55543 
64292 70977 
39304 59050 
67194 71818 
53494 54413 
57721 70347 
23984 52573 
66850 72543 
70844 73702 
9678 31154 
35366 35501 
63854 68176 
19460 74668 
61446 69339 
53982 73733 
26469 28214 
74324 74658 
4134 34573 
44127 62820 
66098 66356 
30616 68076 
58873 59136 
9964 13685 
24311 36679 
895 29612 
71041 71085 
47467 52777 
28121 60300 
60475 71726 
72190 73997 
62689 74325 
37576 44904 
50935 51809 
42269 43378 
63345 74437 
10706 29113 
36966 70079 
37996 43721 
24378 56773 
17850 40588 
52052 64089 
5177 59360 
61189 61799 
35726 54840 
5559 24491 
23736 35011 
39269 57872 
64461 68749 
4181 11152 
6597 46497 
40991 71845 
15238 37900 
61884 70842 
67650 72434 
11382 30054 
64547 71699 
73014 74239 
582 61315 
56244 73079 
41632 53203 
8270 42790 
43016 73100 
45967 71429 
24311 54492 
28284 52376 
59354 61374 
24581 27867 
74526 74695 
23410 67986 
430 55404 
57247 60868 
11405 49984 
53565 69464 
55203 68030 
5315 29903 
66094 70337 
37310 52298 
56891 69055 
3157 16356 
43005 48501 
23401 72221 
60617 71140 
58719 70287 
18229 36224 
53812 66853 
54812 60900 
53149 61884 
42463 47465 
28875 59224 
11803 27127 
61299 61504 
45373 52168 
33259 65368 
31874 50133 
67983 73553 
22462 53430 
55352 57173 
52155 60975 
62183 64255 
71572 71895 
45699 73716 
18022 33294 
59652 70810 
37237 58601 
39114 52144 
36094 64954 
5004 60354 
18229 49676 
34928 70198 
72069 73595 
65311 71892 
47603 56839 
55900 69559 
41259 53517 
55406 71448 
55457 67606 
33431 56445 
55730 62743 
47226 57473 
10918 42620 
62225 68149 
5599 19380 
72278 73128 
51029 61245 
18797 37629 
2980 60957 
5120 70470 
25535 34812 
64622 73166 
6073 50308 
22778 45818 
74532 74730 
58380 67455 
1253 49246 
54373 69041 
57959 65613 
58635 72404 
33602 58942 
2705 3678 
13699 48055 
7969 54191 
65680 69816 
25854 60465 
63127 64141 
16689 65281 
42804 48547 
58042 59524 
26825 34948 
42603 50844 
24931 53941 
60550 66174 
41503 60086 
63169 65828 
24139 28975 
56361 74731 
36028 53047 
49389 58653 
72266 73950 
61980 63221 
56443 61535 
45851 64474 
62027 65372 
18796 63487 
6121 33754 
46062 64163 
17682 54142 
6274 66919 
46212 74857 
56000 73230 
63639 65313 
3401 21205 
10020 46398 
42068 70186 
36705 41143 
34351 63057 
20712 26297 
70847 74735 
8510 47427 
7208 11629 
54513 67381 
47653 65696 
57992 69526 
17655 34076 
71357 73834 
56187 60400 
15307 59259 
72402 72586 
38308 44076 
35287 66058 
71742 73205 
26220 57266 
9913 36564 
18656 22607 
8849 18628 
42483 50783 
11549 52572 
67108 69079 
50 5817 
22897 59950 
36822 38968 
69409 73936 
50243 59299 
53395 64209 
41880 47397 
13597 68027 
26866 38017 
43854 59486 
51992 55968 
46787 51570 
3272 57732 
43138 72764 
40664 72206 
66406 68908 
31395 64535 
454 70610 
60547 61517 
29138 40440 
57568 72946 
36963 45970 
61720 63729 
38793 52373 
42987 64242 
65962 71297 
22408 45413 
48525 64573 
37435 52419 
24293 27162 
5050 23588 
67390 72971 
28695 51282 
59508 62835 
5503 12071 
31243 59305 
3039 65795 
10456 55587 
73480 74928 
8265 58224 
32945 68027 
9094 43689 
62731 73921 
37406 41121 
69353 70806 
71792 74918 
60892 68567 
42057 43521 
34826 41916 
6550 34956 
12863 16626 
27247 30615 
3038 30364 
69132 72158 
32791 53463 
71726 74795 
70032 71048 
49758 67163 
61630 66553 
60922 67246 
66161 74557 
55081 73158 
42191 57494 
24725 69250 
50807 62792 
20956 36423 
67094 73774 
3382 34242 
20019 42651 
41101 56962 
46314 56205 
65097 71442 
68261 68934 
48751 56394 
44386 47982 
44097 45096 
40885 61906 
13821 19045 
52485 69123 
53731 71392 
10355 70691 
4578 12489 
55975 73257 
72725 74859 
66076 67931 
38240 48889 
55355 71544 
36887 72239 
69953 74140 
10669 18597 
20241 21675 
26715 30358 
55588 65515 
63793 69169 
59130 62312 
12449 49194 
33725 51326 
45702 56791 
45584 49363 
66076 68567 
44108 53685 
11403 20809 
34716 43307 
7976 24440 
39161 43261 
7595 15779 
36363 55444 
16993 71435 
40433 50489 
49764 60710 
41469 57912 
73020 74614 
14346 31167 
72656 73544 
9331 37967 
29715 58885 
4951 10006 
24146 56131 
54137 74431 
65131 65523 
70751 71195 
61908 73015 
17268 59103 
38975 41978 
28126 61032 
21462 69731 
30979 67725 
9997 59339 
57943 71026 
36241 72693 
51026 74919 
1664 65250 
29911 55428 
69582 74631 
22322 33764 
24909 69634 
63732 71309 
58982 73239 
40328 56566 
38053 44696 
67420 73342 
40271 44664 
5049 38792 
47142 65962 
46440 72439 
42279 52103 
31147 53794 
6420 11009 
22033 66237 
26310 67354 
74559 74677 
50683 65667 
21930 50006 
56076 67809 
28359 59394 
13501 49302 
74485 74799 
5108 26925 
60184 60918 
54260 66982 
9169 13562 
49989 61907 
47506 64770 
9379 64405 
67155 74580 
41145 71412 
60102 67832 
21963 73334 
8586 14924 
36067 59646 
24132 61551 
11390 47714 
71683 72262 
12789 54695 
5090 21499 
37414 43519 
71518 71979 
29595 55115 
16689 55877 
20294 49339 
12591 20066 
58568 67875 
433 47972 
6847 71174 
27061 35944 
39126 39927 
15515 62463 
45467 73458 
19257 50005 
68611 69221 
12926 49991 
53740 63308 
65665 73827 
6044 46175 
70655 73291 
52186 61280 
38475 49081 
2918 11957 
15663 49657 
36836 71405 
5670 56905 
47000 66044 
56811 65822 
26310 71394 
43387 48653 
55234 66525 
34676 41248 
6229 16929 
15335 33623 
60202 74630 
14396 50849 
3437 23042 
65626 70111 
57691 60731 
68940 69300 
10842 16306 
41186 66837 
21791 74097 
40903 69160 
62402 65384 
69964 70823 
66877 73392 
46697 46708 
58082 72383 
68562 69659 
38720 60978 
60428 62765 
15511 47672 
48469 58803 
61153 65272 
14080 50835 
20590 37603 
49996 60774 
67913 73433 
67998 72787 
43484 70644 
36231 46058 
62870 74251 
9514 55377 
1746 57285 
48143 63571 
50234 64668 
19977 46084 
5457 48068 
60567 63283 
40080 50970 
55573 62093 
4422 56509 
31333 57914 
63538 66979 
19367 61928 
51632 61423 
20290 68741 
34935 42077 
31505 69520 
30009 55104 
15610 57143 
35503 59069 
28176 40919 
28362 58793 
74709 74811 
39263 50005 
6973 31674 
568 73726 
72091 73061 
36067 73152 
22906 28971 
48629 73056 
48612 70265 
73500 74180 
2420 67779 
34274 60800 
12230 24221 
2499 4005 
31214 51568 
32960 52715 
52810 67791 
55787 66692 
53051 66851 
10533 74268 
31821 32925 
3086 73895 
29370 65352 
16073 23265 
19005 52198 
73927 74821 
40975 60084 
44267 65014 
59110 71805 
29408 37780 
23020 54722 
751 5309 
950 7342 
58408 73574 
2621 47983 
10918 56235 
43755 57573 
18307 39439 
37882 67924 
37056 43733 
25937 60901 
57262 74486 
8815 35763 
57943 64413 
48661 71455 
487 58767 
44780 63012 
52420 74544 
53459 55141 
41178 60849 
36841 61361 
58569 70019 
20833 59168 
21531 52044 
12260 21474 
51393 61885 
64818 66909 
54839 60618 
45315 53629 
37676 63743 
8224 27916 
36480 65500 
33454 66331 
70299 71423 
14286 53429 
69565 70121 
26634 50268 
41843 67412 
45351 47311 
39505 68406 
43406 68992 
33060 66020 
42055 59404 
57360 66449 
12353 28862 
56246 59242 
73974 74828 
22380 53614 
36452 44797 
6284 25436 
44652 57117 
14160 26664 
25207 60001 
34633 60379 
38976 71168 
48898 51488 
17125 61415 
44415 51396 
34700 70752 
16368 45891 
59775 69622 
72316 73817 
4907 61099 
15157 37856 
40820 68869 
35302 56756 
60376 65455 
18513 65548 
23952 61392 
67664 72658 
43307 52796 
13001 37837 
61927 68078 
1833 13412 
74234 74396 
577 60628 
29802 42181 
72371 72829 
57823 62217 
41561 44385 
32681 63062 
49654 69387 
64659 65015 
46394 54022 
72525 74521 
27942 69352 
51443 69710 
18630 62495 
27926 63961 
47289 51262 
66831 71942 
69931 74256 
67690 70640 
60440 66377 
51923 65164 
19749 25195 
42564 68483 
14232 31203 
1051 22328 
25817 60345 
1313 27567 
9522 37136 
69171 74934 
13309 22550 
53840 64073 
18565 71312 
35369 74477 
27542 30662 
26248 59773 
69622 74252 
37379 46022 
8209 27323 
6720 68594 
5010 28546 
59373 72225 
26251 30611 
47386 53762 
5567 46531 
53807 61977 
33849 47462 
56378 56882 
66890 68113 
32471 62487 
48257 68247 
27653 62482 
71563 73157 
73863 74226 
3730 49400 
10446 42912 
15705 57411 
39857 49995 
12611 42187 
74323 74607 
56658 58929 
72697 73223 
47158 49893 
20685 71186 
70173 72001 
66216 69428 
74738 74890 
49578 63987 
69129 70419 
44096 46884 
6186 60754 
9174 36251 
63015 70556 
54498 54976 
68774 72334 
34884 65204 
56437 58267 
56746 58940 
36075 73285 
35368 43543 
42283 70739 
28805 42401 
65334 67518 
22778 52020 
67949 72839 
70940 71522 
54309 73925 
18130 59477 
44172 47291 
43183 47463 
31704 41630 
64877 69210 
31507 49634 
7193 19928 
40338 51002 
31678 38481 
42427 44772 
32185 45665 
68710 68962 
65059 70997 
54036 73587 
60325 61588 
9910 42771 
63000 63339 
197 51454 
42004 70305 
13644 54091 
73544 74908 
6885 17236 
54866 55470 
49869 54544 
63288 69705 
55804 71484 
53272 60615 
62390 70895 
64729 73295 
3827 5040 
14658 39833 
19053 59407 
55615 68734 
19756 53770 
70172 73415 
66526 71912 
48137 51879 
37514 64164 
62112 68381 
46209 68367 
53394 63941 
684 4726 
72478 74876 
64610 68850 
66877 73936 
54388 68977 
62826 69377 
7612 70960 
35196 69216 
17235 58496 
18212 28104 
55306 61185 
42873 72640 
54711 61004 
68262 69679 
64118 71234 
17401 60546 
23085 65184 
65469 65950 
39856 45120 
5251 67129 
68985 73840 
48797 58180 
20590 40830 
73304 73986 
11912 19342 
51933 70500 
15743 22311 
25500 44622 
50806 65195 
65427 68765 
12027 52001 
15493 60969 
36311 71936 
12725 74822 
34512 46650 
53700 58283 
9692 32001 
8923 48211 
48990 69678 
33038 38709 
37741 42579 
26523 31574 
4857 18854 
46479 61590 
23210 30727 
53372 70792 
8554 51985 
3421 36093 
9236 72492 
292 72949 
63619 67452 
20042 65612 
71224 73423 
9376 42767 
9517 39436 
66972 73330 
60548 74876 
3333 55001 
24560 29208 
65419 71436 
73379 74340 
5846 23606 
20894 26606 
35174 46431 
24496 35678 
74191 74693 
29390 39612 
59734 74036 
20528 63929 
17938 69366 
12435 36751 
35329 59223 
18492 30834 
29155 56016 
54446 71208 
26862 27428 
52986 69363 
74108 74190 
60752 73689 
34905 36233 
67725 74843 
46889 60791 
50093 74708 
9932 73110 
43947 56225 
4448 66967 
20746 58187 
2609 64060 
50488 73508 
23012 32393 
65166 69389 
59527 63357 
21281 63980 
49460 65314 
36392 66328 
24498 74737 
26952 29455 
50945 57490 
57011 66174 
30757 68111 
25311 29806 
3385 68606 
12189 31670 
38716 69689 
37505 65688 
42758 44344 
70940 71245 
72222 73506 
47006 63041 
19427 61676 
42897 65200 
27398 66710 
16579 40318 
9308 46287 
74354 74760 
10376 22398 
53539 61338 
28719 60883 
44518 68053 
44597 52581 
37720 53896 
67443 69925 
29100 62011 
71872 72689 
46267 74349 
9948 73028 
51299 74592 
12471 15150 
35773 43249 
14420 34006 
69891 71481 
68775 73523 
57527 71206 
53236 72094 
42190 71537 
21986 31037 
50309 53417 
56394 57504 
46578 64788 
20335 54906 
3803 20383 
26157 33371 
22034 69829 
53269 57673 
54226 70115 
22801 54458 
54363 63765 
25371 63105 
9448 47027 
59889 62850 
51855 69858 
42349 69500 
13975 67575 
18760 25875 
44656 54199 
46198 69484 
35726 38185 
6129 34039 
37926 71941 
6916 69397 
28785 41515 
62119 67785 
3159 12361 
30053 56725 
1097 5544 
37357 46445 
45186 49947 
18054 35667 
52122 74202 
25184 60587 
36265 55254 
28029 37620 
19463 21810 
6081 54700 
14244 72570 
72567 72789 
47243 67938 
32756 39870 
74606 74997 
32015 35398 
58952 60747 
25062 38864 
31908 54119 
39558 39869 
14623 51793 
47842 57845 
34908 72072 
52811 64122 
31720 70409 
45141 52895 
42326 59262 
2657 54630 
40327 67424 
15445 39915 
13134 25995 
72561 74453 
70238 72266 
55281 69594 
11284 22761 
45642 53722 
74469 74662 
9644 38769 
24475 59587 
16406 41398 
47253 61292 
63367 74404 
14358 36045 
51895 56099 
65584 74224 
7014 54350 
3653 49849 
58555 70666 
34934 64634 
10856 56783 
21422 62296 
20088 62252 
64291 69704 
66613 70642 
65316 68825 
46982 48321 
54599 71128 
37503 73414 
53768 68626 
25473 72602 
11430 24219 
41683 50651 
66347 73227 
41416 57739 
33327 33690 
222 35723 
27804 63330 
5344 24962 
55756 61586 
50039 63099 
52138 62297 
34123 66870 
19978 54293 
1575 59205 
50086 65327 
4340 34223 
50427 62762 
64591 65655 
4886 33574 
35342 64004 
53467 72217 
73249 74103 
67341 74339 
20342 37606 
51853 67526 
63814 70773 
73395 74028 
22149 61385 
34696 57199 
4610 21545 
23239 66198 
64318 64519 
43939 54713 
1756 56020 
20461 43750 
72447 74612 
15065 73444 
63482 65700 
45028 53548 
68801 69854 
73925 74606 
18915 25909 
69152 71344 
54920 55260 
28145 36001 
19793 52458 
46270 72120 
30974 36226 
44738 58513 
38498 48443 
56108 74528 
51309 70598 
64533 69242 
54979 65774 
44532 70671 
35319 52482 
29699 38812 
59358 62081 
44529 66356 
29825 54144 
46406 58373 
49943 66699 
14008 62428 
27541 45497 
64212 70366 
18125 66610 
42290 45667 
59698 66510 
2677 49752 
68035 71827 
51276 71253 
19320 21043 
25481 47872 
32500 68627 
4370 24833 
74182 74586 
11863 39392 
62693 69864 
19509 34470 
18577 52257 
30181 61531 
33665 54560 
13300 74381 
70602 72404 
29501 46534 
12955 40285 
6289 32894 
10743 53089 
37439 56256 
22271 62685 
20091 50048 
29810 34749 
30877 72318 
437 74730 
14340 44280 
27313 66998 
58726 70440 
2353 74092 
29303 50853 
48393 67503 
16323 33738 
1496 25298 
23583 63915 
41709 65041 
2097 19440 
43691 70156 
70083 72230 
74751 74806 
47187 52883 
6395 42969 
28799 65571 
61973 66933 
26337 40683 
2355 69759 
19629 38319 
74977 74990 
8847 16257 
37407 74570 
5061 57044 
39767 57010 
5772 60706 
53101 54472 
3501 51589 
2528 62542 
68489 70102 
24861 38865 
44315 49657 
59368 63816 
3844 14449 
54516 62661 
32771 68397 
48633 58553 
45381 65463 
68864 73152 
39120 70945 
40088 65195 
60328 68347 
72450 73067 
32367 33009 
30358 45980 
56716 62372 
67033 70247 
50937 64501 
69829 72437 
39549 55088 
23627 64350 
43185 74334 
10986 47652 
36926 60952 
26931 60425 
54827 58952 
20916 25483 
59846 74716 
25434 59485 
68906 69746 
64124 69113 
73257 73822 
47746 59160 
22174 51377 
66388 68756 
66827 72254 
59940 72784 
12616 39570 
62707 73990 
38271 38775 
28441 68141 
39343 43152 
22031 30068 
40268 73137 
10199 46002 
60272 62957 
19489 70451 
29203 43229 
19929 67842 
40216 52413 
55001 65606 
62307 67338 
2342 62160 
5238 10198 
48486 49149 
62645 70025 
45519 70271 
70068 71367 
58346 73317 
60688 74404 
68287 69610 
12061 24390 
10891 36314 
72219 72285 
66010 69231 
69132 69337 
50796 62793 
46995 69448 
38518 73914 
10233 30177 
74251 74473 
70761 74542 
32820 50818 
31690 63706 
27547 46888 
4505 42197 
36420 49400 
72931 74981 
9659 21162 
39984 60153 
27606 70297 
9546 71450 
25237 53985 
23900 25320 
73177 74440 
55157 57671 
70911 71643 
64958 74472 
55493 59998 
17070 70805 
61125 67377 
40476 62842 
22368 34442 
49446 57917 
22513 54988 
10490 13486 
34679 72737 
5 59563 
28151 56312 
39378 40843 
65803 68182 
35213 61122 
52911 58359 
32227 62205 
5062 36510 
34652 50715 
8561 66233 
32606 53248 
35236 41548 
35439 70104 
33525 37630 
61185 68574 
60438 71511 
45217 64127 
65373 71530 
8478 19314 
33882 64949 
55732 63955 
29918 53930 
58280 70060 
45582 73588 
68442 69594 
35670 63470 
38156 66079 
47133 68174 
59105 62806 
49955 73335 
52142 73725 
15137 45152 
67862 72086 
61139 68253 
26800 47272 
18565 19217 
6916 32701 
12342 20108 
54104 62627 
29423 56683 
39157 55416 
41906 67392 
19959 73145 
34335 42216 
39903 52983 
42349 44501 
29059 39081 
72953 73590 
30978 34734 
7832 35972 
28259 74546 
13525 62756 
49562 63751 
65757 72027 
34457 60607 
46728 48337 
19148 32966 
43101 57081 
49194 66629 
48368 73734 
46339 69968 
35874 52092 
50055 74336 
18075 63330 
36667 74271 
17318 58893 
2373 10832 
51745 52409 
6188 37299 
68548 69978 
65931 72580 
26956 60810 
41710 56969 
11701 29550 
32988 34879 
34906 63798 
35548 46466 
42099 63337 
7158 38687 
19625 69928 
70846 73034 
60782 74646 
35125 48887 
12949 49483 
1965 44450 
36020 44130 
40353 53588 
46440 62362 
33843 63623 
46650 48667 
48326 52637 
55280 63402 
18844 34566 
29659 73928 
13441 23375 
17901 58039 
15330 56331 
45898 72861 
55815 60173 
26311 72279 
32210 71811 
19335 61477 
63037 65236 
26869 67714 
60513 64999 
59178 66566 
39105 51062 
70194 70510 
15969 69334 
47065 63218 
71260 72234 
38148 47398 
13091 16107 
28827 62160 
7340 10556 
55076 63601 
3067 56210 
30568 65427 
32720 65871 
56003 68303 
37767 61970 
55511 67811 
44345 63280 
41682 73518 
44497 54500 
5060 62918 
47475 60615 
1742 49569 
66760 72401 
25293 36304 
51425 74002 
23673 66376 
31975 34946 
45485 68226 
16514 55860 
9879 65629 
66567 70884 
57299 65317 
28379 73798 
62815 73874 
37601 44302 
36693 73703 
21108 49567 
17260 69415 
73571 74712 
55287 71366 
35615 66745 
22084 65777 
11197 13917 
31383 48297 
48324 58983 
39700 52887 
73382 74973 
32524 35301 
11484 63884 
64575 71334 
50236 60821 
60637 72455 
8295 19278 
6987 35263 
51326 71905 
28130 51996 
57403 74526 
53366 74987 
23948 48884 
50048 56035 
59345 73733 
31278 40193 
10065 70228 
72685 72955 
72233 74666 
49503 58170 
26372 50498 
15027 50725 
64395 70446 
272 33561 
50265 50956 
22000 44931 
27457 52099 
56456 69346 
31767 48183 
3622 7137 
64783 70112 
48314 63881 
35132 35304 
21736 33263 
30007 47873 
7549 71983 
46986 49459 
16838 34485 
32183 43939 
24872 53604 
1094 14987 
40236 54606 
69167 73045 
39074 47130 
16018 53171 
60650 73500 
37093 69940 
59084 61756 
44678 71322 
35065 57041 
29073 65158 
27590 38586 
36670 63993 
70688 71002 
22766 66300 
74850 74922 
4463 61337 
45390 72450 
69379 74146 
25152 64191 
22778 57625 
25781 59511 
21456 24502 
25214 58272 
10506 31101 
16606 63513 
17715 35271 
49636 52692 
33992 56982 
10179 53808 
12534 23004 
58513 74690 
38456 66133 
40551 64075 
65081 70665 
152 14953 
3995 57771 
48826 68637 
73975 74698 
52631 66473 
38321 73841 
2746 68977 
10272 31885 
2820 47572 
21156 64444 
2437 6076 
30982 55487 
10515 54666 
71247 73731 
902 21333 
69722 72836 
59980 72407 
29325 53428 
9705 37263 
47009 67105 
31813 61460 
48968 61031 
60131 71010 
21078 69453 
54278 70620 
6351 44383 
70115 73512 
27652 52579 
9181 38421 
10536 45924 
61586 66916 
62414 62586 
33035 44717 
38172 56015 
2757 37206 
42830 44444 
27974 40822 
16734 61056 
61709 71750 
37343 66781 
1254 11923 
6848 36399 
56625 64745 
32206 37526 
55861 71243 
12677 21778 
51620 51712 
29946 61466 
38782 72629 
60349 65689 
26692 74748 
43673 60639 
7903 43773 
52968 63498 
47318 68748 
30264 46536 
54 41829 
67057 72904 
49205 65243 
74685 74900 
23680 33631 
32092 58165 
68855 74807 
43068 56422 
28704 73110 
48212 61088 
17371 43502 
14722 21494 
44301 60440 
10871 22157 
16307 39465 
34301 41926 
19493 39124 
6920 52345 
5528 11743 
40674 58938 
33870 73413 
37574 70845 
14503 56562 
27607 34632 
71500 71856 
61358 72001 
23932 51505 
46247 59237 
36943 65836 
8726 10531 
16054 19214 
53541 60681 
43085 64521 
64909 73344 
33441 34348 
8633 27572 
37974 66095 
53936 65029 
51550 73880 
26035 26154 
15548 50564 
24160 34454 
72933 74034 
61213 72774 
20616 71360 
9814 25477 
38440 56805 
24909 47117 
56282 72167 
67839 74431 
13407 19676 
74191 74684 
56334 65616 
74112 74950 
13079 64930 
37869 52794 
70615 71709 
61905 74455 
14758 35646 
72860 73292 
536 46036 
16182 25143 
5229 26659 
69132 73360 
70283 72158 
6183 52472 
71499 74564 
51059 69939 
56254 70676 
41804 73459 
43915 66672 
4368 8104 
41953 44982 
56711 71513 
30969 36853 
29373 45785 
48970 67111 
49405 73670 
69461 70528 
45506 68823 
10695 44027 
20958 54247 
4939 12401 
66658 70415 
25510 44151 
63003 74224 
3176 21099 
16522 73923 
37662 55336 
59640 66766 
36523 69989 
60247 63853 
51658 55725 
68722 74575 
42180 42320 
35332 65647 
52305 52686 
21470 47040 
50176 59656 
24336 54362 
50103 57697 
7831 73396 
7369 23772 
71955 74078 
26573 71905 
60296 74736 
33431 43206 
29627 55574 
38032 51553 
27257 60952 
71979 72663 
17873 27780 
41329 50569 
2246 46422 
22147 54623 
59824 64794 
10974 32943 
49425 74841 
64275 64828 
12260 60886 
57611 63004 
53925 63857 
51129 54858 
34310 49627 
61152 64727 
61804 68217 
13954 32715 
34815 52740 
27257 45987 
70123 73616 
17256 21572 
11729 40288 
57229 60505 
33541 74368 
3660 34015 
72293 73725 
39400 73281 
21571 41687 
24984 48289 
57165 62406 
71564 74721 
18385 54140 
10245 39533 
22417 32890 
73687 74503 
26451 70834 
54110 58199 
63962 65683 
32007 72329 
26188 38570 
44816 58305 
65611 70840 
42223 73344 
29954 36951 
42743 50345 
12375 21569 
68473 74782 
64301 65112 
38133 73530 
62723 70444 
40527 53162 
42803 48911 
45921 67888 
16832 37049 
4609 39912 
71400 74252 
59536 61951 
22472 29424 
44661 71240 
51228 72558 
5961 52054 
4262 74588 
52192 72503 
32192 66100 
9271 27564 
23497 36463 
40823 60029 
64839 73050 
34782 53595 
64263 74434 
70819 73076 
3960 48133 
50200 50469 
60685 61211 
61562 67231 
68734 70356 
58181 62705 
47672 63716 
15437 64178 
63421 73195 
33418 39039 
4789 11654 
32377 57057 
35058 63644 
70121 72603 
57836 67056 
17165 73926 
69297 74676 
1609 16806 
12382 48348 
3384 22755 
58854 67221 
33454 40727 
23881 51445 
47515 62807 
6430 51043 
32504 49065 
39704 48394 
26240 45510 
41293 71680 
69580 71050 
65343 71505 
39328 58457 
50011 72913 
63867 64396 
67141 73008 
39784 74992 
51934 70627 
67141 73765 
71455 74620 
6589 8664 
39491 61514 
60684 71171 
19803 59191 
43459 47995 
46545 68124 
72553 72846 
27066 34453 
11587 72132 
19130 62513 
25588 32093 
2576 25570 
44708 49481 
21839 62784 
38832 45924 
12032 35937 
21004 65450 
56471 59286 
9007 29958 
31837 45522 
6896 39662 
33900 71971 
50213 64814 
52423 66286 
69818 71335 
24962 33737 
64383 71653 
48011 67422 
18366 19817 
35124 37895 
16372 68109 
47156 57193 
18933 33096 
22107 29440 
26632 47812 
32248 47012 
72357 73939 
59260 60165 
100 3199 
2716 24616 
7231 31434 
17100 53361 
44593 47256 
5227 19041 
40291 43303 
3710 16733 
67618 70878 
65637 71252 
44626 47598 
29875 35139 
9518 54606 
57945 63306 
18448 55074 
59781 63730 
31400 70900 
25853 48759 
25076 42900 
55134 60581 
13362 28308 
24666 44098 
39025 65636 
68663 74234 
33573 66916 
8065 8751 
30416 71096 
45779 57403 
20741 35727 
6931 49366 
3118 53215 
34427 39816 
28397 44791 
62182 70045 
13861 27469 
31126 67878 
4055 61105 
54035 69863 
53662 64109 
48073 57715 
30300 38316 
70181 72526 
62245 74651 
38417 52529 
263 31955 
51247 60212 
15965 74395 
41330 52204 
7729 52544 
67850 67879 
36108 48225 
17369 60289 
58051 62838 
18637 30161 
4794 68358 
37542 56623 
35582 44911 
59739 74621 
67600 70736 
64994 72297 
32873 67495 
32852 66042 
47052 62338 
52275 57779 
41509 54760 
9288 54566 
20658 52294 
3882 33968 
50546 65681 
31823 72376 
35164 38094 
13805 50080 
69840 73305 
59227 74798 
40289 42330 
57388 70068 
67463 68935 
61870 70796 
26709 69929 
25653 65519 
15156 70419 
27881 51431 
21430 48591 
42201 54755 
66297 66595 
16052 71184 
70740 71294 
63569 69388 
71258 73624 
37694 51883 
8651 34275 
39535 57063 
34684 65179 
26902 43776 
70441 70912 
3262 70896 
58943 74364 
72220 74708 
56818 74940 
57090 66997 
13998 40063 
34722 51701 
52227 63917 
14800 28164 
20529 32526 
42122 58611 
5579 72797 
43213 44109 
51635 59059 
18781 74178 
57831 71277 
60288 70929 
68417 69851 
29653 60624 
12324 38646 
46790 58365 
71670 74688 
29046 30084 
48422 52657 
59051 63338 
61485 68702 
50491 61208 
50735 62716 
68195 70513 
7854 74421 
61973 73782 
58551 63728 
54509 56284 
17662 38303 
43479 43974 
34967 35069 
7677 52357 
15357 25665 
57969 74466 
26126 61736 
12837 33077 
45614 46430 
64231 66517 
10145 10625 
18979 25862 
27373 73469 
58480 66877 
47546 49130 
20846 74573 
64663 68947 
21916 59596 
31109 38089 
6417 9143 
67294 68089 
27971 68182 
44915 58516 
53541 56517 
30423 56057 
52909 65372 
17207 64766 
16638 30637 
6564 29125 
40815 45199 
19063 59115 
48802 72431 
27797 48714 
7245 25440 
27069 50555 
42124 57887 
31469 36359 
24974 27940 
55683 74827 
9108 48624 
5979 49598 
25520 29243 
26803 47474 
50275 64607 
22869 32330 
4893 37637 
57181 59111 
32747 58800 
724 24676 
30744 73438 
15855 40628 
51946 61782 
21333 23159 
31191 46285 
23520 55777 
38247 52451 
69610 71577 
42499 47867 
31058 66610 
20978 52463 
61857 66199 
788 6173 
59740 72941 
40243 52195 
45615 59644 
47074 55261 
56726 68796 
34131 72544 
16879 68839 
48662 73230 
45292 70684 
67439 68666 
13426 37803 
8954 71954 
52558 72964 
66159 71549 
976 64018 
9283 67244 
62532 74472 
56529 69916 
24988 65138 
41500 46723 
52558 62151 
9840 48700 
34006 74815 
69332 72215 
1481 3196 
26562 48580 
33542 54104 
72134 74609 
72830 74997 
24789 38838 
20872 37852 
5585 5727 
30478 41680 
7943 41942 
32395 45919 
5386 71177 
38244 70844 
49922 54291 
49349 71081 
62531 70023 
5149 55730 
71901 73638 
2092 51363 
43764 67123 
38495 51822 
41816 71864 
56132 62502 
947 14474 
3837 45017 
19225 49872 
31285 33797 
62532 68984 
33226 64565 
10429 31537 
68071 68827 
72038 73958 
60182 72751 
62150 74031 
68230 71641 
13757 16592 
55086 65003 
68716 70542 
5127 72413 
35284 63483 
67276 73957 
50156 57115 
501 68818 
56437 58528 
49497 56274 
40956 73519 
29661 48535 
56615 63023 
60275 66329 
16060 66736 
40605 62211 
74048 74593 
71684 74009 
29369 43360 
27717 59620 
48151 57647 
18179 34170 
57290 63577 
37687 38996 
9284 24187 
63008 66939 
20263 68226 
72058 72230 
28019 40296 
65215 66558 
34093 38613 
10984 25368 
52096 68398 
20847 46959 
42147 67217 
44420 63905 
32895 45368 
28968 55819 
55872 69607 
70913 73127 
51855 62491 
22549 55072 
41577 41780 
51864 69679 
2104 66469 
17298 67327 
34009 66767 
38913 47320 
6408 26371 
13359 24791 
74267 74765 
25696 31267 
33345 35153 
70056 72047 
72498 73248 
37441 65748 
42756 61944 
30993 36537 
7841 57835 
44110 57341 
35944 57771 
58261 64621 
49933 50256 
39093 40274 
54671 68254 
60235 61855 
14080 15619 
41957 54743 
71703 74999 
30644 42858 
63017 69591 
15133 59592 
48297 66183 
67996 69843 
14759 18331 
41155 74739 
62102 69804 
10052 20078 
7642 60093 
27549 54550 
69343 74127 
17178 60544 
11925 73108 
60304 66062 
45227 58277 
2821 48695 
33233 57068 
66224 67588 
27486 45486 
39640 48442 
66811 68379 
24365 36281 
43153 47739 
63212 74777 
31068 50495 
68482 72052 
29560 56070 
51415 67880 
44246 72323 
60707 73546 
15364 15765 
9501 71316 
61496 68601 
31054 68547 
40306 70378 
30214 39561 
1643 51155 
36962 41658 
29726 62073 
52457 59968 
68531 73385 
10123 55937 
26867 66852 
6661 22683 
17031 71015 
39665 63969 
11208 36105 
40124 52585 
8882 17056 
65995 67176 
50492 53375 
61199 72656 
17922 60031 
46901 64441 
74389 74538 
72994 74450 
5536 45536 
24529 54533 
54578 73804 
16367 65645 
9625 56685 
37622 55914 
9536 54829 
42272 51523 
10151 18237 
71498 74778 
62140 66680 
23291 57766 
35022 55234 
72971 74070 
52596 64213 
56249 69733 
18845 38191 
16563 45139 
20016 56460 
35006 53179 
72982 74018 
8633 39085 
69192 69247 
16219 51325 
72029 72133 
20289 25168 
46193 62439 
73397 74107 
48719 51467 
4898 35215 
71168 74159 
30746 74589 
71293 71798 
1141 25336 
62816 74619 
43033 69694 
3985 70682 
1643 57174 
71992 72942 
52097 59998 
17291 35796 
11305 63379 
22854 49161 
10027 35972 
31849 71665 
43110 44459 
18187 34571 
50958 65978 
27672 53430 
26514 74184 
36918 62165 
46378 64351 
54251 55525 
34614 44206 
48612 61042 
38662 66542 
35257 54885 
8112 62328 
4439 71567 
70956 71831 
74841 74842 
51581 66811 
26379 64519 
60706 67865 
13096 37608 
45670 65466 
12612 36740 
30826 53437 
27508 66691 
25905 26467 
13878 46296 
54507 60547 
55342 62119 
39207 53385 
13108 35082 
11120 57130 
16123 62088 
49930 50385 
72102 73335 
68094 70549 
53307 73031 
54131 74900 
49453 67497 
18450 47146 
36208 70656 
38072 50434 
59803 72196 
52809 60868 
61148 61922 
34229 61802 
20246 23585 
4222 25363 
53898 62061 
29859 56416 
66500 71993 
50377 70044 
71163 71208 
37976 42402 
61041 69568 
35100 53855 
38673 72858 
10299 36367 
8588 18510 
750 69439 
54571 68905 
5377 52873 
7180 73576 
29509 41820 
3779 74857 
12206 65533 
26967 51636 
52625 61139 
3953 8532 
73556 74920 
69784 70201 
17199 68280 
66176 73969 
42974 71822 
41875 74422 
25155 30284 
45923 47858 
45399 58279 
68096 71294 
65620 69858 
70567 74868 
43224 51212 
70481 71216 
66929 70496 
25497 49567 
25000 31656 
29385 35339 
17602 29694 
56000 66215 
50188 52135 
53516 53914 
34713 43537 
62960 67630 
18196 39320 
39150 46209 
27146 37893 
42057 58671 
35105 39286 
70211 74220 
50459 66037 
65426 72787 
12343 30319 
32894 34743 
74569 74850 
56089 63296 
19831 62246 
655 30435 
35335 35386 
28097 71751 
58310 66036 
53477 59334 
36170 53691 
36370 54680 
41600 67662 
35778 64849 
19726 64708 
16228 58416 
65787 66953 
12931 61661 
35522 55206 
59150 73662 
32634 74013 
11256 25112 
48583 69425 
65197 73811 
50447 63325 
50424 50697 
67349 73115 
9248 48264 
13322 26779 
65618 65907 
15166 19929 
41813 60637 
41330 48821 
14849 68460 
32425 63483 
32939 48370 
71955 73067 
31196 50506 
15375 31031 
59494 72854 
25681 48005 
27035 27530 
28976 71120 
3239 58809 
37602 58865 
63581 64172 
19305 47085 
22599 40469 
26410 59710 
11426 51291 
8350 22068 
45486 67466 
62506 68014 
9661 58130 
53802 64892 
32803 48882 
18971 65804 
10941 39501 
32810 35163 
7685 68639 
13352 49372 
27022 34477 
44604 49226 
41085 68703 
22090 44431 
47955 56116 
8762 61081 
64422 74541 
69005 72199 
1652 50771 
8893 62355 
54599 55622 
18839 40259 
13393 46932 
69645 72538 
41048 67084 
70259 71591 
68447 74721 
33501 40416 
386 74808 
49988 72224 
15661 53087 
41458 59381 
53908 62523 
44033 49648 
53444 68883 
50543 52329 
20642 65738 
47524 61357 
68943 72728 
51884 52366 
43225 44323 
41576 51225 
53278 53975 
11804 60308 
22061 58080 
73841 74656 
27891 30087 
23579 39571 
37284 58078 
1449 65835 
31683 68358 
56860 64141 
13663 36982 
4278 72293 
49555 53120 
36333 67347 
60310 68050 
57138 60879 
20430 25386 
34589 46087 
50095 58639 
47474 74874 
63183 66881 
27514 45924 
11721 52356 
7331 55009 
64463 65559 
51885 61915 
12992 53307 
8501 19070 
69901 71007 
57203 69806 
46495 59376 
34867 34988 
68679 68957 
36606 39558 
32686 33260 
43288 46958 
31131 38760 
21567 22872 
1228 35760 
882 13228 
18024 49087 
8150 36559 
8845 19074 
61664 70380 
2036 18054 
3203 24244 
41132 60572 
13317 22350 
54494 55067 
27361 63133 
5558 50629 
34868 54325 
73576 74111 
30767 32895 
26984 42806 
46480 48811 
41092 57479 
38007 71156 
20383 33084 
40444 56839 
65280 73095 
22079 35383 
39499 69294 
56394 64302 
51484 60733 
42083 65713 
55132 57800 
47055 66841 
70628 74597 
54009 58355 
28558 70992 
52680 57610 
38197 54369 
66376 70012 
50416 52839 
39413 47011 
27466 56289 
27383 29881 
35027 40888 
10000 34111 
52689 73886 
60184 72692 
57309 59175 
6646 31563 
410 35468 
34339 72328 
63376 73449 
20423 27572 
60046 62682 
13994 31283 
33711 50559 
30825 37835 
51974 71101 
3465 33750 
53427 67961 
754 36576 
15185 17558 
2763 53110 
47059 59161 
47440 56889 
9497 49884 
23237 50665 
15391 72590 
10479 16549 
7234 44582 
20362 38309 
42814 71395 
31905 46761 
12446 15832 
57531 66363 
68234 74092 
64330 74654 
29167 55193 
8366 31467 
71838 74176 
26386 32230 
67114 71343 
12001 40178 
6839 55681 
38462 44506 
57657 69573 
45940 65874 
7797 11094 
57026 66694 
35266 53471 
28332 29767 
14389 66094 
2933 60532 
59509 63395 
53001 54723 
38847 62052 
21084 59002 
51737 56649 
56208 59366 
25507 28153 
46739 55608 
11631 74998 
69573 72195 
66814 67709 
37726 59051 
69487 73841 
48600 56420 
7308 23978 
31071 49337 
44761 56672 
22775 43251 
54674 56657 
40800 73095 
55511 59445 
29890 73182 
38940 61478 
44053 62684 
68299 69960 
53492 60252 
17134 52638 
51146 63642 
5772 69505 
19394 51590 
23512 57716 
35852 63394 
74480 74976 
35702 66365 
17740 22800 
72315 74124 
18494 48018 
29907 50074 
61429 69239 
54062 60569 
42935 70613 
28563 67662 
8826 54289 
13120 47426 
4951 7174 
47722 72666 
18821 46441 
1484 60383 
45199 57103 
27415 74818 
7903 49109 
59982 61782 
55152 65185 
24963 57621 
30615 73261 
73798 74336 
72583 74583 
45404 54977 
45415 68361 
15252 30366 
7188 71024 
5255 65520 
28699 67542 
16751 48188 
66120 68352 
3794 67317 
58777 60328 
61789 65676 
68690 68875 
64931 65570 
50332 69639 
11955 58743 
51863 57098 
69181 70435 
33800 37938 
7361 30628 
43960 52773 
2860 46790 
12364 13013 
50069 58050 
25959 71115 
69816 74336 
45452 48314 
60277 63299 
46391 63988 
68126 74973 
25982 42987 
55461 67928 
8495 21436 
71215 74005 
33451 41026 
27029 45005 
73744 74842 
39240 66459 
19574 29634 
26175 52018 
71209 73666 
34169 36136 
8407 18844 
37742 74667 
72930 74728 
41787 61548 
41760 60314 
57276 74684 
37912 63480 
35094 52732 
50950 59789 
51200 63427 
55928 58988 
15922 74186 
33336 49118 
18543 50569 
68848 73938 
74784 74825 
56874 65307 
36849 45005 
45508 64227 
25999 54250 
19182 43200 
68901 69341 
26535 54768 
39719 40032 
65946 71014 
45668 66095 
8252 66133 
45915 69903 
13301 71233 
20814 72859 
48676 72599 
27718 56736 
25445 38335 
21154 23709 
66074 66514 
26624 62116 
24678 66207 
64370 67250 
73990 74848 
21269 44213 
59324 68523 
65212 71065 
24544 70397 
69493 73799 
50378 58689 
55431 65921 
48807 73172 
6434 52644 
22891 44801 
60752 69437 
68115 69960 
73139 73640 
3167 12604 
48938 56689 
74405 74592 
60204 74317 
22476 39092 
23048 74259 
58741 63236 
70774 74199 
30489 72244 
19856 71305 
60098 60333 
56010 65106 
30349 68156 
1514 11468 
70806 73685 
21185 54277 
45775 72932 
22764 44669 
11616 18802 
59520 67576 
6076 41039 
69079 69574 
5724 40944 
66921 71201 
74318 74463 
54563 55129 
54240 67742 
16702 59376 
6141 41794 
70696 74772 
46537 59274 
18423 50110 
55581 55589 
9752 32063 
25603 27414 
23583 27870 
70367 73560 
34390 35171 
4390 16527 
26008 68097 
5783 54804 
36226 42881 
3056 31353 
1229 61267 
36272 55368 
49595 73917 
44366 55988 
6348 21712 
67171 72473 
51047 65410 
70193 74212 
51645 53325 
59206 73774 
35890 53307 
22560 37832 
1820 29553 
29107 63848 
20547 21986 
11164 22610 
61255 72558 
42416 65797 
24409 56990 
65846 72787 
56423 73693 
43782 59736 
32830 70020 
30714 74806 
37795 38575 
18164 43430 
72354 74123 
55294 72022 
23744 36270 
38771 61422 
362 65957 
22489 64173 
74718 74985 
23105 63824 
73207 73744 
8891 43735 
55470 65769 
40283 48076 
72925 74588 
49583 49997 
619 73341 
6258 15163 
47817 66868 
60840 70666 
34885 73948 
62117 63944 
17027 42279 
14474 39035 
58049 65356 
14914 59508 
4888 50523 
35522 70655 
1809 33553 
46911 65027 
7392 54218 
54596 74412 
28997 35349 
13789 43073 
69374 73357 
2503 16582 
12293 55191 
68578 74533 
19683 44914 
24609 57272 
3096 16596 
46074 65051 
39850 73315 
71782 72277 
16939 45848 
37619 73237 
42987 45620 
18279 70823 
23765 35141 
66996 73834 
60736 61962 
71610 72152 
65351 69816 
42402 60976 
18842 70681 
6792 61628 
39823 67354 
55601 71203 
37768 50819 
72060 74126 
33661 37491 
28476 74173 
12808 68787 
33240 49902 
28681 41128 
29103 48545 
39538 60146 
26960 58581 
47203 56602 
54542 64317 
45849 52556 
34824 38349 
56218 68618 
46249 63894 
10275 31698 
19127 39677 
11132 67457 
59650 72925 
23467 60112 
32948 55850 
45 791 
4918 33528 
22220 48929 
62059 67278 
57553 68709 
72171 72588 
72178 74638 
61691 66276 
66953 74634 
49510 73571 
13250 37789 
2822 70569 
28837 55089 
7750 34517 
21309 25192 
26565 38616 
24161 74174 
19922 30646 
52914 74131 
9785 53374 
3434 25605 
41143 56536 
12790 28362 
798 74430 
21448 29601 
55526 72579 
4626 6790 
2998 70768 
49295 65404 
39699 69337 
67342 71399 
35157 43322 
26599 35182 
38623 42953 
29865 58915 
19171 24576 
53528 57467 
19359 66884 
28671 37826 
9097 59611 
19010 28569 
12285 31412 
47047 48407 
73677 74084 
265 58563 
3714 35714 
72191 73944 
13055 52114 
65245 70202 
25425 63265 
64330 67641 
57886 67116 
30410 31748 
24364 35611 
50295 74139 
18124 61644 
59019 70617 
41944 56431 
61759 63449 
21518 66311 
23839 43429 
46704 59821 
3287 33844 
37904 42488 
1989 32035 
12938 36704 
28613 69893 
8839 14485 
26961 47120 
74212 74892 
60316 62862 
13631 57025 
31333 41895 
72924 74190 
55304 57458 
27122 29509 
9838 43946 
56561 73399 
63685 66273 
26392 33285 
73877 74818 
52162 73713 
68543 73991 
54243 61855 
10786 23184 
53084 71968 
20217 40914 
22181 50460 
49902 71299 
50829 51820 
23024 50922 
11198 74593 
32274 67926 
418 1764 
6928 41528 
53725 72703 
65842 74431 
15207 42466 
30777 30930 
72257 74385 
50185 61765 
21538 64708 
27900 35091 
50597 54397 
26037 71237 
70358 71626 
48249 55555 
18591 48347 
6692 55310 
12628 25922 
36233 54012 
62414 68601 
3189 66754 
59490 71956 
17191 70419 
37221 65918 
35472 51226 
74358 74361 
50102 68783 
73855 74534 
11529 53953 
18916 33429 
67660 74519 
68631 73481 
47770 53856 
8054 65962 
38000 53519 
7587 44775 
57874 59373 
31119 49966 
28547 74734 
10337 62845 
69728 71769 
62391 71366 
45294 64560 
6721 9387 
71408 74134 
57031 70832 
7543 51781 
61979 70194 
38105 71283 
62804 67711 
67178 74670 
31358 72645 
10160 15523 
31287 70904 
13763 74848 
64560 65923 
53394 56248 
58239 63464 
20832 55068 
69336 72575 
56420 73263 
21054 42329 
11804 24281 
22374 42595 
53905 69315 
27698 58038 
8332 8441 
45166 69011 
65285 66013 
61147 61942 
14876 41698 
11405 53320 
59325 66155 
62141 72487 
17733 64287 
47217 54971 
782 55181 
72606 73863 
57264 71761 
47134 74998 
60668 69514 
4120 29871 
50541 52238 
9234 19597 
46675 70867 
72037 74037 
48947 72540 
29385 52950 
32944 67332 
1607 26853 
61719 64386 
64370 71950 
65766 70064 
51960 71258 
29574 57820 
35428 44363 
36263 41814 
11101 31246 
74352 74731 
19940 50354 
22965 49795 
10027 27498 
69594 73556 
55095 60883 
60441 61232 
24314 31676 
68590 69713 
58141 58179 
28810 61684 
45907 72784 
34286 68057 
6625 9056 
32916 49163 
68460 71186 
43063 65788 
73260 74848 
68473 72283 
9635 52234 
40881 53640 
58392 74896 
18791 68699 
37576 62179 
18361 68772 
74178 74518 
21667 70395 
48181 53934 
7367 61368 
66614 72861 
42873 52565 
62555 72894 
7876 24558 
17156 37501 
48986 56175 
29498 61513 
37062 71339 
68908 71783 
697 47398 
29847 30366 
26272 64089 
25841 36381 
61077 65621 
18022 35105 
58913 66316 
41766 64367 
68512 69179 
43438 70280 
10236 55436 
55884 67436 
15014 19529 
61110 61328 
62962 64303 
38509 45399 
48456 64664 
31617 54763 
72035 73593 
64527 72794 
66431 69960 
46797 72570 
59758 65207 
12038 36190 
43980 70067 
65556 73965 
61183 61427 
49573 51569 
39746 67239 
7032 9028 
74178 74945 
73658 74422 
17888 56842 
64143 65783 
35753 71281 
68232 72648 
70827 74795 
25733 47610 
12676 58330 
68840 73766 
4279 11705 
469 72896 
72769 74760 
72922 74286 
52391 67714 
68918 69334 
72644 72873 
57652 73580 
25895 45608 
51776 62057 
43004 45372 
30377 65753 
58136 58898 
22990 49009 
17880 29987 
74461 74631 
13504 43766 
25361 28251 
22360 39472 
25848 45537 
20550 41606 
20553 25836 
15696 38968 
53448 68409 
1858 26056 
27545 66866 
54130 54467 
20795 33884 
23382 37235 
47467 68121 
16767 37878 
27434 66684 
10630 66949 
59257 72150 
40832 62215 
38282 40167 
50809 68171 
22576 55808 
74578 74700 
58103 66761 
7376 52766 
58832 60482 
29793 60986 
52832 55267 
8700 50490 
4672 28850 
70923 71909 
3740 71193 
31517 35929 
51702 61081 
12334 29552 
909 39321 
53536 56585 
43087 54676 
57670 70352 
9669 71333 
70982 71643 
20380 23978 
67536 72448 
56074 64888 
32658 35251 
34930 68280 
46077 59952 
72987 73869 
1308 31756 
14359 35041 
35124 42792 
73042 73878 
61112 65443 
3102 3867 
72985 74075 
9573 67867 
50959 68500 
13592 33313 
41149 45593 
59803 65357 
34216 62405 
42419 74960 
51960 58447 
48363 48791 
34746 53749 
52593 58050 
61615 67205 
71032 71785 
50624 69624 
60428 65851 
30639 57942 
35944 45214 
21542 32645 
23116 64045 
56392 59617 
57941 61860 
61510 66335 
14721 35464 
2742 70247 
38305 70174 
30101 36172 
69279 70254 
60678 66098 
59477 60275 
10241 45650 
33461 72989 
36797 51569 
3985 62944 
60749 68693 
69370 73181 
15621 36644 
62592 74434 
47956 67190 
45775 51495 
61969 73643 
48327 63477 
14565 40671 
64227 69503 
47644 61175 
46754 47717 
32824 47283 
71253 74379 
72846 74799 
71660 74633 
67082 68757 
23719 30188 
15457 53084 
38031 46015 
19624 65510 
74803 74955 
5937 30463 
20110 25951 
19321 38609 
18867 19573 
6064 68924 
67894 73822 
11709 21674 
48731 69106 
46098 58333 
51159 57389 
5723 6902 
13373 67699 
11410 70536 
54743 57782 
74080 74690 
49553 59418 
7178 55323 
53570 69740 
16853 55051 
10769 59610 
47920 64367 
51317 72765 
72974 73152 
39762 46387 
17205 61879 
72380 74090 
62063 68135 
53650 57111 
51396 52325 
61175 72290 
53457 68723 
59770 66671 
29207 42537 
72225 72542 
37468 74519 
20749 41761 
71829 72818 
21068 52565 
145 27694 
10584 45169 
16625 23031 
23665 54759 
9241 70623 
61143 63704 
68873 69035 
30389 56103 
34660 37598 
3343 43719 
24302 71613 
50033 65485 
52602 63075 
41810 68312 
41030 43166 
30264 59518 
16363 51379 
67707 74827 
15727 46794 
14663 23257 
8460 41687 
52042 55549 
12606 59908 
70384 70474 
18053 23736 
44866 69078 
62119 73525 
55469 64636 
7215 34104 
46324 70423 
15603 22459 
39806 61543 
45910 58308 
32525 36699 
20325 39310 
50381 52616 
60899 71988 
69343 70379 
40864 56713 
8085 42624 
41679 58552 
10553 29629 
33163 65145 
32264 56186 
35695 44897 
70848 72126 
74736 74937 
68767 69857 
56911 65464 
55540 67719 
38734 49046 
13705 43180 
56951 73481 
49882 56322 
2512 10286 
13431 18490 
53073 63605 
38724 58466 
37197 69990 
52279 67060 
57979 66765 
73223 74949 
39715 44904 
44324 52685 
17561 29175 
38720 60718 
5893 25350 
58728 66944 
34866 44460 
71809 74961 
73216 73938 
35279 64319 
23245 36751 
53552 58975 
36312 48468 
67281 70168 
12149 69967 
59474 67665 
54279 56863 
30500 47943 
24666 71218 
67210 71108 
65214 72068 
11165 63239 
19010 62268 
52156 59782 
8210 30539 
63367 71830 
2208 17448 
6575 37192 
42158 67892 
12422 36637 
65988 69276 
50624 62311 
37262 45718 
13753 63345 
24602 33065 
40762 41764 
36411 63866 
59652 61196 
9072 67162 
9582 59316 
25453 61670 
59512 60746 
4460 47681 
71709 72770 
46946 61835 
36715 57945 
12707 52715 
28765 39125 
16427 44711 
50870 63327 
63916 72528 
10536 51718 
28699 62185 
33138 45806 
56131 71942 
65421 74161 
8604 38652 
74874 74999 
52733 65380 
43152 58981 
33534 50604 
41704 66171 
58475 69333 
56427 71244 
50416 74501 
61231 67675 
56295 74838 
3475 45101 
63472 63700 
67719 71445 
46229 63135 
60064 63758 
26554 57004 
36154 69195 
72187 72224 
29528 40142 
44080 68482 
7237 37132 
47905 50989 
9777 71839 
57182 62765 
73371 74439 
2213 25118 
61785 66637 
61673 69463 
31345 68343 
18624 66630 
58435 62414 
3304 62357 
46735 53166 
59855 63833 
68970 71725 
49759 65267 
22743 51153 
13990 41696 
57609 62586 
61464 66524 
14588 42325 
37931 47983 
58133 59087 
5100 31961 
31521 64569 
64563 68813 
58250 63602 
6865 19014 
11721 51696 
73340 73932 
10318 70367 
70251 74697 
71136 74753 
52208 58954 
53410 68897 
43477 52979 
70921 71294 
24132 46528 
16612 18164 
11349 12959 
6952 37723 
21299 31766 
33808 63210 
69248 72875 
13634 60994 
17745 54461 
26023 68001 
40681 43453 
33886 66375 
53896 72577 
64062 65691 
26408 58639 
19487 30590 
24172 73815 
7394 9786 
31108 64832 
47199 62860 
9609 28118 
28901 74605 
74621 74744 
71454 71589 
46756 57887 
14191 56895 
7717 16654 
6429 45984 
33363 55698 
14720 57950 
14502 19616 
40989 61187 
54616 64910 
32561 73977 
39683 63751 
13337 43697 
20829 26290 
69283 71184 
72600 74534 
32222 38161 
46428 57357 
74526 74982 
3477 57596 
6573 10563 
35136 54629 
57285 61674 
31987 67155 
18765 43045 
1 70727 
17027 55230 
22478 32980 
38350 71144 
33043 40913 
73699 74023 
55923 70950 
3638 48127 
61898 67644 
59211 69006 
25638 74755 
38634 67900 
49589 71811 
27377 29151 
15584 43148 
17308 24794 
42553 60085 
30255 43584 
44449 45876 
50554 68467 
68055 69101 
69573 74418 
56483 74186 
28238 58194 
4531 64995 
206 38488 
25818 62147 
6875 54382 
19712 34407 
12791 35167 
42474 68914 
44245 51940 
1013 45821 
23140 74192 
4558 10635 
52337 56613 
54287 72350 
12424 34002 
16562 49681 
30374 59828 
32142 72733 
11444 48669 
13730 69654 
71127 71440 
69188 74204 
35971 43439 
27272 33299 
72809 72954 
14311 24115 
33307 65399 
18309 29183 
4823 46194 
70072 74183 
7172 30721 
57200 66759 
49809 63534 
36591 73829 
73418 74446 
37609 74755 
12915 47312 
24161 25488 
2594 66479 
56539 62097 
6376 56390 
14251 70594 
9181 20615 
54980 64499 
63688 64575 
32836 40600 
44664 72963 
35351 65003 
40204 64655 
50986 63423 
58249 66684 
18714 69085 
3780 5498 
61609 68332 
12420 74906 
57842 70288 
50939 51846 
32940 37982 
60526 71623 
19035 22066 
38252 39271 
22125 24041 
65322 70966 
32535 72309 
53447 69550 
69102 71487 
9 38468 
3815 36284 
1986 44203 
36555 59719 
27376 44311 
56101 68438 
21080 50822 
9753 28341 
2497 40743 
24126 48839 
13054 50978 
12327 57193 
27903 43120 
69831 73637 
30830 60141 
25535 44605 
12931 24118 
13312 31353 
36134 69734 
50468 53616 
38309 53776 
60326 67538 
64250 72672 
58381 73273 
17100 71811 
55156 64777 
35221 56241 
5143 22366 
18259 18810 
59434 64213 
51513 65096 
2705 47429 
11331 52019 
50683 72697 
23429 53451 
66296 72651 
15379 71590 
49772 72834 
37559 61112 
28669 44647 
18827 56150 
66096 71990 
68851 71254 
37423 63067 
4456 6960 
48319 48724 
13685 56035 
8915 45315 
65685 70649 
14538 40661 
25112 44905 
18846 28573 
15963 49928 
42848 66347 
56682 65291 
9624 47079 
6376 32593 
41765 42371 
30461 71618 
39766 60839 
65755 68478 
34849 49749 
28003 46614 
55010 71454 
72705 74341 
4763 15100 
15456 18949 
3104 68721 
58746 67641 
25066 65891 
38477 39102 
43144 68133 
647 41424 
11410 44275 
71048 72035 
3274 50430 
29335 37705 
45168 73924 
22629 42480 
33383 49918 
68278 69139 
15466 59638 
38242 40369 
23872 60374 
16895 34957 
38886 58674 
37635 70063 
8395 20414 
46635 63894 
5297 27408 
39721 40086 
50709 74898 
29789 71565 
1085 72210 
14313 26780 
14128 70401 
7234 15736 
1709 32133 
32668 37971 
44952 62824 
60715 66070 
66292 72196 
47126 58762 
3206 13056 
71347 72030 
24560 52061 
29826 51357 
50659 55118 
39301 40771 
39949 72509 
56822 72574 
25206 60989 
31369 69386 
15227 27248 
69612 71244 
23513 49096 
56218 67638 
47945 64845 
60208 67908 
25357 46457 
71698 73883 
18821 73332 
36830 60645 
6493 51568 
65126 69226 
40407 62266 
23312 54451 
31981 41104 
46792 73223 
3943 15043 
53298 62320 
50835 72509 
52085 74739 
64882 74901 
56126 64417 
23036 52639 
39942 69860 
17762 33059 
15330 33216 
3916 31491 
73265 74828 
42469 67592 
34252 39741 
51898 67543 
54214 56337 
39024 58215 
4727 50652 
66719 69013 
37602 45224 
8722 70441 
74235 74638 
31518 48599 
1076 23426 
26585 68700 
67725 71630 
35171 49254 
4134 68090 
70304 73333 
34522 55626 
30546 53310 
55905 58811 
57442 59268 
60673 61865 
3037 24129 
44149 61115 
60937 67778 
43480 51458 
24236 73126 
61909 65626 
16596 20661 
22704 74899 
27480 28982 
45225 54204 
207 65358 
42243 66998 
10292 47902 
64874 67372 
51935 52600 
69518 70124 
25409 68470 
72710 74556 
63149 66394 
74287 74561 
15096 67038 
52428 59288 
13540 23206 
24578 47275 
53767 71229 
23581 56899 
40781 71188 
54573 57007 
29935 61448 
32171 65435 
74093 74811 
69739 71859 
6518 60634 
64641 71124 
67979 70720 
15906 31451 
20269 56360 
6377 15478 
26697 61676 
4907 40117 
23219 24207 
37222 38346 
63406 74682 
38353 56840 
37635 58838 
22699 49728 
12994 72458 
6718 51635 
67973 72355 
38455 55349 
69488 70451 
34516 70159 
4527 31564 
50615 66535 
73482 73628 
12249 44676 
24965 61548 
46024 49941 
25923 26182 
74781 74946 
47265 70801 
71052 74528 
60908 64916 
45330 46469 
5067 51732 
51707 56086 
43002 62321 
45196 62339 
23633 35862 
3445 21845 
25065 45743 
32438 60505 
20420 42879 
64227 67976 
2723 41771 
20186 29121 
45217 71520 
41935 74025 
67449 69834 
5913 38657 
6590 34578 
48310 68143 
28803 45437 
50462 55899 
68051 69024 
3863 73624 
13582 20830 
11115 68436 
4256 65724 
30093 45911 
60865 72602 
39208 43903 
69694 74414 
8789 55793 
23150 29256 
36425 65178 
10421 13559 
45922 48317 
46647 68587 
9682 61615 
9919 11131 
3451 14039 
7301 28985 
34474 54186 
12255 55473 
45332 48468 
64904 67590 
11932 19481 
10519 31039 
41596 63969 
17410 53323 
2689 34877 
46197 64109 
36931 50296 
39371 50412 
65920 66164 
3167 64443 
4281 27940 
25279 53842 
16635 29975 
72327 73856 
3054 54010 
48536 49019 
49544 52716 
50827 53352 
43208 57894 
38570 51926 
21810 40041 
42622 67710 
74922 74979 
5438 38056 
44009 49146 
10483 47146 
9631 57432 
16788 71944 
18107 21363 
67389 73790 
20302 71486 
53219 57851 
26678 66248 
38613 68136 
51056 69903 
70068 70735 
49965 73859 
35749 72847 
3265 47792 
66838 74130 
71946 74540 
39626 63241 
61783 72003 
33988 35656 
29017 30840 
7575 68588 
72483 74972 
12303 65074 
32583 38727 
59272 61210 
37470 59689 
18059 18277 
35697 53243 
64004 65492 
64148 65425 
18671 73418 
38257 49083 
56177 65051 
29270 32672 
6652 9534 
3676 14600 
18229 39902 
71154 73968 
66575 73500 
52454 52822 
9164 26774 
11118 21479 
36758 59024 
67618 70453 
40550 53673 
37313 43403 
29923 35568 
52280 73726 
64834 67737 
62352 62874 
73430 74798 
68469 69141 
13554 16124 
67879 74702 
21160 45733 
45575 63992 
2750 24738 
40425 41193 
22407 46703 
52471 56811 
45464 72416 
2736 9107 
46851 50001 
170 47917 
43707 51485 
53148 57387 
34168 45251 
41688 45835 
46115 61825 
26590 43655 
58607 71741 
58247 61242 
73433 74962 
56425 59512 
74553 74727 
72678 74164 
21301 24294 
24231 47518 
61510 73135 
26782 61326 
74703 74753 
73641 74628 
55206 68977 
45684 53302 
60203 66751 
65342 70492 
59500 74789 
54999 63601 
67473 69334 
68676 71735 
7211 61269 
50977 64522 
24637 63962 
30220 39818 
19871 69478 
67854 74267 
15271 57595 
71907 73977 
53492 72647 
6582 67929 
43162 47731 
26812 43161 
8549 20680 
22026 28888 
58392 59191 
180 55532 
29356 52886 
36001 54569 
15246 52082 
25237 25804 
182 45722 
11401 62661 
41261 52876 
43419 67570 
15974 67266 
14272 22678 
46397 49638 
12010 53881 
6496 7032 
8095 70124 
61444 63428 
19424 21589 
60648 68572 
62004 67158 
8818 56042 
68784 72889 
63624 70057 
73398 73745 
72154 73003 
10787 33609 
13043 19209 
17460 68202 
47135 63117 
64433 68854 
49218 56399 
37972 58953 
19374 50293 
36072 47658 
21743 68459 
14306 46956 
38344 55070 
12760 71426 
25028 36565 
4653 73119 
4269 48846 
18173 57743 
34346 45703 
45778 73776 
8677 18246 
6887 29570 
22930 33090 
19872 27853 
32333 51804 
12300 16754 
40763 63703 
31482 65577 
57573 59303 
10952 50931 
33248 36361 
16959 68760 
54086 68146 
51606 65317 
48821 50980 
51286 70082 
51917 68174 
30868 61968 
61889 67767 
53877 65011 
26169 63323 
65 29984 
7194 17454 
69400 69530 
9863 30295 
60060 73055 
20011 73553 
63650 70305 
11614 27610 
19522 48864 
42999 43254 
69715 70827 
30796 32240 
16229 37309 
41642 63949 
846 71406 
70172 70542 
48760 52567 
37584 57854 
64517 70840 
9166 55463 
62782 71375 
49214 69584 
69536 72630 
24867 54959 
39577 49387 
5286 70200 
52717 72477 
14609 59381 
19690 56247 
28033 33276 
36706 47114 
40848 48585 
32768 41678 
51989 58904 
66840 70884 
20724 23434 
2520 44899 
61828 74927 
57297 66910 
15410 32343 
72224 72728 
20301 52223 
45712 54910 
15843 62430 
27822 28140 
40519 63003 
43611 58034 
31938 35178 
5301 68894 
13572 33875 
36290 40505 
51114 65178 
4133 30667 
12818 61595 
321 25758 
44006 56013 
54051 63462 
10924 60502 
18729 49328 
61698 61992 
41684 46808 
32381 66660 
29775 65886 
17355 64909 
50175 60245 
13068 69139 
46585 53786 
6913 16299 
49738 56998 
35621 62503 
7838 23368 
29894 34172 
27958 39247 
48472 57872 
59056 59379 
1782 28811 
15947 61508 
6022 61843 
54254 68869 
49903 72193 
51026 57676 
68708 71818 
48323 67023 
22339 50248 
45195 68393 
65255 74062 
40780 55601 
21879 52947 
49415 51983 
27338 63161 
26822 45290 
38602 41887 
10171 12844 
42269 47018 
44791 56096 
21418 62610 
69027 72633 
30376 63603 
35781 56196 
43963 54324 
31235 60985 
63072 68734 
46284 61663 
56601 70883 
31313 69053 
7375 42135 
38962 58238 
19916 35859 
59151 74249 
27714 60168 
14675 21870 
2139 54568 
48750 59081 
53232 59527 
72702 73479 
37965 67913 
17658 46034 
56411 63877 
3672 36879 
30631 66470 
62676 69569 
59104 70094 
3875 24056 
74154 74536 
61912 72634 
13645 29003 
45308 47475 
31690 32687 
19455 30033 
63838 65968 
26847 29169 
48160 56763 
3905 71661 
54799 64823 
56697 74569 
47930 48273 
73167 74505 
48561 68693 
362 41391 
37877 48740 
8841 37638 
6887 23756 
7911 10056 
44717 65666 
14003 44919 
38604 66402 
6205 48648 
24486 27439 
45955 73477 
22175 57326 
30937 74035 
2808 59857 
14468 26082 
40728 49858 
64411 68046 
63362 72918 
19089 22464 
7322 64053 
17694 40316 
49033 64253 
8195 66932 
58850 64123 
42351 48197 
24770 74814 
325 64093 
61073 67315 
48345 57334 
62480 73623 
44017 57139 
20962 46311 
18029 20160 
36909 37213 
2728 6847 
56880 71505 
64767 74732 
9373 44147 
59000 64827 
10000 50079 
24718 33569 
18234 42768 
64282 70376 
50165 52957 
1696 29244 
33847 55316 
39895 45945 
47351 48188 
4185 29292 
60645 63462 
46722 59424 
73105 73978 
13665 19840 
41867 74975 
47780 55449 
28205 72551 
52741 74013 
11529 47376 
48880 65100 
32857 66169 
975 19836 
54565 56924 
63957 73529 
45700 46355 
32207 61291 
40304 54372 
8374 18579 
1949 45713 
15197 25723 
71549 74397 
46125 51146 
40618 65666 
24897 33488 
38587 58709 
73859 74452 
35126 58667 
4266 19582 
2262 32243 
908 48912 
19680 30190 
35345 43559 
12553 28429 
19509 57982 
33599 37518 
18883 55155 
33426 57406 
42291 61183 
25607 51646 
67661 74145 
15814 24333 
46338 54143 
19076 57448 
32682 33190 
57273 68733 
15516 59519 
30787 50433 
9748 64478 
1300 68990 
53176 62823 
8664 36599 
6684 69868 
20325 58281 
70003 73419 
73438 73721 
30395 60533 
15391 24462 
16263 72764 
67998 68251 
3670 34314 
5938 22045 
68668 74116 
66292 73765 
71774 73954 
25983 70393 
70018 73056 
11909 43189 
9214 72467 
3648 10251 
33080 40806 
10992 70195 
73522 74185 
14545 35015 
57503 62919 
47945 72716 
50523 69539 
38368 63743 
71205 71833 
15910 52935 
52268 74973 
54686 56487 
10606 33625 
31652 55858 
60214 71158 
34699 57060 
60898 62848 
2161 61602 
434 56497 
16574 36662 
33839 43806 
420 15747 
10554 71725 
46345 69826 
54337 66011 
39048 62071 
67999 69331 
33815 68268 
74747 74984 
2689 28922 
40576 54622 
51767 54639 
5354 10849 
30581 51042 
56815 65944 
2732 9477 
19024 35431 
18712 58314 
37723 59538 
71580 72342 
68532 70166 
61209 66066 
44609 69970 
37206 47764 
42392 47922 
38609 48261 
5391 28739 
35528 53474 
43823 74197 
74289 74293 
12781 15876 
56837 59041 
62412 62909 
52581 72522 
61776 73779 
48212 74641 
68134 70658 
50797 59337 
13995 27569 
60636 72627 
44329 46858 
42075 61013 
15040 34635 
46206 71690 
51299 65042 
36810 62128 
32967 71596 
69807 70568 
48547 53804 
9468 35934 
5142 9284 
13117 47711 
56201 58643 
7157 61805 
33402 46079 
47966 70615 
64444 72844 
51146 74110 
39247 50685 
71709 73763 
21514 26100 
36788 55795 
33331 55362 
10363 65137 
34797 49071 
16446 65361 
27541 54638 
69326 73733 
56965 64516 
38434 73743 
68063 73700 
2378 35834 
35813 51105 
57422 71027 
40554 74303 
71844 73241 
33573 42815 
35849 62081 
1383 68624 
6716 68253 
10478 24928 
41733 45352 
13691 47877 
61979 66454 
39923 48804 
62133 67904 
12013 52052 
6014 60391 
23184 42200 
5737 31461 
10996 73415 
1784 45763 
67531 68894 
25442 61133 
30853 67549 
60971 66130 
1174 45323 
74849 74913 
61936 70272 
26417 30895 
8507 28572 
65460 73934 
43220 54370 
25880 47231 
18925 20761 
19760 59819 
38662 73551 
41240 74286 
10531 67626 
52028 71663 
70312 74830 
52462 66871 
30512 32840 
20251 25966 
60408 68766 
5568 35946 
66733 73317 
69579 71296 
17888 53654 
26442 57599 
40590 63930 
46883 72048 
4006 74868 
28274 43505 
30694 44970 
5332 8156 
54346 64602 
10243 53318 
65191 68949 
18851 42924 
43102 49325 
18036 28435 
65051 68298 
11031 52676 
46643 47347 
68610 73884 
36849 51663 
72729 72984 
74053 74278 
60863 72055 
62068 64640 
12817 15541 
7165 50427 
4513 14663 
49191 55047 
14923 51901 
12410 37742 
64695 72538 
3166 5468 
22663 70119 
73425 73690 
29591 53928 
13114 49617 
7663 28287 
33179 49690 
70639 71343 
66465 67522 
9038 46790 
2972 9068 
58404 72600 
45625 67102 
19526 28872 
3685 64903 
44479 47983 
15836 39470 
71564 74222 
32959 46089 
53797 56244 
58922 72625 
24926 46635 
44123 74242 
57265 62930 
74943 74992 
38027 63100 
14080 42844 
46956 51131 
73183 73437 
50343 56119 
68252 70754 
29227 73191 
56189 62139 
13659 39933 
53848 54712 
24277 39968 
17153 26295 
54242 64401 
10787 40726 
50486 61681 
67150 68663 
71912 73922 
46187 63517 
6120 13796 
33664 34288 
2193 7587 
54894 62945 
52573 72727 
47415 65274 
45110 65448 
55007 70452 
30845 68276 
6181 63709 
56717 64985 
19952 29592 
40827 56898 
65672 73329 
48496 59729 
55708 58794 
58595 66155 
68438 74140 
38987 66636 
70338 70498 
6178 68239 
2353 9020 
14246 38435 
46382 71198 
6619 55103 
69125 74131 
39680 50540 
22058 73242 
25450 48043 
67291 73060 
62068 65736 
849 53221 
34116 56658 
47644 61172 
25128 56562 
67125 72318 
70092 74976 
16851 68299 
9562 37304 
30340 65708 
53279 68741 
27355 59765 
48337 65165 
37400 68921 
49224 52972 
26857 51193 
60436 65563 
71080 74834 
48306 62449 
32914 56077 
38408 55954 
307 69528 
57689 69413 
67710 74425 
14788 70793 
3635 52494 
55750 74969 
68676 69218 
29794 48133 
40459 74820 
71533 71788 
699 39064 
5136 30109 
34247 49865 
22476 32379 
53707 73689 
16953 71440 
14956 49320 
32328 66588 
53854 67444 
70647 73523 
49463 51791 
14730 18195 
3087 11246 
6907 52353 
36495 45216 
31425 46690 
61764 70086 
50452 65625 
67373 71541 
60231 73805 
50305 71150 
4355 59167 
7814 41130 
62109 68298 
72575 72902 
59557 62634 
9310 57430 
59021 71877 
2613 48186 
13958 66228 
8617 51706 
7905 43814 
18248 19007 
26139 52030 
35358 71048 
61150 72867 
61712 70896 
66561 68195 
73605 74298 
23796 51358 
61343 72477 
70616 73838 
5113 33267 
26314 72032 
32953 72939 
20326 46354 
21847 70768 
18643 66663 
49436 54183 
43682 69522 
34505 38628 
39923 69381 
74939 74999 
2687 68917 
32995 62347 
65142 67400 
61736 68179 
24367 43152 
16225 51479 
37403 56874 
12595 63503 
10363 32130 
23545 64856 
51 23642 
72903 73954 
61670 65339 
48650 52132 
44600 65179 
53063 74977 
42955 73332 
61145 74346 
11845 49004 
50618 74221 
31280 32631 
72720 74018 
68572 70422 
57836 64496 
57467 66793 
41545 55405 
44515 64457 
68805 71460 
38588 66712 
957 48811 
2012 4096 
41983 58944 
51687 65861 
39444 52665 
41953 53360 
59657 63752 
26348 42643 
36810 54899 
22949 45406 
37883 48531 
1346 66125 
30405 44394 
64478 70065 
21971 53871 
50142 74666 
4739 58881 
50515 68884 
64582 74773 
23159 25674 
72911 74210 
7686 10588 
36856 60842 
21465 73339 
62479 65962 
48514 51854 
14123 66511 
71601 74529 
70922 72263 
38754 52558 
68713 74535 
31470 40840 
15326 66252 
64727 65719 
37276 69600 
61726 71809 
31237 44199 
63058 64813 
1645 24811 
44642 69126 
68978 71693 
29046 65349 
59129 65984 
13704 40089 
32747 50817 
22253 68822 
21834 29629 
11682 43477 
31186 70861 
71982 74317 
6298 30743 
48206 72632 
4156 40195 
71003 72434 
32098 61748 
56821 69891 
54932 73801 
27174 50496 
9513 31491 
21799 44338 
23476 72493 
40599 73865 
57774 70590 
55483 66343 
16240 28887 
41999 57304 
42552 44555 
53604 68412 
31144 48522 
22611 51395 
10650 16088 
63655 69488 
19004 64686 
2399 54535 
44459 73431 
179 70903 
64588 66018 
53614 66011 
59427 61381 
59536 70880 
32221 45864 
66269 70182 
66888 67512 
46751 57579 
49482 73965 
67378 71248 
18708 60353 
7643 17225 
27337 59328 
29483 63270 
20249 50967 
2013 25502 
2800 62889 
70939 73720 
29943 71014 
56269 57310 
18550 70509 
8407 66313 
73101 74368 
11210 38760 
21343 46366 
50571 51567 
9270 69277 
15147 63411 
54022 71545 
74097 74858 
25256 68294 
13914 47097 
45791 49972 
20854 54022 
22074 74449 
60148 71134 
20007 42993 
73693 74090 
45927 53863 
59221 72608 
65220 68514 
9451 20711 
53177 66439 
42493 71052 
11614 21820 
56203 59278 
73999 74836 
46915 63726 
7714 63226 
70342 73621 
68249 73409 
53978 57899 
28024 36534 
24525 74595 
10176 67827 
64782 66911 
16448 42201 
12095 68834 
6166 66040 
71652 74201 
63609 72324 
45239 58540 
72088 74039 
15043 36690 
42148 42883 
35678 55802 
26440 30873 
60708 70823 
44593 52190 
36625 72229 
60347 74839 
6346 67280 
16291 54877 
57080 62932 
72248 72878 
28784 60241 
35486 55908 
32656 56212 
24290 74481 
74302 74998 
29205 40548 
42740 53645 
7503 32301 
46533 46871 
12819 48912 
10129 73652 
36285 56715 
60109 66377 
24886 71988 
4712 73742 
56532 71750 
6379 13703 
5948 15514 
27280 47105 
43410 47841 
6735 28224 
8976 16666 
42423 56322 
7527 11238 
46514 65443 
67808 71187 
70003 74537 
67727 71424 
42513 52080 
30663 74509 
54427 58248 
8221 69519 
2335 42641 
71268 73853 
17543 28229 
43493 46344 
7122 18350 
74861 74936 
61897 73670 
51941 59438 
65720 74272 
25963 26255 
31780 74114 
1127 37159 
25358 41189 
30493 44330 
53708 72985 
52418 70252 
65637 68410 
1609 32007 
25619 65019 
64435 74528 
27639 29173 
60932 74576 
68641 70654 
14954 64363 
9892 40111 
43015 74211 
39930 41728 
71901 74901 
61166 63134 
16604 64273 
56566 62923 
74954 74967 
20760 72289 
31444 58980 
1820 29601 
2027 9776 
22923 47878 
14942 31480 
37656 41061 
30257 36489 
6256 65350 
51663 53233 
55033 69293 
869 31281 
4461 27797 
49420 68345 
69759 72495 
12424 49993 
19548 38340 
39260 53822 
71268 72104 
4160 7238 
19103 72392 
8770 20778 
28669 47134 
46179 74915 
72471 73375 
25125 62895 
74674 74741 
15319 69870 
18682 51057 
40050 45007 
64472 70222 
25304 27138 
55320 64932 
55995 69337 
33339 43952 
12564 32546 
55202 68093 
27285 29284 
66146 67805 
25669 63569 
13794 48591 
23443 39049 
61220 61734 
39714 40221 
71473 72675 
37125 46664 
10604 37307 
2624 11605 
54322 58295 
27907 55591 
38298 54564 
57232 60921 
62706 68613 
23853 74242 
26317 46188 
21411 47538 
15157 63850 
68334 72146 
63479 74557 
5140 69043 
50859 60361 
66814 72517 
72590 73210 
74144 74174 
73429 73445 
57274 65993 
30608 59233 
60767 66079 
26038 55850 
10939 63616 
50148 61933 
26182 69180 
5217 15558 
23898 70834 
24570 48896 
71552 72273 
65425 74731 
69876 70076 
45414 48347 
68018 71541 
73732 74933 
70082 70155 
33707 68271 
73307 74936 
58762 63420 
59039 72602 
12310 74094 
43430 68436 
29109 45799 
63792 73947 
43782 47008 
14317 15393 
36928 60610 
32239 36965 
65087 67058 
73129 74502 
28614 61303 
72183 73003 
7282 68301 
67911 71953 
62538 70486 
47863 60662 
18914 57997 
46971 50123 
29239 43168 
45732 55244 
66980 74700 
42170 44530 
48796 67923 
27167 49608 
2608 68920 
49602 67062 
1872 45315 
11908 36752 
65602 73839 
24811 49189 
44776 64162 
49048 55241 
29491 54206 
26590 27538 
67231 72938 
70822 72970 
33954 49202 
57893 58485 
65204 68200 
28164 60898 
16347 28937 
72421 74138 
13553 35107 
30852 59168 
51423 56811 
46966 49968 
17985 61610 
72678 74453 
43859 44802 
62616 69961 
9349 56331 
58271 72317 
31561 69542 
59718 74860 
11206 41513 
53258 72821 
43577 66129 
51538 60770 
72140 72661 
3440 35463 
18908 47339 
58479 62735 
50786 59905 
24643 38424 
1104 56065 
36043 63928 
71209 72572 
20258 60745 
53097 59628 
5236 42345 
51010 60162 
23538 70625 
24017 34200 
7107 20669 
63920 70028 
38899 67816 
12633 58562 
48884 55067 
71111 73141 
12761 50453 
34545 52791 
38779 53136 
34905 44984 
23252 48787 
58483 67593 
52181 59600 
45620 45979 
34610 65433 
29242 34415 
43589 65198 
25990 35519 
13572 64114 
8172 32397 
1737 36383 
47752 59534 
47288 57504 
2748 31843 
37705 41091 
64920 71451 
18687 74770 
8850 64770 
26181 34276 
37779 72568 
62373 62452 
19568 61225 
67533 71455 
7970 44440 
7760 32173 
23194 71547 
61754 72098 
39108 68391 
63998 74948 
32917 42077 
17878 53819 
17419 38857 
736 8520 
67283 72314 
44120 46898 
28898 50399 
17232 25310 
8967 61276 
53795 69919 
64562 73962 
23957 44731 
4667 19441 
34281 52212 
46745 62813 
2694 70653 
10063 67528 
29868 68969 
33864 51110 
16452 46815 
14829 39997 
36481 70533 
5707 48622 
50478 61967 
27395 31599 
26824 32774 
46396 72662 
69982 71055 
48481 55765 
10849 48105 
27723 59368 
53608 57681 
40154 53013 
45177 47198 
15208 53530 
9125 26122 
38830 62222 
4886 21359 
52389 61140 
29159 53635 
26521 38806 
54143 74419 
38961 65636 
61570 62136 
51823 65541 
69961 70692 
25388 66159 
61980 66946 
53806 65653 
40416 64335 
20547 54256 
23346 74922 
24536 44861 
36250 70310 
43157 46322 
69119 72257 
2135 14057 
60686 68289 
62177 68835 
18623 29374 
29872 30161 
24831 25830 
61725 70801 
14933 27099 
67362 69691 
28406 72478 
17162 58812 
74356 74571 
57480 60259 
73628 73832 
54479 56083 
51575 69730 
73734 74584 
15420 40468 
51273 53183 
10762 72265 
60265 64911 
59831 61162 
69963 70288 
36481 39342 
34383 74805 
69781 70267 
30404 45086 
39496 42007 
65184 66297 
55416 58570 
31345 58853 
65602 70721 
67340 69558 
9856 60666 
53579 74572 
38514 45773 
24659 43120 
71005 72424 
11236 35217 
32374 61584 
51540 67599 
21126 70794 
70533 73449 
24728 63284 
45343 48049 
28311 70795 
38699 52518 
9631 34088 
52667 69320 
68315 70617 
32346 45548 
65417 71631 
57646 57826 
61446 68452 
29894 71758 
11746 32068 
10050 21473 
69568 71313 
49195 65937 
58827 69226 
43951 67251 
38281 38552 
8617 12601 
45297 51945 
44838 57588 
4066 56748 
70843 74077 
16520 71257 
61618 62014 
47918 59059 
17616 53861 
23629 37170 
33099 63299 
72325 72648 
64691 68040 
20611 31980 
42978 71933 
41741 68309 
23350 57912 
22801 34732 
5690 18067 
44058 53635 
20960 33662 
35157 51453 
58123 71164 
55036 67621 
32241 69378 
26085 46746 
65361 67394 
50524 74133 
63458 65975 
65932 66195 
61180 74220 
44373 49200 
8276 14486 
31155 50751 
10777 70702 
46974 71204 
45659 47736 
34392 49941 
10339 40159 
28879 73996 
51849 74245 
4077 58514 
6998 69940 
32377 65901 
24692 69531 
42149 64585 
40712 57360 
53938 70074 
750 4233 
29471 62188 
74714 74762 
42174 68632 
54026 68090 
22319 56750 
64170 65279 
14659 35207 
25456 25562 
64381 72076 
37871 66027 
62484 64247 
32636 67157 
20700 57618 
49772 65915 
68051 71632 
48260 48862 
35460 60249 
72779 74888 
29418 30113 
21318 38049 
42545 73271 
14514 21005 
13407 54227 
42413 43134 
57668 68273 
8081 68214 
401 26286 
59757 72159 
32252 49211 
37399 51287 
30710 54305 
23491 50464 
59513 63649 
71437 72218 
48560 61264 
53855 72721 
26963 34312 
1873 32477 
54037 67957 
16359 55568 
56734 66636 
48601 54588 
68991 74233 
59417 61811 
70775 73729 
66973 72853 
21962 63329 
17407 54290 
37669 59286 
27675 37660 
63083 74751 
36096 54146 
46516 48017 
70149 73596 
54505 71796 
70581 73587 
45439 67894 
28853 38682 
24650 57780 
15411 64215 
41862 64948 
41076 45037 
18896 32618 
38529 60738 
9185 49176 
36697 68190 
56251 72765 
22202 30164 
27298 32190 
67726 71529 
66379 73531 
2586 59397 
12058 33297 
58306 60892 
49820 58549 
35809 65805 
19640 23582 
37762 39212 
36658 51478 
31648 71221 
376 19381 
73758 74284 
38331 42133 
52816 53588 
24302 26375 
52 24300 
43794 51667 
63381 74291 
6298 70796 
46368 50377 
7785 48048 
72319 74691 
773 6917 
62738 70861 
65307 71101 
15398 34442 
16548 37980 
71779 72388 
26975 49643 
19214 56323 
64585 72527 
14453 71159 
16111 33915 
2064 57607 
35575 56378 
67437 69716 
48922 58746 
56345 64738 
31861 39826 
42099 63073 
33281 50986 
28791 57452 
35049 50128 
25115 53573 
21201 46636 
72029 72811 
47613 62155 
39022 70942 
35938 59987 
19345 69296 
37455 40053 
26802 35508 
10256 66318 
73587 74568 
14858 19808 
65644 73551 
9883 22238 
35091 36264 
28575 65713 
49411 52706 
51251 56711 
39753 70234 
18745 43383 
8902 52584 
44087 65885 
58121 66426 
41817 43394 
12432 36921 
1543 27125 
73031 74157 
48525 52785 
36290 36369 
6045 57952 
44502 60156 
65164 72808 
17926 36385 
17334 58097 
236 28048 
67477 70929 
26380 44907 
62596 63584 
67226 69071 
43665 53809 
55657 69351 
66053 70382 
55022 56724 
16628 37606 
19515 55808 
67129 74784 
72133 73782 
15144 44887 
34466 41457 
31562 61491 
38381 44916 
62374 71762 
35709 54546 
58258 72291 
23216 61049 
25591 32035 
48737 58753 
48346 54929 
24398 47584 
68494 74592 
67840 74568 
2840 46716 
39396 53389 
19697 54741 
61017 65815 
26257 55704 
3115 20056 
7339 28344 
19576 57115 
10574 66825 
61545 69350 
38751 56453 
4458 33811 
2666 54704 
74632 74803 
42840 50140 
48471 55039 
53478 57755 
46192 73774 
60460 65206 
37540 57399 
41409 48755 
71516 72277 
71103 74567 
57475 60576 
73064 73446 
72782 74898 
37112 49112 
60302 64212 
8329 9643 
1795 31640 
20156 23944 
31697 64610 
74004 74593 
11146 14185 
20310 45533 
38852 69392 
23773 49485 
28695 66590 
4111 46599 
23594 34527 
30735 33576 
25419 30479 
46412 54504 
6961 31640 
2999 10865 
12097 51068 
41339 46861 
30976 41402 
61857 73114 
50515 68534 
21526 35493 
36508 51586 
42455 50000 
58086 63521 
74419 74517 
12938 59049 
37321 37524 
74421 74604 
23803 60844 
45929 63890 
70087 73097 
23150 43425 
67256 73805 
931 29676 
45324 68184 
34845 46144 
24323 55278 
3690 10044 
74539 74751 
45920 67606 
14087 44890 
54 61638 
14474 69671 
58432 65488 
60749 67942 
61711 64200 
33394 40400 
62449 73951 
56785 68118 
67782 71773 
16775 74836 
27985 74940 
66165 74165 
26933 56357 
36800 42805 
36185 63779 
60415 74738 
15904 34361 
42254 56110 
52034 68153 
55553 61449 
28204 41819 
38998 67460 
35117 70746 
30782 33060 
49392 73853 
19826 37383 
61495 62951 
10152 25885 
12735 14738 
18654 37799 
10316 26601 
59396 65215 
3133 73358 
13565 39579 
74499 74551 
25292 31688 
48354 68033 
47324 59014 
10752 22198 
6047 63986 
21194 50234 
51131 72541 
53314 72535 
14924 42541 
17747 34650 
62408 71669 
2697 69951 
53999 61800 
1759 8613 
46874 73140 
51922 68962 
21797 59007 
48137 52366 
27880 66526 
37055 54491 
47040 63619 
14032 26483 
38909 40369 
36818 72543 
45346 63161 
39486 71867 
43460 54276 
55903 59324 
55172 59788 
46310 63077 
31364 66219 
44236 65187 
63598 71994 
37975 40194 
47955 64851 
37413 41413 
56230 66742 
18134 38090 
37872 61535 
68898 72415 
68286 70127 
54768 69991 
14908 36043 
39067 72387 
42153 51703 
55932 68144 
69772 70922 
45555 72246 
45899 50051 
44914 59075 
26213 55329 
8963 38678 
69854 71671 
59243 64615 
27060 65719 
9995 23418 
66800 70330 
67470 73041 
50322 56683 
62409 72823 
42864 61439 
68776 74574 
39512 47658 
34996 46116 
14643 16932 
6358 51672 
39572 67636 
4070 29918 
15757 27393 
13022 37403 
23380 30700 
24854 35537 
48673 49643 
53628 60660 
64190 71096 
65467 69162 
34544 52482 
64552 73663 
27591 41613 
41752 64232 
43695 49824 
15997 47954 
44980 61551 
38403 73270 
15750 26969 
48106 64739 
30672 71289 
52632 66485 
8862 39460 
17402 20250 
43397 61578 
56474 58585 
42078 62264 
62682 73256 
11466 65075 
7054 45451 
65629 70869 
69241 72500 
23805 31794 
43243 44882 
45430 52722 
55360 55734 
65608 67203 
40199 70764 
15239 59842 
3694 74211 
57090 73015 
72919 73536 
6555 23590 
62042 65783 
39099 66215 
60847 64240 
27697 55089 
61483 71047 
41168 72599 
13470 37587 
47782 50902 
5529 52810 
60407 61757 
58004 66093 
40997 63691 
6776 72291 
47426 66340 
70226 71064 
30514 71589 
55436 69384 
39360 47630 
20883 31411 
46698 55400 
59971 71610 
58194 65620 
27760 28488 
334 69227 
30664 46374 
21835 44421 
5971 42907 
63807 70607 
69311 69422 
33805 61354 
27916 54835 
45018 47776 
50707 62142 
11350 26237 
3772 24297 
58713 64916 
40180 63858 
49009 73735 
63612 65552 
57712 63042 
7562 19761 
14485 73862 
36130 54092 
19317 48396 
61037 71869 
15159 19822 
36009 67028 
3778 57208 
55555 56982 
49878 70956 
46867 72775 
10619 28411 
2029 9005 
46242 56546 
12713 23121 
59852 61571 
47818 59128 
61693 71466 
55942 62477 
20994 62242 
71941 74120 
63848 70296 
69481 70380 
67782 71298 
9921 42378 
31317 56301 
9994 40073 
69126 73199 
57512 64193 
50350 70803 
32123 53157 
48689 55890 
9091 72499 
5201 28203 
15939 46182 
63932 66200 
19207 52098 
29783 69274 
59612 60057 
43201 72563 
14122 49175 
74441 74574 
57570 72962 
18370 56174 
15781 65596 
26916 62641 
68634 71618 
1686 15049 
16251 57211 
38718 68752 
12924 31554 
51904 56599 
57156 65984 
64466 74342 
14344 63298 
1465 25887 
13394 35043 
24189 40001 
58870 69212 
27708 58855 
43604 59088 
4303 65971 
5677 18371 
49093 63594 
1248 19329 
998 49323 
55114 65186 
67945 68293 
11108 44217 
30247 53811 
16628 24521 
30236 59713 
70313 73679 
30855 64529 
22332 24532 
7583 18642 
30060 59868 
63269 71742 
43254 74105 
59789 66170 
21360 74098 
19999 50394 
63548 69492 
3230 65364 
35569 54333 
63084 64919 
21136 36585 
32766 65564 
66908 68382 
31849 73769 
39587 60990 
67589 68327 
59357 70077 
72413 72663 
28053 66928 
51422 67510 
57247 66653 
67488 72874 
996 15996 
17316 19578 
2632 54301 
52953 56585 
17720 58627 
21983 62475 
63531 71780 
39009 46340 
11134 43374 
52962 69759 
47395 65100 
35644 63606 
65258 70209 
22212 52244 
56156 59175 
24870 50055 
1327 9194 
73062 74005 
28494 57691 
18137 35589 
8421 12329 
18390 74233 
49685 57144 
8280 10568 
40262 55461 
3296 19070 
27845 30619 
66805 71031 
67123 71955 
34634 50333 
72122 74659 
62368 68810 
69685 72489 
74074 74688 
36578 66968 
58949 67501 
4587 57123 
3987 54413 
20740 47551 
5048 35526 
20489 56483 
6324 56265 
3576 36273 
18751 28747 
67756 73458 
33371 50672 
26866 72831 
11097 17846 
67809 68931 
28566 56513 
41226 55636 
23229 23928 
4464 9101 
51253 54225 
51042 72411 
71186 72148 
33626 48568 
17561 61131 
48969 57718 
42383 62444 
19358 21183 
25229 35021 
35188 57974 
45098 66829 
10162 21713 
16560 60440 
33239 45697 
29574 63103 
72823 73208 
16893 74351 
4488 61662 
52228 71443 
38318 50841 
22125 57893 
8336 60279 
42369 48148 
51054 72932 
14797 58432 
55566 65468 
52869 56891 
23892 61116 
39965 51384 
65030 74027 
68321 68850 
6324 71418 
53045 59714 
55479 68619 
25890 52378 
36202 46381 
6808 54711 
32767 33099 
1846 33679 
61460 71286 
6515 50433 
48574 57477 
16902 19479 
40161 51142 
74211 74989 
61925 73811 
40655 54323 
67447 71056 
59988 61572 
57643 62935 
62312 68008 
8285 74645 
19786 55800 
26392 38388 
26875 34854 
138 52516 
56287 65925 
1601 5541 
29391 65904 
11414 26170 
7427 14713 
71975 73846 
33792 72196 
61910 74294 
42992 58412 
59121 64689 
43694 74165 
68462 72910 
8780 25005 
46428 64435 
44471 58996 
66790 69182 
18999 42420 
34104 73184 
15463 17614 
39472 52374 
56205 56595 
65714 73775 
1058 59500 
6675 40363 
37808 57991 
45445 53564 
4628 17269 
13310 72938 
3154 3317 
17665 50315 
62549 65477 
71300 71331 
71514 71633 
62958 73098 
10597 42430 
15743 39032 
64961 67911 
17266 34874 
1841 52170 
36048 43340 
5638 40786 
36246 42045 
57767 73810 
12443 47480 
33892 47313 
49056 74617 
3323 37315 
52436 65718 
9128 37364 
48083 62616 
54036 59129 
48639 56456 
16233 24561 
73570 73873 
15147 49010 
42979 56577 
4183 62900 
11887 14033 
25857 54228 
50430 72622 
74097 74729 
13644 57342 
34208 39437 
49554 71185 
51846 63552 
74687 74872 
51451 68606 
56321 70406 
26621 33622 
50447 60935 
61959 73525 
69963 72684 
9217 16678 
68455 68631 
71735 73547 
28105 53243 
9663 46091 
69212 72030 
64954 67227 
31641 50703 
2428 36768 
44948 70171 
59097 61843 
27108 34875 
72956 73607 
9748 52520 
17345 73531 
10191 29085 
60170 74932 
58997 60700 
56588 59120 
7771 41667 
44858 62722 
56081 68538 
30450 41268 
73668 73822 
11354 56905 
7538 41642 
62700 63428 
26140 74899 
29780 44781 
27660 38072 
9843 25366 
11438 25820 
59464 64334 
67890 74196 
64502 74462 
38443 46578 
33530 66301 
1285 21248 
71033 71035 
71198 72736 
24407 49961 
30678 34350 
50659 74701 
47273 69888 
52662 66716 
23644 74827 
57155 72047 
2623 62601 
19106 49560 
35758 63644 
60933 72771 
46688 68342 
64459 65299 
67072 74880 
29560 67528 
32685 50189 
37967 65184 
4360 6963 
72886 73011 
3999 24963 
72172 73819 
27167 70553 
3472 39256 
38504 43128 
74822 74878 
42381 42921 
61671 63973 
61986 63879 
5144 66232 
32287 36184 
24205 38143 
9413 12261 
7444 74745 
2539 54764 
4161 51230 
19912 44998 
15101 62099 
15890 67078 
15784 18583 
53684 69917 
71462 71783 
68366 69728 
46019 68879 
34064 65737 
54436 73377 
65832 69570 
22872 40195 
11672 69244 
29555 48314 
61696 62105 
63501 72413 
29035 41083 
7589 71029 
27987 62653 
54483 65864 
64419 68059 
65157 73559 
48474 59975 
8785 42895 
31470 39356 
62059 74993 
19205 41521 
11258 19832 
72048 72950 
601 66459 
40752 71737 
10171 47220 
3645 29535 
21263 32003 
37022 62480 
22055 72395 
72483 74348 
33508 61823 
58372 73802 
56227 73345 
40042 44664 
3967 41940 
61709 62123 
55302 58952 
17016 70823 
37430 68828 
40297 56571 
25121 38165 
55721 64835 
46712 65098 
25394 61773 
8541 50261 
845 14788 
65473 74993 
50155 66842 
35671 39224 
38877 58596 
3968 41666 
42184 57284 
49458 65320 
8647 65255 
14447 47194 
56038 67964 
1387 32225 
63997 71825 
67172 69600 
27707 40126 
2452 43084 
23329 72608 
53151 63794 
64819 73015 
73449 73733 
20231 43054 
62152 74969 
36971 50895 
33232 69651 
63247 67544 
62985 71033 
31453 46287 
58173 73026 
23972 58251 
70840 73232 
58254 59830 
16426 52125 
62964 66369 
66955 69042 
65385 72177 
66242 68154 
36606 55419 
21873 74029 
4538 22641 
9146 38222 
62339 68411 
14929 21655 
52895 53252 
20341 58405 
10965 42211 
44684 59648 
49690 50385 
50435 68853 
38786 57796 
48942 56657 
27565 61093 
46763 50032 
46061 69359 
9362 30627 
60559 63049 
55116 69981 
73873 74261 
46494 74598 
51527 53894 
51936 72093 
42612 55358 
74317 74616 
65885 72414 
72603 73144 
745 40847 
64114 70997 
4783 19631 
28309 59822 
3284 29141 
44016 57934 
22504 62973 
15369 51217 
5857 41310 
30410 46316 
33762 59763 
19833 30566 
19622 25425 
74045 74666 
61803 72673 
74955 74982 
59962 64558 
50228 74983 
62044 72532 
8714 68160 
12478 71457 
31522 72703 
16123 62902 
9787 43183 
10839 56970 
20741 72883 
18789 31960 
25194 54032 
60758 60803 
72097 74473 
30545 37619 
37971 40937 
36982 37957 
72764 73851 
24590 36385 
5840 39537 
15217 20023 
64087 64565 
16573 57632 
44362 69932 
58286 61189 
55809 58522 
26400 59898 
44099 51753 
60766 62138 
37365 62027 
49239 61115 
44564 64901 
17412 47626 
50553 63982 
17679 40026 
61515 74096 
37166 41118 
6775 64003 
30364 42636 
4968 71812 
52875 62951 
42106 69608 
60171 65326 
12921 38970 
49780 54633 
73131 74381 
53798 73723 
34375 46086 
39766 72622 
27606 48135 
34551 67866 
46839 58008 
445 6106 
70959 74963 
72749 73851 
32582 45754 
3324 39533 
73131 74677 
33606 43069 
37847 47933 
8763 18167 
51209 69439 
63712 74188 
30447 64640 
72469 73737 
39504 52861 
74140 74820 
59211 65203 
45613 48219 
41076 59076 
29379 42057 
20472 58733 
67649 70868 
33279 46224 
44846 70405 
18917 39737 
17156 54051 
54726 71980 
69859 72317 
65516 69707 
73706 74030 
27733 33125 
32867 46652 
18641 27845 
34561 42451 
48983 62524 
17962 70777 
30517 68701 
49747 51668 
12924 72636 
13615 24370 
30094 61312 
22139 25497 
45085 65462 
48885 68728 
74420 74631 
14443 72029 
28826 66541 
29132 58967 
33212 53876 
50206 65690 
67751 67913 
28 43832 
59554 61560 
65599 70788 
70369 72888 
49240 65621 
19220 28479 
66236 69308 
32630 61052 
1914 28808 
32078 48289 
60249 62961 
51909 68296 
45152 66170 
59622 68986 
19928 46789 
74194 74540 
30539 47288 
51925 63469 
29821 62864 
48463 74579 
62586 65796 
8742 21750 
2064 45122 
13975 49426 
63795 69946 
59401 74453 
29451 71681 
168 70020 
21653 71546 
11568 30126 
67053 74788 
50127 55828 
20319 66662 
27963 43758 
44487 71854 
45278 51092 
1786 46762 
19064 21035 
30313 41771 
16156 47374 
2615 49783 
74455 74767 
18866 19452 
55971 61286 
34484 67106 
73883 74185 
45872 71841 
18881 35981 
36639 72109 
27683 31592 
35962 69996 
32950 67715 
72296 74614 
59861 64796 
52733 71017 
73926 74864 
17604 22148 
56789 74750 
21870 42978 
52686 58832 
41390 58144 
68305 74324 
807 25158 
7061 47249 
50968 54641 
23087 72898 
50439 74628 
2459 8966 
54535 59984 
22446 33635 
71996 73345 
27828 41609 
53913 73852 
55481 74647 
48841 55715 
72153 73423 
7097 15156 
67366 69872 
30370 37192 
48119 54260 
6096 7986 
19195 72366 
61652 63118 
16087 17865 
55601 63110 
27042 70727 
30336 69916 
21031 24502 
42466 69529 
13579 50904 
12110 53574 
18113 27318 
25932 33347 
8112 36348 
49393 52919 
23545 36987 
74802 74860 
53434 67023 
26810 55027 
52709 62771 
28868 46131 
18409 50216 
24569 59344 
55094 73120 
43091 59414 
13496 27775 
34896 56614 
5312 49400 
6657 46538 
22119 49495 
69421 69699 
839 9887 
9599 16823 
10163 35550 
72221 72872 
48519 61760 
63725 70622 
49041 54856 
74123 74297 
2408 45164 
62248 65202 
20365 67460 
20299 39606 
66326 70309 
22826 64611 
5420 27733 
41384 71977 
3777 40412 
57253 58325 
63326 65928 
33237 49698 
73125 73576 
6846 71853 
7020 59210 
12928 15360 
11934 35830 
30122 53921 
57679 65618 
74191 74691 
9073 51484 
37947 38849 
24677 73065 
14478 33620 
7160 60014 
70392 71659 
27056 47756 
54563 68748 
29436 70550 
95 65035 
65829 73408 
68575 70663 
818 12954 
13876 18832 
39557 69652 
63154 70804 
21203 62957 
72141 74864 
68316 74946 
72361 72522 
22912 71681 
61038 66406 
68504 69722 
13496 68226 
52178 57180 
57106 69406 
39872 70865 
6298 65231 
23087 31337 
34013 43592 
24344 49875 
61729 72544 
24594 55636 
15321 71608 
53330 63016 
66803 69937 
38174 56931 
47505 67830 
30819 30838 
14827 26722 
48371 60145 
8508 23372 
9731 71320 
44969 70002 
49752 65750 
39708 62091 
28357 67760 
39332 58553 
14363 27681 
71126 71309 
25485 54441 
63896 67820 
68644 69128 
34434 49472 
30755 49585 
24958 29569 
10210 23644 
38337 59934 
32845 66248 
38846 71402 
66065 69318 
55719 56484 
19195 32307 
19453 36859 
16972 64666 
6208 60323 
60617 61541 
20900 30181 
64638 72616 
696 45525 
61174 71388 
62511 64484 
54293 54592 
26373 32350 
52332 65588 
25364 73368 
52030 68415 
42301 56195 
11433 56590 
6776 22102 
64210 71969 
23577 43218 
45096 46794 
72033 72805 
7574 47031 
20314 28627 
43048 72474 
43172 59180 
24820 49611 
50255 67056 
17128 34955 
126 54716 
19856 54089 
73223 73841 
29627 47893 
2326 61605 
28872 74891 
35283 42149 
53302 74988 
65395 69148 
46264 50004 
41170 71268 
24005 54366 
41177 69044 
10951 52574 
32626 45076 
58087 72429 
74741 74836 
55428 59936 
5382 74713 
70788 70892 
15526 21007 
53699 55403 
28671 40468 
67668 68283 
70007 71563 
64741 68063 
65504 67928 
35359 68177 
48386 56957 
61547 66497 
11187 13152 
37903 60437 
48199 70684 
61539 67372 
20427 51432 
25042 54323 
38901 58519 
51734 68366 
72091 72119 
32941 38772 
62899 65266 
31722 54068 
21870 55149 
71412 72726 
56324 70443 
51998 55311 
34105 74506 
59046 73644 
3962 23134 
40331 57117 
67056 68527 
57386 61193 
19909 26769 
28029 44257 
10667 62017 
45496 65504 
11141 62638 
56389 64075 
29292 54097 
61653 64842 
8385 48269 
66345 72289 
51444 56848 
14152 52465 
5575 27237 
15385 51243 
57662 65121 
67239 67521 
2148 18862 
74501 74882 
66729 74217 
60169 73031 
29991 47440 
50787 62440 
6991 15924 
37943 50666 
44280 62725 
66655 73175 
67032 67088 
3109 12005 
39139 52442 
64049 73430 
19396 33997 
3800 73444 
56836 63168 
13662 62323 
26781 53878 
232 73446 
514 2347 
18582 53043 
41006 55655 
55845 73101 
45806 66531 
21912 56665 
948 3282 
15788 69466 
30200 62183 
62157 63783 
51503 73549 
53977 72906 
59206 62186 
44143 45795 
14962 49367 
69060 74079 
8985 43954 
37303 50136 
43035 53023 
6947 11032 
42771 57104 
62298 71461 
2662 64164 
29807 51824 
62298 62639 
33987 38778 
20029 65921 
26124 73638 
38068 62106 
57982 61026 
19959 27767 
18592 30146 
14885 29332 
17760 62485 
24802 67944 
67130 70276 
61635 68264 
69904 71274 
21786 32670 
14878 52700 
60419 67461 
44788 62440 
21123 48924 
32448 43371 
34549 74158 
61869 71353 
65845 65950 
45487 66964 
41063 69705 
57211 68840 
72671 72672 
59435 73831 
52468 71926 
43083 46401 
47956 66679 
58886 70552 
34190 57333 
157 33027 
17674 69809 
37097 62449 
74430 74944 
20169 74376 
10410 71914 
55325 62007 
31720 66208 
74342 74460 
32798 65841 
46940 54850 
26331 56851 
59239 73194 
48166 63252 
63330 63456 
33748 40086 
17604 72441 
15958 64684 
1464 16712 
40846 74184 
31084 61525 
36481 38752 
1380 20057 
53413 72405 
66736 67844 
16690 69973 
44795 64920 
36623 55489 
18151 19777 
30934 40600 
30362 33490 
23651 53339 
10983 39778 
66823 71430 
27280 74095 
12929 63414 
64851 65602 
29096 67881 
46575 61703 
43946 68332 
22351 30674 
74569 74988 
51472 64555 
74154 74218 
23212 35810 
11926 33427 
37247 61780 
36406 42035 
17888 40791 
66780 70311 
56676 60539 
25762 52751 
31983 64947 
53370 55545 
36558 40118 
74617 74847 
70299 72177 
38653 54598 
36241 64368 
12015 25348 
42158 52675 
50385 66110 
27673 65671 
49292 55137 
61286 65109 
49197 50569 
32184 61493 
21118 28670 
311 19090 
70545 74151 
33 29350 
48467 60238 
36100 70133 
40822 42627 
22601 31743 
52792 56204 
58483 74907 
61863 72673 
19498 74417 
23866 71429 
62514 63630 
68735 69459 
46084 74248 
70537 71636 
11660 71250 
68120 73732 
43936 69314 
29201 40534 
14809 17397 
24619 73709 
53954 65181 
63731 70134 
32560 70409 
62165 71465 
7590 58201 
46121 66745 
15417 18757 
60571 63163 
9498 45467 
69507 72490 
60344 64030 
62711 73834 
54124 68443 
73861 74887 
22086 34824 
43002 63231 
60503 68506 
58566 66135 
57079 72680 
30075 36476 
10587 22717 
25457 58346 
50543 70857 
36774 67079 
46617 50131 
58963 66305 
50153 53322 
60802 72487 
25082 44102 
32335 61915 
28685 37524 
1560 54210 
52115 61767 
57853 68018 
66921 67482 
64602 67409 
44836 63006 
30932 50723 
17278 52150 
37306 50711 
44639 57261 
40641 65033 
27984 69022 
68456 70311 
7941 64637 
32757 40678 
29978 54356 
13173 70800 
68537 68548 
58781 70000 
42030 65461 
16308 34392 
33381 36806 
11014 32355 
60665 63248 
58879 63336 
20623 29872 
62074 62801 
14250 66033 
22951 32995 
46964 61208 
58861 66033 
16228 66121 
31712 73299 
67885 74205 
41880 55793 
27858 45752 
44246 72278 
44483 51152 
35617 38311 
61054 72439 
847 23616 
58580 71135 
60790 64240 
8457 32062 
46252 72514 
42438 72050 
42451 66570 
25782 73131 
26123 63908 
52442 56433 
62784 66508 
18949 34504 
14953 27965 
8722 25150 
3750 31037 
25487 63523 
3435 22908 
61138 74087 
44162 70963 
56254 66413 
23977 62248 
2160 44297 
31825 38588 
65746 66521 
56019 68305 
68382 73047 
25795 56218 
57255 72068 
41768 43737 
59371 60098 
66456 70949 
12785 53867 
69393 71508 
23657 74235 
64636 71099 
2499 5770 
26121 35156 
37108 70837 
37765 58484 
27106 42666 
46521 70133 
61247 71737 
61308 68144 
55532 74081 
4755 27865 
31497 45141 
70075 72723 
63414 66609 
19710 52301 
42496 43456 
19707 63818 
47033 59830 
18789 30709 
42683 44785 
66446 68605 
33457 64757 
58456 70596 
74124 74602 
5444 47051 
31517 68283 
38918 58783 
956 7880 
72093 74076 
5537 51302 
13835 23909 
66526 70341 
69408 74150 
817 69975 
19611 40104 
71 67279 
48856 58005 
45568 72067 
69223 72547 
26323 34857 
20473 52149 
63782 68907 
61640 69772 
34065 52223 
28487 65219 
49369 64878 
32973 35067 
38259 74187 
55553 59013 
16343 53532 
24171 70862 
73445 74974 
34090 57543 
69649 69693 
10034 34251 
23744 48605 
61184 73747 
65421 73195 
1953 52799 
14228 68012 
1167 54864 
73281 73358 
18929 70360 
44869 52752 
39963 58660 
69496 73303 
18574 67923 
27806 62585 
3593 66428 
25655 28276 
61165 67188 
9318 68014 
67283 72910 
39209 60866 
66066 69947 
62498 66727 
27794 40000 
53530 63221 
38688 61089 
64749 70645 
15509 33364 
74535 74571 
7002 74658 
24954 45733 
49041 69181 
56085 73092 
37660 64637 
72458 74176 
29122 65045 
39753 61185 
69357 73835 
33793 73796 
15831 18864 
56213 74086 
4185 11227 
67146 68642 
33642 54118 
61007 67276 
62700 70477 
47470 48773 
68080 68562 
4506 35014 
47759 64838 
41771 51496 
27288 63223 
5905 59281 
25966 51325 
59924 65536 
58167 73438 
73650 74939 
43247 65770 
9430 13374 
62843 62882 
32155 49449 
7318 24705 
43272 55348 
70695 72421 
69762 74721 
61910 66973 
38364 38537 
8963 34835 
63524 65750 
63884 72517 
60909 67360 
69761 71487 
48193 55315 
36878 53254 
65369 65985 
63924 67114 
63430 66130 
37016 39986 
14960 34089 
70968 74786 
11679 14959 
71699 72295 
12606 60876 
9863 43287 
46544 67273 
29781 50953 
3430 30123 
14839 70828 
51051 56144 
57918 62456 
46395 64801 
45318 45574 
14310 29497 
40887 52618 
27161 31924 
61673 72007 
10166 34117 
44782 61407 
42539 70169 
7482 14103 
73337 74597 
1332 23372 
45875 67960 
51179 63936 
65196 66234 
45891 52606 
38297 51788 
20489 26294 
9738 26867 
307 44661 
4802 27502 
4184 72928 
29213 66221 
34030 71818 
57394 58110 
11437 14723 
20127 37657 
48438 60705 
3315 42818 
25106 26680 
3898 55065 
36801 69211 
18061 61327 
66565 73453 
21963 43789 
33099 61371 
69439 74184 
57749 70503 
56949 58806 
33250 34969 
63923 65589 
21288 54145 
40140 50599 
9282 10997 
14680 74985 
23502 33968 
1381 48503 
16189 48719 
44842 66987 
56909 66553 
25070 68201 
1967 53962 
40354 68759 
68050 73803 
27062 32610 
46068 49493 
31830 70072 
71888 74671 
63014 71499 
27702 28761 
8530 15892 
16955 33942 
48225 49056 
30035 69981 
58128 63071 
73920 74573 
47695 61404 
44912 45331 
72715 72809 
458 42938 
48060 67044 
1338 36910 
45294 73266 
31295 55147 
9837 22005 
53364 56723 
22304 71884 
33852 37347 
71843 73176 
7511 26121 
46658 47115 
17520 48482 
32960 51787 
7696 66618 
10685 46099 
69429 71301 
30916 44997 
18635 71972 
37811 52674 
18873 29726 
45895 73468 
46756 56143 
27631 60248 
39233 59719 
33828 35936 
13959 30462 
38270 69050 
55894 57126 
21232 64964 
71447 72514 
67643 71978 
41163 66783 
28660 68022 
12530 25898 
73546 74148 
47537 72206 
51966 63019 
71755 74497 
46708 58996 
55111 69096 
44616 48631 
4119 71808 
12023 70139 
28750 50535 
13952 26904 
58795 69734 
40226 62096 
27861 30201 
58826 68504 
15240 40993 
51833 72968 
74880 74947 
13743 58117 
71008 74195 
9305 19173 
50028 69301 
31617 44476 
63280 63779 
17282 40918 
57784 60018 
34484 34757 
50247 71306 
38207 45362 
59581 69028 
2486 57059 
61969 63489 
61096 72964 
27485 67919 
62381 63689 
55573 56942 
43216 59270 
30370 73239 
5708 37078 
7768 46723 
52070 67897 
61020 68106 
22590 45754 
45736 64129 
30665 53563 
3366 17162 
8892 50019 
28926 46061 
15073 51976 
70827 74094 
38399 42709 
57264 68462 
49023 59299 
36427 60957 
53027 54302 
67479 70478 
72356 73192 
9254 36721 
30244 34327 
16101 37970 
12772 60862 
6218 41034 
20948 22739 
48990 55973 
38750 70400 
14128 51204 
13358 40494 
49726 62373 
72731 73455 
69065 71857 
27844 50342 
1115 66089 
69997 71033 
16867 27922 
25064 62337 
43711 52295 
9121 34376 
13183 50110 
37932 57474 
3032 34266 
31619 55946 
74918 74969 
51359 69771 
14583 28702 
13447 67281 
73733 74950 
6967 28362 
69090 72038 
32456 74844 
24868 55549 
2374 15838 
21965 38961 
73099 73433 
47755 62791 
1812 28121 
72829 74457 
55451 59445 
29842 73208 
20927 53075 
61815 70526 
51930 64003 
68247 69331 
23445 37329 
9311 37582 
23856 47294 
15909 72949 
20092 54179 
20565 72728 
19126 63563 
45672 52767 
68897 74902 
12535 19112 
13527 70765 
6633 54993 
68238 70906 
3609 62889 
53913 58753 
40136 48932 
33048 39198 
46077 69718 
5596 13462 
56431 62856 
67961 70587 
68825 74227 
12263 35233 
1631 9425 
30478 60477 
32853 35365 
68011 71557 
44647 69752 
34915 66777 
3105 67272 
53807 64164 
5104 11231 
10661 45207 
9855 40830 
40530 61308 
74946 74974 
13348 21234 
74713 74953 
42958 57842 
49578 58220 
63676 69052 
58702 61252 
18235 61645 
70098 71553 
9953 33718 
42676 69098 
53704 62007 
46040 73208 
10662 41512 
19772 65073 
43203 54357 
58022 71184 
7797 15824 
43625 58808 
45753 58267 
35209 64706 
19416 65566 
41381 57372 
69758 73179 
60572 73092 
45994 68007 
15318 44484 
58580 62767 
43147 45966 
72207 74396 
67000 67032 
22178 49612 
36563 49756 
48331 74527 
18923 74960 
23289 26981 
42675 64404 
26678 44483 
48098 59873 
19019 73388 
52097 60581 
66094 69658 
62704 70148 
9898 16098 
16765 56011 
72600 73444 
42207 56681 
23876 74990 
7855 11083 
17619 66639 
8417 24078 
11657 72874 
26047 62484 
12306 26450 
46700 56335 
56770 74136 
69245 73020 
9142 60465 
70989 74246 
5625 23761 
58512 66511 
11028 19024 
58800 63697 
52026 65419 
34934 46250 
6715 58635 
5595 55574 
52169 58035 
58458 73729 
40995 54755 
45559 60907 
49286 60613 
57374 66307 
6368 10248 
37785 63287 
52076 54422 
21812 26813 
39864 40112 
46734 62161 
64784 74849 
16778 45986 
22113 45931 
22444 28196 
54889 65528 
71636 73985 
57651 60132 
30020 39927 
49165 58430 
43088 48204 
30382 53186 
12841 36510 
50872 70216 
59116 64179 
63998 66518 
62734 65889 
74097 74419 
1621 70173 
18958 63178 
54534 64353 
13658 27001 
41642 64848 
13004 18437 
73148 74874 
55987 74007 
41634 54007 
36133 72086 
72042 72081 
12505 52819 
63987 67422 
39091 71665 
3241 19358 
53539 67185 
43322 59305 
26527 59465 
2570 4784 
16869 19724 
13179 33143 
35857 52197 
32410 43587 
25786 39753 
28078 48379 
72158 72779 
65612 74122 
20803 61832 
43533 48527 
22805 47586 
11060 67544 
70738 74432 
16455 58948 
33348 54252 
70554 73262 
3193 26042 
48143 59764 
31576 58146 
24751 66546 
49608 73883 
62881 70522 
64742 69059 
68664 71642 
13953 22787 
56672 58180 
71131 71915 
41571 42394 
43992 70405 
15827 48568 
26239 26342 
70295 72888 
6009 14556 
48447 72670 
51162 56939 
54531 57111 
8141 18071 
59676 72517 
61078 68020 
58746 66098 
57887 68938 
23242 55059 
7723 36499 
64031 72091 
10471 21146 
33588 58089 
11172 22593 
36799 61184 
27064 34811 
1599 58151 
31315 32266 
44601 72613 
40751 68615 
21958 45337 
70348 72993 
73108 74039 
17159 34951 
42921 73555 
48045 48819 
56615 65481 
24548 27496 
13579 48748 
38166 38187 
5871 34887 
42174 49771 
22039 32428 
989 63975 
21414 69134 
65706 68652 
52879 59556 
35479 50447 
30646 51721 
40607 44036 
41868 55055 
36417 47105 
25718 73257 
68246 70086 
9172 19932 
9551 27928 
10309 65508 
73253 74445 
12403 14176 
45886 56297 
58423 74724 
71384 73740 
10556 15920 
64035 68294 
30430 63353 
12984 26215 
42605 63395 
46354 60039 
21148 40054 
56669 57985 
38347 56703 
55507 68462 
33572 49143 
16642 26510 
40254 60535 
56001 74307 
69893 72486 
5406 60494 
55474 63269 
66827 70216 
39910 42348 
989 33810 
67996 72201 
36328 67644 
11260 19722 
69489 72990 
53558 73984 
72242 72492 
27926 50658 
36543 51732 
39476 51225 
11133 47431 
59429 72097 
17937 63048 
71303 72850 
6900 11404 
74588 74855 
51850 65941 
46123 65123 
19337 72494 
57341 74345 
62518 73948 
28655 56671 
51450 68279 
74688 74989 
74473 74623 
46965 70059 
31366 60623 
37532 57543 
59314 70674 
40810 63998 
14822 41887 
43283 60864 
67338 68801 
63966 70710 
7731 38356 
21459 55950 
45275 74118 
21094 46611 
23681 31019 
74517 74603 
58043 67534 
12174 20926 
67103 68183 
34479 56088 
71523 73066 
4905 57403 
36832 57646 
4001 6095 
26962 61598 
1397 10288 
51369 54477 
74698 74930 
57839 68492 
38339 44486 
42741 59622 
23860 63265 
61170 68418 
25623 33950 
67571 69962 
46713 73031 
27046 74053 
7611 64270 
6725 11801 
49609 56678 
41290 70493 
47648 48444 
23589 32986 
17831 65564 
22134 34129 
40600 63743 
44682 63975 
7958 25451 
36252 73991 
51140 66749 
70126 73074 
23182 52807 
24697 47351 
31361 36423 
36425 38884 
11710 72276 
54559 70594 
34219 52009 
21811 32615 
58979 66393 
41848 68168 
70112 71001 
8582 47385 
72267 72497 
14699 44426 
12504 58028 
9247 66969 
34245 51460 
27676 54355 
8079 15294 
23727 71588 
55974 65265 
21266 39825 
15112 55749 
13223 57423 
36236 71897 
27343 39497 
24724 63950 
66323 66773 
26402 44967 
3460 56523 
10072 59686 
54042 68092 
40073 57423 
33600 73071 
2247 14945 
22786 29105 
19641 39215 
4004 41188 
28019 65618 
35104 57087 
38270 52063 
36907 66879 
58608 61346 
31263 71463 
68459 73182 
40848 68878 
63842 70344 
33554 46614 
60886 69121 
57114 66371 
9266 40310 
68355 69308 
15976 23342 
70149 71468 
24018 26475 
14519 35569 
27478 32913 
69439 73506 
63728 64604 
54849 67672 
22777 30382 
35872 61638 
27803 64395 
74729 74909 
42416 50075 
13326 14582 
66911 74658 
67888 68130 
11117 34501 
50083 54338 
17509 56930 
9525 32678 
73995 74265 
18821 72059 
56540 70539 
5091 48850 
10915 31269 
1442 44758 
22134 52367 
2701 5536 
74716 74876 
40261 65456 
22999 48768 
13569 65515 
43948 61345 
37477 54946 
46969 61229 
41438 65977 
70276 74950 
28983 32079 
4610 39116 
5431 40097 
59021 67572 
20783 28351 
48932 50268 
39206 44165 
26715 68783 
55251 68496 
43734 72419 
52903 71149 
24852 62248 
44821 67096 
11744 48489 
47388 69715 
70045 73788 
46268 60095 
958 25351 
30645 70380 
65773 72145 
51047 61451 
56081 57431 
3368 35306 
52865 73504 
58202 74772 
9654 66356 
40748 61122 
68733 72623 
55251 69134 
30659 66692 
13580 22669 
25641 69340 
27213 65287 
39022 73828 
17645 29325 
71184 73152 
30695 62564 
68440 69894 
28586 72782 
39142 63979 
36987 64039 
67324 73369 
40836 62905 
68585 73951 
39812 67680 
17536 62783 
47839 51438 
25569 26254 
36445 67342 
27627 67573 
31936 65985 
17992 41121 
3619 41757 
28818 39135 
959 13171 
66849 68584 
38372 68971 
28094 33268 
6739 64074 
71739 74518 
16300 33196 
14219 38526 
43698 51763 
34252 71749 
39381 42946 
67696 73606 
69771 72832 
47297 68338 
4293 62711 
71548 72969 
35620 63087 
1015 35502 
56270 73705 
30096 73231 
61754 69593 
43844 65298 
16007 51983 
2421 10680 
26974 66374 
56928 71191 
29427 54108 
15540 46148 
71343 73224 
18474 58281 
41069 49125 
53952 67912 
2626 22667 
17018 54846 
52710 56624 
66583 74094 
1742 40746 
72196 73148 
14338 27537 
48533 60326 
3182 74192 
15260 71541 
7636 45356 
70334 72976 
47663 52298 
16060 60603 
10336 65134 
51090 74875 
72125 74863 
8111 14605 
48356 65003 
8332 29598 
25940 68800 
7282 30739 
51615 70576 
3748 24054 
30153 50670 
36195 68729 
53628 62897 
798 50424 
65608 69173 
26639 49725 
70214 70975 
13296 64375 
19384 60410 
66214 66709 
57328 63247 
55165 58327 
38728 60914 
11576 40027 
13878 40117 
23747 69730 
74237 74518 
54106 59826 
10000 41245 
38563 56656 
64524 65880 
8381 8870 
45054 63591 
68310 72158 
31450 61509 
58835 73599 
18980 50153 
24718 61050 
74866 74891 
9342 42683 
57858 70222 
57855 74015 
45353 68762 
20870 21698 
649 8561 
69692 72297 
60914 66814 
52197 53558 
47490 73838 
63589 67581 
61010 67917 
35364 68881 
6731 12949 
72164 74301 
34412 55387 
36517 49605 
18117 28504 
29680 43992 
52024 62640 
32867 51784 
37405 40233 
51503 67402 
30428 50577 
48127 56073 
56690 71156 
68997 73551 
36916 42175 
72842 74236 
1332 73919 
23623 35872 
50307 61040 
60464 69647 
309 8510 
70027 73730 
53557 68658 
14468 60972 
48820 64681 
62449 69698 
33013 70962 
54635 66533 
47210 64025 
25747 51428 
22274 56334 
40865 61649 
55009 55171 
39575 40630 
27068 65603 
60175 65922 
69544 72767 
24935 39213 
5021 72643 
3070 72377 
47234 54390 
43205 44911 
19410 32689 
22191 61736 
72282 72635 
41819 59120 
5634 14585 
70766 73817 
65652 65718 
2464 24137 
41776 44256 
44531 61643 
59348 71058 
24157 69869 
29243 57671 
50462 50648 
16094 47064 
35275 71177 
23646 38656 
622 22930 
33105 51853 
47368 53909 
10989 67293 
74933 74987 
56246 72957 
32277 44058 
51140 65608 
10824 51721 
64655 74428 
10668 18222 
37262 63674 
47247 51576 
13989 39001 
72386 72573 
774 8091 
34955 37550 
73543 74454 
24842 43335 
12267 63508 
54695 61321 
27764 33163 
29773 66406 
47550 59054 
2770 54793 
50252 62611 
12022 13012 
57815 70308 
16741 34522 
23178 55583 
9684 63013 
51626 55771 
59510 66828 
11124 68766 
40180 52991 
70115 70543 
74026 74867 
48227 49228 
14692 29226 
35264 38761 
41106 71414 
3052 39666 
72885 74727 
41522 70987 
16495 70894 
64962 67597 
8609 24854 
68474 71849 
34714 49414 
68827 68975 
48302 68271 
60016 73277 
133 20564 
20664 41708 
55570 74809 
66979 70708 
19673 33048 
64035 66642 
34544 61222 
59134 67854 
477 11361 
62456 67274 
41983 53539 
22419 24743 
30033 59636 
29840 58211 
36963 41476 
57010 71135 
51072 74649 
66793 67007 
48316 72972 
48775 53988 
21697 26422 
8096 15857 
45711 68475 
13923 24422 
8907 70696 
9661 62749 
21230 70738 
38795 40061 
67423 68064 
71322 73019 
51548 74559 
45108 57400 
62196 72023 
62105 63763 
68863 74935 
49745 52461 
59335 68967 
65079 66930 
65763 71039 
34719 46372 
25158 71788 
10480 45432 
49112 72219 
57439 64059 
608 30561 
19049 69965 
13257 50532 
67028 70671 
64284 72661 
35028 37153 
36210 61656 
13402 61734 
32684 41212 
30093 52611 
34249 73395 
25772 56308 
54054 54476 
5358 52411 
2405 57853 
21334 41544 
54766 64185 
37289 57545 
46342 64969 
50605 51242 
8255 57523 
44941 62249 
11020 25333 
47585 70555 
56218 74061 
55530 64891 
32654 49391 
13658 40617 
69097 73739 
23211 56148 
33171 67733 
55229 59976 
52631 68431 
32923 50246 
2809 3266 
36229 74330 
48508 66032 
72640 74682 
9025 52419 
5427 17674 
36436 37000 
23119 66658 
1608 33525 
54012 72638 
12092 72714 
21921 64330 
5688 53213 
19497 30434 
54790 63649 
72438 73947 
59273 67933 
7058 33913 
5591 14196 
8655 18521 
47281 48242 
23138 47488 
15099 19247 
24935 35741 
69562 72812 
48102 56800 
5520 54927 
46286 62355 
29691 40914 
57851 72498 
65817 73881 
55439 59367 
751 49144 
5043 60240 
66628 69732 
61893 69912 
64843 70468 
70341 71312 
55292 72598 
29630 52147 
58388 69314 
24226 58914 
51941 53144 
57907 63242 
25542 54426 
16782 31594 
53042 63669 
55940 59166 
41649 63089 
18983 32573 
31876 46533 
3806 17981 
57990 61332 
21053 22311 
54047 68445 
33911 36796 
64670 73169 
53982 60075 
72325 73994 
64634 69685 
53846 60619 
39360 71829 
41336 65801 
72477 72592 
22999 23967 
21822 61672 
66908 67818 
23325 50597 
34772 72354 
16536 63139 
64352 68220 
5826 35302 
52614 53855 
435 16361 
17917 45518 
10628 69835 
33959 36461 
35437 49495 
7991 40548 
47436 52142 
49531 58058 
43664 72021 
46320 68784 
23209 26033 
73427 74238 
45584 59799 
44633 60538 
19194 58395 
63654 73021 
55129 58787 
25490 63464 
41849 50204 
8103 42437 
4508 66418 
72585 73080 
24955 56077 
18069 56002 
54631 59935 
37791 69732 
25138 38317 
66496 67572 
2545 56883 
4190 60292 
40740 62136 
2204 4553 
51688 63273 
35065 44377 
42475 59574 
63178 73246 
5695 12658 
20146 52091 
41809 44082 
47719 48910 
36491 58189 
74563 74820 
17224 47923 
64290 65883 
28851 70552 
40329 64805 
776 25075 
50313 62719 
55216 65226 
4186 14960 
67217 73986 
51649 61252 
62589 70817 
31376 37024 
47146 55364 
34998 35342 
68867 73300 
514 22384 
17227 28022 
1238 51438 
43583 65116 
64135 71955 
637 59451 
48659 67911 
49745 66117 
40225 51612 
23387 55298 
73042 73395 
5550 33890 
69804 72839 
15221 67373 
3425 73775 
18130 70016 
22458 39405 
44799 65594 
9255 38704 
53388 62942 
64081 64481 
60525 70982 
509 32484 
46871 70958 
53608 53703 
31689 39229 
3270 52482 
51752 61989 
71973 72705 
57828 72886 
51941 68938 
11738 30534 
19297 35948 
36577 69635 
50542 69452 
34351 39335 
29129 45331 
67362 73392 
74744 74882 
70524 71220 
71403 71624 
54716 65440 
612 46560 
46892 48102 
74702 74886 
21018 74725 
11587 12666 
10897 47240 
10243 41826 
31039 66007 
30895 71279 
15888 72591 
27388 35804 
23783 28777 
65428 66860 
57291 59085 
17413 27454 
32129 32610 
40433 41842 
54163 68904 
65967 70734 
68233 73039 
3885 62473 
17006 67494 
52811 63801 
62239 68164 
3039 25505 
28310 73011 
39272 48011 
71530 74038 
39222 73524 
63464 70463 
60789 65435 
24142 70944 
37661 45169 
51531 60805 
4280 13343 
73684 74112 
30024 58689 
48257 62129 
29013 72759 
25033 55383 
17319 59798 
15057 30138 
43080 67377 
7365 47700 
62429 63202 
65256 69830 
45889 62395 
51507 68535 
73293 74917 
11523 71537 
66017 73112 
15010 27556 
51061 55994 
71131 71265 
46356 48331 
33973 35964 
59730 63926 
19476 49207 
47371 60822 
73663 74627 
20745 72676 
40865 54260 
28821 42831 
68542 71796 
73120 73538 
51885 70234 
73889 74347 
68645 69155 
58738 73541 
59726 71418 
3242 54249 
34626 60383 
15052 21426 
12440 38843 
45723 74248 
47189 74122 
70926 73893 
33928 59891 
73311 73353 
51530 74669 
23425 58890 
63647 73516 
38573 49425 
31582 47895 
44850 50489 
30437 57304 
40325 69525 
51842 57647 
30538 48301 
49659 54592 
32360 55953 
63106 63282 
33766 40670 
1610 4615 
12920 71614 
63610 67174 
1223 70522 
39616 51627 
55555 64407 
33141 35993 
32518 71052 
50940 74531 
30012 62138 
11411 69225 
59362 72746 
64115 68256 
65809 70577 
30298 53772 
58996 64421 
10925 11717 
10957 37848 
39827 47392 
62755 65279 
55283 60153 
62989 63363 
15750 42936 
12219 67278 
36573 44345 
61361 68836 
73352 73840 
29717 48247 
13186 33117 
3030 22916 
61949 62805 
48094 60479 
47508 51480 
24358 43461 
50924 60471 
41259 41828 
46264 66949 
34706 40810 
2421 68934 
45665 49747 
1360 36127 
57277 59126 
51172 58169 
66770 74019 
64682 65351 
6584 11261 
21389 44036 
12544 57242 
54540 73215 
70954 73575 
64687 74472 
23363 50817 
4012 63265 
65118 68843 
72325 74593 
10664 54003 
66103 74310 
70852 71810 
67792 72926 
70194 74609 
3157 6702 
57091 57616 
27914 63996 
47502 49283 
45242 48598 
70550 71695 
41226 43701 
16394 71671 
8419 64347 
2887 64434 
63245 63436 
61425 67189 
1273 7693 
56767 58265 
7621 48718 
13975 33595 
50522 51669 
63884 70473 
20897 70583 
28155 49044 
14534 74038 
29645 46084 
71168 71358 
51445 68081 
50848 73034 
9057 71965 
56962 57466 
61233 72643 
23130 62504 
42283 66077 
29968 64602 
54236 58076 
69927 69937 
60230 61247 
46637 57740 
58024 71629 
57545 60037 
21082 21933 
74112 74813 
39209 69532 
39977 45709 
42385 47931 
59247 67049 
49646 52464 
32900 40468 
40958 74699 
50905 71312 
50514 60630 
43418 43481 
18480 45588 
10816 72528 
60653 62052 
55729 60955 
63996 71759 
20050 41406 
37761 58853 
46003 59447 
60589 74108 
62220 65990 
62949 64670 
21957 70561 
58826 72612 
6280 53933 
4743 52693 
62300 63022 
24979 41169 
47076 58086 
10459 55744 
68827 73917 
51472 67590 
70469 73107 
53165 53175 
45861 50434 
64364 66230 
15097 27091 
69666 71427 
25492 52410 
32070 63516 
2695 11704 
18583 30669 
11639 14422 
65870 74043 
38681 66157 
15100 34784 
60049 68719 
61313 68973 
33092 41771 
59302 67885 
57300 59709 
47310 50656 
31032 39923 
10292 41418 
27674 52410 
6449 60514 
27920 48085 
74934 74958 
8149 69290 
57160 63987 
33502 38665 
71823 74628 
33618 37599 
3883 31828 
26833 44936 
32429 56198 
71216 72887 
38413 61708 
16402 52012 
72083 74034 
74582 74622 
68342 73285 
23644 29553 
66578 72687 
43979 45007 
50976 68215 
68953 71145 
10853 28467 
53374 73323 
662 48555 
11357 23021 
18585 54805 
20440 65780 
43613 54229 
21904 57681 
19797 27216 
61694 69473 
35904 49758 
26506 43766 
36409 43642 
70300 74458 
29775 32644 
35685 43149 
49599 60923 
37427 72806 
57995 63436 
17885 19289 
68321 73615 
73511 73664 
27200 42161 
56921 61405 
50842 68054 
27063 60888 
60807 70175 
16403 36712 
33804 56082 
26671 47093 
68304 70503 
34551 57764 
41369 55941 
27423 31885 
24657 42941 
25613 66704 
61758 68541 
33968 74536 
3653 4835 
66473 67950 
68703 69915 
13945 68860 
1367 64637 
39041 61361 
25050 54567 
16620 72537 
28855 32358 
43093 71584 
33503 36600 
56349 67889 
70969 73921 
37036 41770 
61604 63629 
32184 36190 
5819 21998 
69394 73677 
17211 66008 
60771 70624 
52257 69015 
37006 72933 
17205 48234 
8547 60362 
70263 74736 
47586 52319 
50530 52028 
22259 44228 
36690 51322 
9046 48117 
49028 69639 
48047 49366 
11101 73145 
19840 28832 
65786 69925 
9966 19613 
65139 67940 
15429 45258 
68318 74168 
2761 30910 
68402 68732 
8864 66249 
27749 74836 
14201 14604 
29529 47395 
10487 49318 
38806 51260 
65497 67984 
30253 62403 
18827 58442 
55824 65096 
70735 74703 
69777 71344 
31124 64218 
20388 69529 
10002 29106 
58602 62746 
21186 54797 
26543 51243 
23760 52221 
53909 63595 
74189 74234 
23199 72498 
71749 74859 
46118 62749 
6488 29239 
37108 50050 
17871 74357 
13381 44768 
69433 70446 
23982 45816 
2729 51933 
3763 7297 
38269 59120 
51294 63564 
61184 70186 
66110 68680 
34718 68599 
53839 55942 
6545 51699 
51929 52717 
12940 18776 
42586 57354 
44022 52384 
31738 62324 
67289 71556 
32083 64111 
48831 56389 
33053 37626 
69910 74028 
37378 70630 
11107 30655 
44061 56610 
21080 57883 
21140 59927 
16849 44180 
74259 74265 
65766 66457 
53608 58464 
66328 73452 
1908 3135 
57290 63559 
36312 37407 
16947 33027 
56946 60453 
56760 68075 
51594 72489 
9657 52695 
39610 62424 
27953 63567 
971 29942 
39176 65924 
74923 74977 
21821 55768 
55685 72906 
68876 69234 
19755 47324 
6371 11871 
23496 51692 
56843 71710 
64140 71347 
39716 63127 
26677 37349 
40096 62023 
5118 29356 
21085 29917 
26858 41298 
69825 72225 
44817 71647 
18457 44896 
5207 22220 
30864 42821 
46073 51898 
66218 73352 
23552 26432 
34160 36818 
611 20779 
19354 59883 
62163 69305 
3585 61451 
62557 72879 
32891 46305 
52593 70841 
52123 74661 
69631 69966 
3803 71098 
15018 48755 
47848 64434 
48961 66291 
69208 73093 
47073 54307 
45210 71024 
63361 70439 
36233 62211 
38951 57358 
10465 29949 
42304 56028 
71741 74191 
17604 67799 
6672 44723 
35595 54806 
23590 29491 
30032 60421 
36426 41929 
63991 65911 
24643 27585 
41373 67890 
2279 47890 
66525 71988 
5959 56466 
57939 69469 
22982 55496 
11312 66911 
43545 62948 
67797 69431 
40463 48274 
35363 44773 
36562 72992 
6255 32496 
52265 55804 
23609 53598 
12115 58564 
27017 65922 
59131 72916 
46755 71174 
56763 74616 
50115 60286 
54739 67756 
37707 57626 
20569 56931 
6799 66028 
30561 67618 
14711 31883 
64314 67021 
60459 61492 
54441 68279 
61000 70461 
48212 56542 
40364 43368 
27599 45372 
42100 73537 
8398 47066 
73296 74548 
28770 66517 
11088 46654 
50196 56210 
25800 31864 
72784 73151 
14087 53025 
62634 66080 
15589 38881 
300 36554 
60151 62165 
58615 59486 
546 9871 
60560 61153 
65312 70807 
36401 38437 
33172 61520 
64682 71987 
52066 54598 
8159 47361 
18009 44811 
4201 38663 
51828 55245 
71869 72755 
4422 65805 
35704 65359 
53559 72337 
43443 62167 
25819 62625 
20827 44280 
57220 59133 
685 40813 
36889 41920 
37108 45193 
62969 63689 
38904 40607 
74144 74938 
29631 32074 
45167 69081 
49731 68101 
4331 34563 
71632 74242 
29952 55892 
816 43288 
22322 68535 
51985 56161 
34574 35810 
43480 51416 
9731 52829 
62884 69228 
18270 72195 
44009 47687 
33663 63332 
36076 60330 
9082 61770 
19427 74796 
20712 35971 
20606 32020 
50208 64202 
72024 73139 
35046 71166 
33506 72701 
29693 72770 
7868 67177 
38985 74451 
60446 69985 
26217 68007 
11126 32842 
3057 9937 
52292 72225 
67076 73044 
74046 74106 
39334 50047 
63404 69113 
38890 69601 
11817 59273 
73713 73895 
11572 42726 
56331 63917 
57149 70744 
15358 17139 
19035 56425 
24720 67333 
46818 63996 
24503 65475 
41969 57125 
29513 38249 
65298 74917 
56165 57578 
61426 70662 
60730 70833 
51629 71800 
35432 37298 
69851 74259 
72908 73165 
72663 73103 
26766 52194 
4804 28456 
21505 48584 
14867 54353 
13779 63965 
8130 49223 
53966 67741 
33178 71821 
45108 54203 
33019 72510 
40799 68738 
31641 68371 
22359 50219 
17560 65941 
31662 32922 
47645 57413 
30175 39674 
42865 59729 
47324 53676 
2445 13767 
13910 61512 
61886 63499 
48957 69873 
31244 62033 
68782 69631 
1052 46945 
48387 57969 
31845 54918 
426 20361 
64208 65461 
74170 74266 
23155 24135 
5940 57989 
1748 52584 
6803 51219 
12350 55876 
53151 62798 
12050 19544 
26084 47625 
13772 19858 
9931 43202 
31033 37493 
68039 72865 
58268 69160 
52817 64069 
13846 65564 
62666 68277 
63362 73941 
60219 68554 
13199 43396 
27772 37672 
2532 17468 
59306 74817 
71553 73677 
62547 70363 
14446 21541 
39531 41105 
32039 61704 
64947 74763 
68153 68211 
61452 70330 
58486 65793 
3952 67752 
2165 25687 
50796 51960 
28039 74185 
10341 21829 
37246 46718 
35502 61840 
7078 38995 
46657 57892 
47593 67824 
24249 69942 
378 50117 
18680 68124 
67132 67276 
2321 40266 
39075 43567 
53709 57812 
68194 73203 
44650 64046 
51541 62426 
42205 55517 
58568 73071 
1326 31009 
41734 73711 
72545 73546 
61853 73091 
8353 37062 
45760 56807 
16544 68282 
34316 37342 
39521 72348 
71871 72456 
42282 54332 
30316 33702 
21099 70114 
41231 51264 
7085 41944 
13184 50174 
11477 36371 
7684 28770 
7671 71841 
47615 47991 
59177 71620 
45802 45812 
2229 31047 
55725 68670 
41406 50834 
61246 63698 
48399 61496 
53515 72167 
30240 65266 
60404 74516 
35466 37716 
18969 70272 
40463 57556 
61877 69041 
65553 72253 
6333 72768 
21374 71866 
57432 73470 
1646 74793 
74838 74962 
39520 72645 
15399 16052 
14240 33192 
41862 70407 
71634 73951 
1849 16902 
5336 19279 
10981 73341 
57008 74487 
9357 37514 
10359 10989 
61020 67135 
55518 70009 
66863 69622 
56343 70386 
67142 67995 
72324 73733 
53421 72141 
7736 31329 
36498 69745 
20128 28734 
25844 72828 
68377 73188 
4436 17797 
63724 74623 
71261 74866 
70884 73021 
762 48499 
59748 70141 
11581 57298 
43842 56175 
19891 34356 
65878 72869 
5555 14612 
71524 74632 
8131 68288 
20655 69319 
16455 20543 
14449 50444 
67190 71399 
33105 72939 
62634 71803 
13974 48854 
50998 67424 
17924 61043 
52946 66741 
57793 62488 
12430 48875 
42905 44305 
3379 72869 
29097 52991 
30801 41796 
44402 51810 
10186 72423 
34848 72860 
37247 60416 
42687 70273 
52071 71975 
9328 49436 
16136 47724 
12308 27866 
46926 67858 
27941 50860 
61509 67758 
31140 31443 
41758 67603 
52959 57959 
73558 74625 
49958 64268 
16090 23783 
26274 47624 
30809 47574 
33992 69824 
48851 65426 
42831 58644 
57131 69935 
74640 74769 
10280 64483 
52053 56161 
44750 62451 
46307 56665 
53338 53408 
10340 64781 
46643 49281 
8916 24215 
68324 68559 
9154 52673 
53639 57856 
51770 57466 
68710 74083 
46109 49612 
7831 52292 
12646 73268 
67000 74346 
46764 57851 
66940 68425 
282 74720 
9509 69216 
14971 20204 
74878 74928 
28426 39145 
41568 71455 
45084 56180 
9448 44726 
42297 53895 
20466 56886 
68749 72489 
48453 61017 
66623 72524 
64588 67351 
56719 59383 
59530 66148 
53078 65924 
48701 53736 
65807 66265 
70609 72440 
36426 70277 
32722 61978 
72973 74774 
18922 56646 
59760 65865 
55473 59977 
29203 69611 
56537 73346 
72662 74727 
51030 74213 
17523 42172 
33128 42248 
21132 51619 
17068 60493 
16544 70538 
27976 49303 
4587 57365 
25755 62861 
24670 24775 
37149 44755 
73916 74944 
46252 61128 
50862 53576 
459 60525 
66556 70504 
40002 45212 
54070 64008 
70294 71500 
58065 70464 
38885 54081 
47480 58953 
28658 35190 
71637 74739 
47480 72599 
73199 74150 
2385 48425 
27409 72356 
31897 32665 
12787 50380 
40910 69314 
20953 32549 
30191 39050 
24155 45410 
44149 49551 
46779 65838 
37146 44611 
24356 57243 
40796 55936 
63406 66549 
55912 64856 
53607 63055 
67388 72596 
2253 22978 
32570 59931 
26005 30516 
74684 74920 
21737 51705 
40321 60525 
57082 72140 
69347 70841 
56738 70330 
12216 14308 
67886 71854 
37475 73825 
69306 72194 
1531 42306 
41020 63854 
792 1558 
43446 56977 
29339 64956 
26304 26471 
16025 65191 
27411 51186 
20523 46419 
9567 18045 
32994 55243 
15736 52994 
65085 69199 
20483 35627 
46593 67272 
39102 44373 
61964 73099 
34998 46671 
44426 65546 
3658 6839 
25634 26052 
71424 72523 
29334 60456 
72977 74940 
73945 74812 
62040 69582 
44540 70825 
65290 71013 
50755 64192 
26681 31497 
47365 61525 
36945 53516 
38289 60133 
65667 67751 
16389 36255 
56998 71002 
36792 70979 
39596 63906 
10660 62561 
534 20395 
11213 56715 
18493 73463 
66285 74732 
74938 74982 
28593 49204 
8999 50271 
69233 74238 
42456 70941 
28581 54380 
21883 73739 
7564 8365 
10894 61244 
13247 30001 
33797 42799 
45475 53935 
29906 61849 
60954 67243 
61186 74796 
69365 74928 
10194 12642 
55666 58520 
10293 12956 
22238 65212 
2813 61516 
33285 42057 
68552 71001 
29987 60906 
67030 69519 
32566 40709 
69178 74773 
71848 73327 
69559 74493 
3582 24650 
53254 73153 
53453 63423 
38645 62005 
12069 31753 
57459 70286 
37837 55856 
44368 66544 
6008 28357 
45509 58938 
69081 70447 
45202 63267 
26451 46951 
11650 33331 
13441 16709 
31558 47428 
28033 62200 
52368 65018 
6017 73871 
50746 58992 
37248 51139 
74955 74994 
74772 74784 
62324 71454 
471 14470 
28401 47033 
11912 20865 
70196 71060 
25706 34223 
15177 61181 
23473 35219 
1625 20319 
42272 74815 
13536 49388 
25185 53295 
34875 49375 
5172 71456 
26074 35744 
50625 59696 
14757 46675 
69157 71902 
8831 55827 
48149 70195 
8142 54472 
50160 65390 
66943 71736 
50871 66449 
36024 73572 
10987 42876 
35986 47413 
64602 74856 
18393 28348 
1520 53570 
20663 35117 
40096 56559 
40987 44140 
13723 48349 
38786 69471 
61186 68887 
51503 59958 
38404 59055 
3749 19597 
38023 59441 
21638 55243 
43047 51364 
37868 69096 
10317 63140 
5166 31221 
66438 69848 
33436 64014 
54162 67845 
64627 73675 
68242 71905 
36238 55450 
18770 67200 
22388 43364 
35477 39246 
66695 69509 
19047 41980 
1071 35482 
71332 73117 
42327 72013 
7384 35199 
6899 37954 
65917 69186 
42644 52141 
23227 27638 
4972 36999 
6420 17370 
35969 58218 
22004 43482 
14982 54219 
63152 74111 
20479 61378 
36987 46070 
46603 59646 
20067 29729 
73162 74211 
68558 68660 
12583 36850 
37527 49241 
69499 72127 
46387 74495 
65293 74612 
52730 72338 
50619 72856 
70262 72416 
26686 41606 
36823 64787 
10781 64151 
73128 74885 
30454 52974 
52768 62627 
58 26295 
19650 63330 
6883 45504 
50581 64467 
4504 46523 
73512 74344 
23308 59793 
14344 42433 
60427 67781 
26362 58192 
46411 63666 
58390 73499 
50082 59732 
57093 57178 
41528 42524 
51604 62261 
7529 39649 
19644 50065 
40274 45751 
7033 61334 
39613 46311 
46259 74382 
45001 49540 
21610 59596 
18384 31394 
51043 56456 
21635 25337 
9873 31322 
64266 73412 
25516 30697 
53282 53353 
63357 68628 
51047 62982 
37806 61180 
68891 70353 
22539 66508 
14750 25113 
70677 73500 
64625 65891 
15417 33704 
16195 59472 
41418 48489 
31891 41320 
47027 54029 
63181 71040 
5926 28140 
42235 61613 
9329 59541 
9963 67016 
43702 53678 
24116 27770 
33042 59715 
27201 68887 
73542 74884 
15206 54999 
28248 71339 
39743 41716 
4251 41248 
14183 55370 
15520 40061 
72105 74307 
38673 68152 
10942 70083 
713 16682 
47954 57996 
1351 24379 
61018 64827 
70296 71144 
66156 71719 
42122 60474 
58582 71871 
69421 69586 
73291 74572 
6145 53313 
52151 62830 
15543 47778 
33808 57800 
11906 54234 
25401 40702 
20263 43984 
36511 53375 
8248 71872 
74105 74664 
27218 44745 
26989 65509 
10714 62434 
23717 24358 
49795 51137 
2946 35299 
43496 43886 
24735 65400 
151 73404 
29763 31987 
26309 41399 
22134 70650 
26716 58141 
57386 70925 
21548 61205 
67012 69211 
73135 73612 
25873 61561 
38506 65036 
25747 40069 
58494 68387 
16952 61340 
39948 59006 
22895 27191 
52698 70873 
13829 34130 
15053 56934 
69260 73183 
4350 42799 
1972 16523 
43422 48278 
49390 61299 
66026 66709 
18245 65327 
24817 27097 
37389 63557 
39529 59976 
28940 33583 
69385 72915 
38443 61798 
40756 67784 
36447 37034 
27818 41043 
57357 73711 
16957 71561 
2287 29171 
9378 69808 
16109 60291 
25816 57749 
23594 46754 
2336 17888 
17333 36513 
54744 59697 
11932 70165 
6008 7172 
63836 72847 
47690 65675 
47397 68043 
42390 49665 
27490 68780 
32716 59251 
37649 69512 
36810 40103 
63365 68041 
66456 67011 
42029 57492 
36013 57407 
21585 51068 
12070 21083 
42177 72795 
28267 29439 
45348 59770 
26696 38063 
59040 66212 
63528 67208 
19341 24200 
41399 74428 
30340 64289 
13804 20536 
34812 40659 
5631 34903 
68302 69943 
20327 65723 
60430 67076 
47262 67537 
8617 46485 
43679 59426 
53741 61525 
34505 37339 
24126 68967 
17579 64980 
25048 42432 
58940 73327 
17239 22079 
8360 37687 
49480 52607 
33304 56178 
62995 72296 
74090 74870 
68112 72413 
32642 73977 
33973 55536 
49501 55564 
36880 37803 
27620 49933 
67482 68401 
34108 66551 
27886 50780 
59320 66600 
57094 72155 
64409 74616 
55914 63951 
8857 62894 
20114 36726 
47459 48502 
47692 68535 
56612 73313 
54573 69053 
59039 63720 
9630 12776 
570 64900 
74574 74790 
17697 52803 
65161 72350 
15138 23256 
32244 61928 
44579 52344 
36850 52953 
73565 74280 
63840 66577 
10154 35050 
37540 40160 
48950 57604 
26543 72301 
14715 57849 
59794 63968 
55330 64250 
20893 60254 
72694 74144 
16440 73654 
74886 74998 
57755 67457 
56498 69875 
53762 58669 
74979 74989 
53589 66382 
68462 71503 
15011 57562 
31514 71825 
46556 74273 
73629 74589 
58160 73113 
1009 16992 
4065 22893 
41450 44192 
47629 61927 
8660 28859 
40149 42190 
24787 47398 
34019 35443 
10933 44234 
66288 70174 
50844 53956 
44555 61426 
63551 68367 
72286 73433 
46560 68038 
65882 66928 
40242 45150 
46288 56152 
124 60801 
32078 64496 
23007 43566 
13321 62555 
57767 73030 
70985 73581 
32594 61027 
9830 53541 
60601 61139 
17918 69882 
59193 70559 
32148 62331 
24957 38047 
15741 16602 
66811 66931 
5697 74456 
33006 52132 
27648 34208 
14698 58074 
50015 65824 
16133 31537 
22677 61427 
31453 64462 
16447 33302 
69327 71897 
38712 48543 
22540 37274 
29827 55015 
21475 29804 
62935 74687 
11313 19915 
46099 62645 
7479 29486 
38281 53070 
45208 51459 
60616 71207 
53306 69668 
7970 42082 
6566 73966 
60039 66949 
56974 59081 
38441 52650 
9528 53161 
31255 74542 
23093 40528 
56565 66395 
24788 61630 
50575 63358 
73144 73737 
3482 40813 
25880 44250 
50998 61779 
64690 73909 
33754 42995 
16188 52934 
62033 74649 
37928 43910 
175 7281 
741 4740 
766 55329 
68502 69987 
43870 63187 
66427 71668 
61375 73113 
14668 16128 
57959 74846 
5310 20951 
22575 68958 
49552 72107 
47489 70579 
19946 44165 
66900 71342 
8323 61396 
2453 57789 
51708 53838 
62836 63276 
29137 43496 
74808 74846 
1664 37852 
595 18982 
34918 54006 
6218 27759 
29229 59131 
54109 69189 
60133 74578 
74337 74475 
73037 73125 
20630 39878 
70699 74363 
33760 52766 
22144 63851 
59292 69327 
13983 70452 
61266 74608 
3078 53618 
59844 60630 
5997 56998 
34357 48526 
61744 73991 
45763 72075 
67354 72219 
72128 73618 
43946 64789 
73365 73411 
38942 65392 
67347 72319 
72980 73395 
33253 53834 
4327 39699 
48142 49976 
8011 29783 
72096 72245 
69114 69733 
56351 60316 
12931 74163 
14981 25823 
25809 59827 
34633 62419 
11677 50151 
64914 66873 
39387 59124 
64968 65008 
64439 68456 
2388 59549 
62039 72555 
26871 55047 
3963 24724 
16756 73820 
5668 25525 
13716 20853 
33206 74796 
7932 71928 
59410 61866 
51004 52496 
49431 52820 
20326 39306 
72420 72881 
33441 53439 
73815 74020 
26059 61736 
74883 74886 
160 51053 
10732 15747 
65539 73336 
20615 31635 
18652 35682 
18567 44823 
17242 52266 
58490 62571 
39764 50126 
2380 16101 
21623 22920 
12445 29716 
9948 61881 
35666 63078 
958 54287 
32664 50098 
19663 21268 
4292 5822 
35061 71704 
19710 31760 
36616 63409 
61952 62054 
10355 25933 
31213 59556 
11216 40746 
3190 23597 
59223 72426 
36648 74037 
66358 68224 
35016 46528 
56021 67784 
37079 64008 
48759 68698 
29837 63245 
49705 62671 
15524 42791 
64367 72137 
53309 53871 
56737 60617 
69443 70941 
25635 73726 
5346 43440 
6997 23283 
46737 56623 
38472 43854 
63625 64049 
13806 55227 
74593 74680 
22672 47558 
55896 61776 
52398 55170 
42297 65430 
67723 74365 
24875 31150 
71082 71543 
71435 71920 
11893 65827 
64020 72794 
30643 66531 
1382 15930 
59211 63061 
58053 69063 
61125 72526 
41925 63305 
33535 48041 
17257 45017 
55483 61855 
64667 72849 
68211 71492 
7687 73425 
38842 48476 
57522 60036 
51406 59754 
27814 63335 
24326 57392 
45613 54753 
23352 52808 
3722 61304 
48586 60659 
27762 38772 
6670 29022 
70768 73066 
53564 70218 
23061 28582 
54428 70419 
32760 35485 
6960 63531 
69846 74651 
4802 57334 
26508 47032 
44391 64288 
23127 57409 
36302 61261 
49785 72379 
18348 34312 
53160 62548 
63067 73776 
60342 67261 
54840 60189 
38031 67237 
58945 62441 
64411 68612 
64699 69195 
46005 67700 
16275 35671 
40725 48517 
9073 16416 
24841 73530 
12946 48905 
45222 53768 
11141 51186 
64177 66358 
45612 69142 
13770 38993 
57480 59639 
31426 73055 
17660 18057 
19694 62369 
58241 59742 
22576 40857 
41081 74564 
62611 68385 
3863 26418 
66809 71162 
46561 52600 
28934 57385 
7739 71812 
57723 62296 
2923 10663 
40617 66200 
25034 73063 
52688 72779 
30775 40294 
41463 60362 
33160 57267 
43499 46194 
52775 60927 
64296 74353 
50985 61274 
4568 41894 
33333 69181 
21696 71614 
11930 35113 
64988 66344 
50744 65192 
74647 74681 
46999 54924 
24201 28908 
39710 55916 
46341 62200 
63100 74310 
46409 61429 
55044 59986 
70903 74103 
38962 46849 
58748 63599 
34739 37099 
7501 36301 
44979 52437 
51136 52256 
48663 52616 
46167 60816 
4347 9568 
67690 69026 
62962 66478 
12638 36683 
35698 66243 
72956 74120 
25119 65741 
3242 51751 
7027 18316 
70764 72544 
7504 56708 
20391 41158 
36915 71787 
69359 71937 
57672 73109 
924 30079 
10172 56238 
43628 72266 
14495 43012 
60819 72287 
9337 68490 
10385 22350 
50199 68363 
474 42789 
9435 10010 
47098 53366 
66777 68855 
4105 41348 
29134 54090 
30489 58392 
47078 59663 
40611 44407 
1134 71963 
42946 57305 
192 74154 
68666 72453 
40586 64124 
13142 28929 
40381 52129 
63165 63305 
22398 68985 
30176 47026 
22347 39090 
71756 72504 
72002 73610 
52335 58533 
36618 56807 
11826 33200 
322 64684 
51456 64623 
13152 36225 
62601 67196 
7117 63557 
50561 65814 
71458 73669 
45666 54229 
58367 63489 
480 41912 
15131 36587 
48783 61864 
27501 34348 
1678 67941 
53081 59279 
35253 45009 
25638 70269 
6210 31784 
71989 72501 
42354 65069 
8742 43247 
55233 68646 
51780 51909 
35610 43415 
55361 64792 
69132 70548 
68873 72813 
27973 46159 
33679 40455 
62268 67896 
69923 70961 
37933 42475 
60840 63210 
15548 44831 
24324 48302 
22712 42321 
51246 66850 
60993 63505 
64345 65459 
45533 57217 
73481 74362 
51504 56126 
71154 72260 
29323 45738 
73715 74563 
20481 39115 
67576 69421 
63603 71413 
7096 58099 
6458 45876 
56593 61931 
40083 59769 
1819 25679 
70621 71751 
20374 69555 
7630 61259 
9756 46439 
31853 38914 
28724 33970 
11883 26913 
61572 72714 
66287 73183 
46160 52228 
24658 50897 
63622 70250 
53740 64437 
64701 72239 
48120 69346 
32683 37428 
18945 40986 
54666 65371 
61729 69203 
63744 65099 
11718 44085 
24923 69484 
5554 57540 
9125 54503 
26138 42740 
7551 41433 
72491 72928 
2711 11499 
44164 59694 
23586 56999 
53000 72601 
47219 49338 
61914 70913 
6338 37724 
38134 55520 
3147 63567 
43408 44012 
13969 24035 
36199 71511 
24564 34712 
16315 36497 
67691 68558 
68839 69363 
38547 74182 
4297 45612 
52894 57606 
58823 74968 
21406 25291 
22566 73748 
54298 73821 
5042 15815 
48407 48837 
64654 74952 
809 46754 
20112 39967 
73854 74499 
58441 68971 
46610 55922 
51596 72934 
72638 73932 
68754 72853 
26988 32787 
26193 65808 
61383 72229 
7800 35947 
8427 9442 
27479 35361 
22605 45573 
28037 72112 
15096 74321 
58692 64979 
22503 26734 
45768 62730 
5556 53475 
8341 45168 
61875 69199 
61231 61856 
67208 72788 
17910 48139 
38057 67975 
10225 11388 
9714 14504 
43992 56628 
59125 71152 
66192 71785 
27684 48320 
45280 51904 
38678 68500 
14024 38718 
53727 57447 
57849 71786 
1831 18932 
14522 20512 
29058 66504 
12572 58025 
36348 65158 
15816 17351 
53183 56856 
41773 50889 
62256 74309 
73795 74088 
1607 62761 
54576 65623 
21911 28537 
43663 54801 
15851 23671 
14387 44291 
3115 60824 
29006 41880 
5668 24799 
18215 52139 
8825 65419 
1212 61884 
63945 66202 
16388 48083 
6334 26237 
4294 28433 
23504 67742 
16465 44193 
1181 10946 
52959 67916 
20685 22550 
6015 73216 
54506 60378 
32228 55621 
21677 25889 
53397 53722 
72569 74114 
12344 13723 
39736 69549 
30027 37291 
74441 74527 
3780 21369 
25955 33598 
30456 55659 
31384 45818 
13506 20088 
64644 70680 
65493 74770 
28189 55097 
17669 50486 
51038 68398 
54724 60449 
68050 74829 
52230 57458 
5894 68950 
56718 66405 
57148 73664 
65626 72834 
67136 68541 
32496 38563 
14871 56911 
50125 66918 
25069 26596 
74120 74788 
49970 61370 
10330 48400 
56304 62814 
28035 36525 
9550 24348 
35284 35460 
51943 58429 
13170 23940 
64159 67863 
2483 15930 
48649 61055 
68052 68419 
23911 33686 
6923 39996 
66065 72075 
60644 70769 
25096 69534 
58559 61435 
49882 74338 
74806 74951 
54440 65719 
25339 63484 
73232 74074 
35276 38256 
32640 40970 
71778 73015 
59810 74513 
22182 66440 
19651 67501 
29166 53105 
52968 67343 
12023 13434 
31021 63651 
65095 71200 
49231 56190 
3550 58743 
61023 74675 
42230 56606 
578 51738 
35444 40324 
37920 56195 
5182 17345 
29076 58909 
11317 51530 
53203 73109 
2132 51199 
4018 32743 
63597 74521 
56742 59352 
47029 48822 
15612 27134 
70427 74996 
71736 74798 
52273 52859 
2743 36966 
19346 27638 
11515 44483 
67410 68299 
14524 27519 
17649 54362 
55175 65762 
12808 23340 
68059 73183 
51608 56493 
63783 64554 
35333 61075 
5681 24109 
30410 53458 
8128 66431 
36371 62537 
21177 23405 
67593 70417 
43359 56681 
15683 29129 
31547 49404 
69532 72327 
3051 25059 
47708 58117 
68915 70418 
67821 67952 
20121 28691 
11619 45649 
21849 49158 
40679 65990 
2545 44210 
24058 74298 
34573 36656 
37869 39672 
47705 67062 
18385 55590 
55910 68577 
817 16743 
73772 74387 
51879 62908 
40660 47578 
51084 72738 
19689 28443 
57136 60650 
16762 35973 
27190 66191 
56640 61010 
32494 35778 
41951 46235 
9703 44459 
17497 31875 
64212 73746 
61578 64832 
44108 56568 
67966 72211 
36347 54241 
43194 51174 
35858 50226 
10294 59080 
57944 63994 
74038 74935 
13548 24570 
5080 73878 
43430 54175 
13450 48227 
62327 70056 
5643 29765 
42765 49081 
22980 24930 
14440 18191 
65311 66626 
43693 73370 
60502 64922 
14675 65236 
5328 8751 
73574 74882 
64163 64725 
56782 64691 
37199 54694 
7692 66947 
11483 14073 
15286 51279 
74724 74726 
19233 61545 
9941 31356 
10319 39670 
72305 74815 
54953 62077 
3592 21045 
12873 46382 
21323 34482 
27884 59281 
24616 62452 
19618 56997 
28484 51025 
16888 50202 
61773 65893 
54414 65085 
49758 69460 
58417 60163 
13040 49780 
19794 72109 
5570 55272 
26130 57844 
21020 48606 
44570 57075 
11046 34876 
45160 46306 
10853 52385 
71051 73065 
6092 60404 
55850 68507 
24612 52893 
7258 72231 
7891 18453 
19040 34550 
59646 67284 
30227 39166 
43935 50075 
6017 67042 
6654 73900 
57188 72279 
5238 38827 
63362 71590 
67299 74630 
11018 63707 
35718 39436 
12226 47290 
22157 44496 
5365 25455 
23134 50975 
625 14031 
36805 57609 
39332 50611 
4298 20787 
18643 69833 
70349 73644 
56931 64923 
3999 33231 
16931 67015 
64886 72230 
60917 66284 
29380 55366 
9683 59050 
60923 62132 
14389 73313 
277 405 
34627 68182 
20948 59278 
52991 58210 
41927 52961 
29230 49992 
71301 74017 
25301 40227 
42564 69769 
73284 73330 
9363 56430 
65229 71234 
47016 50063 
41777 63478 
28399 59216 
66156 72496 
18913 67171 
71315 72123 
51180 51300 
39103 57342 
14582 19236 
61260 69325 
74402 74412 
22193 72572 
43523 52551 
28792 69714 
63447 66843 
19385 63065 
7881 67090 
15702 69225 
74545 74737 
32971 63255 
2872 60529 
65192 66840 
31633 48162 
63885 72570 
16852 68369 
53508 63698 
50924 63254 
46329 46400 
55263 58736 
64536 65269 
2840 51107 
54517 65987 
57662 58342 
20312 71467 
7457 72411 
52242 58026 
42464 71480 
52749 53400 
52179 56602 
73656 74868 
11351 53102 
16159 27043 
16490 64873 
36674 51179 
69838 70972 
8114 41332 
66423 71550 
28824 39744 
44395 67751 
8250 47682 
22295 37202 
49631 51326 
8743 42127 
19331 21023 
11817 34979 
71206 72498 
62290 62693 
32040 66481 
65488 73746 
9905 18898 
52770 69887 
70681 71567 
54207 59855 
64547 67404 
53905 56137 
69026 69223 
72054 74581 
50454 64984 
27878 42817 
45335 52480 
11960 57337 
40626 45135 
5273 73059 
5850 16392 
25297 39357 
17435 59826 
60147 65868 
38014 74888 
39737 40235 
59343 70861 
23564 33313 
24855 25728 
54453 62661 
21344 70978 
58833 67899 
53536 63251 
45344 60337 
42452 71865 
19189 29929 
8626 71297 
13271 61700 
25223 72291 
30379 68626 
59682 61546 
12050 13204 
51781 56337 
11438 20830 
4785 11135 
36342 39362 
28272 50187 
56869 69381 
64588 70098 
20861 26833 
36510 40865 
62941 72293 
2037 12140 
74361 74432 
58222 73813 
39041 53128 
47447 63994 
58027 62081 
102 34619 
26096 35973 
15675 21147 
26736 45303 
20110 46128 
61638 62731 
14667 33722 
4351 45465 
61351 70584 
36709 41459 
46386 49838 
18354 64120 
64269 72753 
448 50801 
14791 19463 
67364 73821 
12737 20542 
13032 56615 
9502 71346 
61037 72043 
66169 67847 
5277 60975 
4426 48662 
13427 55606 
52604 64242 
62543 70280 
59255 69652 
49607 71837 
56993 69352 
25530 73915 
38630 74052 
748 55359 
54923 64973 
57394 66877 
5528 63585 
37477 55552 
32523 48598 
25728 32597 
54389 66607 
68844 70278 
61175 62834 
72975 74043 
43056 43468 
69210 69863 
19557 65974 
74127 74331 
5935 22375 
54055 71122 
70724 73107 
20572 22904 
19455 51130 
36316 51008 
67318 67505 
7055 59831 
44834 71929 
72750 72929 
36818 55864 
567 4712 
31572 58580 
57428 71453 
3727 67354 
43384 47555 
60640 64742 
27395 39323 
2019 28122 
65810 69349 
28063 54331 
10843 54267 
68855 72223 
19863 70627 
12896 56800 
21870 64868 
68300 73316 
42701 65570 
43583 72799 
67902 74788 
35647 61386 
52154 53952 
71053 71979 
64708 65675 
58072 59257 
20811 34709 
34046 39480 
18239 74943 
27610 33496 
12247 49077 
22127 59096 
68686 71114 
27810 53057 
19845 53607 
4724 53823 
1608 8589 
21970 53713 
36165 52328 
39896 48218 
61818 69365 
66819 69328 
27758 45400 
31763 38036 
64530 68863 
37537 73980 
5576 34133 
38361 53586 
70434 74942 
2549 32047 
13713 30075 
64534 68258 
53064 66134 
18221 66420 
16879 68002 
50509 54591 
68491 74050 
65092 71121 
29123 46335 
10023 27766 
19453 64736 
43482 71716 
42854 73707 
30088 45351 
13965 16231 
11438 28744 
13881 41010 
42132 69573 
68130 71952 
74239 74729 
52202 60019 
60692 63020 
61846 69423 
23023 59011 
74935 74953 
19468 25551 
52706 57106 
29206 55897 
1357 56499 
20896 43731 
55611 57868 
51236 55978 
28256 68550 
40737 72924 
472 48937 
26407 38914 
70733 71322 
61381 68209 
20566 42610 
20572 66856 
44660 59567 
31259 36418 
39244 71682 
10349 53709 
43871 67234 
11409 73351 
5062 42624 
15022 19212 
41956 69117 
12180 62950 
7471 37145 
26607 70901 
65846 74142 
37518 54042 
37869 45054 
46457 61733 
17271 67204 
31481 63582 
54167 66752 
45 39746 
17794 22637 
8979 59792 
9886 61532 
28791 70634 
43322 54791 
56763 73788 
47352 71958 
34846 35566 
18152 65358 
64765 74296 
25687 57357 
4495 40275 
47205 52905 
48164 48350 
71814 73793 
32242 60600 
33450 74852 
54113 67628 
13535 23434 
11044 40387 
7942 46538 
14008 48990 
71289 72715 
6417 11364 
158 6994 
38783 39834 
29226 35092 
35973 46733 
11511 60353 
4886 44419 
45115 71594 
29389 64955 
39472 59406 
1352 47175 
56119 64961 
42504 74744 
55338 58618 
22074 27890 
17429 38098 
32403 40578 
16429 49893 
67971 69611 
65016 73096 
61189 67972 
6977 12324 
17861 48318 
61951 74701 
63603 64261 
68912 70671 
1784 58509 
31748 41883 
23382 65692 
39586 62181 
33203 58311 
5935 34641 
41205 73030 
71978 73043 
3144 11018 
21360 39049 
26176 60423 
71711 73077 
775 29363 
45397 74956 
21366 61705 
50648 68061 
56080 74001 
27256 46846 
51331 55689 
19419 58327 
59848 65469 
14827 39745 
10279 72362 
30172 37121 
19729 38808 
10366 71025 
47329 47480 
65622 71118 
38341 62120 
38157 56877 
25125 28674 
43392 73768 
70854 73156 
28687 49377 
66384 73317 
18808 63277 
65712 70385 
66312 67858 
4885 14667 
54825 58758 
20418 74616 
38983 73427 
21838 72965 
73606 74609 
6745 35280 
14508 18530 
29409 39770 
34978 68852 
64787 68253 
5077 38365 
11747 52721 
8361 17792 
853 17610 
15687 73037 
29097 72381 
72329 73931 
14505 14626 
42620 64738 
70577 73527 
68127 71981 
55635 59703 
16129 45440 
43755 69923 
53648 73693 
56367 58931 
25146 58679 
24872 27371 
33164 55062 
36464 74291 
17875 74637 
55308 61930 
43147 44196 
59644 64316 
72087 72586 
24485 45616 
16966 56807 
63439 72965 
42815 66016 
44666 73232 
73917 73963 
74064 74144 
62993 65448 
44860 54155 
38490 44720 
51116 70706 
72811 73845 
55028 68485 
44282 48266 
17403 73856 
29789 53747 
55646 56137 
41118 56241 
4960 17134 
14073 30118 
38623 67343 
13181 67783 
172 8211 
68656 70509 
71126 73722 
26924 34608 
24268 60903 
12874 23017 
23859 51118 
48044 72534 
55728 70572 
9762 17249 
22227 26470 
57258 60639 
40020 49489 
22648 39579 
60696 70808 
36095 53879 
8914 33807 
55244 65279 
72192 72454 
9 20970 
66373 70075 
50946 58936 
6321 12869 
7493 69597 
2727 24090 
39497 54043 
16156 41088 
63316 66484 
29541 35236 
67400 73642 
20572 27269 
58054 64344 
34696 72412 
16180 39036 
25726 45431 
10833 47007 
20314 48192 
52847 59722 
61238 71560 
30342 38660 
23701 67306 
34196 65632 
10982 54019 
4506 19011 
58287 70726 
59159 67117 
61937 67483 
45476 67032 
52640 68042 
18858 59092 
73796 74630 
11261 19251 
508 35570 
15469 39884 
71146 71516 
1926 4275 
67167 74825 
61689 63304 
30092 34847 
38975 55180 
57359 68282 
54725 66715 
73543 74144 
29045 67003 
62277 63498 
9464 38534 
43672 44391 
41759 61813 
70602 74220 
65237 73345 
39325 56658 
6769 58615 
57629 60963 
4354 6419 
70245 74232 
64341 69016 
47139 52715 
55050 64317 
2308 50243 
67735 69035 
71023 73483 
72175 72370 
6440 53917 
8479 46247 
45004 67674 
33001 40561 
65116 67711 
29965 50798 
65747 67042 
36771 38827 
71139 73271 
28605 33228 
67433 70597 
11833 29257 
21518 74894 
74459 74987 
22650 48526 
4787 25942 
481 60846 
7441 43183 
62023 65729 
24503 30493 
70017 71193 
68832 70068 
21843 44099 
44480 71592 
19342 47529 
4364 23492 
51316 70643 
44096 49036 
59365 68202 
68048 72345 
826 45516 
48458 74297 
932 66637 
59493 64771 
44189 50922 
52863 57617 
24308 30287 
35751 51134 
13871 24660 
60706 70246 
59493 74157 
1949 27168 
61388 62229 
13642 55460 
25160 64383 
42226 61049 
13841 46253 
5182 11319 
49346 52779 
28704 63669 
5775 38898 
59085 65762 
1554 48046 
48159 57041 
2969 30169 
12034 41057 
69814 73048 
52286 64870 
51138 63580 
61261 65940 
19951 50512 
35084 57073 
2640 8516 
71073 71822 
25788 34977 
28960 50661 
52515 58082 
37823 71852 
17213 38614 
71094 74748 
4855 52117 
40093 41876 
22413 49605 
24490 45141 
42218 44158 
35120 53444 
15624 49127 
24731 63261 
39963 43558 
69595 73344 
21741 50902 
32098 53650 
34019 40179 
69938 73403 
62029 69198 
64935 72228 
45505 55802 
24319 72278 
13080 48648 
22243 41329 
26989 65022 
11019 17348 
56685 70053 
576 35647 
44719 63464 
6469 24890 
74304 74795 
70702 73348 
4087 61462 
9829 12877 
43083 60439 
19535 36808 
26153 59072 
14040 53969 
46741 55350 
8236 17328 
63391 74310 
8337 21755 
27620 39105 
46649 67779 
36260 64159 
18504 59358 
43439 65770 
69303 69473 
15936 47101 
13832 74258 
38401 74405 
48406 58408 
32252 46146 
60218 62251 
24148 54466 
68602 73212 
46227 51364 
60891 73492 
30632 42710 
20585 33882 
50280 51503 
67899 68631 
70271 72864 
24050 49589 
8677 45907 
31245 53180 
17462 18590 
60605 71912 
3678 48366 
53530 60471 
60791 73198 
69971 72075 
27346 43455 
27700 31839 
343 56376 
53195 55826 
34459 71510 
65191 68048 
28749 59051 
44372 73693 
49303 63598 
44244 65627 
71742 74375 
6909 21466 
17807 22929 
27498 69917 
5936 15724 
49445 71351 
14945 62149 
12375 61718 
69241 69373 
61565 72490 
564 64875 
65701 70928 
41382 55499 
73533 73950 
74467 74730 
53511 62674 
28928 58432 
47314 60888 
25420 39574 
58829 63843 
39476 39546 
30018 59619 
9087 68830 
50101 53448 
21219 24437 
7084 45279 
61417 67934 
8018 73514 
30695 36529 
16671 50650 
37725 39245 
61527 61587 
42049 59973 
72065 74489 
8478 55432 
61839 71293 
70567 73594 
2542 12876 
45766 51852 
2832 29911 
18830 73612 
13113 25068 
74747 74989 
64711 70853 
54985 58069 
58478 58984 
19903 69627 
49308 57675 
27540 66437 
63572 65487 
23334 72242 
18275 48284 
11580 32092 
66673 72850 
25880 43054 
40622 57752 
73626 74935 
72934 73321 
36182 39753 
47613 56801 
66629 67494 
54497 56985 
67305 74477 
53492 73416 
36385 54951 
1592 67505 
58142 68062 
31838 60982 
57202 62837 
38476 47923 
19456 49029 
49250 64298 
67667 73945 
16723 56317 
43498 68551 
51438 52334 
74741 74742 
5000 12327 
15240 27008 
28644 62718 
21518 73811 
1694 12213 
20273 41885 
10618 73791 
31611 45163 
30342 49620 
64165 69912 
67653 68883 
57934 72796 
69217 73001 
53559 70549 
50411 54850 
20240 70217 
73767 74662 
72100 74203 
52996 66960 
55789 64734 
15460 56415 
52561 59143 
3802 41767 
53250 60097 
5912 41654 
64806 71605 
8619 47260 
20093 55194 
48798 52345 
19934 26787 
42689 42998 
24484 56745 
30911 66884 
31775 71500 
60202 67547 
7147 15435 
44718 61802 
38840 40836 
69712 72280 
58106 62014 
1442 40406 
50461 57417 
59608 66129 
6142 48854 
20970 55289 
15044 73822 
36944 53949 
54954 56599 
20336 49081 
49766 60393 
47816 54159 
17160 70664 
48889 61606 
69661 74127 
69104 71839 
68634 74799 
18849 72666 
49077 64917 
18488 45808 
7812 23937 
53471 56619 
3518 28734 
19602 28357 
42472 47998 
16569 20613 
66268 66532 
58873 59814 
8651 67326 
53419 67039 
65733 68872 
38717 70741 
25751 53782 
33806 52455 
69573 74002 
32134 53563 
65477 69719 
29442 39461 
14924 48320 
4317 40703 
51506 62460 
28090 41860 
43181 56582 
50541 60296 
69701 70020 
35500 60307 
62792 67426 
53225 68464 
53938 58356 
52771 61710 
19267 31618 
62528 67027 
62504 68744 
36634 67810 
67383 73690 
38455 68564 
37947 50210 
70844 72929 
65172 65832 
70289 72639 
67878 71145 
58197 72832 
23464 28767 
5803 19571 
38047 63402 
31860 50761 
17914 37998 
67776 73138 
42834 45415 
75 27115 
16385 59291 
56287 57316 
12081 15626 
66055 67082 
34689 47962 
62468 73861 
41329 58580 
5775 53581 
68687 69334 
11634 47654 
61069 71581 
50800 66936 
61765 62237 
11104 45621 
18587 47176 
51499 61426 
28717 62102 
39402 69466 
23864 46496 
34805 65777 
56478 68271 
38833 48036 
72368 74400 
14898 74735 
11086 37853 
62287 73001 
1134 6602 
73756 74703 
71328 73366 
40174 55316 
53224 66590 
73310 73955 
20171 57659 
70093 72749 
52273 66919 
58676 73741 
18913 69756 
39576 74782 
36882 58385 
63887 69718 
50578 70609 
39112 68177 
44739 68064 
43984 68701 
56683 60781 
7640 46165 
41045 59642 
73743 74913 
57627 70093 
27548 51717 
36942 74909 
10873 11835 
73445 74694 
49917 72174 
40801 69066 
537 46303 
40180 70301 
12592 16411 
34873 63406 
43730 71110 
66874 72501 
51699 62795 
45332 50444 
30001 46443 
70496 73757 
15480 66271 
33657 43552 
66602 67920 
56714 66805 
45245 64707 
32512 59817 
49830 69903 
5373 62102 
55843 56299 
68320 71184 
58842 72506 
3517 40969 
37390 64525 
14101 63727 
7039 59473 
25317 72222 
46574 67552 
72133 73701 
31539 62735 
73600 73851 
33326 51917 
37525 61976 
39830 68058 
5722 62772 
42507 63612 
36757 50220 
73786 74801 
3420 44078 
16340 21985 
51002 69445 
29072 61764 
21291 39175 
17091 69817 
3122 19987 
50754 50916 
52669 74739 
7319 51121 
59068 66074 
50614 59281 
41379 43546 
4486 30340 
53251 54201 
33332 62320 
41226 66601 
65460 74157 
72217 74935 
52180 54838 
65880 67430 
53877 73659 
48728 48872 
26646 38472 
66764 72643 
52150 64940 
16356 56456 
1991 66693 
71994 74595 
66442 66624 
10995 23557 
30933 60318 
45018 57658 
40709 51508 
67683 68506 
37940 69615 
32426 67871 
24268 51088 
15544 27703 
43883 62641 
1847 14596 
46307 62557 
43930 49034 
31939 67894 
18547 36116 
29362 64194 
50582 59619 
40766 48165 
41468 59784 
18528 71965 
66849 70135 
66909 74744 
18756 45516 
65691 71236 
47847 53215 
56784 61949 
29297 55689 
23981 30158 
14782 34094 
13367 71634 
35198 65008 
59076 70911 
19355 56866 
44482 45528 
30350 38671 
5967 19702 
21645 28259 
40139 68432 
55225 68515 
24584 39796 
43246 45937 
30263 61539 
11505 24654 
42784 63947 
61681 62466 
10517 33207 
16999 52850 
74260 74669 
39789 44956 
18935 19218 
40727 65703 
74629 74866 
46724 52694 
17555 62261 
71532 73284 
60511 63536 
46232 48942 
34040 60703 
11564 27456 
46226 51337 
10935 12359 
71090 71531 
65991 67371 
49483 58602 
69716 72815 
42782 56751 
70867 74754 
16641 27173 
64503 71929 
4252 6043 
31037 41026 
35008 54763 
19297 34492 
13088 16094 
35315 65740 
8257 33350 
40656 51767 
52803 67597 
37465 54433 
22091 53705 
30370 39901 
28995 60973 
30152 74324 
56178 74271 
5415 47379 
18656 50915 
11755 71504 
36011 59259 
55077 60647 
22161 58360 
20227 69815 
32767 71402 
10620 42919 
23594 33735 
73049 73289 
25372 36397 
14194 17343 
49263 60987 
54486 72159 
18501 62790 
34738 69183 
40764 68019 
12802 12916 
71445 74491 
43026 56348 
48662 65317 
49099 70482 
34014 38284 
49478 61677 
12726 24176 
40991 67896 
43930 44452 
43786 66913 
167 9162 
65207 68348 
69680 72537 
10070 22606 
14480 74101 
2222 61311 
30161 57771 
27785 60581 
28532 49020 
73173 74178 
43226 62167 
21263 54363 
41126 66426 
20117 35263 
31112 61719 
2740 74418 
25401 68542 
13324 55532 
73719 74254 
47768 66556 
25730 51257 
10963 36616 
63098 69815 
46730 64050 
36083 71096 
5742 42083 
23914 50850 
39051 74033 
52425 59823 
56751 61905 
14481 67667 
34889 66543 
45516 73287 
56390 65287 
42628 67983 
47561 50920 
50369 52374 
52087 55328 
20216 54228 
1132 32544 
66332 69849 
22693 34253 
23998 44928 
10902 46217 
66367 70097 
32458 48789 
23829 68012 
60611 70375 
19098 69902 
28407 28887 
71038 72191 
53347 73441 
66244 70797 
48611 55842 
40707 57065 
25103 58920 
40927 54884 
35103 50715 
66790 74962 
47359 50064 
70186 73062 
37299 45548 
23480 42194 
1928 4669 
14770 31478 
68143 71671 
32486 71107 
45923 63728 
29207 52808 
27625 64565 
15668 18083 
32936 34190 
43628 57357 
24376 46466 
35901 55859 
53925 54353 
32976 74066 
1321 73800 
19902 21364 
32739 50123 
43788 69458 
24496 73974 
287 69716 
34009 59818 
31708 58425 
52783 66870 
20840 33436 
73324 74431 
68924 73177 
8050 17809 
22198 62908 
60440 61922 
64056 66300 
71415 71678 
1673 37229 
5468 40972 
50232 58264 
42146 58191 
18466 30724 
66136 74902 
46937 74007 
6310 59139 
16177 63883 
67872 73564 
29096 48047 
7086 62228 
27848 33708 
54529 58334 
34204 66228 
62467 63142 
26020 73427 
59793 70584 
14746 59650 
35148 60598 
73390 74471 
16156 67836 
12589 18416 
54974 73075 
60901 64073 
66360 71538 
41567 61392 
52870 54531 
71397 71597 
22657 67330 
53707 69781 
44691 49099 
54709 62736 
15268 15360 
40187 40718 
66882 74207 
28714 73178 
21819 47795 
37957 65251 
72435 73261 
40909 47158 
68434 74253 
4856 6449 
49807 55879 
19727 50855 
67415 71880 
10862 46958 
73936 74206 
72990 74842 
3013 52343 
59601 61132 
36620 47090 
23095 71924 
47488 60357 
57363 61461 
59311 64110 
442 7945 
54940 56132 
67534 72488 
37876 44260 
52105 64996 
53919 58743 
52491 69214 
16061 59664 
27327 42430 
67630 69319 
56818 67100 
19783 61859 
14115 34540 
65517 68179 
32285 73015 
41660 68607 
51779 72196 
10900 68643 
31553 43237 
64633 67629 
2629 54001 
62358 67334 
16638 41351 
52947 53697 
32790 66165 
32148 63259 
13825 43317 
62708 67994 
74455 74693 
26383 61607 
8610 33584 
55616 71352 
73322 74352 
643 68113 
12355 61775 
65054 69066 
57376 66932 
17649 49722 
32858 69237 
32170 37729 
48357 48570 
51444 58929 
57001 57092 
10340 15631 
45789 58707 
49273 58481 
16055 29765 
56422 66497 
62129 63132 
51110 63438 
14852 36138 
41890 62323 
65060 70682 
9340 11219 
21444 69844 
30881 44010 
61328 64196 
39302 66860 
61380 66263 
12400 60783 
44328 71692 
26268 63238 
52426 70444 
36242 73350 
70347 71844 
72426 72900 
70868 72189 
12453 19834 
60907 61328 
52792 57683 
64675 69002 
69409 74441 
27265 66370 
71787 74086 
16593 51062 
65682 69448 
5838 19928 
55089 68365 
59931 66296 
8071 65255 
8160 20369 
61433 74770 
43893 73685 
11497 34767 
57588 60747 
2203 43659 
27135 37067 
65053 69669 
67476 74061 
686 23091 
16795 55568 
10852 42128 
15451 28222 
30777 60586 
74865 74965 
57825 60092 
30500 50649 
11991 39698 
19790 66104 
18405 21898 
28049 58207 
57837 58893 
41084 61822 
28125 64072 
28032 50452 
57207 74849 
54598 57809 
50269 53601 
58989 73729 
55017 58310 
9626 16578 
31917 72695 
38990 70954 
69274 73784 
8236 48061 
71677 72796 
21684 45438 
62063 68656 
38882 66335 
4042 31098 
21825 71753 
30814 60034 
47084 51279 
70722 71945 
72224 72297 
829 3452 
73682 74734 
71835 73395 
72874 73670 
21628 65816 
47979 73282 
50533 57074 
68025 72069 
1532 65572 
47569 64948 
4632 49792 
8870 68548 
68018 70302 
61691 72542 
47322 64804 
17807 58171 
62338 71570 
45676 52779 
27286 27528 
66890 69036 
63602 72836 
72995 74512 
67831 68718 
7176 31732 
39348 50989 
50045 73689 
53635 63426 
25069 70856 
359 16527 
15822 64196 
9511 62673 
71900 72333 
37930 71571 
71253 74085 
43378 53100 
30518 64746 
21291 67441 
36792 72832 
53691 70540 
21618 60315 
38523 59779 
42675 52179 
47193 68094 
63445 66355 
63433 64944 
41445 56640 
72883 74123 
24612 39356 
7310 21640 
59388 61772 
8344 21040 
32664 57432 
18444 26660 
52836 74784 
960 43877 
12493 16770 
73121 74967 
54992 68278 
63 42687 
25380 64689 
5015 33355 
25125 27230 
30428 58662 
13380 61526 
69466 74573 
64705 67148 
3036 29113 
59150 74874 
19533 59803 
21273 36226 
53856 72706 
62466 73463 
74939 75000 
19901 36491 
5537 17402 
48587 57274 
16769 24416 
43431 71800 
37482 55679 
21045 62875 
29742 41577 
46141 60768 
70621 70801 
30082 68609 
16598 28593 
30086 33423 
34435 62752 
35455 53697 
23273 38021 
42001 47556 
6470 40997 
70601 73048 
23433 38397 
24361 45063 
33229 70517 
6429 73803 
71827 72824 
20866 29140 
3285 22018 
6803 70763 
11800 37752 
68621 71763 
20676 28667 
36586 56591 
4971 40510 
16157 59370 
45481 71539 
34371 37104 
21588 26850 
57761 74083 
59729 65200 
51044 74651 
48855 49305 
40102 55475 
5613 17163 
38627 57522 
59076 72265 
64406 67616 
71547 72777 
950 34927 
37588 59203 
19007 56160 
39482 67939 
45688 57964 
26665 65116 
54925 69374 
23281 62122 
70260 74237 
21400 43517 
70931 71660 
15676 72542 
61658 74003 
35304 55877 
37540 50369 
10033 51479 
1311 34967 
47510 66235 
65813 73155 
37469 50694 
4160 54051 
36233 59057 
41333 54370 
32292 55711 
35437 41567 
60290 64124 
29958 37567 
53002 68243 
23336 51269 
32612 69121 
38043 49416 
33273 47354 
46301 55948 
72784 74504 
12184 53463 
36868 71544 
30087 36650 
51279 74567 
23527 24474 
88 71534 
8469 62095 
44522 67352 
25430 55366 
53032 58006 
12454 45338 
24596 64212 
39785 69369 
54536 64627 
39586 71916 
234 69462 
38537 73040 
17026 28387 
21511 73507 
62004 70669 
38582 42056 
74106 74894 
72368 74770 
702 28326 
21101 66343 
13185 49872 
19157 55410 
51508 58276 
64876 70881 
44060 55248 
67113 72922 
27730 60190 
65805 69051 
42332 48835 
65955 68033 
32107 47309 
25973 60448 
35368 36885 
16946 49087 
39326 42241 
66902 67068 
66868 67421 
45354 68635 
61616 72370 
443 58770 
2856 30568 
64795 68517 
58625 60048 
57889 71460 
72412 72860 
63721 64124 
27471 34323 
10475 18214 
24689 37129 
19285 53060 
32727 66680 
46711 47455 
62366 69007 
6418 68324 
64311 65552 
27607 29350 
2092 57544 
54529 74718 
14004 15105 
24955 37047 
4211 25249 
53587 59788 
44739 52204 
73184 73686 
42304 47127 
21664 68254 
65020 67650 
24130 51954 
39608 48544 
36341 55127 
34246 39354 
52778 74062 
42505 63897 
72666 74241 
37286 72193 
51366 54814 
1631 46485 
18462 53715 
19370 72830 
31184 67859 
42487 50402 
68420 72947 
71930 71932 
69871 73889 
38996 68897 
69907 71409 
72777 74787 
62522 65999 
3266 28804 
60472 70144 
62834 74586 
31097 46628 
46077 61860 
49940 61518 
50521 63222 
29180 62800 
45411 72695 
53032 63316 
52141 66114 
12061 35621 
29299 69110 
55845 74129 
9357 26206 
50601 54669 
22587 49288 
61836 71959 
52073 67635 
1608 44283 
35283 49810 
58764 66520 
52331 65705 
1501 32418 
10078 46067 
4 21921 
13127 26943 
42864 43819 
11872 47869 
16848 70313 
37988 69257 
12683 51715 
6928 73384 
56559 70066 
3397 62561 
19687 57546 
26790 30873 
41411 58200 
66050 70049 
4104 70026 
54426 62980 
51507 52796 
28905 51668 
54653 60167 
20003 73974 
70113 72705 
32739 35751 
21264 32317 
43631 72473 
56658 61332 
61621 71682 
16182 51866 
41849 60226 
319 35548 
11914 16665 
68137 71982 
42390 57146 
74623 74798 
13682 23053 
29307 59529 
65041 70944 
16584 59782 
16845 19900 
54294 59217 
24240 34043 
47679 48347 
29932 66103 
46716 72356 
26272 74890 
72651 74705 
57555 67887 
50665 64335 
43187 64218 
22785 52636 
41027 46225 
9556 21248 
45304 62869 
11435 65871 
11483 25774 
14069 50259 
28484 67225 
13357 24639 
71155 74883 
65088 73628 
56535 57883 
59198 70033 
12845 17459 
61999 67692 
36906 38860 
58961 68010 
11341 23142 
48709 59289 
29407 67760 
23112 69695 
58819 63510 
58281 71463 
35696 40925 
40326 63787 
39271 61044 
39840 64186 
57040 63738 
68794 68889 
72705 73674 
3393 5907 
32391 37517 
59091 59223 
46608 63369 
11027 48554 
16538 43135 
34065 36757 
63119 71990 
39502 44764 
73114 74864 
46795 59645 
16509 60902 
70438 70763 
41762 55871 
10401 46027 
34432 49450 
22723 45164 
2426 42762 
62976 65395 
65748 69318 
63441 64141 
29597 52129 
52021 66665 
1994 26907 
22074 49347 
50812 53185 
26246 43976 
62111 68439 
5251 41605 
39357 61724 
36415 45872 
43922 49910 
17222 69849 
36157 36548 
14136 43143 
49499 62774 
33470 42977 
21778 74077 
26133 48127 
67426 70735 
38400 44605 
6843 39544 
16134 61438 
59274 71535 
3447 20667 
5959 17529 
13638 55925 
35338 43619 
64554 73756 
6678 71230 
65179 70414 
27645 70768 
8178 33947 
18118 42842 
17574 40497 
32297 34893 
10354 54523 
7046 37316 
54933 72724 
7730 68631 
1804 16187 
14712 70951 
17120 17734 
69523 73138 
40562 73628 
66199 72040 
64829 73057 
33447 61489 
73594 73855 
72320 72764 
53011 63974 
4911 15383 
7802 53795 
49729 71935 
4690 39453 
69966 70349 
22459 62098 
8882 40882 
31582 50555 
12666 70119 
60014 69787 
41517 73396 
63711 71436 
27555 50464 
57419 70836 
42322 71115 
47089 66558 
71422 72697 
59232 66718 
58826 72931 
28375 57031 
33931 67381 
54547 55262 
42032 49180 
24845 73122 
74355 74972 
41595 51262 
18105 72484 
63740 69203 
70894 71094 
25837 26746 
45726 51604 
7509 55002 
10771 22575 
45682 65001 
50038 74150 
32577 40061 
45867 65789 
42446 66992 
14836 32464 
52832 54803 
1643 53313 
71059 73271 
56764 59915 
63183 73809 
966 2263 
49057 73425 
25135 32525 
3435 50606 
49337 71701 
17644 59523 
41985 42798 
4785 8240 
30064 40818 
73323 74753 
30886 41269 
72237 73939 
44567 70406 
61520 70823 
48423 70279 
38685 43355 
6448 22183 
40410 57639 
31010 71152 
46803 52972 
69329 74013 
28089 30012 
61633 69429 
63250 67257 
35630 58319 
2768 34678 
43940 55177 
10838 68551 
46896 54331 
46381 47168 
11162 35321 
16721 41522 
7975 25149 
3043 34327 
27413 38744 
74773 74804 
44715 56968 
30426 34525 
20301 55079 
72398 74133 
22854 54383 
5331 23282 
46658 56158 
47334 66312 
45266 62550 
19093 74704 
65951 71680 
73964 74409 
51828 62304 
32250 54686 
74928 75000 
25004 69526 
52847 55042 
45240 71245 
72517 72530 
8667 16132 
23675 25608 
25067 46075 
21782 73914 
11054 56013 
9180 65591 
52298 74260 
31813 36058 
37685 58953 
43378 68569 
33889 53617 
5486 60421 
31394 46353 
32331 70984 
33701 57018 
14376 62216 
29812 48031 
13488 74557 
40955 43575 
46770 60799 
59534 62777 
39692 74468 
31257 57503 
28850 73911 
24435 65775 
25924 35619 
7424 27973 
33727 44261 
39103 72209 
58024 60763 
5698 7917 
21772 30058 
49892 50024 
69905 73030 
44319 62321 
19488 55172 
64893 72604 
62649 69173 
12762 19185 
17317 67130 
38576 65041 
17142 66305 
27755 36034 
16797 48740 
51042 53188 
3553 47147 
5531 27735 
48800 73426 
16340 70693 
70673 70770 
18881 42167 
4945 28695 
63110 70265 
32797 33011 
44891 52458 
70132 74035 
47831 57011 
30704 40603 
15948 43249 
41314 74216 
20071 58925 
56692 70559 
18886 23633 
10231 40598 
65863 74432 
19043 55723 
49664 67247 
34673 65703 
14469 15575 
74444 74778 
14571 25355 
60434 70812 
48662 66399 
59086 74501 
31431 41688 
61977 73237 
56091 72546 
27904 63863 
24332 63867 
43168 66681 
1180 18952 
54589 68079 
72736 74289 
25810 45949 
73480 74707 
74479 74506 
66912 68283 
38523 51858 
6647 40238 
4059 7332 
63967 72503 
45391 68224 
61086 63054 
27824 40036 
55409 62119 
74287 74836 
40151 41296 
6576 71413 
34051 48323 
31497 59434 
46064 64202 
13938 20102 
28035 56784 
31161 40263 
14575 66108 
15399 64017 
59039 65951 
67864 70844 
67210 67704 
74185 74985 
13530 51412 
44005 70984 
45450 55139 
13167 17126 
33782 47627 
40905 57861 
71987 73498 
53221 65440 
28245 45002 
36077 66015 
56617 73474 
66449 74777 
37559 62767 
72177 73456 
9417 25094 
34916 46744 
59218 64146 
27319 69305 
20529 60523 
18842 35355 
72623 73506 
6641 11984 
64987 73928 
21676 60507 
61435 73115 
4855 30110 
49375 74511 
12 28155 
18343 74514 
37282 69876 
35139 64318 
20211 66599 
9460 62858 
1387 64304 
36098 38657 
36888 68171 
71867 74580 
11669 56654 
58751 65023 
16024 72796 
24543 37039 
64723 74941 
55488 57282 
12259 15661 
34743 67297 
63960 66088 
15012 15450 
38578 42099 
4791 67371 
71577 74975 
72906 74615 
38411 43723 
64529 67420 
74776 74874 
47986 53249 
34040 54800 
47565 62162 
4716 62172 
62084 67678 
38918 60908 
7489 71479 
25040 54697 
33513 59606 
71971 74140 
70606 74928 
26678 27562 
2486 52933 
65361 72469 
64252 70180 
48691 63220 
48349 55206 
74760 74972 
43754 55582 
20951 25831 
13236 48221 
69522 71100 
43060 71576 
43440 45059 
56306 64322 
33591 53501 
24502 66046 
21889 67539 
50852 62526 
56410 63412 
66955 67002 
28596 64148 
34348 70548 
31229 45681 
42334 44790 
56444 64586 
24410 39026 
3446 22764 
5603 71286 
67930 73865 
26494 35673 
5938 48575 
68027 70124 
27584 53850 
27767 70469 
5375 74357 
67015 72537 
32946 36281 
14483 34717 
12489 16127 
22978 41284 
9630 11508 
65223 73317 
40122 69780 
18126 21952 
25788 36741 
28180 35808 
5894 48854 
71608 72330 
31745 38734 
13371 22342 
65389 66023 
14482 42419 
70090 72135 
44126 50574 
50340 64845 
28285 55960 
65731 65792 
37733 49884 
34415 43627 
54537 69482 
9418 62612 
64375 69866 
68675 74562 
6036 51733 
11295 67890 
38490 54960 
23523 47897 
49479 68832 
74260 74814 
18317 63305 
16900 53656 
8087 39683 
38810 70646 
14762 54992 
26454 73615 
17443 19167 
527 1628 
47343 70153 
62337 66517 
50240 50846 
14286 24606 
27069 53133 
63364 66644 
65254 70883 
33990 61622 
39873 42959 
74920 74951 
74868 74944 
35941 38777 
65078 67842 
8255 27196 
9105 29000 
43470 66058 
48796 61316 
1152 47377 
3256 57082 
8422 46958 
1140 26820 
32449 41117 
45503 54988 
23925 68844 
60816 74730 
4989 64296 
49547 69192 
32568 53491 
25356 61352 
63116 67660 
51249 62854 
55618 60927 
15535 56150 
10138 48904 
10168 16028 
12275 67128 
16618 44105 
22189 61204 
59706 67445 
26318 71197 
1972 56569 
51786 62831 
3176 58211 
55559 63504 
50452 70097 
2870 12807 
74860 74882 
22569 62124 
10076 59446 
67887 72100 
4311 8512 
9982 36386 
19043 34887 
64036 65591 
21155 72240 
647 38603 
74894 74969 
12403 14458 
3340 19731 
44719 62719 
71987 72717 
3599 71357 
15680 62714 
58192 63616 
8191 26509 
21842 62387 
761 27433 
19446 73632 
10802 24639 
49180 70435 
31789 45707 
23530 65083 
27412 65596 
19398 21192 
48131 65897 
34414 57692 
69317 71215 
19271 49525 
66039 72845 
18060 36001 
20171 36587 
41988 69030 
719 67604 
25364 26294 
44517 47551 
68603 71321 
3067 66006 
62241 65803 
33996 47989 
52018 55457 
48874 64847 
40491 43964 
51271 60067 
65149 69392 
52748 67457 
13051 20737 
49644 56173 
62193 68758 
71279 71971 
38267 55127 
51686 66196 
57451 69387 
4204 33235 
18967 65782 
19245 47034 
33524 68756 
12500 26239 
23644 50772 
15764 34802 
73275 74268 
60889 61226 
4363 60285 
5415 15349 
7201 52672 
58566 70229 
4682 36829 
40549 63608 
23218 50369 
28194 35953 
18500 56922 
57296 60254 
74398 74684 
60108 70007 
18344 42823 
66290 66552 
26600 35483 
26934 74267 
31780 42242 
6899 46901 
26327 49570 
35032 60346 
12843 15385 
53148 63641 
9855 44572 
57494 70265 
17656 64084 
18901 48253 
60346 62831 
32149 35663 
11017 14658 
65731 73314 
20967 29561 
39450 45200 
37545 70153 
28404 64170 
45884 50653 
11699 27722 
72137 73937 
35091 64681 
32975 42598 
60311 74902 
61896 68519 
3464 44789 
55125 61262 
55355 73016 
54045 66836 
21647 72705 
74005 74648 
49159 61081 
44319 47258 
34795 55011 
10090 14897 
18768 72360 
62651 66733 
53250 62702 
24444 46771 
44442 66490 
11329 52319 
51224 52434 
54007 63792 
17927 47557 
73967 74255 
7934 43551 
12312 20802 
15817 30634 
6497 35349 
68425 72001 
41156 45209 
42122 64968 
15594 62740 
21715 40102 
9155 40109 
36112 67030 
16239 41747 
24179 57711 
65029 67923 
57349 68052 
1357 36022 
19471 57132 
68060 69663 
64497 74100 
51098 55414 
58594 62671 
22092 46078 
55689 64676 
52219 57561 
8771 60582 
67088 72457 
34379 51127 
69584 70170 
17059 32793 
35356 73838 
59049 64979 
67397 72540 
50617 51118 
71303 73015 
19593 39593 
51236 74290 
66818 73032 
5324 68683 
65103 69510 
11150 48176 
68428 68806 
39218 60706 
20483 50910 
18762 39226 
48023 51977 
54733 56490 
57255 57518 
38237 55510 
74948 74991 
49799 60772 
46865 46978 
15387 21309 
64048 72884 
54971 66795 
52665 55898 
32375 37264 
71470 72425 
74793 74848 
61658 61941 
10048 69045 
53948 70136 
49053 49962 
72048 73615 
7966 56935 
44927 74722 
73016 74195 
53414 64676 
37412 54824 
23780 60104 
40216 41698 
48115 62011 
12301 62539 
68324 73936 
18874 24868 
19597 20341 
62292 72065 
5634 8437 
28173 67942 
64755 70223 
42410 47966 
17493 63032 
17332 64621 
27356 62681 
72986 74247 
21819 58258 
52828 72052 
44962 45112 
22366 70853 
13748 57863 
1902 59295 
14163 44764 
11835 12686 
40854 48744 
14093 60565 
73174 74628 
27846 50114 
14119 30124 
37724 50265 
30523 71596 
19571 63626 
40526 73824 
35014 55182 
28274 36836 
57488 73244 
57559 65216 
26693 36055 
51662 68204 
57593 59128 
19562 32083 
5770 32747 
60306 68653 
25454 40175 
69141 69685 
68687 71379 
952 45425 
11660 63563 
61413 63642 
49255 70375 
11717 36646 
64834 66670 
11439 33408 
5947 59354 
27261 28898 
7842 23693 
26035 37975 
58272 68061 
40246 40427 
62016 65403 
15218 28377 
12129 41805 
45104 61217 
8409 71458 
50623 62266 
32744 71789 
19841 27771 
41705 46926 
29504 53852 
42615 68204 
31479 60536 
32220 73251 
21543 35501 
67869 68837 
34983 65718 
8879 32975 
57092 73617 
50302 57941 
28880 62307 
33189 38160 
38931 66784 
52079 74504 
71492 71848 
4969 25877 
25618 32863 
61401 66177 
57410 70887 
65259 73396 
19186 57802 
55744 59481 
51996 57593 
51244 53156 
17512 68717 
67058 67175 
5087 11489 
27015 63423 
29656 42400 
62806 71967 
18100 19887 
40936 60309 
46189 73920 
65796 72853 
19386 22864 
64255 70116 
60844 74137 
47655 70484 
35568 68990 
60197 61415 
51173 72652 
49123 70426 
63899 73609 
28991 47491 
2641 21411 
32570 55289 
53845 73381 
73041 73505 
21429 57016 
29316 67646 
55822 62015 
42170 60744 
45970 71293 
4707 65991 
73197 74208 
40622 46249 
9661 46888 
54730 54791 
56010 58154 
9475 11645 
47326 62085 
34632 64897 
21049 65341 
61048 71807 
10497 26293 
26378 32548 
65507 70260 
57314 58576 
24099 31455 
16407 23335 
13363 19369 
45367 45823 
39199 46049 
28565 56488 
22512 72845 
19072 59101 
36620 54393 
60738 61718 
32724 58852 
22239 38525 
6616 14689 
41059 70255 
25190 25969 
46863 62009 
56772 69192 
11585 55269 
60366 65715 
48303 72056 
546 37579 
62834 67579 
5904 42704 
1495 4437 
45889 51591 
29861 57725 
45798 69270 
48003 72141 
16130 27423 
29043 40688 
31978 54747 
56497 69695 
22103 52346 
71816 72791 
27069 57959 
11440 68198 
60331 63277 
38765 66677 
66819 71928 
12498 24336 
38124 40688 
17331 54476 
11430 56113 
71350 73130 
56248 62696 
933 11488 
48810 65422 
62757 67957 
36895 56688 
51697 58772 
28716 42300 
56072 64357 
23304 62761 
72154 72309 
10408 18771 
15227 35837 
43365 61568 
53177 62960 
9640 68626 
34305 47517 
13520 41688 
54926 63125 
16843 47740 
7599 7628 
72120 73448 
30844 49496 
17845 23294 
28907 69891 
56992 69058 
10315 30647 
62714 64023 
3685 12577 
58791 67707 
15273 20756 
5445 50570 
8729 16266 
42225 44047 
40216 46519 
33934 48340 
74913 74967 
28661 61927 
132 44609 
28565 55574 
6530 28513 
54335 67107 
37365 66221 
40536 46865 
8778 41837 
51088 67509 
72898 73778 
11263 16546 
60665 72062 
50689 51069 
18972 53223 
39963 56892 
46492 74216 
24463 36967 
54046 67192 
16873 55152 
56535 61380 
39001 74708 
34199 43380 
31807 36081 
1716 44164 
39293 48610 
72770 72910 
50190 74770 
29267 38251 
60774 65390 
2989 64684 
36539 59159 
70791 74062 
39528 60924 
69850 74494 
18264 54535 
39271 47023 
47268 61714 
30148 70817 
71855 72645 
29955 63589 
67831 69557 
14715 59400 
51795 61118 
21407 47714 
56778 70291 
70890 72520 
26023 72352 
30920 40727 
67701 69487 
5700 52659 
31772 57476 
27127 60124 
51926 71292 
40767 49470 
35755 47274 
61860 71788 
36620 65713 
31226 50547 
64785 69176 
12192 22846 
57422 69073 
71587 71994 
20680 36284 
51960 59871 
5421 67886 
5932 68979 
70636 73740 
15440 23793 
71117 71178 
39136 47288 
59388 62351 
43584 70187 
20458 48585 
71641 73944 
7391 29967 
35284 67504 
32201 35323 
36517 69780 
54744 54999 
34740 47726 
49966 70045 
15000 28994 
23019 56403 
3293 71700 
34146 67922 
44747 48487 
31509 34143 
74241 74485 
31546 55289 
23770 36741 
43820 71357 
11722 16287 
29621 68668 
32922 66674 
32920 55964 
32068 43213 
72663 73572 
57852 67550 
29443 56283 
52909 69969 
5604 25006 
15533 39728 
58470 65987 
38442 61715 
29220 64737 
19440 54386 
13388 14139 
51426 60298 
54793 72300 
1057 40114 
45019 71386 
52162 56304 
29382 71505 
6194 70075 
22561 34223 
41078 56350 
58603 59296 
13422 25300 
1044 9787 
66106 67270 
60244 73306 
25741 57442 
69813 70546 
35286 67914 
1270 70367 
58432 68662 
45373 49926 
66446 73519 
28514 35961 
42976 67916 
68502 74616 
2440 3214 
61715 68271 
32661 54069 
20575 58144 
24982 61720 
50844 62693 
28291 74471 
72159 73031 
27881 57075 
72435 72890 
48424 58071 
4570 62238 
20629 26600 
23191 63235 
42835 59539 
26915 63850 
21085 57017 
37242 68669 
71647 72981 
56762 70882 
9474 14525 
21731 57965 
27465 31466 
37184 64133 
31156 62288 
68235 71013 
60800 72421 
74720 74860 
15147 63298 
45160 58662 
72553 74289 
32138 61086 
29275 49886 
7276 9278 
14710 73360 
58257 64630 
28911 60598 
17759 19430 
62184 65487 
50645 63392 
4817 20343 
17735 56526 
39485 57434 
24015 70558 
34513 51616 
38547 43005 
64448 65464 
2051 20373 
51175 60677 
19690 35012 
838 1205 
68917 69290 
73363 74818 
5881 44493 
17157 25626 
19774 71588 
17697 26855 
31802 37730 
74005 74322 
31326 36879 
33592 44054 
14060 48640 
61652 62524 
62242 66434 
45036 48555 
3266 17387 
17639 24264 
35709 69266 
15854 63093 
57897 69373 
25246 41581 
11808 48984 
