25000 25000 
9957 11096 
24285 24784 
23866 24823 
22338 24716 
503 15102 
19683 22144 
1314 7559 
24915 24944 
23263 24520 
22312 24705 
17087 19914 
21626 22632 
16728 21731 
8282 13819 
7802 14537 
13552 20225 
18537 21375 
9493 23226 
5451 19890 
23716 23959 
8917 16560 
2395 24421 
1650 7776 
24291 24563 
16186 18223 
4555 10504 
10863 16592 
4080 12537 
23459 23833 
24642 24719 
10647 18269 
18725 19196 
10899 21895 
7991 10079 
11599 22378 
8117 11863 
8409 20621 
24826 24965 
3766 24543 
19843 20512 
10785 20248 
8842 21611 
7522 10077 
17794 21109 
11495 22769 
22758 24770 
23850 24730 
15273 20547 
24058 24605 
10093 23327 
584 8139 
8591 8857 
12812 18105 
16695 19952 
2877 14675 
12694 16982 
7326 15365 
21395 23280 
22156 23595 
18069 24662 
6505 17800 
19846 20602 
2973 11307 
18541 19325 
16247 24341 
13091 22267 
7342 7738 
10149 12109 
16554 23462 
12645 13761 
20501 21480 
16777 24113 
16504 20412 
13622 14743 
12416 13697 
21745 24864 
19294 19686 
4912 22624 
5252 5333 
16002 23003 
13973 19038 
698 1429 
5379 11185 
12744 15781 
13080 16194 
23973 24451 
13712 15647 
15362 24330 
7049 23783 
262 24136 
2608 2670 
19966 24278 
15501 19702 
6518 12853 
15453 19173 
7360 18590 
19212 22592 
12015 15194 
3332 15520 
832 19465 
6294 15310 
23292 24264 
17449 22068 
5362 19777 
18957 23387 
5240 19971 
15704 19198 
9625 15202 
15704 24178 
969 7167 
17877 20235 
14032 14844 
17613 18714 
24829 24926 
20254 21954 
20430 24902 
13910 24347 
950 16502 
7976 10672 
16955 22012 
19143 19171 
22886 24893 
9245 11977 
17178 21558 
1366 17529 
8281 13349 
4139 18031 
5811 7759 
12626 17532 
23725 24571 
13578 14668 
16401 18560 
19319 19869 
10656 14849 
17820 21878 
15828 22186 
8745 17071 
7699 15575 
17977 20580 
15231 16842 
6645 16253 
18336 19415 
4907 7904 
2449 23776 
21064 21364 
14926 15738 
6700 6712 
7969 18617 
18759 21222 
20938 22461 
8104 22239 
24136 24747 
14550 23559 
19464 20842 
4766 22687 
16834 20288 
9294 15594 
18674 21640 
19396 19483 
1201 10147 
2018 10891 
13750 14046 
6020 22971 
13418 21525 
8517 12403 
2248 9167 
15417 23044 
18532 20483 
21129 21290 
21643 23684 
1391 20189 
10218 23850 
5656 14180 
10837 14905 
14109 23498 
233 6220 
15392 17816 
16401 21532 
19712 21728 
13098 18145 
15174 20053 
1697 19094 
14 12984 
11959 12908 
10548 13797 
16843 17324 
16406 24013 
10520 19335 
5187 5572 
6948 21003 
10226 19823 
9699 13847 
19395 24091 
8676 9348 
20830 22538 
7673 9260 
8444 17083 
10557 19158 
296 3163 
19477 21425 
24986 24992 
2671 22407 
3345 18054 
856 15249 
6629 23105 
13766 20811 
18182 18423 
24098 24175 
16311 20394 
2933 18316 
15614 16353 
388 6435 
15480 15886 
10606 22063 
12853 17710 
22269 24425 
5295 21188 
24716 24998 
16734 23704 
5848 17809 
7783 17736 
20913 23763 
151 5182 
16168 22598 
16416 18333 
11976 24075 
7383 24034 
13569 14774 
1773 9721 
12076 20069 
24542 24957 
14354 18471 
2583 16788 
8760 15030 
12954 17995 
13539 21318 
21110 23368 
5223 6079 
5307 17525 
5707 8394 
15113 19427 
267 8681 
12227 13191 
3913 23579 
15077 15891 
10015 24275 
18845 20397 
17636 24828 
2044 13861 
16333 19102 
16617 17603 
8492 14826 
12553 23032 
8169 13240 
6708 12430 
15686 19484 
20947 21518 
229 967 
11393 18027 
16055 21154 
17350 24313 
4182 16638 
13185 18803 
13732 16383 
12331 23840 
3309 24969 
21692 23591 
9500 10370 
11677 15162 
23476 23612 
18173 23714 
15467 20607 
7181 11433 
23655 23861 
15957 23065 
13085 19656 
3063 24178 
1238 9770 
16945 19471 
6782 11002 
12168 23672 
24781 24789 
20220 24671 
12313 21350 
22818 23025 
8400 18139 
4380 14819 
10161 12557 
7362 16942 
5257 11650 
20734 24850 
3490 20144 
20184 22465 
9021 22528 
21045 22423 
4916 24835 
10217 21346 
16663 24072 
20782 24791 
664 11004 
12837 15863 
11554 16576 
16159 23702 
7377 8377 
15379 18653 
2874 16716 
18120 24006 
18005 21113 
18400 19576 
5895 7609 
11753 24950 
12650 23421 
12601 19024 
23232 24656 
9254 18972 
18955 22174 
1128 6015 
15606 22316 
12043 21638 
22478 22824 
20549 22438 
18222 21892 
6366 23129 
889 16932 
12642 24461 
17278 24956 
7276 9776 
22237 24998 
7000 11922 
16594 20510 
3358 5267 
19313 20231 
8422 11206 
7001 19109 
12688 14151 
9673 23677 
15534 19072 
5453 14050 
7803 10017 
16887 19954 
17011 21522 
12778 12867 
17127 19915 
14051 18681 
88 6794 
3655 18680 
18718 23490 
3718 16990 
5537 5851 
10029 13389 
120 11695 
5479 24312 
15189 24440 
4355 21307 
3770 10726 
10141 11819 
14889 23274 
24557 24837 
14304 15582 
5096 18313 
7569 20889 
11847 22082 
633 24193 
6245 13698 
10130 20492 
8109 23619 
13553 20430 
15863 23047 
11647 19225 
1690 9356 
43 5421 
1007 19214 
9402 10180 
19810 21694 
11750 12391 
20905 24567 
19432 21635 
24454 24715 
7916 10451 
2732 22070 
12979 14367 
19455 20876 
17918 22694 
21131 21888 
4610 4854 
3987 11073 
2272 8597 
2614 8647 
1222 5621 
14508 15611 
11948 12420 
4004 17967 
20918 23762 
17412 22226 
11498 23204 
15668 22837 
235 18950 
18818 24958 
4437 13882 
15116 20496 
13991 21894 
5255 20653 
315 15207 
13093 23074 
14391 17654 
12619 21834 
7499 23501 
18402 24610 
4964 24858 
20481 21909 
21583 23755 
680 8797 
13263 22060 
2463 4801 
10019 18723 
23579 23879 
14712 22961 
13957 22794 
18148 19344 
868 2451 
16890 22878 
9315 10284 
23436 23626 
14892 23755 
17077 20414 
14925 23568 
14656 24254 
49 21699 
18793 19263 
864 16205 
6461 8119 
22791 23554 
3330 15387 
18269 23555 
24280 24899 
12665 21474 
1522 4350 
20293 23098 
8448 23095 
15411 21501 
4116 17291 
11509 18343 
2663 17134 
7174 15848 
2927 17201 
4997 6191 
22507 23811 
11867 12409 
5978 16238 
5732 14558 
24864 24982 
10988 11698 
21748 21753 
13436 17414 
559 17631 
1321 16368 
11796 22486 
21277 21743 
6871 21108 
11069 13299 
9309 15765 
23673 23780 
6437 13784 
14608 19892 
18206 20385 
7894 11164 
17183 17606 
344 5863 
23608 23874 
13295 16283 
19967 24702 
20040 20246 
4151 19142 
3630 18101 
1914 9274 
10935 16982 
14850 15856 
10023 20702 
11708 24385 
3476 8224 
14068 23201 
23265 24890 
10727 11977 
7069 20727 
3032 21972 
14476 23369 
18521 21704 
18358 18507 
4089 22763 
24293 24872 
20100 24453 
14407 22598 
8776 10900 
21708 24602 
15383 16877 
21011 21322 
12153 15544 
4698 13196 
15906 21312 
5984 23485 
19387 22654 
2168 3173 
12432 17256 
21379 24996 
19874 22642 
22290 23262 
13871 22615 
11527 21579 
13034 14674 
1717 15197 
21846 24047 
16950 23844 
2698 5514 
13235 13944 
6528 16385 
979 9480 
10776 10943 
15438 18442 
8420 22065 
4519 8581 
5497 10431 
3551 13079 
9220 23999 
21237 23615 
20240 23125 
21370 24591 
18327 22918 
14232 20401 
14502 22457 
12464 23106 
19122 19462 
17812 23961 
8011 9446 
10084 16399 
24458 24806 
24588 24772 
15392 18933 
17592 19845 
16738 21841 
24106 24817 
23670 24236 
24635 24741 
1253 21019 
15465 22605 
9891 17664 
7404 12291 
9070 21270 
235 19816 
7242 22008 
11830 22881 
18645 20361 
18412 21445 
10575 18706 
13715 14134 
21712 24661 
4102 4459 
314 6364 
5897 14092 
4372 7614 
19532 23140 
15170 17032 
474 23050 
23247 23572 
9612 10172 
10976 20342 
1477 16612 
4732 9533 
18639 22830 
18337 23040 
14449 19433 
162 7471 
1229 14815 
2229 9988 
6997 8704 
6500 21332 
1032 8492 
18382 21848 
19404 20196 
24520 24842 
13881 15175 
22582 23792 
10988 16998 
6931 12332 
14561 18587 
12066 22345 
15455 20287 
20621 24943 
9371 21950 
17844 23261 
19739 23902 
10587 17678 
23904 24254 
18983 19316 
7969 24945 
12091 13208 
1178 16242 
12452 15389 
21957 22439 
24491 24963 
9528 11345 
16715 22881 
13943 17564 
3459 14614 
843 3944 
22726 24021 
2536 5888 
10414 21667 
3974 12491 
4853 17313 
12590 16188 
23350 24630 
20026 24412 
22873 23981 
11523 15570 
23810 24290 
6104 24535 
6887 24175 
11206 13735 
21732 22923 
9744 11431 
18612 22015 
6766 14650 
21030 24332 
7552 15010 
10817 21985 
12557 22084 
10837 13933 
21943 24480 
16029 18342 
19875 19943 
6652 6870 
20417 23717 
18465 18636 
462 3330 
8115 9570 
15239 23883 
6249 21435 
22121 22462 
17404 22132 
17526 21476 
4551 8098 
13342 24184 
478 18237 
14849 14937 
4779 17942 
24697 24716 
7623 8996 
19644 23466 
7363 12298 
2284 23733 
20517 24673 
18381 24117 
4622 14295 
23119 23989 
2409 7920 
1165 17247 
11367 20290 
22634 23218 
8216 8220 
14334 15384 
19797 24402 
17838 22401 
17815 18224 
20321 23093 
24943 24954 
17850 23879 
1051 21729 
348 1926 
20350 22146 
24143 24759 
17886 24876 
463 19637 
9558 11779 
6511 11233 
17115 18170 
8116 12921 
3281 24203 
12100 18996 
2437 3724 
20092 21864 
18160 24860 
23585 23994 
8707 15219 
23033 23774 
7374 15946 
16231 20397 
3705 10687 
9606 17556 
3249 23427 
4982 22305 
14153 22154 
24645 24827 
20471 21537 
8090 24926 
10463 15567 
19573 20533 
24218 24987 
8344 19890 
19340 21966 
11672 14076 
9393 13000 
20836 23400 
24495 24847 
14674 18962 
4772 7373 
13050 14948 
795 22754 
2885 5322 
8793 11316 
11510 13681 
16539 20290 
13891 14401 
4754 11443 
22026 24144 
16722 23468 
14360 19555 
6677 17268 
18927 22137 
7849 23707 
14615 19948 
16941 19207 
4212 23175 
1963 17345 
13070 20825 
3710 21339 
23918 24928 
11311 21828 
16287 21040 
17795 20996 
13646 16619 
14117 16049 
23219 24130 
16707 21670 
22182 23650 
24380 24622 
18290 21867 
16875 19496 
10526 24034 
8080 9972 
21977 24456 
14668 24231 
19316 24309 
7049 22461 
3417 7578 
19427 23177 
19621 24747 
3719 5085 
4793 12566 
17524 20812 
8510 12364 
21125 24574 
16065 21932 
2745 17172 
7017 22055 
11231 21096 
17895 22807 
10899 15461 
21892 23242 
19112 23672 
18990 22991 
2565 19444 
11682 15514 
23628 23647 
18233 23099 
8897 12716 
16289 24730 
6598 13427 
15426 24038 
9666 20709 
2382 20299 
12196 21157 
5583 6115 
12016 14365 
23485 24650 
9550 20662 
9442 16210 
48 22708 
17092 17603 
7137 19167 
1557 20636 
13477 22448 
5907 19700 
19709 21275 
10768 13797 
14808 24160 
4685 16422 
6315 16881 
5244 6654 
18461 19623 
19435 21445 
13265 17921 
7526 11707 
15179 17615 
16808 21902 
19051 24192 
9370 18237 
696 10700 
4943 9272 
171 15431 
22928 23227 
818 4404 
12500 17245 
17742 19764 
20679 23714 
22868 24047 
16900 19023 
2002 10477 
15364 21952 
11566 22463 
10902 16216 
19228 23817 
8773 12472 
7250 9750 
10 2462 
21295 23472 
21108 24680 
10994 22165 
18760 20287 
7111 17202 
23977 24412 
5344 6625 
15339 22183 
16121 24348 
17224 18613 
15913 24549 
9627 21018 
10718 22231 
2574 15614 
13519 21839 
13198 21519 
18219 21620 
18955 21336 
5556 15688 
24510 24558 
4366 12603 
13625 21469 
14186 23284 
3058 20230 
8407 23786 
21733 24522 
22998 24325 
4249 19014 
15744 23637 
19135 23998 
8961 17432 
22292 24266 
2400 24076 
16846 20143 
13555 16499 
12249 19943 
3162 17384 
20691 24716 
10203 22881 
17295 20052 
7526 22337 
241 3464 
10612 10814 
1814 6662 
6306 24897 
7717 8046 
11515 13218 
10681 17555 
21708 22249 
15632 20054 
22561 24530 
2186 18313 
6382 8526 
19378 20124 
6162 21421 
24866 24874 
11363 23346 
19914 24348 
20821 23083 
22299 23468 
21541 24235 
23138 23642 
1739 15208 
4783 21604 
19000 19202 
4290 17830 
22848 24879 
8796 9229 
1967 7939 
3170 19371 
11895 14133 
23624 23824 
24465 24574 
21198 21309 
8266 13306 
414 10070 
5462 14906 
22458 24493 
10608 13530 
22731 23722 
10343 19442 
9630 16132 
8752 22890 
13689 20228 
2849 10962 
3620 19852 
4368 17830 
23267 23698 
19888 23541 
135 13462 
5482 12690 
15177 15965 
6587 11881 
13387 20735 
23562 24334 
6092 13795 
23507 24989 
8100 12112 
4742 18456 
6056 9931 
23296 23996 
5119 16876 
18959 24101 
15529 17938 
14814 16790 
22995 24077 
8095 16423 
7215 13123 
23263 24133 
15345 20329 
24700 24944 
18621 20320 
1812 2723 
14662 23958 
16908 24903 
12567 14026 
3494 10366 
9300 17226 
22185 23522 
17472 19255 
17041 22676 
13652 20714 
2747 15729 
19033 24207 
1679 21161 
9305 14796 
20933 21642 
9766 22451 
1287 16283 
9811 23326 
913 18616 
20906 21977 
11441 11609 
23150 24793 
13550 24506 
13986 23423 
10237 23226 
24843 24930 
8668 17239 
935 10842 
15330 17258 
18912 21524 
14761 17001 
9730 23208 
2873 3909 
6747 21831 
8049 17836 
24411 24907 
3381 14866 
5642 12601 
1762 14196 
7055 19492 
557 11879 
19659 21789 
1288 3748 
13154 24459 
17628 21553 
1979 12685 
11697 15283 
9722 22651 
13608 19589 
2082 18998 
1093 21901 
6141 9927 
8506 21159 
4920 10118 
23092 24240 
12512 21579 
3011 18404 
10766 20452 
15934 19876 
22957 23756 
7127 19734 
24739 24947 
7246 11097 
11077 13192 
7185 20392 
1913 8396 
5934 17420 
7934 11400 
15214 24609 
16400 22604 
12261 18551 
7711 17712 
5599 19178 
5395 14636 
4140 6868 
11723 21596 
3806 15785 
23437 23820 
23483 23731 
23216 24572 
18898 24223 
15751 16135 
10035 10886 
23611 23917 
13275 23957 
2281 2807 
5166 13914 
9579 21860 
9138 23195 
5685 8551 
10776 18026 
7292 24788 
4897 21652 
14534 19832 
8171 20338 
12119 17109 
12604 20342 
11062 19144 
18145 18170 
6974 22125 
7255 11132 
23569 24952 
10214 22898 
4377 14021 
19928 22497 
21189 21614 
7264 16032 
18105 18171 
6354 19116 
19844 21803 
5600 8332 
24509 24786 
17771 20765 
18053 21589 
6278 16217 
22351 23332 
22644 23252 
13875 24870 
14447 20724 
12875 20532 
17762 21556 
15022 20098 
12029 17414 
22073 23527 
22579 23928 
3501 18964 
11443 24132 
8609 12814 
13712 23779 
14522 17082 
16063 20166 
15795 23182 
15113 21946 
13175 18856 
24141 24261 
6033 14741 
9858 10346 
22765 22882 
21214 24905 
18065 18864 
3693 22688 
15197 22729 
5991 24209 
12251 19307 
5253 7817 
16362 20960 
18704 20661 
19795 24698 
18969 20224 
15487 23342 
17328 20195 
6687 19444 
6419 23339 
3553 17067 
22718 23206 
13128 20147 
1024 16569 
3620 12516 
6635 11099 
12900 20999 
19234 24778 
4869 24405 
11255 13072 
14936 20683 
10414 13896 
3387 9733 
20296 23346 
14919 15496 
17215 17866 
1032 22532 
18974 22856 
480 5250 
14620 21294 
17731 22479 
24554 24767 
8471 12608 
7820 22179 
19301 24845 
15359 20118 
21082 23456 
24603 24778 
294 4262 
18669 23013 
8214 13540 
10699 22490 
16087 20658 
4328 17331 
20324 23365 
15721 21727 
22539 24486 
22880 24857 
24935 24957 
1731 13257 
16991 23654 
6778 7928 
2297 19737 
13104 24285 
21691 22226 
15586 21719 
4239 21340 
16888 18916 
9125 14538 
7825 20576 
17968 18042 
6438 17251 
12637 14863 
8854 12941 
18144 21038 
293 7026 
7634 10768 
22013 24136 
11189 20226 
3324 15096 
4993 11768 
8602 18388 
14569 23115 
520 20451 
13440 19564 
5095 24662 
17114 20590 
17880 22146 
254 9564 
17105 24598 
3070 4841 
18540 19689 
20051 21858 
5883 20007 
5574 14486 
9324 15539 
4015 21084 
6600 22699 
15061 20422 
6727 12713 
16448 19203 
1323 19958 
13104 13752 
19452 21751 
5875 14512 
9864 18627 
1976 17859 
3889 14135 
13377 24614 
12740 21751 
23597 23981 
11511 22357 
13798 17365 
16377 24695 
18391 19203 
23837 24830 
1453 19992 
11777 20801 
18836 21538 
7226 11417 
2674 15612 
4186 23011 
14343 14971 
21236 22000 
10665 12696 
11341 20849 
22605 23606 
13233 15030 
21403 22918 
10762 14145 
7693 24579 
13347 19909 
15188 22438 
18560 21826 
15388 16535 
17266 20617 
11876 17827 
20649 22171 
6451 9433 
19519 23581 
1905 21220 
13474 22007 
22573 24106 
7971 20214 
18063 20214 
8967 18980 
3892 12264 
2376 9846 
20731 23706 
14330 19587 
2744 2929 
16224 17170 
22450 24157 
24295 24529 
139 24027 
6384 7166 
15367 17964 
12099 16618 
11516 17831 
23376 23420 
7906 19177 
23881 24255 
9165 22669 
9074 23831 
1259 19429 
19086 24257 
5198 6814 
9916 15865 
5928 11665 
8280 24072 
9247 19714 
20026 20088 
18236 18849 
15135 22939 
10600 23444 
10500 14156 
16762 22465 
17245 23020 
23000 23212 
8671 21734 
4321 24070 
2654 11579 
7820 16235 
15662 17600 
11073 16747 
22831 24625 
19388 19670 
20261 23406 
17700 18368 
10263 24405 
24272 24378 
13735 24922 
537 7271 
20906 23777 
9400 13302 
11327 22890 
17695 19547 
12146 19742 
10101 23345 
636 17072 
24274 24612 
8132 24210 
10507 12383 
18794 23801 
24137 24417 
14979 17422 
6200 11086 
21962 23165 
14517 15683 
7332 20298 
6225 23341 
7035 23662 
4371 18612 
18102 21351 
2652 4760 
5671 12128 
5426 7639 
8639 12325 
3445 23126 
13526 19125 
3590 21049 
18106 18395 
3223 7223 
1602 19636 
22503 23794 
10246 17115 
11588 16495 
21565 22325 
6979 9269 
21346 22985 
15484 23156 
17286 21697 
2265 9866 
16334 20116 
8916 9416 
23743 24939 
15664 22162 
22125 23429 
16009 21088 
12389 15949 
20765 24278 
10843 12958 
22514 22761 
4931 8344 
6158 20393 
10202 22283 
994 1497 
24320 24439 
20425 24009 
10270 12232 
23193 23320 
13608 20758 
19266 20437 
18239 24754 
5753 6864 
21039 21416 
284 17699 
13384 16634 
22049 24601 
12102 21979 
21792 24112 
298 21471 
23315 23338 
3875 10198 
21929 22766 
21464 21820 
11545 21951 
23430 24851 
18058 23087 
14899 15031 
21839 24197 
5506 14026 
7210 16688 
8686 21855 
9530 16441 
6617 19943 
14506 19755 
6136 16292 
21221 21555 
20089 23661 
19082 24963 
18625 24212 
19145 23910 
5876 18545 
18446 19393 
19723 22957 
20769 22138 
10261 14378 
19564 24800 
5899 10897 
15126 22352 
7636 16700 
13938 14099 
21143 23124 
2220 4257 
21926 22969 
19414 19930 
15895 16243 
17084 24289 
4186 10210 
264 8608 
4701 16884 
7230 8800 
7754 22446 
22683 23663 
9584 18119 
1962 6151 
2133 21725 
15564 22921 
23730 24498 
6618 19539 
21154 22311 
12514 19121 
12455 15791 
15177 17012 
20494 24413 
15207 18179 
824 16749 
13930 24578 
1000 15203 
16933 24321 
19438 23283 
5655 20700 
7578 11718 
6237 22596 
17178 24389 
20167 23740 
239 24817 
8264 24784 
1970 11695 
9435 14390 
5531 21238 
6284 21519 
24775 24877 
15387 18088 
20867 21344 
11996 20306 
1340 16097 
8803 11314 
21540 24477 
2588 11756 
22415 24875 
13479 15223 
12704 21768 
8809 22544 
14993 22605 
4967 7991 
9872 11504 
5470 19045 
4638 15880 
13397 19413 
6168 23765 
24954 24994 
10525 23741 
16888 21642 
19616 21682 
3596 10290 
23055 23570 
2997 12792 
21345 24629 
11069 18866 
3850 11155 
10067 23889 
17748 24491 
18352 21239 
6533 23689 
12370 20662 
22544 23499 
20336 24357 
21066 24709 
24304 24785 
370 19770 
23491 24533 
9576 21835 
2249 23444 
23524 24745 
16314 22325 
23622 24820 
20934 23030 
3176 12464 
21495 23039 
18288 18682 
5690 15338 
10707 14947 
21924 22320 
6529 12067 
831 6234 
13412 22901 
24722 24824 
22412 22799 
3572 12638 
1856 4839 
20817 23040 
7859 16205 
21384 23302 
13061 19241 
6528 7411 
20855 23246 
6427 7401 
16424 23849 
13742 20995 
10192 21286 
14909 23950 
16084 23343 
470 5400 
14999 17835 
8186 15065 
20719 22065 
13618 14323 
21116 21200 
21085 21860 
20580 24166 
7509 15878 
6265 19747 
4606 16344 
20431 24372 
11377 11932 
12666 23396 
8434 19008 
1003 14948 
20016 24704 
7822 10212 
19604 24470 
12323 22602 
20269 23822 
14939 24766 
10542 16317 
14218 24052 
15772 19796 
5304 19034 
9690 18319 
136 20780 
22926 23993 
2905 22247 
24877 24987 
21079 24055 
3259 8117 
11053 23419 
24165 24752 
18965 18985 
14146 15933 
5141 17649 
5706 24622 
8253 18369 
18600 22169 
8850 20066 
18444 22764 
1305 13865 
16509 22106 
24602 24661 
9912 13909 
11056 20222 
2478 21443 
14000 18145 
499 18928 
9052 10407 
2647 21485 
24457 24805 
2992 7027 
8707 9989 
18147 20122 
14629 14799 
4170 14407 
11509 19498 
6912 7178 
197 9146 
12889 22651 
5901 16320 
20406 21906 
2213 24449 
3977 22562 
4886 15024 
12609 18077 
12624 22950 
4971 7205 
12057 21569 
17923 19714 
21934 23536 
22756 23891 
3247 7880 
9624 16371 
1620 19702 
11314 14531 
20334 23149 
24283 24349 
4893 7777 
16229 22497 
15637 19051 
14919 24673 
1140 24492 
2334 2578 
9429 14039 
7170 7827 
12801 14737 
19957 20759 
554 6534 
23707 24652 
9190 23144 
12349 21986 
3734 9068 
9353 12196 
1946 4589 
12264 12666 
4751 10024 
8469 12578 
13873 24606 
15817 19914 
22987 23995 
5210 16903 
15103 18751 
19320 24330 
12780 17158 
16233 16672 
4799 19468 
15580 19091 
2938 9233 
9375 12373 
3696 19804 
22086 24154 
13681 19721 
1813 4256 
4914 23649 
7524 16330 
17386 18057 
18459 23252 
5353 7028 
3721 14330 
22314 23399 
5531 8057 
18137 23939 
21956 23746 
18864 20788 
10227 21724 
1654 21652 
22709 23531 
15873 24176 
22984 23172 
11446 16194 
1311 23126 
21412 23348 
9781 12628 
2091 12044 
16888 20856 
23594 24768 
5788 20666 
21702 23413 
18836 22146 
18547 22506 
24451 24940 
1385 17668 
9555 22788 
16571 24329 
17632 21961 
17771 24281 
16965 19247 
14798 20337 
17483 20038 
23494 24351 
13139 19335 
20194 21326 
16095 23157 
19319 21720 
22032 22742 
11153 22750 
23092 24949 
14630 15066 
20351 20766 
20126 20899 
10674 15833 
7715 17839 
5043 20970 
3360 7034 
10441 12244 
16910 18468 
3180 5486 
21840 24812 
13202 16212 
1758 10424 
3977 5837 
11823 13873 
3579 22282 
21616 24149 
10219 18022 
20706 21906 
3804 11257 
3788 17810 
13891 24830 
8865 23616 
19693 20319 
13365 22049 
5485 24922 
22759 23661 
20651 22635 
16232 23429 
9878 19707 
10482 20182 
24113 24837 
18729 20897 
1560 16881 
93 15699 
6665 9847 
24463 24747 
5989 21535 
14582 18789 
19036 23965 
5449 18953 
18350 22197 
3887 6174 
12960 13171 
6601 20909 
10478 15753 
16930 22777 
17510 20540 
16428 19352 
12772 17017 
14023 21475 
7789 10156 
16294 19820 
2565 11094 
5860 7260 
20748 23151 
3137 3767 
23648 24092 
14579 18386 
8258 14836 
24251 24451 
23651 24680 
18695 22343 
6123 7341 
14265 16564 
18539 23236 
5358 10925 
21255 24189 
8115 24452 
14748 20691 
4005 7149 
6038 12913 
14188 22589 
22893 23936 
13247 14495 
18183 24979 
14244 16375 
17977 18524 
909 20498 
10120 11253 
16708 19958 
13216 18252 
8981 17092 
14238 21061 
18163 22928 
15599 23685 
18557 21142 
24764 24853 
7889 23277 
18805 21834 
17357 19619 
10642 16677 
22056 22206 
9314 22435 
22246 22790 
15145 15938 
15388 21982 
2279 14090 
2418 7481 
5704 20932 
6885 12355 
23992 24852 
5737 24495 
7030 15055 
18608 22944 
19180 21187 
16637 19765 
22448 23441 
14067 20941 
20937 21554 
6574 17277 
2932 23892 
2889 18424 
20881 22844 
15097 19540 
4410 21227 
21478 21526 
4426 17587 
554 16676 
1548 11892 
22906 23127 
11889 15147 
16368 20796 
1610 8098 
21233 22169 
16087 16531 
13971 21225 
21543 23233 
1547 19239 
7167 23031 
7628 16153 
22928 23020 
7966 14482 
22465 22804 
4045 12303 
4267 11250 
772 2498 
23386 24727 
18071 24197 
8592 15049 
23423 23612 
8634 24129 
6759 20770 
16397 22315 
16853 22846 
16317 18938 
15244 22003 
15209 21457 
16416 23305 
19018 19794 
3649 21408 
23168 24037 
9462 10510 
8968 18807 
1066 14012 
219 15715 
8005 22208 
7635 17535 
24753 24787 
19197 24181 
18691 19901 
3459 10948 
5830 9010 
19615 19726 
20118 22076 
23914 24697 
15656 20618 
12276 12773 
8095 14722 
17767 20116 
12839 17931 
568 21217 
14039 19044 
19902 24842 
23958 24783 
10718 17517 
3329 23630 
3952 8572 
19332 22783 
20355 20767 
10307 23619 
19934 20550 
10850 18597 
15829 24710 
15606 23712 
791 1834 
7916 17119 
812 8521 
20300 23808 
6808 14562 
23536 24169 
14824 24217 
21554 24625 
11079 22933 
23338 23955 
2567 14513 
14384 15812 
16788 23508 
21114 24997 
20443 24267 
13823 15415 
9757 10678 
2634 16289 
3537 15651 
4074 17436 
15609 16750 
17863 23503 
8179 15409 
6527 15974 
16522 16603 
24422 24561 
16750 21566 
3359 15865 
7747 8464 
3195 20950 
22265 22966 
15652 24266 
24710 24936 
14992 20203 
2730 18538 
14968 23706 
13194 20529 
20785 21053 
10577 22346 
9148 21795 
20586 23966 
23408 23969 
13151 22022 
3349 24214 
13832 21426 
22685 23010 
10972 18795 
20506 22038 
21840 22636 
8537 12890 
12778 23586 
1468 12420 
7931 10934 
24886 24938 
8415 8906 
23363 23681 
1534 3484 
6282 15442 
20880 23971 
14026 20069 
8689 22939 
24845 24974 
8510 14032 
5766 12012 
22483 22682 
4982 19604 
5204 5612 
12512 14549 
16585 21163 
6994 8853 
3905 5432 
15978 19174 
17471 20565 
22299 23289 
5607 22747 
5538 22646 
5667 8678 
24291 24458 
14568 24347 
364 18023 
14973 21633 
13687 20972 
2527 9501 
4331 19748 
11455 22145 
17360 20823 
12626 15005 
13124 23754 
17495 21331 
22001 24825 
19623 20966 
17836 18507 
3361 5348 
9971 11508 
14162 16183 
7619 23608 
6437 22050 
18124 22867 
24631 24906 
8603 8870 
23018 24209 
15517 24185 
23767 24678 
22084 23284 
19858 20828 
21779 23101 
647 8123 
17965 20586 
5436 16338 
9082 24971 
11282 13668 
11772 23440 
4991 12607 
15934 19356 
15998 17558 
19282 20608 
1012 4168 
6288 14013 
2857 6408 
18042 24645 
24878 24969 
16587 22357 
13429 14432 
22265 23173 
13477 14982 
13461 24265 
21493 23981 
10007 15357 
16206 16653 
18699 21035 
2674 19407 
9472 24101 
9892 18504 
21421 23159 
21698 22373 
3051 21104 
20244 24559 
18536 20055 
19674 22096 
13856 21880 
15691 22839 
15310 15947 
17221 18530 
15687 18179 
9370 12245 
19891 20035 
925 17746 
8804 14608 
9867 14544 
1730 2123 
20786 23873 
7306 13536 
9576 11020 
17948 22743 
7400 7434 
5876 12279 
12067 20979 
17003 22151 
1270 6415 
15551 23428 
1753 19290 
13948 19030 
6563 14719 
18051 20617 
3340 9925 
23143 23892 
20526 20636 
24936 24969 
14337 18036 
3078 14458 
9114 20576 
2480 18222 
7911 13590 
12033 24762 
3029 3141 
4539 6981 
16528 21987 
7377 21218 
18721 24437 
24710 24945 
12144 12837 
11769 15829 
15012 16739 
6187 14777 
23555 24501 
8775 11398 
872 1709 
6432 24440 
1325 20980 
18242 24981 
6492 22588 
7217 15371 
754 6052 
19782 20508 
21545 22806 
16076 23003 
15087 16047 
11494 24385 
20609 23556 
7034 8400 
18562 19516 
4283 14666 
6238 23670 
14392 14920 
16263 17350 
15420 15630 
23680 24126 
3132 16471 
1353 6746 
2265 11459 
3152 14021 
1630 12680 
3582 6294 
18066 19738 
15439 16173 
12416 22293 
8989 15254 
7711 17111 
6239 13584 
14682 17979 
20916 22089 
19874 20268 
16332 17746 
7651 12000 
15602 21542 
20360 21179 
8991 20126 
1425 15039 
20791 23730 
3191 18085 
24140 24668 
21698 21930 
1382 20542 
23257 24391 
8197 8911 
12489 13319 
19118 22630 
24590 24673 
19565 23288 
6416 6836 
16516 23778 
5179 12000 
6664 15187 
18828 21212 
5405 11078 
845 10793 
6503 17298 
11325 15059 
18462 20892 
17840 19207 
5067 18861 
2769 14532 
15113 22506 
11120 16006 
6504 23865 
2668 14546 
2197 16344 
17981 23868 
6361 23088 
15560 17300 
13217 20853 
2431 13888 
7471 22875 
21826 22969 
17948 22567 
20533 22367 
1977 7230 
24556 24903 
12926 17131 
23510 23675 
21545 23087 
15822 20678 
12295 13071 
15474 24115 
20842 24164 
2648 23716 
8909 21094 
7560 11286 
16515 18329 
884 5351 
23604 24006 
20442 21263 
14619 22738 
790 8284 
20352 23211 
24118 24644 
5009 10467 
15281 17427 
6419 20021 
6956 12355 
13855 18369 
16815 19088 
21021 23617 
5870 13707 
24516 24696 
23392 24480 
9080 24374 
17898 18979 
17057 24491 
12570 19410 
19868 22061 
2395 18255 
21728 22175 
21500 24275 
18815 19524 
19370 24567 
407 20317 
2218 11546 
6205 18292 
12246 20639 
22095 24861 
22179 23026 
7550 19979 
22615 24275 
18710 24546 
5371 9609 
2937 8741 
10815 23354 
17952 18749 
3909 9151 
2266 19127 
10079 19595 
429 24425 
16321 21702 
15658 22201 
22534 22924 
14702 20277 
24311 24330 
21992 22040 
9584 18067 
564 12160 
4952 14458 
17441 19788 
10909 20763 
23326 23829 
11917 13859 
4473 14149 
18135 24115 
14300 16944 
10734 15988 
5978 15895 
6097 19691 
22878 23287 
12163 16742 
356 19514 
8986 22826 
3208 10999 
12704 24694 
9516 15392 
16917 20166 
2299 13330 
11415 12653 
6713 17781 
20890 24433 
625 22323 
2210 15344 
16537 22245 
10301 19413 
2578 4495 
7669 16659 
13719 18847 
4833 9323 
11424 18578 
21570 23442 
6483 13890 
18811 24408 
16118 18084 
13608 13918 
10209 15084 
13500 15196 
21053 21065 
3988 13757 
3621 18179 
11768 19205 
21797 21962 
19432 21670 
19938 21878 
10275 11092 
21763 21778 
21286 21717 
20440 23158 
16628 24491 
8946 20822 
20363 24335 
6335 16203 
13055 21067 
2358 11060 
20464 21171 
23402 23877 
22713 24587 
22495 23287 
18477 21833 
17252 23828 
11155 21587 
16869 19239 
12135 13372 
6334 21902 
14330 24097 
19922 20116 
1165 11186 
15837 23115 
18346 24853 
12351 21497 
11970 14385 
24790 24823 
5081 5969 
19815 24350 
24756 24847 
11493 21600 
9463 14023 
13062 23842 
12170 17221 
17144 21634 
12813 23830 
19315 21755 
11801 12969 
2162 22728 
10756 11055 
21003 23074 
12585 22243 
20101 21321 
13306 17306 
3012 11573 
6042 22122 
2305 14853 
10079 22092 
12844 13112 
20272 23210 
2485 6964 
5475 13093 
5172 14184 
13388 21512 
24879 24988 
19666 22014 
24183 24258 
1579 8418 
10661 24277 
14948 16457 
24942 24959 
2071 3302 
22731 24191 
7578 14080 
48 18337 
21897 24611 
16727 22013 
8088 10545 
17256 22697 
10489 16525 
23299 24361 
4680 22075 
7854 19231 
20604 22233 
13631 16768 
17982 22419 
12006 12213 
15004 22535 
2395 20292 
22246 23655 
24194 24903 
10741 15415 
24884 24900 
22671 23825 
1984 15762 
10269 14552 
22880 23173 
23735 23799 
15576 21942 
21855 24806 
8592 22401 
1101 16384 
16139 16235 
5 14332 
483 2244 
23998 24167 
11854 17060 
3915 6561 
10494 22021 
7087 8101 
24282 24745 
14213 19522 
18909 22920 
4458 11735 
16986 18242 
9278 12784 
6961 17230 
3994 22741 
3225 14476 
16896 16946 
13836 16205 
19468 23619 
10913 18550 
18621 23482 
17928 20340 
6570 22339 
17689 19047 
12199 15017 
22896 24177 
19626 20650 
3151 6296 
13476 22289 
19867 24563 
12784 24362 
15311 18304 
23881 24572 
9511 16066 
19138 22366 
14155 24389 
1672 23440 
23559 23747 
8211 15476 
17734 19225 
8026 17792 
21244 22008 
6250 9231 
12931 16667 
17462 23131 
6957 13024 
7370 8832 
21449 24399 
14956 19314 
16797 24088 
3303 3861 
450 5671 
7562 22908 
5916 19637 
8535 12803 
23444 23952 
17515 21655 
18137 18837 
6186 23512 
15169 20005 
4525 17312 
8913 23786 
21425 24153 
711 1591 
22807 24503 
20354 20461 
23237 24196 
16238 24114 
23267 24577 
9837 20132 
10240 20280 
21266 24107 
18185 22100 
6103 9528 
13601 22960 
22392 24033 
5978 17589 
16338 23638 
12316 17917 
15574 19435 
1133 3085 
24589 24752 
8347 24134 
8032 21761 
15308 19999 
21554 24450 
21504 22614 
24200 24922 
9071 16886 
20845 23457 
17018 24773 
8564 10021 
16997 18177 
18886 24505 
22235 22785 
22467 23632 
8194 10527 
8973 15700 
18684 21283 
927 8181 
22787 24409 
13971 20240 
1894 3322 
3807 22326 
1904 7692 
16296 19967 
14441 21245 
4493 22970 
6797 9673 
3832 6100 
22489 23345 
7433 14596 
10092 13413 
18032 19430 
1923 2020 
23880 24843 
2545 6713 
10945 23477 
19626 20651 
10788 20066 
20083 22960 
1794 10077 
1803 15328 
3847 7890 
17825 20538 
12725 17271 
17439 24973 
10323 11726 
23392 24597 
10958 19652 
5239 8777 
29 6966 
12614 15414 
17248 23623 
452 7796 
19709 22368 
8105 18838 
2055 17659 
15494 16613 
15426 24891 
10638 14685 
14593 24080 
23646 24448 
24946 24967 
11141 15256 
23400 24154 
4792 6261 
23584 24194 
3261 4560 
2728 5730 
19029 23721 
22624 23493 
21419 23583 
19931 21995 
13618 24952 
8107 24965 
22307 24899 
1607 14254 
19072 23780 
11142 19424 
16799 23351 
16775 17795 
10671 12284 
14344 17085 
22001 24045 
18727 19567 
6239 14636 
21771 24911 
1267 13227 
9029 20559 
4495 6602 
2778 17939 
12240 18270 
18482 19517 
11241 22792 
17609 21428 
16109 23844 
19526 24819 
21856 23034 
19377 19937 
15789 22974 
9319 19076 
3444 23265 
4751 11004 
10843 11584 
19936 21890 
20211 23686 
13310 14689 
22882 23825 
604 3671 
14359 21238 
15523 20262 
17783 24541 
19286 24131 
16570 22012 
7679 24582 
3482 11418 
24014 24408 
2010 6694 
11616 19235 
895 7284 
3982 19934 
20138 20822 
24855 24861 
16878 24453 
24398 24498 
14585 20547 
22337 22524 
17110 20843 
20795 24943 
21336 22786 
19140 19873 
10051 23287 
2615 5356 
15508 16901 
5994 20784 
24194 24525 
1117 21041 
20548 22066 
12231 19164 
24964 24974 
1027 7650 
36 22924 
6601 16054 
23516 24677 
21942 23693 
21095 23516 
428 18338 
22252 22439 
20008 21338 
20580 21473 
17007 23729 
14514 22022 
18583 20108 
24498 24780 
18362 22045 
20915 23188 
17291 20171 
6294 14999 
13537 14933 
18829 18850 
12755 13663 
6677 7014 
4699 14285 
16496 16850 
13811 23252 
24436 24861 
11521 19317 
5827 11425 
19074 19231 
17557 18930 
22499 24711 
22114 24470 
7126 23500 
9499 24618 
18822 22558 
568 2033 
4688 16149 
5051 16128 
21489 24640 
3339 16847 
20599 21244 
3333 19495 
21061 24543 
11720 24408 
16503 18395 
10027 11920 
18402 24300 
20638 24529 
12191 17045 
6271 21230 
20770 22575 
16918 24176 
24127 24487 
21865 23286 
811 24903 
1317 17073 
7521 13433 
111 2632 
11971 13679 
24687 24911 
11229 15379 
1627 13642 
12621 15904 
12454 23959 
2210 18814 
9508 13527 
3534 6437 
21208 23329 
4067 23663 
254 9447 
11457 15230 
12137 19665 
22730 24770 
8683 16135 
9473 11423 
19190 20545 
9137 20419 
806 7560 
3470 10728 
5009 9097 
13629 14974 
18975 23117 
17853 22347 
145 8949 
9573 20303 
6626 16332 
24602 24681 
6116 6174 
22833 24945 
14640 16667 
21557 21918 
11424 14131 
15620 19433 
23855 24061 
22787 24439 
5081 18570 
3997 16689 
8206 8531 
16774 24486 
10970 21710 
21213 23291 
9572 14080 
20426 21396 
3278 19758 
2025 19296 
7336 17259 
24461 24569 
13009 22190 
22759 23876 
19282 21033 
24799 24909 
13012 16706 
3277 15946 
16530 24298 
2418 23036 
12250 15996 
21974 22429 
6603 14442 
9369 11363 
11571 14898 
9107 20998 
20181 21695 
23626 24769 
1297 7440 
1287 19353 
3862 9488 
1688 19285 
23971 24481 
2939 5635 
12790 14831 
18261 23448 
14314 19803 
916 22987 
13035 23000 
339 21311 
4652 18516 
17939 18107 
24424 24497 
19883 22171 
13158 23787 
1648 5304 
2265 2398 
18246 20634 
16788 17761 
17050 24325 
12832 21239 
14911 19455 
22621 24573 
10870 24238 
8616 24945 
2074 2713 
19966 21354 
23877 24425 
2228 9461 
9607 16974 
3796 8383 
22080 24858 
8079 22208 
6147 15650 
15721 22926 
1435 19837 
14358 16386 
10100 21123 
12483 19573 
8874 10037 
12231 15875 
9252 20608 
6313 15574 
18056 18316 
10430 11709 
15612 16744 
3630 8331 
15047 20139 
16114 17813 
24116 24523 
17291 20140 
20463 23104 
20973 23227 
9375 20447 
19048 23514 
22496 24946 
10916 20712 
13303 23183 
487 1932 
24432 24900 
11310 24889 
642 5919 
12418 24884 
18434 24320 
17259 22302 
22445 24641 
23369 23925 
10556 17189 
10501 13701 
10014 17765 
5557 17531 
21113 21864 
19557 22376 
12241 14051 
11099 21485 
3980 22952 
6031 24691 
18894 21438 
8327 10612 
3350 3750 
21775 22933 
6038 18691 
14347 20546 
14741 17090 
3996 15982 
3921 20118 
292 14257 
20661 22935 
21132 24217 
12211 21810 
22126 24407 
20523 23307 
5698 24500 
17317 19651 
24061 24767 
14089 16817 
18111 24437 
16743 20475 
5004 21097 
16622 17316 
21549 22030 
21942 23830 
552 21467 
15411 20284 
17139 20182 
2416 18596 
5831 16908 
8664 24020 
7897 8176 
14588 20465 
13168 21850 
12525 15366 
2375 3500 
16050 17238 
10143 15811 
20184 24718 
19689 23679 
5615 11530 
2714 6389 
10352 13223 
23126 24588 
21915 22584 
7797 18676 
4695 21011 
2241 2742 
7669 9847 
24528 24803 
20389 22469 
15325 15432 
23028 23199 
8770 14266 
24091 24218 
8355 12294 
1814 13797 
12957 22557 
9464 19687 
6997 22489 
14278 18312 
24278 24287 
2544 8013 
5957 11056 
19699 20825 
1756 7540 
13025 23227 
13973 21992 
3859 23949 
7644 19501 
18366 21511 
4406 15078 
15357 15587 
22176 24708 
6943 23226 
5218 18752 
3063 22560 
10654 23088 
223 20356 
17482 24927 
1033 16990 
19071 24842 
2346 22136 
23367 24286 
12240 17377 
22880 23584 
17062 23302 
21727 23302 
20895 23240 
9864 19229 
3923 23800 
818 7536 
4198 16507 
13139 17177 
16852 19639 
57 6541 
20917 22232 
9027 21022 
11134 16952 
3102 14373 
18096 23972 
12505 14849 
5358 17645 
1086 13770 
9609 12940 
13923 21920 
5134 19009 
11835 15543 
3423 7937 
11487 22762 
9402 20818 
3776 12577 
4219 15392 
23297 24382 
10702 23106 
20558 21345 
3499 6477 
4774 19052 
10499 24683 
11198 18215 
16731 20109 
10046 19998 
17832 20319 
4217 10739 
10354 22170 
14840 22746 
13643 22972 
19440 24028 
17037 22993 
16499 22962 
8600 23149 
16820 24924 
14920 15223 
9246 20622 
23842 24733 
12146 19121 
14665 20034 
15120 17260 
9702 10014 
20718 23732 
12117 24157 
21677 23082 
24057 24836 
2264 8917 
6625 23808 
2109 18281 
17870 24695 
23027 24174 
22711 23332 
17851 18288 
10743 13702 
13256 19164 
5596 8335 
1714 12564 
19677 21451 
14918 23878 
12941 16089 
10011 20959 
234 6546 
3609 23226 
774 23682 
17485 17828 
23586 24729 
13485 22827 
6502 12672 
20723 23894 
11490 17951 
22607 23269 
11802 24494 
5699 11154 
23855 24801 
19109 21792 
2476 3567 
7803 9495 
17476 18720 
24693 24950 
181 4765 
24366 24811 
3882 5935 
418 17994 
2790 20309 
12040 17142 
13746 24549 
22769 24943 
18338 22811 
2927 6796 
20402 21250 
12936 16246 
9337 19580 
22671 23050 
14585 21888 
5271 19059 
5282 5652 
21097 21226 
16887 24438 
20597 21582 
21660 23830 
17840 24411 
14840 20165 
21834 23412 
8125 10183 
11445 18790 
12859 19810 
3742 9489 
8539 18097 
19920 22408 
22057 24994 
3026 5150 
20462 22332 
24669 24804 
980 5069 
10796 21990 
7470 12716 
9060 20641 
4405 20772 
3892 18829 
3051 24742 
20800 22365 
1950 12548 
19945 22064 
11225 20114 
2883 7375 
21588 23147 
18618 23590 
8715 15223 
24257 24519 
4809 11794 
14311 17591 
14507 22831 
6619 24443 
13298 15025 
21405 23329 
22557 23427 
15479 24705 
7690 17674 
16205 20171 
21057 23183 
20258 22426 
21948 23818 
10472 17720 
18611 24653 
2457 15645 
10186 13031 
13426 21332 
5557 21393 
11282 16137 
17573 23170 
14718 23538 
14624 14997 
1004 21874 
15812 18521 
1012 13804 
15870 17696 
3578 22771 
7795 16898 
9413 10446 
19814 24587 
3446 3844 
93 21812 
8397 17615 
57 4742 
11243 20755 
3022 7517 
19094 20052 
24069 24214 
17585 20944 
14026 15773 
15249 18537 
17806 21976 
10301 23057 
8934 15711 
8585 15281 
12079 22097 
11747 21619 
8280 11543 
20028 20953 
6375 8094 
4753 24898 
6049 11599 
24226 24487 
23928 24906 
15644 20208 
2780 3076 
1415 12377 
7757 24543 
5955 7713 
12740 19178 
1694 13842 
24038 24117 
7819 15698 
17009 22054 
4527 7175 
5382 19839 
6770 14705 
7340 12631 
10026 16592 
14974 23531 
15640 22779 
761 1830 
22359 24351 
4084 17146 
24991 24996 
23881 24215 
4868 24756 
10943 18052 
13359 15820 
19352 21542 
15208 15585 
20173 24065 
20396 24359 
18807 24031 
8942 16336 
15652 22194 
15073 19188 
19552 20263 
1040 18243 
6027 10196 
10844 14077 
17391 24443 
10863 19907 
24689 24935 
22072 24999 
16053 24294 
24380 24679 
16369 16635 
23431 23435 
6231 6516 
15041 18357 
15813 21295 
1085 21140 
3994 10523 
1156 24652 
13619 22815 
5251 6933 
5054 6739 
13512 16240 
8162 11794 
20951 21046 
16154 23884 
18537 21729 
1697 23749 
21078 23169 
18279 20780 
17337 24238 
709 22017 
9722 21597 
14544 18522 
5899 18726 
7126 16442 
5138 8289 
4294 20876 
5452 18030 
10397 15825 
15969 22363 
8405 15276 
4616 14273 
10066 22539 
3819 8265 
8354 18071 
13151 14263 
17682 22804 
13720 20061 
23147 23187 
17664 17670 
5658 7688 
17259 24331 
9185 12371 
7880 19930 
22022 24610 
1267 24622 
3963 4012 
22903 23692 
16685 24970 
4203 4644 
12047 12242 
740 21304 
22526 24666 
22344 24403 
223 24954 
6136 14927 
10864 18196 
18625 20829 
3909 10905 
164 24404 
20131 24139 
7731 23518 
5930 15996 
15693 21348 
5954 14374 
8527 12401 
481 18163 
12730 17039 
15629 18834 
9400 24077 
16863 19324 
22641 23358 
4940 10908 
12389 15091 
20266 23278 
19099 21345 
21812 24965 
12674 15595 
7604 14979 
2854 6043 
3548 8882 
11793 19550 
20991 23958 
23411 23994 
9284 18383 
15083 20727 
13732 22032 
12632 16445 
23626 24132 
3287 24579 
16741 23491 
7153 12494 
12794 16824 
20207 21913 
11359 13574 
20429 23078 
24347 24508 
10493 22102 
20781 23007 
7564 12820 
17675 23906 
13951 19917 
14603 16641 
21640 22564 
22466 24391 
22448 23333 
24105 24131 
13161 23737 
12417 13565 
20832 21460 
23249 23728 
10936 13797 
8155 20905 
13734 14319 
13595 18857 
1713 15576 
9437 16110 
9503 11260 
22536 24428 
21409 23061 
4791 9892 
8360 9648 
13428 15407 
750 5925 
17865 24169 
20398 24690 
8678 10950 
22542 22567 
11019 22861 
14927 24860 
18741 18864 
21207 22235 
11768 16371 
23732 24418 
13226 22413 
2455 9493 
5698 15757 
20474 23450 
1696 16201 
14387 22728 
2460 4629 
14980 23925 
5755 24761 
15178 20598 
1018 7122 
21234 24893 
17912 19550 
5218 19723 
2904 22676 
22908 24477 
7382 11181 
20338 23828 
5996 6103 
22289 23761 
17711 20468 
14493 24719 
5248 24424 
1272 3144 
207 1266 
20157 21336 
14572 21304 
16532 20029 
13807 22266 
23043 23920 
10642 20246 
11075 20531 
14771 19108 
13054 18904 
15287 19231 
1010 6196 
20044 21327 
8680 16506 
21568 22774 
11924 18018 
8123 17057 
16657 20112 
12387 13514 
912 4179 
15801 22871 
14918 23899 
2113 21050 
3069 19510 
3097 18258 
19417 20126 
3251 12971 
2234 14670 
23066 24240 
14615 22294 
9309 24364 
4743 15263 
10424 20891 
21651 22122 
21015 24723 
10688 19962 
13421 19496 
20700 24289 
8510 9207 
17251 20387 
2506 13204 
9746 23496 
12941 16941 
11162 15851 
403 1955 
21495 23857 
23330 23953 
17072 18174 
6257 11748 
15841 20354 
8801 21217 
17901 20660 
16843 23842 
517 7263 
22068 23786 
17516 24474 
1405 8644 
12826 23698 
22635 24669 
11425 22587 
24666 24941 
8649 11379 
6149 8162 
17200 24511 
7894 12700 
22775 24670 
16362 22516 
8640 18127 
4195 9284 
24792 24957 
4671 10458 
3996 24656 
10835 20877 
5760 23381 
6985 19170 
22237 24754 
18649 21366 
19466 19871 
4162 15833 
311 18917 
867 7797 
3448 8191 
13702 20329 
12689 15522 
16622 17652 
17051 21393 
18340 24286 
19062 22423 
18159 24455 
3548 24729 
13309 14328 
11545 22198 
644 11602 
21489 21660 
365 1246 
12458 17067 
13846 21388 
18513 18919 
8107 9353 
23453 23862 
17354 23502 
14102 17781 
3272 7228 
13976 22180 
2163 23171 
7989 13216 
21679 24876 
5389 17298 
8817 22510 
1141 14902 
5598 22634 
3810 18997 
10948 11551 
8653 15197 
2773 6612 
5679 20141 
24071 24479 
14425 19529 
24637 24882 
11322 17709 
558 12172 
12126 18351 
150 8766 
11409 15231 
18683 24346 
6537 22690 
5342 16785 
6563 10399 
6600 17317 
19181 20036 
16284 19749 
1512 3723 
2053 24799 
12217 14317 
7663 24607 
23050 24837 
1990 10106 
20230 24371 
16990 17200 
23474 24225 
3056 14575 
13475 19054 
414 19191 
24041 24578 
18273 24872 
9462 20405 
6304 21238 
2225 20453 
19473 20749 
18708 19282 
9001 23851 
1485 2682 
13879 19652 
1435 13194 
8674 19167 
24212 24579 
17817 21723 
10721 11041 
4089 18470 
20127 21610 
19602 21310 
21238 22541 
3699 21772 
24148 24769 
22867 23153 
22421 23254 
22313 24365 
22044 22699 
13138 18824 
1221 20496 
9902 23739 
2762 11295 
24799 24979 
9012 20299 
22027 24147 
5268 7705 
12525 24664 
14158 19445 
6015 15984 
18915 21577 
2261 24307 
2883 24739 
23161 23666 
14691 24633 
3892 11468 
19707 24623 
647 4074 
18751 22291 
643 4698 
6910 17378 
18424 21671 
17874 18733 
7491 12465 
22005 23534 
18665 18929 
22977 24450 
669 5897 
15270 23431 
20219 21491 
9458 22845 
19532 21858 
19873 21423 
12180 16175 
6630 15465 
17746 21251 
20103 24668 
8785 17400 
16058 19812 
971 10576 
16616 23961 
17522 18156 
17906 19267 
11005 12447 
299 14395 
8804 11486 
17926 21956 
20910 22347 
19553 24216 
23907 24205 
23175 23682 
20388 23647 
15809 22692 
3655 15911 
3750 19504 
4112 6019 
9572 12208 
23499 23953 
2961 23333 
24912 24993 
22942 24655 
15371 17802 
17081 24219 
7903 15867 
6171 8237 
12708 21913 
11191 22014 
13960 21730 
14987 24799 
11643 13014 
15324 16680 
22846 24562 
1678 6569 
16029 19043 
9438 19146 
23709 24621 
10484 10867 
11263 16336 
12875 17978 
21807 24430 
12071 13101 
17345 17659 
22223 24625 
19584 22785 
4860 10614 
23709 24198 
21779 24960 
9575 17007 
6666 17668 
24086 24431 
17433 24843 
13323 24283 
18400 24802 
20033 20419 
1688 24799 
15643 21953 
19882 24731 
19419 23230 
7312 8287 
23323 24462 
9355 24736 
6292 12439 
4765 7534 
16218 22065 
22636 23447 
2380 22654 
11801 21450 
8966 20098 
15493 23443 
14837 24670 
14727 18000 
21021 23429 
2523 21758 
16341 22539 
9496 16163 
4718 21933 
3151 15472 
14115 17987 
4647 6304 
23651 24316 
3836 18803 
540 18721 
987 23602 
24214 24690 
8765 14892 
13056 20221 
21756 23508 
10088 17622 
12974 17107 
19870 23429 
20456 20718 
22162 22456 
11710 22635 
13696 22242 
17480 21651 
15569 17354 
13080 24278 
20652 20934 
14240 19886 
21205 24112 
4352 5887 
10502 17149 
3145 10889 
12003 21561 
7972 17927 
14776 19699 
530 16559 
24170 24821 
22008 23405 
2887 21907 
22663 24541 
2264 2952 
18888 20761 
14794 18279 
9102 22076 
22457 23183 
17847 23534 
17991 21744 
19918 24684 
16552 22361 
16239 19460 
20481 23348 
5688 7138 
3754 23285 
1081 8140 
8253 11563 
633 8029 
18176 18274 
8423 11320 
11349 19931 
22683 23823 
12991 19331 
20480 20981 
15700 17748 
852 2893 
7344 23627 
223 21945 
1281 12901 
23901 24812 
10894 23120 
2419 18359 
11267 18908 
18898 23246 
13511 23774 
12421 21720 
23503 24904 
19238 23867 
5928 14512 
14324 23327 
12651 18338 
22664 22981 
3829 14780 
6777 20272 
3901 11778 
15138 24219 
23025 23079 
24335 24858 
17931 21287 
8117 8252 
19854 20956 
9605 12198 
15598 17717 
14979 15840 
163 9248 
11145 19664 
23561 24049 
1047 10323 
18207 19212 
8569 23843 
13963 15839 
1476 16850 
16109 24232 
5272 18206 
11656 16424 
16752 22547 
3812 6628 
11096 12626 
17966 19855 
150 23002 
13486 19930 
20149 22277 
14752 17074 
14425 18954 
7743 9970 
3887 8367 
5197 16893 
20545 22962 
12810 14807 
24051 24503 
761 15674 
11271 17401 
17269 19417 
19021 24495 
22902 22907 
22447 24983 
20174 24645 
22940 23731 
4204 5586 
18350 22128 
11438 16581 
5013 13863 
20 21862 
12672 18774 
5586 15105 
9259 12319 
3214 18875 
10035 15107 
9476 18114 
17374 17477 
18169 23399 
23004 23771 
24128 24483 
18056 20634 
4390 17193 
9341 9464 
17835 20874 
17166 18475 
15691 23740 
14271 18727 
478 6647 
13756 15470 
15304 16656 
13871 19008 
20487 24785 
24406 24601 
22826 23133 
24183 24389 
22075 22098 
14400 21424 
4940 17867 
17587 18026 
7913 22316 
5706 24165 
2425 23586 
23204 24646 
5437 17909 
21858 23714 
11969 13544 
11738 12481 
4323 19431 
6288 13464 
20633 23993 
13400 20051 
10414 13275 
15526 21991 
11732 13994 
12410 21462 
14318 17123 
15123 18123 
13396 23094 
17111 18768 
17412 24702 
20848 21340 
23210 24648 
19987 21597 
12202 16150 
7032 15534 
6176 10448 
97 4326 
14811 17152 
5209 7629 
21709 21963 
18881 21053 
21224 23251 
14429 24036 
22557 23704 
20360 23785 
1615 2081 
5701 16359 
16536 21511 
11218 22214 
1035 6452 
23548 23689 
7797 12943 
15686 20657 
634 21561 
18676 22345 
16392 18617 
9664 14536 
543 11912 
11314 18915 
336 1366 
59 1994 
1029 13181 
14185 18890 
9607 19687 
19573 23109 
20110 22572 
23344 24154 
6921 18269 
19230 21978 
18952 21047 
18231 24226 
18130 18941 
501 9683 
591 15017 
14372 18506 
16633 22621 
15975 21337 
5335 15206 
1200 15478 
13226 16986 
15177 15927 
1494 6760 
11827 12830 
17603 24783 
151 5367 
14292 20072 
21055 23707 
5369 20375 
2591 13167 
3807 5266 
9625 13655 
6756 18200 
17218 21639 
1823 12851 
12068 18013 
11091 20504 
20362 21334 
20508 22859 
10542 12733 
23486 24729 
1801 23555 
21742 24500 
14550 14791 
7891 17276 
3029 3499 
11372 21861 
9239 17925 
9148 14164 
12674 22831 
20801 23249 
10124 20387 
2081 18992 
3252 22953 
22008 22093 
18668 22135 
23920 24763 
10259 24620 
5678 21189 
5356 7379 
18576 23156 
6365 12252 
5799 15058 
20844 21767 
1737 20983 
7819 14645 
3720 5077 
2065 16604 
14280 23768 
19617 24193 
14519 19252 
4918 17892 
21151 22297 
14699 20781 
6185 7343 
572 16204 
21560 22150 
21540 23719 
15808 16628 
16665 22378 
23350 24071 
22699 23049 
886 24772 
23646 23767 
8357 15058 
6382 16898 
14303 22763 
3680 9363 
4917 17436 
8304 21514 
3706 22359 
11539 22272 
16682 18824 
18524 23928 
16298 21559 
12816 21011 
6464 6716 
6898 9908 
23322 23693 
3085 15788 
16973 21092 
20064 24846 
1399 24944 
11757 13669 
20594 24034 
7772 23074 
20998 24985 
4004 15380 
5153 24579 
7023 23318 
14528 14589 
11140 19385 
7855 20781 
5069 11673 
22881 24918 
5104 14967 
3985 12951 
4245 21114 
20057 21545 
11555 11787 
12004 19217 
294 14354 
376 19031 
18155 21747 
10401 23237 
21431 22117 
8355 20991 
1027 8167 
8353 14322 
12829 16917 
7760 23155 
20654 23459 
8126 21856 
23613 23700 
7340 13973 
5080 10167 
5037 16160 
1361 24075 
8612 9417 
18721 22633 
15455 19051 
6138 18864 
21709 23687 
5109 17726 
7264 21959 
20628 21270 
19508 22018 
6938 20943 
16926 22836 
6822 15738 
5738 22839 
3614 16425 
19708 21620 
24960 24983 
688 3354 
17443 17960 
1334 18793 
22471 24413 
14814 16738 
20722 23689 
1219 24374 
16453 20022 
19796 20667 
5753 24951 
12059 12250 
10864 18545 
3673 14663 
23230 24088 
17465 23743 
24897 24961 
7334 16602 
18854 19829 
24639 24879 
5551 13209 
19565 20051 
21913 22160 
24764 24876 
17729 19371 
7026 13388 
3630 21024 
11206 14664 
5633 9374 
7849 15242 
16466 18788 
23841 24788 
5168 24800 
1888 5961 
19167 19479 
13027 17876 
7136 11741 
24349 24983 
12861 16267 
24738 24768 
17854 19511 
3407 3738 
8295 13107 
18636 22431 
24645 24949 
16810 20855 
14994 22628 
20468 22420 
11204 14294 
22941 22965 
20575 21365 
3494 17500 
4053 15151 
24989 24993 
10449 13447 
12847 14609 
23224 24903 
1235 15564 
13456 14335 
11985 19648 
5386 7455 
24245 24687 
9547 24308 
4724 15112 
17813 18143 
4128 20120 
11355 23665 
2243 19960 
3710 17655 
4561 4718 
17889 23348 
19436 21558 
1500 21544 
19257 22623 
18263 22311 
24601 24796 
5546 22279 
2002 20825 
4155 18628 
15925 19930 
4169 21735 
9076 21280 
10764 21479 
3203 6697 
14618 21154 
9947 12095 
16803 22822 
23536 24763 
2948 23691 
730 12508 
20616 24689 
2918 3656 
22332 22629 
2323 12709 
22171 24885 
10026 13069 
2008 4180 
19649 20030 
19816 24717 
21649 22234 
13130 17741 
11665 13986 
16588 21654 
18677 19682 
23960 24699 
8702 13499 
7855 17024 
7846 11241 
1645 14178 
21651 23036 
9607 23587 
21814 24456 
16127 19882 
12080 24415 
22662 24692 
19845 24681 
8446 13693 
16955 23836 
10361 14788 
18101 24047 
5687 22825 
17278 23792 
3294 11966 
4793 15977 
17856 24654 
8741 16321 
7113 7885 
6907 15135 
18805 22486 
24717 24752 
13231 20555 
16166 20284 
18239 22465 
1493 11601 
23799 24796 
18892 22105 
10968 20635 
6706 23832 
5120 19228 
18645 21852 
6984 13705 
5260 5351 
8306 18670 
11854 21908 
19941 21324 
24095 24903 
6320 10634 
18707 20592 
1876 13492 
18196 24989 
6212 24798 
17737 21092 
10531 16380 
24295 24927 
20938 21805 
18720 21775 
5453 15607 
8625 20725 
8803 19164 
20571 22252 
6639 6969 
13202 22914 
1585 20069 
1529 14615 
2630 23428 
10030 24092 
14451 20090 
5549 16079 
2794 22651 
22075 24975 
19005 23333 
555 11107 
18252 24846 
17469 19643 
11014 15359 
13168 16252 
15409 24285 
15805 22226 
10727 15799 
12735 17957 
11374 18468 
3696 5429 
20368 20796 
14212 24625 
18444 19441 
1014 21941 
22803 22985 
23814 23822 
19352 20460 
13089 20291 
9016 22677 
14278 20712 
430 2997 
23339 23368 
23770 24419 
20703 23496 
8080 24094 
3662 10245 
16596 17811 
9398 16028 
7295 8450 
17164 18535 
8921 15819 
8573 18305 
22685 24086 
17188 24065 
13887 23082 
8665 12101 
23183 23670 
2137 5254 
9799 24277 
20278 24259 
16320 22484 
11997 22597 
21576 24937 
729 5033 
20456 23354 
10669 11844 
21187 24144 
1220 23383 
4594 5273 
5751 9190 
11439 12106 
5436 16662 
16241 20642 
20399 24063 
10325 19015 
20512 23397 
2979 19597 
12389 14948 
3791 12866 
15726 24300 
22161 22261 
18400 21029 
24289 24609 
18874 19023 
7859 19070 
4532 22255 
7011 21880 
19560 22446 
7703 20009 
5494 6925 
9972 12919 
22039 22091 
21405 22869 
23016 23763 
17036 18783 
12987 24398 
14247 21338 
19215 21867 
4700 12547 
21863 24064 
16710 22586 
9363 11114 
17302 18929 
21268 23473 
16405 16918 
10686 16109 
22484 23396 
19461 22580 
351 417 
18530 20022 
11482 15325 
22436 23533 
11808 20925 
10508 18181 
24149 24558 
12192 17229 
4407 19392 
8776 17087 
22930 23075 
24595 24758 
14095 24048 
13642 17998 
10698 17415 
9838 18573 
8443 13289 
9400 17232 
3620 9475 
23835 23953 
18589 24280 
19221 20260 
16460 24460 
4430 15040 
15307 18836 
13178 18278 
7054 20754 
24488 24958 
12963 18434 
19516 24045 
15475 16276 
7241 23947 
8973 10370 
23534 23700 
22640 24538 
20791 21102 
2375 3419 
24243 24625 
24235 24239 
24941 24945 
9929 11258 
5624 19629 
17727 17838 
1232 6403 
13637 14618 
8425 14563 
7813 19203 
22998 24605 
8789 17024 
2572 19672 
6744 15398 
23608 24385 
9825 12154 
9208 12505 
15368 22525 
2339 18960 
8731 15603 
21812 22572 
24708 24807 
17328 20174 
22724 23962 
12019 16579 
22049 23805 
839 3812 
1510 20916 
8177 16755 
7786 14695 
11984 23252 
17799 22646 
9237 10125 
24769 24868 
24319 24401 
10389 24560 
18188 19696 
4098 7607 
13508 22023 
20441 20793 
4097 6086 
24911 24959 
7739 12540 
13865 20274 
3573 10063 
9578 15937 
22372 24945 
4303 8412 
6823 13201 
14337 20317 
23722 24360 
6491 13683 
17589 21077 
11140 23527 
16478 21045 
24371 24514 
24419 24465 
23832 24696 
12586 23047 
20783 22872 
7778 20619 
17468 21841 
822 14910 
20079 21845 
21874 23393 
12934 12983 
14688 15941 
14177 21568 
15250 17912 
19291 22684 
6165 12948 
9754 19464 
16577 21751 
8687 14348 
15483 23807 
17815 19902 
10984 15058 
17308 22795 
22590 24117 
17671 19434 
9136 10658 
17579 17713 
18017 20568 
10686 19156 
16230 24776 
8864 10704 
12628 19634 
18917 24243 
4280 21648 
16566 18664 
2976 23019 
1417 13911 
21707 24326 
5426 16494 
19594 19728 
4224 24751 
5217 7273 
21806 22911 
20441 22703 
21891 22849 
888 13826 
1223 1791 
2022 15207 
23318 23373 
23289 23849 
8093 16101 
20561 24790 
7210 20990 
12199 14196 
6246 8431 
24259 24963 
13 17171 
21212 22359 
2860 8530 
4300 17681 
17791 24982 
5098 14082 
24437 24660 
10660 17665 
3852 15746 
4037 16461 
2266 2740 
21970 22436 
19631 20644 
20372 22524 
22391 24858 
2826 15004 
17978 22443 
17910 19330 
10427 18965 
3924 12853 
3926 13766 
21343 24360 
2538 3552 
1338 7142 
9659 18683 
7455 10181 
19339 20595 
19502 24472 
1282 7979 
19080 21921 
10426 11022 
859 17830 
1823 20285 
4001 11863 
24577 24733 
23294 24089 
21296 24589 
10386 22665 
11111 24059 
18460 21696 
5057 22452 
6651 16562 
8347 14381 
19548 22028 
12902 20070 
18807 22015 
12765 23880 
9622 12822 
24190 24462 
6109 16313 
18082 18245 
21078 23913 
12554 12797 
3577 11219 
8622 17095 
17436 24374 
14107 19067 
2681 3580 
14814 15613 
9730 14378 
24379 24961 
23090 23754 
22176 24405 
4480 5549 
1211 3218 
16905 17283 
8759 14366 
21510 23114 
13610 17981 
19146 24772 
20392 20542 
11609 16623 
3842 18344 
16190 20702 
17468 19617 
18076 24003 
22429 23479 
20632 24806 
16224 19688 
16521 18570 
5606 18670 
7521 11230 
6681 23566 
23203 23617 
12891 18624 
962 21715 
6274 22504 
24330 24591 
22183 22460 
1605 2035 
11621 22459 
7634 23869 
15829 16649 
7924 11659 
1760 5993 
13978 21144 
15824 16616 
465 2188 
23285 24538 
1303 16491 
14972 23133 
15058 15267 
23630 23721 
1803 3294 
396 20506 
5826 10462 
15940 24039 
20932 24581 
13946 17324 
2936 9780 
16138 18202 
14443 24704 
9447 21854 
3975 14504 
4631 4828 
4425 5897 
4789 9009 
4442 7205 
21900 24426 
14970 19855 
3566 24912 
3496 4590 
10556 19139 
22397 23604 
2983 9654 
12537 20798 
18317 18527 
4309 6592 
6989 8188 
12073 21943 
4734 16962 
23463 24563 
6215 8797 
5246 8752 
4959 12662 
22583 23591 
6558 22335 
9713 20534 
10969 20535 
22324 24894 
19403 22977 
17855 20290 
6065 18462 
23603 24963 
21784 24435 
17211 22594 
2999 13370 
17295 17884 
9578 12307 
2714 4441 
20683 22756 
20026 22169 
7011 13767 
3703 18425 
7937 19797 
15930 16312 
14788 17800 
6143 6639 
21820 23120 
7363 9761 
22853 23640 
17068 21257 
14784 19115 
4697 11403 
18989 20454 
14960 22431 
23763 24842 
3794 14340 
10797 21955 
7077 17565 
4071 20425 
24373 24526 
11697 13682 
8769 20734 
21738 22551 
2059 7654 
21470 22686 
18670 24480 
24345 24540 
15690 20011 
24632 24924 
6920 20281 
11996 15347 
6507 9283 
2254 20530 
19059 20634 
8390 9473 
12096 16700 
18027 21675 
5276 14460 
24651 24820 
9544 10853 
8749 12858 
16778 18312 
21188 21536 
5504 18194 
15328 24614 
12989 14844 
8164 12041 
24798 24814 
19197 23915 
18454 23304 
10781 15843 
15996 23718 
11085 14077 
4390 10339 
21695 23643 
13747 21319 
18243 18518 
8318 9304 
10388 19996 
19617 23651 
23829 24553 
22428 24432 
12200 21532 
15581 15952 
3021 23054 
20101 24206 
2517 17245 
14632 20076 
4096 6453 
19886 21859 
13179 16388 
7993 10179 
24643 24707 
14584 16292 
8351 15458 
11377 12277 
2956 5762 
19049 22098 
16529 19204 
19249 20385 
6621 8645 
5095 15537 
4114 24503 
12050 22995 
962 1014 
7793 19462 
3272 9771 
22512 23422 
17788 22783 
18171 21491 
5897 20057 
22301 23890 
21100 22089 
1468 7830 
1913 9963 
20195 20781 
20572 24742 
2157 23757 
2286 11485 
23179 24914 
11899 23097 
9822 14411 
11292 15425 
3574 14391 
12407 21117 
8154 24079 
2809 5190 
2667 16359 
6324 7901 
8664 10344 
13064 18907 
21724 23347 
18574 24382 
23169 24279 
10852 12862 
17956 19605 
21967 22920 
19658 23589 
23521 23874 
870 7187 
4467 17918 
21115 22331 
19746 22249 
17729 20112 
3532 7751 
110 5781 
10238 23314 
2834 20608 
18824 20311 
10704 14619 
20244 20434 
11371 14728 
13731 23305 
17321 17366 
15511 16592 
23134 23837 
20490 21690 
4727 12986 
22122 22746 
24614 24729 
970 1241 
20931 21374 
19733 24049 
8675 11255 
1607 23351 
15751 21915 
20415 21074 
7414 16163 
8937 15281 
19528 21049 
16982 16996 
2389 2527 
8939 12608 
24765 24915 
5323 14783 
14500 15539 
19791 24325 
1294 8989 
6459 15851 
17 20609 
8699 18791 
15923 16023 
20294 22484 
15557 21282 
19407 21175 
5541 15588 
3673 13110 
17839 21412 
4699 23350 
16785 21966 
11894 23770 
14849 23023 
17419 21473 
13978 24141 
22517 23368 
20128 24162 
18263 20053 
7872 8805 
7815 7941 
5525 11051 
22295 24673 
6741 7962 
8503 15838 
17988 20623 
23574 23748 
6703 14792 
3640 6357 
20478 23834 
13758 16361 
1308 14169 
4205 20599 
10129 11255 
13059 18255 
21741 22195 
8378 10262 
2972 15927 
20551 21360 
15639 23061 
15549 17338 
19941 24092 
18140 19032 
16406 22909 
24397 24449 
21769 23058 
9420 21240 
2814 23442 
5951 15155 
10463 18025 
17085 23436 
23212 23730 
24606 24981 
22934 23227 
24875 24919 
20958 21903 
8131 10018 
16909 20467 
19327 24266 
11454 22195 
10083 11409 
4580 20552 
1875 4385 
10236 16771 
16708 23221 
14687 24640 
21136 23929 
6984 17957 
11040 16041 
22763 23210 
17534 21611 
18964 23229 
21014 22465 
17248 19569 
23964 24188 
15803 17090 
20533 20595 
15704 21459 
4050 9534 
11650 16781 
353 17096 
12873 22860 
7094 17895 
15433 15889 
11801 22030 
631 21385 
10105 24629 
22165 22284 
78 23742 
2374 20612 
17073 20619 
9017 11143 
6492 22777 
286 18174 
6137 12560 
369 20801 
2683 14471 
7358 21238 
6310 20691 
13729 24019 
5896 20344 
3482 5994 
13568 23097 
21022 23056 
825 11441 
24580 24994 
22874 23749 
21685 24733 
10340 14711 
9545 24387 
18534 18641 
6184 22441 
17529 24658 
14227 14648 
15471 18382 
21741 22129 
3944 14831 
2777 22696 
17610 18553 
13789 17240 
9232 19688 
7558 15603 
23537 24343 
9154 11142 
12826 15653 
18303 23241 
16983 23326 
12614 19364 
10407 18168 
7369 19417 
297 13372 
1209 10781 
22615 24884 
2250 12402 
7069 15755 
5748 13312 
12924 21125 
15971 21160 
13768 23109 
24295 24299 
6181 16322 
21805 23008 
15637 17105 
19790 24887 
3682 15640 
14529 14708 
8078 16735 
21404 24734 
13451 24811 
18485 21185 
4278 11096 
17166 20897 
3593 21375 
6048 23523 
11993 15488 
5830 10399 
18110 18627 
20975 24107 
21646 23918 
1169 11504 
935 6605 
4844 12177 
19664 21965 
5256 11845 
16035 22144 
23441 24277 
4237 6873 
24248 24307 
15093 20383 
2126 13439 
6525 9170 
14349 23972 
17218 22346 
5732 9603 
21191 24898 
11984 15446 
6339 8085 
23821 24598 
24388 24584 
18213 21488 
17645 19111 
2174 20598 
20367 21175 
21941 23412 
15918 22742 
5244 17999 
10888 17934 
21522 25000 
19824 22018 
21561 23533 
23663 24673 
20910 21902 
13299 23380 
13850 21290 
17140 19517 
16825 24207 
5754 11627 
18584 20166 
2575 19362 
8771 9422 
14510 22803 
21739 22764 
12973 20553 
5536 6388 
1494 11190 
10419 18605 
24962 24983 
7580 14054 
24846 24912 
4957 8220 
7334 17399 
4750 22424 
18752 19746 
5441 12274 
1741 20833 
13366 20073 
16078 20856 
15274 16286 
24626 24673 
13668 22162 
3568 12552 
22093 24170 
6419 7582 
5903 20162 
4962 20283 
23399 24646 
20222 21706 
20875 23233 
19753 24562 
16415 23355 
5975 10223 
8865 20710 
22211 24262 
14356 20403 
11382 12638 
17112 20144 
21013 24027 
6583 18373 
17878 24318 
17191 22465 
20575 21811 
15893 21213 
9995 10920 
14014 19836 
10364 19433 
24859 24989 
8516 10380 
9818 21045 
5982 21010 
20432 23331 
12048 16545 
14998 22321 
13980 24497 
14076 17078 
13540 13565 
11097 20431 
11730 20460 
1387 14282 
7427 15897 
8232 20768 
10955 13083 
12216 16602 
7448 18543 
3538 20849 
1677 12657 
15072 18747 
2069 22362 
10612 14691 
24129 24652 
20108 21213 
14081 15099 
7009 21147 
15233 19548 
13906 23996 
23606 24149 
4600 11675 
1965 2189 
17285 22447 
153 21477 
24097 24410 
9535 19195 
605 5864 
2645 8157 
14040 14560 
13212 15625 
2086 13595 
6661 19259 
18663 22206 
3847 9145 
17509 24371 
22913 24218 
11208 17231 
1385 8974 
9766 19434 
10662 15205 
23381 23512 
15678 20540 
5689 13422 
9946 20957 
20681 22595 
11127 21173 
10313 17656 
2726 17169 
19585 20772 
16745 24353 
21070 24145 
7391 11833 
13255 21950 
24349 24875 
12482 21266 
17657 24049 
17225 20713 
24598 24890 
10384 13884 
7428 10952 
5676 23345 
4772 19838 
24011 24621 
6327 6860 
8212 16038 
17461 19945 
9708 20526 
1109 15027 
3105 11627 
13367 15736 
8863 13983 
16210 17799 
8725 13273 
24480 24779 
5251 23566 
5092 17372 
21501 24099 
10763 19525 
4334 9254 
4970 10734 
18653 23568 
21790 24911 
17688 24050 
8355 14390 
13658 21000 
1857 21902 
5480 15632 
16285 18230 
18546 23548 
24013 24804 
12714 19254 
18070 22499 
3450 20462 
23631 24056 
19745 19860 
14962 24983 
16578 23027 
24233 24538 
9709 24620 
1890 14045 
9520 23568 
7823 16170 
1844 19463 
8152 10232 
6455 12109 
19463 21387 
1829 6498 
24107 24629 
19002 23855 
11249 12814 
7555 21471 
21713 24863 
8618 21068 
15429 15992 
20194 22354 
9951 13508 
13982 14571 
14623 16073 
11650 20413 
17456 21010 
12244 15699 
10593 17249 
17813 24209 
5665 11155 
8414 13334 
2370 14330 
14806 17710 
9720 20166 
12091 16228 
14699 20774 
5375 16894 
23836 24670 
15928 16786 
21403 22243 
17069 20795 
20309 21401 
17695 21983 
24207 24808 
2296 7821 
19913 20268 
10987 20425 
4685 15244 
10306 16865 
12381 16795 
21454 24365 
17452 21753 
22434 24984 
18790 20927 
22025 24600 
12383 14428 
19786 20413 
8118 9188 
8211 10245 
12647 16955 
20058 23354 
20500 23213 
14485 18348 
15100 19091 
12781 24811 
4283 10741 
15819 21660 
16346 17232 
11633 13043 
23585 24197 
2902 18997 
9053 17256 
10438 15478 
2290 20585 
5187 10766 
6168 23709 
18454 19205 
24959 24997 
24177 24478 
14733 18172 
3595 16043 
13906 18590 
9137 10802 
9829 16510 
1642 2840 
1405 9040 
3446 19138 
20121 21131 
5535 7363 
13707 23382 
7328 21867 
3873 13164 
19082 19901 
2029 5974 
15789 22977 
21860 22223 
6465 18477 
6985 21644 
22018 23010 
19271 22777 
2359 15072 
6909 18779 
15586 16257 
12756 22009 
20682 23199 
8919 14464 
7619 16773 
5992 8463 
2617 14792 
4604 5289 
13592 16249 
17090 18417 
21240 21444 
19915 22761 
22233 23236 
7298 10605 
8416 17654 
15403 24707 
10813 22213 
23757 24251 
14585 20697 
1218 4792 
24307 24366 
6049 6199 
715 18445 
693 18433 
20361 23825 
19606 22992 
14730 16716 
17235 17460 
21702 24980 
21899 23167 
22073 22251 
7385 13935 
17203 22339 
1817 15454 
6813 22004 
21095 24407 
7153 16392 
2879 5923 
8299 19501 
17426 22661 
16419 23513 
20906 22412 
21437 23052 
6524 20145 
22174 23681 
20636 22922 
11909 22832 
522 1175 
17303 18271 
21565 23240 
22248 22524 
15273 20733 
17148 19610 
12079 13320 
2419 14866 
21991 22221 
18049 24260 
13320 20012 
23446 24939 
24706 24728 
12636 19126 
2892 21687 
24164 24449 
19467 22127 
893 13377 
21522 24811 
18755 23664 
18076 20761 
9016 10556 
8713 14981 
12554 14908 
8260 17432 
14383 20933 
21138 22263 
2366 9782 
9092 16312 
21176 24283 
189 10016 
15797 22893 
10128 11918 
1446 20569 
3820 13920 
10068 24950 
21516 24843 
13216 22420 
2054 7489 
12041 22390 
22315 22480 
5721 22299 
11922 12810 
5946 8197 
5235 19592 
9510 12814 
12574 13352 
14344 20451 
1966 4986 
24606 24682 
17742 18212 
14181 14698 
13907 14303 
15821 23153 
13241 23107 
2730 23350 
6112 23312 
514 22874 
6977 8148 
5403 14823 
5697 18321 
15378 22994 
125 24045 
24367 24913 
554 656 
13295 16888 
11643 21890 
9181 10315 
14906 21799 
22013 22674 
3092 12514 
3196 10933 
6460 23541 
18905 20031 
24327 24606 
10544 13266 
3 904 
11433 20957 
1267 7790 
3340 21938 
11427 20930 
16638 19751 
565 23978 
22835 24639 
2333 22965 
13690 20617 
17292 17560 
6297 11879 
23915 24202 
18735 21996 
4421 5004 
1345 7674 
19843 22379 
430 11237 
24373 24686 
21249 22480 
10704 19252 
18896 20173 
13361 23257 
11284 17247 
17976 22825 
24818 24916 
10349 21168 
3288 12862 
19817 22522 
15610 15738 
8734 21300 
3662 9749 
10721 10998 
17886 17893 
23466 24107 
10138 14936 
965 1321 
16860 19192 
12760 13473 
6340 24921 
10612 12863 
8167 23857 
13409 18187 
7948 8875 
15537 22946 
14449 16400 
15711 24970 
13017 22610 
12071 22792 
12536 21453 
1895 19932 
13010 21831 
10791 22950 
5169 5920 
7659 12877 
2281 16070 
13338 22179 
13069 24823 
1452 23733 
13540 20385 
4213 8728 
3988 6888 
9266 23906 
15126 22470 
15394 22145 
18673 24349 
8604 10293 
2675 6844 
24728 24929 
24737 24928 
7207 10710 
18305 21152 
1630 12402 
20448 23402 
16110 16573 
8438 16685 
5551 12411 
3284 8002 
14229 17260 
24361 24556 
83 1042 
23646 24836 
2503 15473 
9202 19685 
950 15146 
21620 22712 
13264 16371 
13630 24740 
1568 17500 
2384 8946 
12027 17364 
3367 11639 
11466 20279 
21177 22156 
14584 19668 
4708 7159 
5432 18858 
17317 23085 
18786 19409 
3126 15952 
1024 12722 
13406 16678 
14355 16610 
22806 24895 
5270 15429 
13570 22833 
18571 24558 
6583 7337 
4331 21685 
19601 23767 
12944 13074 
22773 24674 
513 23338 
523 14495 
6035 19379 
4985 5968 
10925 12477 
9956 23699 
13378 20404 
7927 13481 
886 15356 
18137 24627 
17000 22621 
1008 6117 
3509 16064 
7103 15301 
3055 20165 
1770 17010 
10313 20988 
8694 10924 
20116 23993 
10378 18915 
4888 18877 
19300 20984 
19726 21708 
20246 22114 
7578 20620 
23638 24249 
11934 14181 
4596 13801 
3192 21896 
4137 24078 
18539 22089 
24109 24566 
17533 23391 
22586 22975 
1672 17122 
634 2288 
2714 9539 
8419 18057 
13547 23534 
9954 13123 
1415 9782 
24133 24752 
5 2937 
24691 24751 
1784 4292 
22126 24195 
3668 14796 
13192 18779 
5224 8121 
932 13767 
15811 23311 
7401 14115 
7074 12081 
13021 19344 
20064 23237 
9716 23350 
19732 20744 
14775 15817 
6551 9112 
19991 24391 
6006 15248 
4350 10129 
13711 17375 
622 15009 
536 873 
4472 15095 
767 2404 
24288 24370 
17765 20526 
11131 22052 
12897 22969 
8484 21904 
23772 24651 
16080 22856 
20855 21526 
18168 20042 
12134 16718 
10256 18558 
433 10662 
13140 19698 
13167 13647 
21063 24880 
9936 16308 
19486 20811 
4537 22687 
2909 14924 
8980 15912 
16338 23644 
2558 6651 
9564 17147 
872 5352 
9695 20835 
20068 24424 
16324 24394 
24227 24229 
3330 16011 
20689 21658 
20938 21333 
6430 16222 
1877 9797 
222 8990 
12442 22573 
17201 22441 
17713 20913 
5038 5612 
3899 19866 
9831 15760 
10369 21422 
2292 22642 
21958 22316 
15248 24348 
9369 12054 
11794 18224 
3583 13337 
17217 18646 
3871 6363 
9719 19151 
17271 19163 
305 20742 
56 19533 
15007 24328 
2353 4075 
191 16949 
12779 14537 
5092 24016 
23754 23771 
19 23039 
23020 24469 
7722 22711 
8864 18427 
2840 4065 
18146 19815 
12204 18784 
10457 21401 
18213 22802 
10149 12144 
2310 22600 
2643 13612 
15099 17333 
15552 21409 
24838 24918 
19964 20692 
9337 17605 
17092 24551 
21879 21996 
6391 10407 
2518 20742 
6780 9774 
10149 22639 
2430 6311 
23826 24781 
4376 13541 
24136 24416 
1994 3953 
20286 23666 
10313 19901 
14504 22820 
1524 15154 
1510 10891 
21962 22444 
6083 17113 
17882 24622 
22489 22536 
5777 21084 
15081 23914 
13536 17918 
22926 23361 
9943 10531 
7587 12421 
1754 8956 
8701 19541 
16085 22764 
8909 23130 
7168 11034 
22124 23840 
10108 10855 
10228 24410 
4755 9320 
11292 16287 
24796 24815 
7343 10384 
22669 23005 
806 6570 
9290 13641 
19077 24670 
688 23026 
1022 3579 
6092 15402 
13824 21349 
16046 23815 
23942 24989 
24650 24853 
19114 20082 
23658 24667 
21289 21294 
12781 15554 
7963 16547 
23234 23726 
8644 16018 
10686 17534 
18959 21289 
1362 13285 
15280 24190 
10266 14578 
9561 17508 
1778 22741 
19585 20446 
12107 20873 
4192 23250 
19285 19739 
21307 22844 
371 8159 
15579 20627 
15307 24766 
7488 17911 
17407 23253 
18844 20170 
24222 24621 
17956 18543 
8038 11810 
21920 23987 
18204 19105 
18235 22546 
24242 24814 
7565 15821 
22657 24875 
13379 14318 
449 11048 
24690 24854 
5450 17041 
8652 10664 
11811 21829 
3038 6636 
16994 19609 
15571 19041 
16224 24479 
10592 17219 
14028 16780 
16987 18892 
5525 16424 
13241 21225 
11856 18915 
20765 23517 
18190 20398 
13057 13954 
11879 22597 
205 16281 
2107 6433 
1109 2291 
10723 13329 
2105 5001 
24535 24829 
15505 20628 
23984 24453 
16055 21955 
7171 14783 
24246 24739 
4349 19254 
1481 21699 
3697 17190 
18660 21391 
14743 20788 
11378 14266 
14977 17893 
20952 23220 
24088 24548 
13205 14510 
8201 12430 
16104 20306 
1470 21961 
18778 23036 
7801 11670 
8532 23184 
21447 23862 
16800 23678 
22142 24042 
23806 24901 
23414 23626 
16469 18101 
19354 19783 
4925 18176 
2779 23181 
21605 23713 
8544 9279 
22046 22136 
12234 14614 
11436 21311 
21188 23189 
10246 11142 
762 8318 
22516 22754 
14720 23872 
18558 21645 
5955 20322 
17435 19613 
14985 19703 
4284 11846 
5884 15432 
24934 25000 
8353 15019 
9152 14363 
3937 11209 
18516 20007 
22993 24724 
4746 21202 
11556 12801 
3689 21013 
23910 24165 
7405 16202 
17320 21114 
24496 24881 
20571 22437 
18978 22425 
545 1997 
8895 13551 
22171 24617 
22456 22774 
20246 22028 
22399 23382 
19431 22689 
6570 18205 
20321 20644 
3900 7590 
24000 24168 
681 18114 
2446 24609 
3791 19369 
8878 9558 
23854 23874 
798 14680 
24840 24882 
13632 16037 
1067 19631 
6460 9897 
6226 17677 
19292 20395 
7196 18800 
23384 24561 
21957 23648 
8356 20775 
6239 23641 
16555 22474 
10395 12591 
3453 16353 
13700 18223 
16513 19298 
16298 23916 
23067 23193 
24226 24999 
36 20038 
3084 10949 
22045 23746 
21729 22175 
3796 24829 
9997 14090 
19253 19341 
2190 10929 
23070 24709 
6235 14704 
834 9690 
2188 14510 
9747 13944 
24063 24975 
24273 24477 
3273 18660 
24982 24998 
21502 22781 
21008 23692 
7060 24197 
6607 8121 
5939 14901 
10321 23254 
17945 23775 
124 19631 
1564 5928 
17857 20090 
16621 21045 
22321 24637 
9710 23115 
4251 19768 
3290 16415 
24914 24923 
11631 12177 
4738 9810 
1444 14352 
24853 24949 
24829 24930 
21938 24539 
526 15571 
668 18003 
4012 22213 
11388 19576 
1218 11255 
6295 20240 
22072 24084 
4756 13915 
2163 15207 
22458 22778 
14418 16078 
12326 18788 
5639 11377 
8965 12971 
14654 24571 
16780 22040 
13757 24853 
9317 20844 
18496 22002 
23872 23934 
19384 21940 
15338 19184 
19573 22224 
634 18784 
11448 11756 
20601 21761 
11241 24954 
9221 11294 
23386 23621 
3027 9040 
22641 23106 
10979 22881 
13132 13614 
8227 19647 
10656 22878 
8081 16452 
1742 12580 
16601 22003 
12122 22193 
3355 21306 
9508 24244 
24727 24809 
18188 23163 
2039 23345 
24268 24385 
19641 23396 
16270 18300 
6781 17985 
4626 5818 
23343 24870 
12375 22459 
17475 23594 
18464 20814 
2434 18361 
4883 11176 
8345 20942 
20718 22328 
14888 23156 
18155 20448 
10587 24200 
24836 24877 
8416 24314 
12498 22926 
19360 21847 
23195 24485 
22637 24461 
12536 17664 
8383 11196 
3487 6513 
21092 22136 
18168 19426 
13098 24479 
8800 11455 
3691 24545 
24325 24711 
20559 23180 
6614 14920 
11643 13395 
6891 19300 
22463 22654 
17080 24091 
217 20324 
15548 21649 
3236 15260 
3282 7477 
20432 20659 
24195 24972 
2438 8632 
11933 12504 
3765 4648 
10085 10671 
19489 23596 
24958 24958 
14783 23188 
1782 7232 
155 10538 
12544 20780 
18497 19110 
12098 17978 
429 21744 
13560 21282 
19969 21864 
11230 20433 
6329 23264 
20973 24409 
23470 23985 
4974 7231 
10753 17989 
18450 23082 
1132 10095 
24266 24896 
6474 18176 
5927 7771 
3790 16644 
3188 22336 
11802 11921 
6867 10687 
18149 23030 
9741 13801 
11702 17847 
15356 16278 
22833 24633 
8473 20113 
5469 7754 
6228 8770 
23023 23538 
12496 14679 
13841 14838 
12447 21143 
5423 13280 
14732 22181 
15299 17182 
10582 21958 
1920 2041 
11493 17336 
15800 24444 
10279 24768 
15314 19324 
1470 20449 
775 22401 
24715 24921 
10535 17934 
11814 18208 
1128 20005 
3607 12866 
24359 24477 
21286 24883 
13644 23163 
14821 24737 
13957 23454 
4653 8973 
7884 20631 
5217 15329 
6438 16015 
20424 23355 
8558 9111 
3371 12602 
15715 16174 
304 16964 
11266 22813 
17446 21140 
19993 23587 
21113 24494 
7014 24239 
16511 24885 
21733 24354 
18927 19398 
21 23275 
22490 23080 
13172 13870 
211 3271 
1936 3630 
10012 19284 
3348 7491 
13980 18735 
10101 10236 
9260 12383 
16068 23160 
14815 22771 
8783 9157 
4307 6045 
19741 23731 
3305 7817 
10092 12785 
8217 18181 
6248 21316 
19046 22021 
23222 23680 
17020 20407 
933 8774 
21277 21424 
20611 21972 
3369 19950 
1130 16745 
18702 23694 
16427 20078 
16301 19770 
19489 22644 
24967 24988 
24693 24904 
10642 13779 
20497 22610 
18602 19528 
106 16645 
8580 17075 
22939 24739 
6713 16645 
14556 24646 
20758 20811 
10244 24085 
23538 24693 
8082 17327 
22825 24749 
14578 19488 
3909 16893 
16368 23474 
5751 15280 
12539 17272 
24736 24944 
19345 21506 
940 6312 
2087 7559 
19280 24257 
9661 23293 
22772 23805 
18720 20880 
4637 16496 
22858 23223 
18976 21550 
14045 24157 
10084 20121 
20118 23877 
21579 21846 
22379 24450 
16456 22310 
24021 24258 
13465 23643 
16530 21132 
305 970 
5937 24036 
16334 22863 
5586 24914 
8747 9201 
10307 20624 
9432 13343 
962 16559 
9540 17675 
21920 23626 
23265 23629 
17175 24206 
20343 22569 
7228 15877 
1933 17155 
12545 22117 
21951 22818 
5988 11282 
8346 22995 
21879 22948 
12898 14715 
2917 8225 
19384 24803 
20510 24566 
9261 14708 
18510 20648 
24446 24810 
2679 11694 
24982 24995 
15012 22601 
3770 14710 
22534 24557 
4928 12973 
12814 22455 
1937 13638 
23379 24474 
23801 24904 
13867 21940 
22178 24990 
7215 13598 
10545 12921 
18716 22473 
24211 24695 
22174 24490 
17933 23871 
19610 23525 
7489 20742 
22544 22942 
11661 22288 
20577 22383 
13129 16203 
17427 24168 
19902 23679 
22656 23623 
12520 14461 
15062 23492 
19879 20708 
6644 17335 
15321 15944 
16200 18568 
22250 23346 
18697 23446 
8661 17500 
3407 21171 
8078 21956 
17428 18348 
7188 22648 
8253 21205 
2432 6314 
8482 16902 
17996 22995 
20867 23304 
4169 14252 
3549 20564 
6591 10433 
20354 24708 
11016 24296 
14737 24975 
17101 20804 
15707 18091 
7611 16708 
20041 22567 
5540 17120 
981 13063 
3916 15272 
4358 13507 
3674 15029 
8613 24670 
16191 21724 
7554 15285 
18965 19771 
5690 18832 
3084 14687 
3209 22842 
10013 15925 
13108 17076 
7608 18205 
14606 24149 
13733 18684 
4148 22695 
13286 19186 
9252 19269 
19692 24013 
14632 17945 
22211 22728 
8270 21561 
11045 24888 
12210 16032 
21518 24954 
16157 21928 
2144 15498 
253 3486 
18854 19269 
23663 23994 
16411 19436 
9539 9793 
19018 23683 
22072 22256 
3867 16118 
1233 3929 
21684 22711 
20111 20604 
24133 24256 
10139 13269 
2558 6748 
15512 16360 
6242 12838 
17154 20946 
15919 17594 
9367 18068 
7955 13186 
7174 10311 
18951 20017 
23105 23211 
19781 19979 
16828 23463 
658 688 
2066 4974 
19574 20776 
17009 18381 
3698 17274 
16203 22333 
18173 19513 
7650 10154 
9424 14828 
14685 22266 
6433 22556 
8389 19039 
1733 7073 
8384 15962 
13677 24549 
22434 24242 
17801 21386 
22094 24515 
4023 11490 
17628 19904 
9565 15052 
17363 18124 
21034 24145 
13383 14780 
22863 24412 
1877 2525 
16445 19763 
21485 22181 
24957 24979 
18846 22564 
21560 24626 
24164 24183 
6625 11460 
10021 13583 
18791 20216 
10931 12042 
24312 24844 
5397 19180 
21294 23029 
363 423 
13989 22033 
6581 18827 
12015 15995 
22734 24816 
22676 24687 
6773 16300 
5798 22481 
17470 22038 
6445 23704 
8468 10377 
8624 12132 
11217 21488 
16639 19101 
21806 22612 
18795 21259 
4375 7440 
657 12246 
17435 24928 
3091 18974 
7032 13177 
13791 21217 
1639 8190 
18218 21755 
9773 17647 
15287 15655 
20263 24252 
6519 11514 
17420 20566 
15624 21797 
22826 24608 
21056 24941 
10674 11418 
23317 24875 
1628 20020 
24624 24918 
14724 21137 
16142 20670 
14078 21370 
15122 20814 
10446 24124 
7398 20358 
2922 18873 
21855 23009 
15614 16522 
24664 24787 
17781 18730 
10699 19111 
20292 23354 
17305 20950 
1951 5202 
7592 16955 
12552 13900 
16791 19435 
7271 19795 
6056 20862 
18636 19956 
9867 18544 
15849 24127 
12887 20225 
14544 16123 
21981 22357 
16665 21045 
21181 24728 
15165 18536 
14768 15872 
11317 16219 
18761 23385 
8347 10737 
5516 7866 
9718 15457 
985 1699 
17847 18612 
14640 22869 
7551 17932 
2807 4018 
16022 20319 
21565 21765 
9337 19147 
16676 17828 
11471 14595 
2213 11876 
17601 23043 
11589 14450 
19144 24710 
6966 10973 
7811 14734 
19507 21682 
9444 15722 
24408 24420 
5870 9607 
20185 22752 
21040 22388 
23270 23323 
15072 23108 
11613 18902 
6552 10091 
22699 24980 
23397 23622 
17868 23467 
23916 24587 
2986 4078 
12937 21307 
14514 17405 
18203 20343 
12169 19256 
9185 9518 
1330 13870 
675 7046 
11131 15194 
75 18740 
6600 15046 
13117 24682 
14306 20878 
21232 23190 
18133 21447 
14099 16667 
2689 8639 
3001 17785 
15685 23130 
9552 14490 
275 12183 
20316 23268 
7764 16479 
19552 24444 
1308 9496 
1486 5125 
1585 2209 
18988 21445 
10912 15800 
15580 20618 
10839 20805 
14046 21443 
16838 24951 
4398 6353 
17714 18588 
16743 18401 
15427 18789 
4185 24119 
6598 21485 
14798 21441 
10819 24769 
13421 15292 
14719 23645 
1652 23909 
18729 20384 
3918 21742 
5812 6307 
6261 22396 
18499 23991 
17306 23209 
942 8967 
15695 23565 
22071 24150 
19496 22686 
14333 23933 
7101 9380 
7120 22272 
9274 24492 
17682 19947 
21120 23792 
80 1307 
9837 13472 
19914 23869 
18679 23997 
6133 21235 
9239 17812 
6966 7117 
19154 20026 
9 24509 
16476 17651 
21431 22257 
17389 22542 
15828 16744 
10865 13503 
12729 19181 
11812 20572 
24377 24674 
24484 24518 
10672 23389 
11197 24872 
24688 24706 
6072 19945 
11089 12142 
5737 21436 
5733 17962 
3084 11521 
7793 20280 
2765 18226 
21894 23160 
21653 24441 
24431 24619 
6763 8719 
21830 22805 
19826 23596 
21623 22340 
11422 17697 
24256 24684 
16930 19731 
3684 16708 
11356 22674 
21213 21464 
14073 23535 
11563 24827 
23241 24816 
20182 20524 
12834 17765 
10426 14393 
14707 24392 
7892 16768 
4487 21105 
17926 22634 
11394 15959 
17821 24137 
19313 20034 
22362 23283 
9360 15525 
17068 20225 
14310 14839 
1381 16268 
14305 17576 
9084 11141 
14483 19934 
7160 19099 
12583 16371 
11080 19970 
663 14991 
17728 23460 
1752 6002 
9741 12523 
7980 18853 
15249 19893 
19563 23228 
13204 14044 
19950 20352 
2177 24141 
10464 15952 
18808 20080 
6897 22542 
6214 12423 
1527 12281 
21573 23324 
8409 11695 
528 3321 
14926 19828 
4025 4244 
17894 23722 
24846 24963 
557 13719 
2497 8493 
12732 21596 
4655 17688 
2762 9155 
4178 9235 
707 16285 
9703 21696 
19185 24259 
720 18115 
18662 23752 
1846 22568 
10520 24470 
19156 21950 
6358 11406 
24062 24481 
3606 12809 
17922 18069 
17944 23565 
3025 6534 
22961 24509 
845 10405 
13773 20338 
24173 24727 
16799 21340 
12607 22698 
13683 21390 
11111 14415 
16333 19273 
18820 21462 
11906 20888 
22559 22568 
4324 15269 
13215 23710 
9887 24956 
3494 23797 
17455 18899 
11189 20837 
12015 18551 
10857 17095 
3168 13720 
17827 18379 
22301 22705 
2013 8944 
10835 23007 
16086 20701 
8670 13778 
23242 24455 
2914 17269 
21691 23539 
2625 4180 
22351 23516 
16037 19977 
22922 23116 
8485 23482 
11820 23754 
17161 24242 
16601 20170 
5361 17533 
6671 20888 
22700 24365 
1706 6578 
1056 20386 
4102 18714 
1566 24048 
16989 21300 
11808 22080 
5159 15376 
11106 16630 
13181 16111 
23897 24447 
1796 22975 
18581 19857 
20154 24347 
8074 23761 
6959 9310 
7363 10066 
7568 22634 
5545 9067 
16309 21994 
10112 11262 
18229 20257 
945 4870 
24546 24778 
16669 24815 
1240 6200 
12704 23276 
7457 8768 
12540 22992 
7784 13331 
12378 13307 
12892 13739 
17128 22543 
24296 24501 
20795 22199 
1333 13718 
3290 12236 
2251 16334 
24175 24725 
24293 24755 
5954 19138 
11776 23934 
24518 24593 
9076 18336 
20327 22991 
22467 23337 
15750 20858 
5073 7181 
23189 23222 
12036 24857 
23165 23801 
4612 10458 
11870 18651 
22309 23014 
12772 20589 
13655 22373 
10335 23103 
271 14659 
11764 18355 
13807 21327 
16967 23036 
24623 24934 
19061 24868 
1601 4648 
18835 23707 
3873 12538 
20585 24667 
5153 17795 
12825 14947 
15287 23114 
22038 24264 
833 8348 
15844 20103 
11262 11870 
3144 9742 
6009 7154 
2544 9609 
18430 18905 
11460 15420 
3612 3959 
6991 17811 
18251 21581 
2448 20705 
16643 23406 
3239 10587 
1407 10566 
23420 24658 
15682 20867 
7050 11944 
23277 24022 
22119 22874 
19162 22018 
3691 10271 
3875 11746 
19145 24119 
10038 13866 
11733 17848 
19726 24343 
16968 21635 
6754 19570 
8914 21418 
1755 5941 
11391 20456 
11504 19687 
22991 23317 
11117 23195 
12815 13847 
12548 13891 
1243 4385 
19851 21969 
15942 21444 
13593 14505 
6299 9889 
6916 9257 
22586 23792 
17136 20474 
6825 7617 
23262 24892 
13301 17375 
18874 23684 
6123 21500 
5532 23283 
9040 24701 
21853 22642 
469 11524 
12635 24829 
9339 19513 
6761 20494 
1149 9820 
20035 20123 
24147 24540 
9219 18194 
20833 22021 
21498 21764 
11214 16770 
13259 17264 
15336 24423 
3406 11553 
8418 11304 
17331 23155 
2060 17056 
17615 23907 
20744 22190 
19911 23122 
14563 23783 
183 19001 
21269 23413 
9646 23887 
6668 15734 
1656 5796 
9844 12783 
1972 3424 
20833 24750 
14246 22997 
22734 23868 
8495 19599 
4077 10550 
12164 12379 
8767 11204 
3251 4336 
14104 17989 
22670 23236 
20755 22255 
18785 22482 
11898 18052 
4090 20603 
13818 22499 
21582 24939 
23068 23530 
1746 13339 
20194 21207 
10805 20168 
7796 12997 
19595 22083 
4224 11655 
2250 20927 
17699 23229 
9165 14346 
23183 24164 
16243 18107 
20644 21017 
2687 16197 
2794 3661 
4601 10132 
19302 20442 
6584 21600 
6002 19051 
4597 7634 
19083 20539 
15750 20818 
21449 21533 
1928 2484 
2218 8427 
9143 23184 
486 15845 
10008 11673 
3042 11823 
15949 21729 
8283 15840 
16541 21162 
3067 19284 
9612 19733 
13761 24545 
6201 24100 
5818 18120 
7305 20594 
15862 16547 
633 4429 
16773 20845 
23205 23764 
17062 24396 
19790 21968 
22369 23861 
23065 24754 
5301 9671 
4606 9325 
19467 22234 
12834 13061 
209 23563 
19640 22075 
19796 24076 
4781 7139 
10987 12005 
15050 20267 
14606 20206 
1275 22989 
14650 15175 
24732 24860 
16060 16539 
24194 24481 
5748 19619 
6386 11448 
17132 20990 
14294 19088 
10521 14854 
6160 6378 
8608 9476 
12551 22745 
12012 13409 
14406 14413 
594 854 
3171 13088 
14040 22631 
11922 22361 
8529 19555 
2080 5374 
5106 12323 
20338 21140 
23757 23769 
20348 22891 
19134 20829 
10212 15550 
24421 24921 
9989 10792 
3256 24686 
12059 23147 
8204 19501 
10252 14569 
24690 24818 
12151 24735 
15379 20361 
12580 19126 
12035 18512 
3030 5145 
13176 22965 
17405 24826 
6491 23614 
18002 24523 
9698 18825 
325 4883 
10775 12490 
13919 14724 
2900 19620 
18086 22136 
2426 19901 
17640 20145 
10616 12098 
8641 19614 
1433 23416 
22779 23754 
2029 22416 
12403 14009 
14314 17479 
1581 3940 
18191 22406 
7777 15464 
1103 4124 
3716 8760 
155 9335 
6324 11816 
20735 23453 
5428 21462 
20430 24156 
1287 19227 
7413 15995 
13531 23236 
11740 23133 
19032 22831 
12590 22983 
11701 24433 
18612 19419 
17310 20272 
11119 17293 
16689 17250 
18064 24049 
11012 17563 
23008 23070 
13278 19668 
1149 9936 
21942 23536 
14614 18021 
7472 9093 
15477 19661 
15123 16239 
14823 20873 
19938 22495 
2707 20140 
13872 20887 
16042 22889 
21859 23270 
14580 16652 
5423 12091 
23175 23924 
17296 24365 
2437 8032 
7151 21735 
9854 17459 
11691 12685 
8854 19067 
24760 24983 
19537 21708 
21017 21077 
19419 20628 
18752 20774 
2212 14226 
4418 10959 
8390 9067 
14216 23429 
24387 24580 
16520 18934 
7527 10807 
1294 7364 
4101 6030 
2933 8562 
7382 18307 
18578 24979 
2874 14697 
16577 24504 
12627 24360 
6508 10146 
19279 23740 
98 21798 
6272 10124 
16524 21491 
16313 20789 
23335 23941 
16108 17736 
5667 15492 
11713 22054 
14798 23282 
14306 21455 
8970 21600 
11400 17194 
21780 23123 
6253 22567 
13157 13595 
20277 24507 
14027 15585 
24448 24869 
11292 18264 
20032 21546 
21379 23110 
12561 15327 
17145 17773 
7479 17091 
11731 20893 
6738 16561 
6517 8540 
9959 22558 
6543 21623 
7109 24250 
9621 11085 
16060 20640 
4786 16617 
4468 24983 
11318 11765 
11370 12211 
17816 18090 
5138 16402 
7626 13849 
17353 18475 
11966 16765 
9364 10800 
20971 21928 
21583 23379 
16896 17465 
255 4706 
8295 19745 
9953 20663 
12899 18753 
18591 22509 
10048 21317 
14632 21790 
10718 23841 
14362 18098 
6348 9132 
2102 8882 
18909 20155 
17670 18598 
22138 24926 
2552 14512 
20420 24572 
17492 18728 
17388 19485 
12882 16919 
19869 21226 
22906 24746 
8103 10724 
9294 15729 
4076 13310 
22292 23770 
381 12546 
6397 16986 
4140 9211 
12745 14669 
594 24397 
2052 11992 
21341 24092 
18131 21616 
12414 23100 
14710 17966 
15413 15834 
353 9625 
8015 9592 
5630 6171 
5544 7456 
6800 16644 
8557 20854 
11702 21542 
10917 21860 
15901 19168 
351 24827 
11162 18734 
23455 23691 
19191 21888 
14708 24057 
21435 23985 
9356 22609 
10187 16485 
18473 21347 
14427 19537 
2698 12762 
20853 21684 
22856 24039 
12105 17105 
19947 22298 
11137 22162 
7688 15223 
535 8920 
2889 7789 
12693 14855 
6558 15109 
8452 17488 
12720 19997 
12771 19844 
3331 3395 
21404 23116 
15605 16613 
24260 24413 
564 12448 
9488 20881 
3334 4616 
23091 23338 
22661 23779 
13089 20561 
17993 18186 
9719 9959 
21840 23335 
24992 24994 
4557 11043 
14061 17412 
13351 24629 
12868 23456 
13504 17237 
20630 22275 
20587 22179 
18243 22313 
22593 24057 
6373 13937 
3147 4457 
22006 22808 
19406 19675 
20831 23364 
1554 4259 
15526 17365 
24608 24898 
15699 20584 
4289 8748 
21296 21912 
1493 17881 
4565 21242 
22199 23570 
608 14995 
792 1336 
4850 19263 
22524 24719 
13652 13704 
21845 22636 
3658 7459 
23264 23848 
20048 22566 
4758 22124 
2637 17897 
22220 22597 
8859 22800 
1744 14867 
3623 21209 
1165 5224 
10226 12992 
24871 24989 
3861 24303 
3585 10427 
4600 14921 
12898 21673 
4340 12566 
23099 24428 
10099 18154 
8399 10360 
14836 22595 
23337 24263 
15390 21060 
3798 7400 
9238 14841 
3304 3519 
21067 24843 
20348 24752 
6283 7927 
1032 24080 
17466 22117 
11875 12644 
22738 24360 
15010 19264 
18491 19744 
352 1858 
13309 14019 
2611 22969 
1319 3043 
10442 23413 
15211 22470 
1185 13218 
16411 19311 
3610 22841 
21286 24874 
10837 23874 
17350 17704 
12776 22032 
17561 21407 
17400 18247 
13988 15712 
18364 20221 
18183 20771 
19268 23840 
4262 17980 
16395 17701 
17766 18093 
17664 24314 
20053 20636 
12702 17937 
17908 19271 
5532 7701 
178 2398 
19204 20182 
20765 22768 
4935 14636 
5929 23545 
1979 21902 
6568 21231 
10322 19230 
6954 14266 
10910 18838 
23733 24600 
11532 20882 
3745 5114 
2539 17908 
7614 18723 
10805 16538 
11903 22293 
13334 13991 
16023 24755 
22932 22960 
13060 21989 
9571 19702 
9441 12133 
20026 23736 
12890 15001 
6134 22375 
8312 24741 
20344 21730 
24708 24779 
166 17611 
7365 15283 
13638 21319 
4655 16723 
8516 11320 
24882 24884 
4804 18776 
5111 6050 
16595 21180 
22902 24691 
18605 22926 
17912 22773 
5039 19163 
16280 18208 
23234 23792 
12097 17228 
20375 23913 
14134 23328 
4934 14379 
24371 24743 
16310 24404 
20446 22574 
17559 22671 
16808 21581 
13473 21261 
20935 24000 
12084 22151 
9800 15742 
4165 12899 
13716 15463 
18991 21602 
8448 11713 
21826 22006 
12615 18463 
8739 12378 
21005 22695 
16475 19336 
11514 18066 
3902 20032 
7230 18001 
10685 12410 
5922 16888 
10955 18422 
7747 14551 
24441 24966 
21512 24302 
4711 15947 
10100 16268 
14507 22256 
23797 23936 
8239 21332 
23102 24615 
18619 22295 
2016 7567 
20607 23455 
11352 17106 
6421 12524 
16092 17891 
6625 14404 
1738 4852 
13518 18694 
15723 22292 
12235 21935 
15222 16097 
11367 23706 
13800 15543 
4114 19292 
734 24163 
6779 23264 
20434 21003 
3204 11989 
4488 24000 
11000 13224 
7549 10218 
6984 9407 
7323 17880 
21616 23642 
18314 20899 
957 24675 
1578 13010 
20996 23489 
14343 14372 
13858 21256 
20368 21973 
15173 18410 
18176 19539 
10244 14954 
14789 15912 
15435 24756 
11494 22207 
13230 22404 
9132 19313 
15903 19206 
15732 24544 
3005 11077 
9824 21985 
4295 16570 
7997 23252 
7448 14673 
24578 24944 
22938 23715 
14276 15066 
17356 18614 
3395 22812 
10956 17534 
11339 19805 
7479 21080 
3628 18172 
302 2385 
21751 24502 
20787 22290 
3677 16915 
12558 22096 
23627 23968 
1710 10410 
22553 24226 
10497 11945 
13119 13646 
7301 11360 
14615 24287 
2025 11669 
16698 22990 
7091 14302 
11311 24555 
7004 20476 
24434 24897 
2598 12334 
7597 19390 
21692 24915 
9911 14904 
870 20853 
16115 18578 
13652 14488 
22282 24613 
19665 19866 
12943 17677 
4388 17584 
5037 12041 
11872 12876 
23595 24754 
14327 20070 
17337 17457 
2704 20760 
5493 12936 
20264 20892 
4053 9597 
21692 24108 
6992 20266 
15605 23785 
308 6410 
3498 23288 
8416 16349 
6875 12125 
21086 23761 
5008 10619 
9094 23367 
23573 24164 
5596 24017 
17645 24138 
14859 23431 
21464 21809 
5103 11919 
6390 11645 
10511 15083 
11398 20561 
22125 24852 
7114 10984 
84 13842 
4192 17454 
13532 20904 
11246 14937 
3002 5621 
13808 24329 
10735 14259 
10591 15449 
1950 19521 
21250 24765 
1856 6411 
12415 23106 
7374 10302 
391 9866 
17453 23723 
16260 16450 
4584 8718 
16314 23338 
9744 17163 
1100 18773 
8262 14605 
10689 12000 
4122 24615 
24634 24648 
9538 10346 
18817 20645 
7167 17140 
23444 24256 
6648 7463 
7852 10415 
18078 22056 
17534 17700 
15658 16184 
24478 24756 
8672 9320 
24247 24437 
3005 18261 
12578 23170 
103 23154 
21449 21785 
16911 23361 
5754 10849 
23875 24342 
21917 24591 
20876 20955 
10894 17799 
21112 22992 
2763 17321 
15412 20526 
19684 22020 
24167 24230 
149 2878 
3802 11822 
12626 17871 
22374 24743 
7375 22194 
12533 19125 
7350 23940 
7665 10764 
23154 24970 
13600 16516 
10543 24769 
17545 23667 
3768 16571 
11332 15881 
4874 24090 
2852 5208 
6335 24661 
19399 24782 
3748 16044 
16077 16775 
20111 21581 
6114 13682 
24410 24996 
12113 24544 
8855 15101 
18745 19833 
7175 23633 
17610 18726 
3249 20276 
14089 15893 
14131 16752 
5284 18603 
15586 19162 
7967 13268 
18344 19844 
23956 24766 
10838 15094 
21433 23268 
19108 19513 
14661 19073 
15522 24105 
19267 20980 
14910 23947 
22224 22308 
5854 14933 
9463 16810 
23466 23512 
4607 5495 
6935 10149 
8394 21873 
9183 15388 
17472 23416 
17175 24639 
8795 10515 
6771 15183 
21448 21508 
16824 23867 
18278 23344 
24854 24932 
20476 23814 
23899 24801 
17919 21432 
21743 23713 
17552 22361 
10508 12764 
11569 17791 
3258 23418 
15242 16498 
11767 19391 
23055 24570 
6609 23070 
5843 8552 
1004 12562 
23840 24676 
22059 22615 
22330 23165 
3248 15017 
5595 23669 
7606 19959 
20501 21108 
1339 18195 
10947 11355 
11462 16901 
19594 21075 
504 9892 
954 16204 
4963 6890 
7665 19960 
21353 22933 
15215 16099 
5561 16663 
9453 12718 
5067 11944 
327 7286 
8502 11797 
1003 16683 
8519 18047 
10373 19935 
7259 22217 
6908 8140 
19587 24406 
20009 21800 
20772 21311 
830 4992 
4961 6335 
2774 2785 
6794 16451 
908 17084 
8736 20057 
191 8590 
2597 16354 
11790 13057 
8413 24903 
4958 16224 
17520 24210 
18693 20512 
12261 17458 
3214 22642 
22070 22151 
20404 22274 
23379 24997 
4257 22458 
12189 17816 
21588 22301 
8487 19364 
8826 23147 
11527 22919 
8433 24383 
12809 24519 
16239 24693 
21154 22179 
8200 8595 
22333 23584 
15863 20187 
13320 19478 
18313 21454 
7722 9760 
4869 7909 
15951 21118 
23137 24373 
7463 8762 
7069 11038 
14446 14641 
23190 24999 
2505 15751 
230 8141 
23848 24861 
14738 18760 
6031 23590 
23851 24320 
22635 24540 
8286 10746 
11505 17583 
24400 24658 
43 11347 
17205 21017 
16243 18349 
21659 23195 
9505 24530 
12985 18869 
23313 23742 
21541 22976 
9235 11678 
16627 20939 
8205 17939 
10201 21134 
8920 16216 
22650 22817 
1077 12507 
14788 23622 
20909 22539 
9979 20944 
13463 20884 
24471 24496 
2846 13061 
22031 22977 
8826 11365 
7310 22800 
10635 23329 
17668 23390 
16707 19664 
13892 17439 
9068 24155 
6122 10137 
7369 8594 
9111 16324 
17270 18166 
4938 5721 
14912 23522 
3683 12939 
24480 24793 
22831 24739 
13971 14381 
23012 23161 
7351 24754 
11539 21793 
16809 17678 
21516 22289 
15204 19798 
24377 24514 
17878 18437 
9761 15863 
10208 19901 
16064 18625 
310 22227 
16738 24451 
18837 21009 
20052 24296 
3196 18132 
18580 22021 
9801 18768 
17281 18846 
23642 24603 
639 10254 
14171 15975 
14051 17531 
19199 22649 
9112 9881 
24725 24853 
14188 22445 
22811 23790 
17808 21184 
18644 21411 
22465 23514 
14771 23446 
16562 18046 
22018 22023 
11226 22877 
13973 16905 
18142 18298 
9400 12872 
948 23510 
20651 23218 
968 18189 
13011 13068 
5189 21990 
3823 14164 
8753 10675 
24972 24983 
19149 19962 
18524 22718 
8021 10709 
6615 19467 
20698 22682 
23830 23955 
10521 22737 
8613 10965 
13341 21231 
14420 19166 
12289 24903 
6374 20493 
4774 9975 
14162 22736 
18776 19049 
5322 18965 
3953 10870 
8728 8867 
16602 17679 
11162 18137 
9126 20219 
19176 21655 
22089 22851 
4078 21942 
15999 18441 
16295 24359 
13407 23101 
11065 22035 
24683 24804 
15324 20570 
14149 17699 
10781 21760 
16309 22617 
10985 14871 
16988 20780 
3589 8208 
16483 17713 
19582 21785 
14001 16141 
11829 12315 
15848 24012 
12881 22791 
9768 12700 
22385 23327 
16988 22405 
21350 21642 
1244 3206 
2974 5510 
13529 15979 
5067 7185 
16781 19349 
6843 12859 
3875 12021 
16302 21740 
8546 13244 
3541 16835 
7459 17295 
24214 24388 
14692 23232 
190 2241 
10432 11086 
7249 19619 
6663 24954 
10595 24675 
17961 22082 
15841 16993 
11094 11664 
16219 22720 
11704 19223 
17045 18507 
23336 23428 
18349 18701 
20695 23224 
522 18400 
15074 17649 
1731 8813 
2141 8230 
12505 18395 
6397 13086 
21609 23648 
129 14807 
21500 21547 
15846 20596 
22473 24134 
22884 24182 
21208 24957 
10223 12344 
10172 17660 
11846 16909 
11225 22644 
18026 22557 
5846 13380 
22807 23701 
13401 23922 
13407 14346 
21261 23871 
23594 24459 
6084 14230 
22775 24578 
11062 13896 
22735 24294 
23207 23938 
21566 21566 
17197 22555 
1907 20207 
20006 21233 
1982 18043 
12479 19054 
4912 16621 
10155 16332 
20722 24015 
2088 10985 
10863 13601 
20044 21954 
11968 20402 
1388 8156 
23150 24199 
14768 21748 
15841 17281 
9509 18077 
7520 13074 
24841 24950 
8230 11640 
14346 14350 
16174 16681 
7314 14669 
1961 4865 
11280 12776 
18357 24088 
12973 15552 
22325 22952 
5235 23219 
4405 22986 
2286 19522 
18635 19054 
5602 11433 
22559 24480 
20375 22187 
7084 22756 
4217 23710 
7639 18141 
12160 16475 
22874 23054 
23711 24507 
13042 23867 
3115 12605 
6416 21208 
11667 19532 
15408 19231 
3993 7982 
2282 8529 
1219 1936 
11585 23054 
12044 22922 
16735 22306 
813 18342 
13204 15796 
12323 17466 
1536 9054 
16330 23017 
21587 23631 
23734 24279 
14587 19917 
5128 9533 
15106 22332 
11290 15304 
6841 13704 
20554 21519 
2220 2681 
5660 13604 
7205 22981 
11591 13706 
9359 11632 
10968 11498 
18420 18470 
12743 13196 
7556 15344 
4639 21484 
18848 23690 
2224 24862 
20723 23969 
20989 23897 
709 21125 
19244 19659 
1986 10221 
17739 23132 
5229 16134 
5891 17695 
402 11398 
21672 23258 
3019 8491 
6593 8152 
16737 24337 
4695 23136 
20466 22200 
10745 10944 
15553 22627 
10018 16586 
17920 24327 
11363 16856 
22269 23238 
4578 4607 
22934 23588 
7999 18476 
9951 16630 
1022 4039 
2460 13334 
3017 15390 
204 5729 
3077 13115 
20226 20381 
14534 19302 
2998 12574 
1899 9112 
16370 24088 
19867 22571 
1119 15951 
11386 21434 
17865 24948 
5955 23763 
3057 19155 
17784 24524 
14340 15005 
5426 9026 
13592 21664 
1639 15056 
23040 24331 
16063 19589 
680 22088 
3093 8351 
4382 23353 
9520 12221 
9477 12183 
3070 18834 
21661 22909 
11944 15660 
4965 21939 
15203 19621 
9102 17257 
4403 5749 
8342 10845 
5876 21869 
23571 23780 
10675 16316 
5060 17782 
18753 22679 
6710 16562 
7875 18358 
8648 15485 
22231 22964 
7209 19631 
11348 21618 
19600 19650 
20052 21292 
5754 8946 
2877 12842 
9102 16312 
7240 24550 
17296 24082 
13011 22599 
7543 12015 
607 14624 
157 19922 
12312 14532 
22849 24487 
14001 19718 
3829 13103 
8554 22341 
18438 20748 
4817 16856 
16420 17324 
13412 16873 
1119 22999 
8710 22710 
9143 16715 
19206 21538 
20217 23938 
13583 16691 
14349 16215 
13904 18420 
9701 18318 
6102 15293 
24956 24985 
18741 20058 
7001 21433 
11436 22690 
11157 14995 
23308 24178 
15201 20720 
6082 20554 
10736 22658 
13638 16199 
16817 24278 
10328 19823 
7347 15915 
8337 12439 
11001 24340 
11191 15726 
23028 23888 
7327 11031 
12546 24728 
14776 24665 
24665 24760 
12082 13056 
3699 19922 
3993 23195 
3948 4309 
383 4028 
15530 17791 
7419 20304 
1670 23441 
12773 18127 
23055 24072 
11257 21168 
2874 24091 
16118 17880 
13467 15942 
22371 23581 
10598 21583 
11687 23559 
14504 20683 
11621 15166 
8251 11526 
5929 18799 
7113 17238 
12057 23012 
1604 22384 
17333 23584 
14060 24101 
3744 18160 
1719 23022 
12275 16603 
3364 17499 
24986 24993 
20226 22109 
14252 19893 
2768 21616 
1547 22863 
20351 22991 
13937 21435 
13082 13869 
6994 22416 
22416 22639 
16216 24098 
20600 24177 
18754 21237 
10150 11809 
18562 23232 
24574 24776 
10292 19944 
17071 19188 
1548 5339 
18083 20469 
8744 19136 
15700 21365 
5537 15834 
16679 23087 
15643 22479 
3539 12931 
10573 12121 
22846 24550 
23182 24318 
18166 24275 
13659 16236 
888 3321 
24648 24668 
6 3320 
7749 16317 
12631 20777 
6074 19868 
6164 16299 
5371 15409 
7662 8172 
22065 22410 
11802 22245 
16262 20784 
17248 18986 
22908 24990 
15755 24823 
1470 22793 
1540 14406 
24288 24992 
2391 10842 
8503 17142 
11845 12581 
477 19998 
8664 19795 
3547 6830 
6072 15981 
17445 17745 
8422 18987 
22207 24924 
24417 24753 
4031 22822 
18515 22335 
5775 18887 
19321 24077 
13133 24003 
15030 23638 
9084 18204 
20025 21696 
7244 12747 
15438 17498 
15823 24268 
17041 23218 
23004 24246 
8282 13175 
1767 14288 
23115 23269 
19230 23198 
2664 19327 
19119 20392 
24571 24930 
7620 10911 
13769 24396 
14424 16078 
11462 20627 
19802 20665 
24714 24799 
9603 22574 
19391 23465 
12876 24249 
11799 24964 
1942 17512 
6624 7088 
23289 24174 
8444 10979 
22699 24523 
13861 15586 
14347 20919 
17183 24291 
17919 18223 
3793 23671 
6655 8095 
16167 19829 
16918 19844 
9941 10034 
1062 5597 
4298 9167 
8023 20751 
24546 24918 
14449 15242 
20648 21284 
12625 15559 
11853 17018 
15606 16957 
23119 23168 
15015 21274 
7717 24802 
7053 18019 
22433 22518 
20429 22584 
19427 23245 
6211 14356 
2943 8006 
7437 16723 
21881 23929 
8615 19350 
24664 24808 
14065 24304 
10112 16615 
8137 13629 
21962 24390 
1133 24383 
1945 8118 
7598 17415 
17994 23057 
5912 12700 
20165 22905 
24242 24625 
17080 19208 
14199 18027 
23930 24283 
3893 8881 
1378 20505 
19335 22370 
21151 23518 
19783 22743 
23439 24192 
10194 16305 
11649 13096 
20023 24430 
17816 21488 
10112 15535 
2234 5950 
19420 24832 
8042 15711 
4210 6328 
23576 24799 
14702 19156 
22839 24446 
2387 7852 
7615 13994 
22654 24665 
6110 22083 
21160 23203 
19220 20530 
6322 23789 
21652 24834 
18211 23651 
5656 7536 
3103 7551 
8584 13130 
5473 21776 
6505 9063 
11212 15580 
10683 21236 
20034 20713 
15435 16570 
12718 12749 
13579 21184 
8031 8948 
225 23216 
10603 11952 
23812 24174 
606 5389 
20905 22688 
9920 21836 
4948 18486 
21443 21700 
8226 23182 
17958 21711 
5484 13403 
7837 23963 
5617 22221 
4746 13486 
21926 24812 
19122 22284 
15268 19079 
14811 23842 
19697 19831 
16622 20073 
22103 22460 
7402 18430 
12891 24911 
3349 4032 
2508 14080 
1594 19422 
1820 12813 
13170 21746 
8945 18847 
24381 24795 
12604 23731 
23440 24346 
2396 21661 
15558 19956 
21320 21789 
23514 24605 
652 7979 
21590 24264 
8051 21997 
7306 23083 
6622 10948 
14528 19211 
20500 21490 
11921 16151 
7182 23265 
9807 18108 
6095 7618 
19038 22094 
16017 21446 
14555 18249 
3558 18115 
21741 24841 
7509 10623 
17050 17718 
10053 23570 
22554 24055 
4033 22155 
23865 23959 
16209 20120 
698 21447 
3669 9609 
2121 12569 
12240 19632 
21544 24389 
11292 13958 
14584 15520 
17111 24878 
2444 8499 
22091 23115 
13629 18378 
19974 23201 
8985 24230 
15883 21238 
911 9622 
2000 2760 
9028 11395 
5237 13185 
4407 19923 
20902 21428 
20686 23857 
15402 15668 
20739 23485 
19216 19476 
10075 15167 
22066 23953 
5638 18874 
20113 22620 
9872 19216 
24603 24966 
17461 23710 
2381 11717 
5647 14214 
20929 24959 
7295 22328 
8004 18664 
22185 22720 
20671 23785 
9821 20283 
4548 21722 
17003 22002 
4866 11778 
16866 18267 
19568 23521 
356 21256 
4572 14442 
16677 20336 
13770 22527 
19594 24555 
23895 24023 
776 23867 
18374 24290 
19038 19917 
5021 8620 
4567 10427 
7357 15195 
17908 19542 
23378 24464 
5522 11444 
4489 8078 
23588 24689 
6811 7995 
23072 23507 
15125 17269 
18147 20356 
21024 24664 
7414 10796 
23334 24431 
18724 19094 
16146 22711 
1447 18062 
13862 15608 
12139 21748 
13719 24006 
15017 24915 
7243 24462 
17062 19988 
13573 13787 
174 15045 
5412 16393 
1609 7937 
5524 6329 
23948 24332 
3687 14115 
17064 18893 
18793 22293 
12140 18026 
21409 21798 
6991 15932 
21627 22424 
23976 24521 
19628 19748 
20211 23901 
2206 13911 
23803 23823 
13897 20940 
2403 10854 
5553 13103 
13280 16911 
9035 15005 
21409 22891 
21205 21899 
9478 19596 
14567 17377 
7200 21706 
14913 24101 
3315 15699 
9028 21190 
3153 16012 
22293 23861 
15977 23652 
22863 23235 
19122 21670 
19103 24347 
12765 18581 
16052 18160 
12559 17733 
20813 21285 
16565 18164 
7952 18512 
12854 13950 
911 7830 
16884 23033 
1470 1998 
18570 21443 
5605 22107 
15432 18901 
3753 10675 
24790 24794 
9163 12414 
959 12715 
6065 13308 
2963 13132 
17819 17920 
21979 24983 
17326 20746 
13356 22452 
19704 20162 
8140 20048 
13259 24296 
3008 7654 
19346 22604 
24705 24797 
20210 24745 
18675 23438 
4482 12805 
15329 16013 
5702 12973 
24421 24698 
24140 24945 
17409 22645 
12142 14165 
15616 22235 
15472 19684 
16523 23376 
19052 23150 
18860 22995 
14906 20801 
6356 19188 
17589 22860 
18146 21210 
24259 24320 
5696 18998 
556 15441 
2611 17316 
23859 24197 
10235 24964 
13914 19865 
11908 22888 
13655 20927 
24588 24654 
14090 21219 
20113 24266 
5639 14365 
19278 19366 
18695 24518 
22087 23014 
12270 13542 
19075 23850 
20070 24056 
8628 15025 
12976 22549 
1806 5764 
4181 20391 
22389 23874 
9461 14276 
11294 12668 
13539 20586 
10971 15259 
20615 23949 
9853 15344 
10285 24532 
3250 6736 
17088 18556 
2853 10595 
2740 24978 
18943 24634 
23891 24357 
12938 24689 
8237 12422 
10993 22177 
20876 21140 
3338 11565 
4229 22957 
1687 20954 
11887 23061 
22517 22748 
10382 11452 
10703 11120 
18557 20956 
21782 24491 
491 22485 
23720 23779 
1417 1542 
24439 24880 
17524 21781 
10129 17214 
16938 22290 
11380 24222 
7142 17827 
9015 14230 
8803 14246 
17803 23866 
24475 24816 
17360 24469 
4950 14259 
1641 8347 
19325 24035 
10100 11647 
12581 21151 
12150 17551 
3929 22882 
19799 20691 
18054 20018 
21712 23126 
5024 9362 
21920 23296 
5280 23407 
11486 13432 
7759 12472 
12771 12774 
11795 16103 
8404 10294 
14767 18803 
20126 23120 
24825 24862 
20171 21178 
13873 14599 
18628 18717 
13775 23832 
15484 17234 
322 6123 
15405 21875 
20516 24522 
6322 13338 
14168 23597 
22637 23571 
19859 22856 
13529 19159 
18855 19394 
2323 11821 
9510 20209 
7974 12517 
6471 12455 
3505 10179 
10187 11823 
12092 17240 
23153 23523 
3826 6027 
184 22137 
22013 22957 
8300 20600 
3202 8561 
14340 20616 
2984 14980 
3002 18809 
2576 11114 
23407 24011 
1494 4302 
2780 16836 
9864 19316 
487 11241 
20165 20498 
6570 20005 
14487 15335 
6108 18335 
24166 24605 
7352 13891 
5533 22369 
10021 20402 
14200 23700 
16615 18718 
358 10134 
16570 19666 
884 20066 
464 3265 
317 4074 
2258 10180 
24366 24568 
7933 8500 
2827 23857 
8921 22730 
19418 20525 
16034 23436 
17373 17662 
18218 20972 
24094 24403 
14577 16001 
23034 23571 
22125 23801 
4292 19417 
14369 24227 
16602 23886 
23918 24243 
12468 23528 
23912 24161 
19791 24622 
22874 23405 
11859 22531 
594 14344 
13150 22157 
12414 23746 
12374 22524 
24140 24846 
7134 8062 
9463 12224 
1274 2126 
7558 24004 
24591 24932 
14349 22077 
3503 24757 
17181 22390 
18778 21793 
74 18051 
13489 17381 
10660 10842 
12943 16695 
5407 6028 
20651 22791 
3871 21224 
19482 24109 
24919 24969 
12709 18651 
10942 13047 
9544 23931 
4250 21748 
21270 21367 
22074 24120 
19017 21212 
12809 18264 
10175 24932 
20388 23723 
2250 11639 
13374 23533 
3975 24159 
15628 16234 
12520 21743 
6748 15897 
2315 5194 
7217 21416 
7070 15985 
22295 24515 
5876 19770 
4890 12817 
19389 24360 
16563 20474 
11023 14042 
4321 6263 
15577 23038 
13963 24700 
2727 12841 
13570 21945 
13691 19526 
16242 17487 
7678 21303 
19928 22352 
18307 20886 
6079 16618 
23318 24809 
13195 21530 
2335 9276 
13951 22395 
15991 19540 
5645 18840 
6738 9397 
21890 22389 
1111 21555 
19537 24940 
7985 21837 
16493 19254 
4975 16860 
23594 23698 
19810 22139 
13872 18785 
1986 10507 
19744 23615 
24221 24301 
3713 18930 
21056 24308 
3626 11743 
8827 24273 
5166 16158 
5961 15447 
15176 21251 
13314 20365 
5399 7481 
17950 19705 
8196 22744 
24720 24861 
19745 24027 
18636 19590 
14649 22075 
6210 20160 
4742 14106 
169 23783 
10368 12006 
4910 22071 
8101 12130 
19120 23579 
11002 22684 
9817 20243 
22240 23105 
18330 18487 
7852 16206 
11751 17748 
606 3891 
6539 24464 
24197 24948 
19624 23427 
24408 24641 
7415 13145 
15933 18258 
18425 19475 
14003 24121 
22415 24163 
16144 21577 
24686 24907 
3159 14549 
22377 24057 
18791 20340 
20366 22620 
23317 23626 
8164 22936 
19143 19627 
2345 21068 
10612 14050 
13542 21584 
1690 8074 
1300 12151 
5587 14365 
15907 19904 
7705 20082 
14342 21638 
15237 16087 
7459 9037 
17369 21241 
20178 24300 
18380 21035 
3535 16072 
21723 24537 
21677 22346 
16791 22375 
17779 20638 
300 19025 
18746 19964 
14186 21488 
14741 20996 
12652 19538 
6213 20841 
17982 19460 
4429 20409 
15879 21079 
5738 14110 
10398 18724 
2104 22833 
16552 24229 
22066 22285 
7973 24416 
21062 23357 
19173 19873 
7827 15023 
15493 21120 
4527 13931 
5782 19030 
15655 23010 
6154 20456 
4772 23926 
860 16814 
15473 16692 
19604 23340 
9452 23642 
5727 7893 
5583 7475 
2768 12313 
3521 23215 
22746 23807 
9775 13247 
14524 14910 
19250 19424 
6897 24643 
24433 24616 
7275 14802 
13715 22864 
2506 11571 
18743 22768 
13221 14159 
5882 21218 
7349 24987 
1221 9691 
12766 21685 
12414 17187 
9371 24034 
15763 22140 
20180 22796 
5484 15993 
1243 5985 
18229 19158 
14856 21264 
14220 20443 
18244 20764 
2845 18020 
4670 17139 
22590 23337 
23650 23700 
3205 17069 
18619 24789 
18332 24660 
12268 14214 
14177 16544 
13733 22346 
1772 16608 
4588 19948 
13475 19626 
13205 20002 
24562 24850 
12875 21579 
14524 16811 
13099 20604 
7708 22131 
22307 23977 
723 5097 
6312 16935 
7120 14658 
20908 24153 
9837 12522 
20569 24926 
18988 23033 
17071 20957 
7498 18903 
16960 20194 
18808 20195 
22556 22689 
11843 15024 
2301 9857 
9292 15228 
127 23504 
13695 16687 
13502 23169 
10793 19376 
12376 16607 
21780 22433 
8678 18918 
7801 15148 
22932 24340 
7930 14344 
13903 19151 
8773 20276 
23313 24952 
13541 20104 
9101 13496 
7435 19737 
24178 24522 
16082 22693 
22137 23396 
3245 5168 
12903 17828 
19442 23577 
7919 9206 
7969 16540 
2040 8932 
19917 22628 
3504 14173 
13431 19002 
9023 9552 
23740 24766 
21181 24115 
14771 21990 
21905 22190 
223 8480 
23797 23897 
12609 23134 
3578 22678 
11341 15629 
24751 24845 
17875 23086 
15494 24643 
2207 11326 
18076 18680 
7967 20442 
9385 10309 
19480 24279 
6498 10084 
9841 24998 
10237 16125 
9794 22030 
6911 15601 
21609 21984 
12042 20293 
15712 18339 
4861 9289 
10004 15046 
17126 19275 
2848 23086 
19347 21602 
19467 21035 
23244 23979 
8488 17277 
11294 19604 
19512 19615 
20886 23031 
4314 23934 
5159 5925 
18457 19764 
21535 24167 
3295 23899 
7846 15026 
11595 16851 
5142 17758 
1730 6166 
16653 20468 
8389 11683 
19949 22027 
10203 14423 
17654 17839 
23670 23960 
13742 24745 
2749 10817 
6786 7676 
24604 24967 
21088 21774 
17362 19125 
7429 15264 
5891 18478 
21532 23373 
15753 23273 
20213 22526 
20461 22796 
9268 22286 
13553 17835 
4192 18610 
21607 24725 
2279 11743 
15560 21415 
13835 24036 
15744 24133 
6738 10139 
18540 23169 
9800 23682 
4030 12541 
1063 21520 
5478 18345 
14845 18045 
6131 16783 
14213 22744 
24404 24876 
4061 9817 
6038 14442 
6064 15843 
11428 16394 
16926 22231 
21819 23296 
9467 11333 
22157 23010 
8061 12762 
8265 23891 
3892 15093 
9187 13184 
6301 14412 
20181 20265 
11219 14242 
14310 16106 
11444 19727 
24281 24350 
17483 18295 
14678 24036 
13134 18185 
12824 22508 
18563 24220 
10386 20834 
7989 9508 
14519 15254 
15268 19016 
9422 22956 
18354 23716 
4575 24766 
18998 19926 
9411 14299 
13801 15786 
20400 23741 
23497 24030 
363 24867 
21715 21832 
3186 19031 
21509 21659 
17434 21270 
5388 22130 
1844 23456 
24223 24236 
17492 19065 
337 14062 
17491 22432 
6431 16050 
1841 6765 
21067 23482 
24393 24785 
16461 19510 
4254 14140 
14171 20952 
18656 24319 
3230 10981 
23654 23950 
18504 21810 
18425 22952 
6465 21368 
22477 24818 
7999 15412 
5020 13068 
6311 13456 
23350 23617 
18687 24523 
1006 8398 
22512 23606 
12832 20337 
3717 20329 
13021 15261 
22382 24924 
20821 20937 
1819 11341 
15962 22982 
2396 20673 
1728 10764 
20608 24837 
18552 23929 
3877 17810 
9565 10079 
5202 13066 
12306 15031 
15517 16528 
23141 23801 
17026 24541 
3930 8273 
1445 9398 
3897 17642 
23104 23270 
22439 24676 
19216 24295 
6022 16969 
200 13920 
21213 24571 
16771 19252 
22523 24766 
807 21969 
10062 17590 
22205 23798 
651 8041 
23478 23835 
9742 11313 
6070 19508 
19313 24695 
15587 18710 
17521 23923 
8852 18129 
17806 18237 
17339 19879 
18884 20657 
4810 22133 
4329 11382 
8472 20229 
17157 21571 
7754 22111 
14308 21610 
3416 21524 
4960 22473 
2720 13020 
5507 6550 
11131 18972 
7203 9059 
5342 13213 
11019 17986 
23248 24761 
1343 15832 
8252 17714 
7603 11842 
12550 13392 
22613 24415 
14957 24792 
6158 7078 
9000 12809 
22072 23548 
10073 18235 
16068 21816 
4722 5120 
14555 22198 
2949 11962 
1540 20656 
20358 22186 
20331 24028 
15623 21313 
3445 21141 
11015 23630 
415 13308 
13398 17982 
950 5621 
13391 14476 
13950 15027 
22509 24919 
8457 20935 
11050 20804 
15099 21744 
24189 24306 
6501 17413 
6253 21732 
18982 22705 
15980 20308 
6683 7986 
13047 24217 
5373 23219 
10748 14848 
6466 20377 
19528 21735 
14417 17432 
14993 23843 
13503 23859 
15406 23087 
411 19063 
19941 24484 
10716 18490 
9225 10286 
17209 22638 
23012 24744 
16500 18688 
20239 21376 
10786 12282 
20926 22082 
15797 24533 
1479 9533 
4051 12840 
14798 22349 
17008 20055 
9963 10323 
9871 14888 
877 9837 
18829 24394 
17105 24642 
23688 24492 
12292 23786 
8923 18316 
20591 21619 
22163 23056 
3743 6353 
4375 13510 
16070 22248 
10823 20160 
5353 6943 
20813 24855 
20034 23523 
11022 13285 
9283 20207 
24987 24995 
13411 17366 
8771 18156 
6034 24742 
5077 7162 
8744 22130 
19190 22616 
11014 11508 
21950 24527 
13612 20681 
3871 23968 
1058 10743 
24066 24567 
7529 8553 
1947 12011 
5865 14367 
23613 24957 
2836 23174 
9482 11633 
15958 22770 
14051 16296 
17945 21027 
21120 22420 
10669 17456 
16350 20843 
21263 22187 
11239 22399 
24644 24804 
24087 24548 
13622 21356 
15549 20352 
22223 24371 
15249 16718 
15444 21845 
3015 8578 
14525 22165 
20431 23019 
23338 24502 
16467 24002 
8165 9387 
22726 23550 
24217 24664 
1690 8076 
18706 19546 
21827 24618 
18561 22682 
18332 19504 
140 6065 
20435 23998 
3651 9235 
11312 16169 
18473 21037 
3425 24094 
23326 24178 
9349 13613 
7099 19774 
1844 22738 
21008 23318 
24171 24490 
18984 23628 
2253 21312 
9760 13148 
14664 21155 
15564 22418 
13831 15103 
9532 10096 
2218 18460 
15253 17425 
14293 20949 
20246 23158 
6400 18430 
16112 16112 
5058 12942 
12427 14191 
24372 24869 
13687 17530 
19114 21800 
4155 20694 
13281 23481 
17043 20628 
18478 21225 
15725 23774 
24822 24832 
16989 17882 
13957 19423 
17584 17864 
21119 23337 
10251 12322 
3767 16834 
9218 11396 
17570 23090 
16893 24851 
17698 22096 
19732 23095 
21639 22317 
9581 23390 
18052 20246 
22045 22264 
20827 20941 
4391 19858 
12026 23735 
5443 19117 
8197 24432 
11544 22404 
641 5374 
1987 16807 
14463 17553 
20404 21475 
8937 16329 
5882 23932 
12512 14857 
22658 24109 
16890 23160 
22748 24452 
6370 16475 
14521 16973 
3336 23044 
18542 24955 
9173 14929 
15584 18528 
10308 13872 
3992 17698 
19114 20230 
3203 11213 
2212 2492 
19563 21772 
10266 10707 
6613 14579 
15046 18085 
22357 23726 
13752 19138 
3432 8359 
6694 9948 
13197 24225 
4478 10729 
4141 12005 
19108 23410 
11540 21867 
18079 21155 
18473 19178 
17667 23259 
11811 15049 
2368 23430 
22841 23286 
11487 12037 
11963 19645 
11070 17886 
10587 21270 
14643 24504 
8415 23705 
15110 15987 
11588 16096 
1552 23602 
14279 22778 
14571 24807 
1134 6985 
8558 20230 
19761 24008 
1867 19890 
11016 12316 
3960 12394 
6578 20051 
3322 10444 
8539 19800 
7061 20637 
8287 14174 
22763 23936 
14770 21910 
13379 20059 
3250 10405 
14333 15315 
773 16783 
32 4964 
12171 14240 
1316 7271 
4513 5317 
13221 22634 
11287 11515 
8525 18111 
7883 12063 
17454 19540 
525 17925 
15511 19854 
14060 21927 
950 3446 
4086 22641 
17108 21795 
5871 23235 
17364 23861 
20046 20731 
7021 11788 
23790 24470 
3739 18912 
15201 24131 
1059 11079 
4886 8892 
15769 19705 
21437 21829 
23297 24371 
8619 14800 
12711 24231 
18798 22038 
5370 9069 
15655 19054 
9141 13596 
15035 21006 
19928 24532 
17896 23921 
15434 23187 
20248 24101 
11955 18563 
13978 19926 
13980 21097 
8634 23117 
9903 15942 
20188 23346 
15630 23390 
1623 22390 
6664 11767 
5875 18987 
3512 23640 
16657 18101 
18180 23807 
14617 20367 
20193 24664 
16384 21684 
15581 23007 
1108 13187 
17246 19947 
14363 20814 
9001 19248 
11739 12851 
8900 9836 
12666 24042 
21488 23895 
14234 19536 
23480 24822 
20318 23423 
5075 20458 
599 23609 
14419 14690 
16669 23176 
10671 14467 
688 21302 
17348 24989 
18825 23752 
18861 22190 
17246 23298 
6410 18901 
15371 21325 
11093 15649 
2889 21526 
21511 22664 
5227 23595 
23442 24437 
23971 24748 
18184 19532 
12859 16712 
6195 16781 
1074 20748 
10771 16838 
5961 19955 
13590 15180 
16481 23495 
13471 24535 
13185 15461 
19676 22372 
13445 15425 
10764 16685 
7085 8747 
13345 22835 
12078 24747 
12161 14834 
2456 22378 
282 13581 
20132 23178 
5980 15182 
24305 24416 
11025 24796 
625 17933 
17196 18174 
21103 21211 
6194 18619 
11875 17190 
18989 23833 
16732 20247 
16005 19366 
5167 19420 
1637 23523 
22498 24571 
22329 23170 
13507 15499 
20032 24679 
2230 24919 
17994 20654 
20133 20362 
7757 8769 
5017 14547 
19486 19931 
7131 22328 
23248 24561 
9218 12297 
14810 24488 
8946 13867 
4230 13302 
2010 18720 
10178 13545 
18433 21982 
5849 9220 
20247 24144 
3922 21906 
19500 22375 
3410 17686 
2050 13897 
20512 23291 
18579 18923 
8990 21783 
10551 16150 
17810 19735 
13760 22644 
21997 24742 
9960 22373 
9527 16505 
23251 24121 
7245 10823 
8117 21377 
9872 11420 
11817 19271 
24221 24974 
20347 21562 
19437 20518 
10146 24375 
16963 18545 
10157 11805 
3757 7903 
12353 12780 
22404 24347 
18314 23748 
13037 18688 
23850 24934 
14264 21219 
3812 21851 
18227 23716 
13595 18604 
12091 24745 
17780 18262 
15946 19494 
6664 10248 
9160 19128 
5577 10700 
21349 24020 
6042 17405 
13775 20445 
9316 16398 
19912 24508 
1121 13074 
5266 17500 
3734 23578 
10829 15893 
16141 18004 
7932 24646 
17218 17861 
1032 1891 
15263 20077 
19120 23017 
15256 24337 
3915 17980 
19603 23162 
6168 20992 
23537 24154 
10978 24035 
8667 23616 
1517 2812 
19830 20587 
17364 21457 
6726 21974 
18086 24509 
24417 24988 
3508 7318 
2897 13874 
5396 12890 
12939 23732 
20069 23663 
7576 24488 
8701 11377 
11358 20383 
19835 20240 
15881 20981 
6552 9773 
18768 22407 
14212 21308 
18116 20686 
21514 21923 
21056 24547 
13499 17240 
10161 23768 
21319 22826 
21472 24401 
24370 24789 
10264 16487 
2215 22191 
18661 19113 
13551 15546 
129 7755 
12235 23336 
21245 21317 
8098 17605 
21484 23228 
21115 22261 
21738 23629 
14833 24634 
5256 6055 
2546 4036 
8878 13222 
18917 23694 
24753 24920 
24078 24892 
22222 24554 
5666 21784 
22529 24254 
24408 24962 
22170 22669 
20048 21249 
10803 16897 
21206 23433 
17441 17961 
17657 17760 
8519 19727 
4951 12865 
7628 23821 
3872 13686 
23485 24204 
16384 24936 
17934 19067 
7439 17802 
13030 23734 
5209 10375 
15277 19957 
12893 17486 
19145 23396 
20654 22890 
4693 14886 
11577 24884 
7278 16560 
10979 20532 
2436 11207 
381 13618 
22245 22784 
8583 13740 
22572 24830 
23812 24507 
20461 23929 
18196 22800 
7405 13085 
18095 22280 
12777 21001 
542 24249 
10347 11076 
11074 14572 
16839 21821 
16030 17778 
3194 22887 
15587 16573 
2570 20273 
2147 23495 
9019 24365 
3252 7769 
11780 12968 
12274 20260 
11938 12966 
10132 11630 
5371 24311 
6617 8472 
13152 16263 
18702 20887 
4525 15671 
3513 12655 
7327 14506 
19580 24217 
20566 22940 
13268 16848 
6489 23868 
22622 24909 
3771 22267 
18527 18891 
14710 21458 
12066 19680 
6498 21393 
3343 8302 
5880 23944 
22002 24686 
10439 16263 
15098 23661 
5483 16516 
16624 19312 
13309 17093 
7653 9671 
8628 20004 
14493 16182 
22264 24009 
13719 22559 
5444 8721 
11616 23314 
19987 24098 
10339 17385 
13522 17196 
9607 17439 
19596 24960 
18586 21465 
391 18527 
22932 23399 
2103 5796 
8727 17709 
3421 22575 
10086 23524 
4193 8001 
1191 1317 
5606 8354 
4174 12327 
3239 11155 
14014 21545 
18764 21341 
15930 21627 
18859 21393 
21292 23846 
7214 14215 
17949 19523 
695 1410 
12230 19869 
13412 24228 
22681 23086 
4166 11100 
9841 12943 
22604 24347 
15932 20504 
12581 15714 
17177 20915 
20554 24131 
2115 8735 
4134 23218 
9434 20062 
8945 16939 
12908 17242 
21260 21590 
14272 21488 
6412 23039 
19190 21435 
10433 23619 
8738 19590 
23354 23966 
11629 22765 
14548 14778 
23294 23599 
9227 22789 
967 13767 
13814 15368 
13181 16825 
14798 23637 
7842 17840 
9438 21326 
7843 14430 
18842 21698 
11682 17117 
10238 23677 
10960 20451 
9050 12547 
11265 17318 
12508 19117 
9280 15664 
22627 24252 
2017 11101 
13279 22057 
11675 18455 
16701 18237 
5577 14998 
21166 24806 
24746 24885 
9329 16208 
22339 22581 
16208 20332 
1424 13026 
24873 24952 
16220 20456 
14045 22423 
13058 23253 
17289 20535 
13187 22944 
15003 22266 
15013 19815 
2261 10133 
5189 12037 
16541 20433 
20338 23691 
6903 22727 
12961 17718 
20267 23334 
9157 16616 
9806 24339 
8524 18335 
7154 15719 
20514 21370 
21977 23567 
9821 16781 
7648 12830 
5447 6977 
5969 6305 
19299 19900 
17469 19054 
6800 10896 
4859 24133 
11403 22820 
14556 22892 
9159 13283 
11354 18248 
5395 14679 
17901 23523 
17228 22114 
18069 24976 
3916 9290 
21537 22605 
9328 13288 
24073 24694 
24482 24695 
11704 21587 
4253 13681 
20114 24483 
13404 23813 
10602 22644 
19065 23264 
13879 13934 
948 8396 
16283 22844 
5805 9791 
19529 24739 
19201 22546 
14425 19878 
2310 8558 
499 23031 
7243 22579 
6320 21801 
2133 5194 
4831 23982 
444 8066 
18664 21141 
20917 22330 
16507 22811 
11141 24264 
9658 12194 
11729 15170 
7935 21518 
16513 21156 
21359 22733 
4285 8854 
15221 17257 
5150 14205 
16247 19946 
7951 24272 
17334 23564 
8532 23988 
19092 22375 
15366 24753 
7048 13272 
639 19891 
8269 24811 
17279 17380 
18206 20957 
24656 24916 
1376 2998 
19541 23082 
14574 21580 
18376 22900 
14298 23461 
15309 21869 
10978 19189 
11919 14975 
10271 14669 
1263 2370 
9814 18590 
21662 23675 
2895 5873 
7284 9434 
22132 22168 
20801 21658 
5612 19917 
15954 24706 
7230 23104 
21355 21616 
9581 11045 
1908 12013 
1605 13799 
24048 24207 
15742 22817 
1768 20869 
24700 24931 
6887 19849 
585 14330 
5038 21878 
14039 24923 
21577 22205 
4404 15798 
24445 24712 
12763 17521 
16117 22689 
10288 13621 
7572 15307 
21101 21174 
1226 14958 
11628 20166 
20450 21168 
22916 24014 
2721 19673 
17736 17827 
20703 24506 
18244 19391 
1276 14650 
10959 24867 
8413 19470 
22516 24447 
21533 24079 
24139 24190 
294 17666 
5763 9065 
8500 9503 
22037 23397 
9760 19801 
14629 19751 
15873 18433 
13907 23969 
16452 23280 
14008 14530 
14181 16645 
18708 21912 
11599 22013 
15996 17708 
11787 24287 
938 24556 
10894 18308 
7420 24171 
3348 23602 
16955 18092 
7449 17412 
10223 11996 
3311 7241 
18917 19772 
14415 17830 
20107 21649 
21063 21811 
19301 21249 
6934 22118 
9368 15627 
24540 24645 
23059 23226 
23149 24012 
17275 24595 
23473 24302 
1274 10129 
5912 10639 
14314 20621 
8971 16000 
20961 22030 
22936 24137 
3214 19310 
11815 18758 
293 4250 
11987 22012 
12091 16373 
16982 21283 
17228 21360 
19892 24320 
22128 24700 
20523 21202 
10076 12470 
24786 24800 
21914 24920 
24933 24954 
13576 20701 
16185 20458 
7470 17197 
18528 22552 
10509 11513 
2163 24878 
1946 6156 
17458 21920 
21491 24293 
21976 22646 
23589 24200 
20248 21039 
14615 18365 
15336 22358 
23837 23885 
11478 14910 
22558 24107 
4566 4576 
2224 15276 
5856 24182 
6160 24580 
16811 20178 
8865 18723 
4327 10529 
13104 17620 
4732 14812 
895 3957 
3444 24681 
8951 17020 
17542 24562 
12091 13558 
10580 18925 
10191 19841 
1666 18897 
15444 23980 
10779 12510 
13274 19300 
18559 21421 
17082 22038 
8548 9902 
17011 23709 
5843 7854 
22890 24754 
6969 23855 
1772 7587 
22667 23964 
8430 17093 
18222 23123 
19738 20365 
4667 17067 
8673 8699 
11433 13448 
19091 21326 
10290 11859 
1555 23828 
11816 14792 
2505 19128 
9539 15779 
13463 14259 
11725 15816 
21454 24888 
20868 21178 
18579 19876 
14660 19846 
18598 24030 
10695 24889 
24040 24212 
4632 6997 
11741 17839 
12434 20002 
5754 19799 
2850 13471 
14830 20205 
15912 17177 
15456 18493 
19831 20062 
20670 22020 
480 12238 
1517 11670 
2706 9327 
5412 10042 
17917 22566 
6869 16485 
19217 21777 
8908 17168 
16726 17070 
3040 23762 
3325 4899 
9245 24627 
23776 23952 
2710 9769 
14490 15439 
2119 12513 
21347 21372 
21022 22079 
24959 24970 
20808 22714 
9915 12838 
7748 22075 
21519 22220 
17776 20993 
16345 19200 
13465 19795 
17330 19750 
2799 23109 
19252 22098 
11465 16271 
12950 13856 
18119 22300 
15149 22534 
19725 24471 
15026 22284 
19988 22552 
17226 17948 
4315 23280 
2517 10673 
8473 12766 
2938 20058 
21990 23803 
11366 15704 
24361 24399 
24621 24810 
19766 22310 
8549 24091 
10034 16867 
14084 18128 
14466 21253 
20455 20954 
20706 22526 
20039 22375 
6850 6883 
24456 24858 
18074 19651 
23399 24347 
17572 22511 
9498 17827 
22580 22659 
9042 11647 
18712 19975 
13098 23279 
5185 22727 
7825 21686 
11436 14382 
15839 24329 
24106 24819 
1110 6670 
12871 22437 
18778 20332 
4826 12047 
657 19971 
6247 8450 
20222 24797 
7198 18700 
22192 24492 
2344 22289 
10232 23280 
13143 20021 
19013 19842 
5300 20448 
3152 11055 
23111 23696 
7838 9911 
19370 23723 
16656 19862 
5623 7982 
23511 23529 
13158 20971 
11109 13747 
23970 24131 
14329 19553 
10690 17151 
13279 23380 
4344 20714 
6817 22956 
11311 14087 
942 10011 
20897 21836 
1837 8943 
20515 22401 
4782 7846 
8836 9012 
24843 24863 
20512 21093 
15077 24382 
7149 24356 
21023 21319 
1140 18293 
4755 5399 
13876 17324 
23433 24185 
3314 8344 
16202 16426 
921 18983 
4969 9812 
24087 24554 
24951 24955 
12195 21928 
20805 21302 
23016 24938 
1590 19097 
3092 9865 
7827 20058 
23888 23934 
13360 20945 
22590 24355 
4246 24140 
17966 19845 
23746 23774 
8855 15086 
22405 23577 
17068 21661 
11529 16374 
24538 24805 
21003 22502 
15376 19370 
17773 19721 
1234 15170 
6639 9490 
5685 8272 
8842 13973 
13986 16803 
3456 8502 
1734 20913 
527 14152 
21084 23856 
23272 24984 
15137 22226 
24687 24834 
3775 23951 
11599 24548 
4697 12730 
11295 24768 
1406 14945 
6286 13110 
11315 14149 
8056 21436 
11484 12012 
9564 19124 
6728 9554 
9746 17826 
22112 24591 
23441 24740 
6070 17833 
24584 24724 
12930 22855 
5039 6666 
19485 21176 
23663 23665 
22967 23270 
2262 18722 
17131 23456 
15958 19857 
5877 13368 
8584 12435 
20922 24195 
17096 17264 
18030 23020 
12296 12559 
16414 23216 
24880 24903 
9739 18161 
23830 24527 
17344 21286 
24687 24838 
9238 20713 
8234 19643 
12791 17842 
12527 17664 
17864 23067 
7203 11340 
12787 18628 
13703 15432 
782 2726 
22069 22857 
5235 6004 
8610 18467 
13039 18499 
21187 24249 
23213 23891 
329 13333 
19638 20796 
21200 23763 
24475 24995 
8297 12523 
5772 21027 
6366 20964 
21318 24305 
23245 24903 
9083 11114 
23672 24698 
12628 14550 
12348 18575 
21637 24278 
17335 21701 
4028 9600 
16707 22783 
24321 24698 
9375 18412 
21078 21684 
19981 21490 
23892 23922 
13630 16968 
12463 19527 
9084 13046 
5575 9197 
14856 23410 
21546 24257 
23972 24712 
11588 12008 
8523 20792 
7834 22616 
12 10486 
15691 19300 
22721 22776 
2411 8710 
17256 19158 
21231 23388 
1113 22425 
6764 11469 
20069 23311 
17297 23468 
15083 16287 
5010 16120 
21496 21524 
19271 24855 
23939 24739 
5206 11751 
12706 15341 
9818 14365 
11399 16413 
10356 24883 
2704 18959 
24724 24930 
13704 14597 
3561 4089 
3938 18845 
15157 24782 
20475 20901 
6003 8795 
22637 23914 
10195 19587 
18100 19246 
18692 21046 
1477 16289 
884 22957 
24130 24595 
21047 24101 
9992 12622 
24980 24992 
24862 24943 
17432 24986 
8820 12965 
24138 24536 
4125 23892 
5383 14208 
18117 20884 
21601 23782 
1080 20087 
548 659 
12741 23895 
13649 24155 
8102 9284 
9728 24843 
4735 22569 
10166 11465 
1800 15998 
23826 24926 
10627 20862 
23518 24611 
677 24792 
12821 16325 
21163 22686 
10975 16015 
12528 22734 
8598 17105 
9229 12121 
3161 14362 
21406 21751 
17734 24072 
13723 13846 
21828 23783 
20331 23450 
3867 24909 
19638 20283 
15812 18783 
22321 24276 
2427 20424 
10864 18483 
16383 24402 
20036 20884 
7385 22851 
7171 14871 
6645 14653 
2824 11320 
17044 20719 
3291 14032 
10499 21958 
8697 16415 
2931 14505 
13244 13448 
8020 17025 
16835 21582 
21296 24059 
15823 18124 
23574 24303 
22976 22980 
14313 18556 
11590 24678 
6157 18138 
14478 21799 
7023 9537 
17640 24300 
7906 10889 
23150 24645 
17874 20996 
8463 11200 
20691 21853 
3702 24521 
22958 23488 
820 10390 
1137 16070 
1462 17378 
20528 23533 
8060 17767 
17747 19154 
9170 11368 
17738 22798 
14918 16597 
9472 24318 
11247 18734 
21771 23411 
7071 23080 
8033 22895 
1559 8338 
24525 24974 
2127 19377 
15513 18466 
23765 24932 
6828 12007 
14145 20840 
24076 24610 
8193 17345 
14465 23766 
23232 24719 
21351 24305 
9730 18373 
6517 9715 
3800 9049 
4077 18693 
1379 2386 
9840 15104 
17475 20887 
18067 24347 
18155 22583 
23246 23635 
5630 11111 
20356 21186 
14302 24281 
16868 18615 
18717 23583 
13982 16243 
20823 24312 
12781 17240 
12818 16386 
10807 22400 
22779 23170 
20048 22595 
15076 15374 
14447 21124 
2353 17015 
10960 20583 
14472 16849 
19781 23024 
8109 22266 
4974 15647 
15078 19990 
10947 18421 
2128 21484 
23644 23723 
24586 24934 
10493 24045 
6967 20454 
20564 21504 
22118 22637 
118 14382 
10283 22401 
17509 23002 
380 12331 
13067 21291 
1138 14290 
24060 24635 
1867 15195 
2769 4534 
16626 17392 
10609 17216 
21055 24200 
7732 11880 
5582 7318 
23223 24548 
3706 11314 
14834 16090 
17316 18520 
20724 24573 
11091 16216 
12087 20309 
10920 16920 
7279 20902 
5392 10728 
11591 23073 
6698 17030 
12428 12967 
15561 22407 
24546 24672 
13677 16487 
17660 18043 
16767 20098 
12208 12763 
15512 20065 
7824 10076 
6465 20782 
11274 17605 
20147 21729 
19197 24423 
2819 24105 
13532 23160 
3821 24133 
20163 21781 
14801 19399 
8993 22459 
20742 21691 
12045 17800 
3186 6414 
17082 21466 
11649 20864 
7396 15061 
10766 19796 
12343 20443 
3480 17565 
7339 11423 
22034 24508 
10610 16544 
11878 20856 
5121 12995 
15000 19002 
10569 18693 
14847 15298 
14661 24210 
19896 24916 
10878 19480 
1202 24624 
4825 17728 
22695 23273 
2822 20490 
21690 22545 
13631 14451 
1239 21009 
7909 24370 
5394 12487 
8241 15619 
8360 10817 
14283 19687 
12911 24083 
20979 23768 
17307 20721 
18589 21260 
839 20184 
8862 21111 
22946 24149 
1929 19499 
19237 20316 
21924 22370 
23200 24783 
2951 18793 
22122 22199 
14249 20979 
6523 19361 
6298 16103 
10991 12470 
16264 19891 
22502 24922 
12607 21300 
1301 5686 
6137 8255 
12796 14995 
2876 10358 
10211 20555 
16638 23147 
5739 13307 
16251 20194 
19652 22808 
8114 12380 
4524 21417 
13281 15697 
17655 21111 
12041 23516 
17382 24401 
7799 23120 
2906 21492 
14097 15103 
8848 23025 
893 22815 
6516 21706 
7081 22185 
15304 15410 
3282 4203 
20984 21506 
5869 13179 
8684 22641 
23458 24671 
10158 23529 
17116 24842 
4750 19177 
7018 8680 
9748 11543 
17244 19011 
20928 21584 
21068 21509 
1797 4190 
22081 24446 
14138 21558 
23539 24403 
4809 16427 
24066 24791 
2376 7683 
9023 18710 
17102 19532 
20028 23191 
6537 7707 
1119 11798 
5325 7497 
19402 24077 
7897 24796 
22301 23589 
1247 5434 
11096 13018 
3156 24636 
23404 24631 
23225 24072 
24098 24521 
2726 4320 
7607 17344 
13079 22705 
22334 23407 
7845 22387 
14937 22753 
17979 18326 
23539 23701 
18831 23562 
8948 16514 
19836 24036 
10577 15652 
18493 22391 
21042 22633 
13829 20234 
13336 18060 
15751 21193 
19306 23675 
15709 19764 
20999 23171 
20860 24662 
4273 18441 
10385 11089 
14994 24199 
16364 18244 
8646 9383 
12995 21176 
19872 21493 
7559 16784 
12733 15882 
8770 24699 
11805 13048 
12270 15387 
22995 24350 
323 22686 
6505 21696 
9295 15229 
20498 21102 
3460 7863 
11950 14696 
1286 2621 
3808 21959 
10561 23221 
6451 9359 
17281 20930 
3777 20398 
629 17350 
9888 20873 
5519 21008 
1599 14214 
24675 24710 
2447 24067 
6469 20901 
4013 7722 
4336 21995 
272 12456 
917 22823 
21876 24769 
22097 24747 
6078 21392 
2456 21641 
6601 19548 
17280 22554 
7211 19635 
11960 13213 
5273 22256 
14161 21986 
21136 21408 
12374 15817 
20909 23942 
15442 23331 
15522 16327 
24449 24658 
21695 24772 
17919 19946 
18247 21890 
15655 22572 
4728 8602 
14605 19443 
20699 23234 
17502 17685 
10014 23031 
2504 7165 
21897 22363 
12811 14273 
17362 22150 
19722 21635 
24540 24620 
20498 21002 
22781 23719 
23942 24744 
1324 7013 
14 6878 
18199 22518 
18033 21112 
20799 23742 
14791 16363 
21631 23969 
13338 24646 
687 20486 
21892 24724 
1727 9396 
15863 16721 
8 11236 
3457 20934 
10854 21526 
13308 15160 
17327 18215 
15231 16637 
11021 24429 
9896 15695 
13291 20760 
4768 20590 
4431 5157 
23640 23838 
23655 23786 
18125 21782 
3149 23663 
6545 18367 
24167 24196 
22968 23125 
3453 15154 
3453 15229 
3334 13284 
12159 18813 
18287 18388 
6035 20732 
21117 22377 
20373 23377 
8645 19136 
3887 9294 
24302 24963 
15617 23670 
1022 16747 
13269 24668 
13294 20985 
1656 18780 
2788 10035 
6828 22766 
12703 19730 
3270 3801 
4156 7466 
14094 24386 
23456 24982 
21673 24734 
14694 19235 
4906 14802 
10310 24170 
4168 15002 
17807 18663 
6087 15245 
18432 21058 
14723 17446 
5633 7223 
8530 14219 
3163 6989 
18596 22592 
24129 24214 
12300 18629 
15071 23549 
2118 9359 
14961 22219 
20966 24826 
1806 19848 
12163 12321 
18262 18854 
12565 18303 
5529 13488 
219 15488 
5057 6524 
945 10531 
3234 6811 
14287 16606 
306 3410 
9619 13271 
9496 18633 
2055 21384 
2455 22732 
1061 20255 
8055 18102 
2903 19735 
22658 23354 
23570 24575 
10326 10477 
16736 19621 
2702 10081 
19982 22040 
4406 18282 
16877 22641 
19619 19858 
23309 23641 
3284 5998 
7009 14020 
19639 23388 
16705 20333 
16925 24009 
16989 22256 
19960 21406 
18947 24112 
17185 24394 
9195 21862 
19668 24685 
22933 23168 
6385 16999 
20351 21306 
1217 11984 
4232 8576 
14111 20595 
17034 24884 
19325 21939 
5786 7967 
16915 22441 
15125 20947 
18442 24389 
7742 15332 
22160 24655 
21043 23151 
8095 24500 
14517 23573 
14639 21749 
10969 15438 
19779 21923 
1940 9515 
4239 13986 
8032 18848 
6707 13749 
9523 16586 
5211 18309 
22599 24847 
12532 24379 
13569 17584 
22594 24248 
1332 23217 
12251 22823 
17219 18172 
16596 21211 
19288 19639 
20234 20364 
12425 24116 
18786 22145 
16453 19980 
24880 24938 
17394 19706 
2322 6032 
15168 15245 
9924 13721 
1354 19249 
15814 16988 
24748 24928 
12087 13352 
16265 21031 
11611 19176 
17773 23715 
19794 21948 
11113 15460 
6243 24642 
17955 21116 
18576 23902 
15594 17753 
12760 23723 
19053 20573 
7681 22031 
20804 22187 
3955 14303 
19199 22412 
18268 18451 
13722 16872 
11894 24033 
23651 24342 
10044 15881 
7307 9869 
19586 19799 
2446 11871 
5727 22799 
19855 21578 
24470 24528 
14763 22634 
12269 22640 
5370 13183 
19253 24837 
5474 14214 
1780 14956 
20304 23383 
21361 24969 
1515 15758 
14900 15155 
8118 11438 
15856 17505 
19344 24883 
2596 15224 
24500 24756 
4070 19601 
22938 24948 
24192 24795 
15586 17042 
4593 14265 
10027 24599 
2647 15661 
22158 22216 
20363 21561 
3520 6932 
4434 23922 
9546 12160 
12095 13937 
10794 11893 
2574 11483 
4307 10738 
12311 17472 
8862 12753 
20051 22643 
14755 21466 
24579 24701 
21904 23877 
11654 13707 
9549 9618 
6496 14212 
11797 22278 
16012 20271 
4994 14031 
10341 18223 
19603 20983 
17205 17398 
4191 19420 
4163 16318 
20353 24148 
13181 19835 
6705 7265 
19096 22439 
2399 4169 
18693 24586 
24760 24997 
5966 15849 
16952 24748 
22480 24316 
7684 10024 
13502 13794 
24370 24664 
18840 24905 
13556 16542 
20604 21672 
24442 24686 
14527 24314 
17256 20755 
18255 20239 
23653 24426 
9703 14950 
19873 20970 
20430 22229 
23963 24070 
971 18270 
4653 20972 
12539 22261 
7588 18878 
7694 21788 
16565 18581 
5741 10896 
22521 23652 
10485 17344 
21247 23253 
19117 24904 
24045 24868 
6913 20798 
186 16172 
6804 9138 
4463 20711 
4578 6673 
6403 21471 
24913 24974 
12232 18356 
1455 16821 
7235 9223 
5037 14766 
3833 24564 
6400 21315 
3451 10403 
14264 24154 
13527 14313 
5707 16559 
12871 24422 
15275 23914 
16163 18721 
9092 22377 
4888 6000 
9596 12492 
4898 21458 
16706 23183 
12994 17596 
1425 4048 
4082 6322 
5831 22232 
989 8647 
2476 2956 
14444 21882 
20227 22744 
10250 12549 
22709 24163 
24983 24995 
11741 15210 
5564 7392 
1535 12968 
14583 24844 
3853 9665 
24961 24983 
21564 23585 
23925 24048 
15535 23933 
22692 24935 
6183 14634 
21290 22935 
23173 23875 
206 17106 
8445 23930 
7643 11730 
4922 8899 
19306 21766 
7427 21432 
24571 24912 
21139 21512 
22493 24276 
20989 22304 
22136 23254 
3195 18430 
21332 24404 
4143 18511 
250 10765 
14912 21564 
4358 16525 
21416 21541 
15962 23061 
457 23712 
15247 22301 
6099 7391 
8491 13823 
20019 21720 
23162 24012 
19548 20485 
17557 22274 
12911 22568 
22326 24881 
17743 22939 
13852 18221 
17257 23723 
19220 23360 
5338 15549 
208 20473 
6304 15614 
9091 20788 
22496 23552 
19841 23514 
7559 18547 
14522 19707 
4779 19453 
24987 24997 
12695 15833 
14609 20015 
8728 12296 
15124 24485 
3958 18319 
7118 9100 
14663 23898 
23959 24945 
10731 12081 
17417 18974 
229 7527 
17521 18084 
17361 21554 
9206 19782 
10259 18811 
7236 10611 
9455 21850 
11145 11686 
22480 24906 
13611 19408 
16936 23628 
15126 21269 
14506 24992 
5597 23976 
601 8277 
11634 22596 
17146 23215 
16977 18599 
2135 5224 
11721 23813 
2137 20875 
13818 22503 
7365 20101 
1588 17194 
12016 20975 
2341 11633 
8538 9799 
20111 24951 
8232 16115 
20910 22962 
13864 22397 
15284 24478 
6904 23287 
16660 18725 
1682 16328 
5755 14196 
15703 16645 
15350 24103 
22619 23073 
13007 16338 
5906 19754 
1758 6353 
6423 13696 
2310 12842 
19486 20887 
8452 12710 
15128 17976 
331 3814 
23169 24334 
14830 20591 
15285 21273 
9834 14182 
20589 23195 
1989 7579 
16212 24249 
5742 18921 
13014 16676 
12122 19237 
19455 24084 
12220 20705 
17893 20295 
14528 22995 
20931 23861 
16665 24952 
8572 18869 
4183 11517 
17796 21349 
10251 17214 
17999 22813 
18389 19267 
5871 16589 
8135 8849 
2026 20302 
4961 9503 
6067 18110 
13956 15986 
10951 23118 
104 11014 
16067 18537 
23233 24491 
2150 21375 
18335 24139 
18369 23399 
10195 22114 
1184 18328 
2974 12825 
21842 22266 
21615 21675 
7908 22236 
19304 24354 
12985 19661 
7152 7156 
426 3424 
16929 24244 
24199 24497 
659 22835 
10183 14407 
13684 17637 
23083 23635 
7691 11500 
20155 24858 
9347 15181 
7143 18368 
22487 22497 
15044 18673 
23289 24840 
22022 23992 
13936 22724 
17768 19183 
21624 21917 
11985 23025 
10128 11611 
18586 24016 
14040 17717 
7494 13799 
15658 16221 
22537 23846 
5963 19724 
24107 24584 
16504 17504 
24458 24924 
23602 24677 
19028 21038 
10234 22535 
1133 23683 
1529 24156 
6813 12487 
2523 13739 
24649 24786 
8169 15786 
13854 23267 
13646 24684 
1363 1653 
16964 20853 
4902 12443 
23207 23247 
16923 19846 
13223 20003 
18037 20723 
10241 11547 
9723 20942 
16266 23499 
8969 14459 
11100 19997 
10121 24598 
7953 22109 
5532 15891 
19128 24901 
1978 8994 
23678 24427 
3316 21607 
13883 24191 
23783 24043 
13066 23942 
6356 22673 
1628 22485 
21585 21899 
19597 20270 
23959 24759 
7420 18561 
2123 21947 
1579 11167 
5193 15419 
9553 18964 
6099 15806 
3837 6096 
6749 7680 
5534 6353 
6404 18928 
9496 15097 
18223 19336 
1345 24303 
18551 20939 
3684 21350 
4111 9706 
3701 18613 
6492 14354 
2066 12166 
12133 23327 
12305 23286 
6034 15087 
13238 15180 
24855 24972 
7893 13574 
2131 2919 
12526 18757 
946 3898 
16495 22209 
17571 21008 
9596 9922 
9631 10623 
4234 6002 
18768 24637 
18339 24097 
23591 24919 
1004 12453 
24893 24936 
90 249 
11463 21240 
11443 23892 
12664 14821 
2599 8057 
10446 15215 
2198 14047 
18402 24467 
4888 18450 
20808 24308 
5669 23826 
8863 21150 
292 10654 
17332 17999 
23469 24091 
8599 20182 
21674 23602 
22607 22746 
2249 8282 
21146 22346 
10915 12803 
24805 24836 
5840 8566 
22168 23767 
19005 19443 
16007 18560 
3707 23631 
7785 13249 
21969 22169 
9169 9890 
3839 14895 
17166 17919 
9751 10059 
16336 19679 
2643 20782 
18522 24470 
4201 10541 
8561 22526 
3545 7396 
20657 21207 
2797 17659 
763 15886 
988 14987 
3956 23776 
23239 23882 
5479 18889 
9242 10257 
24902 24966 
12181 13623 
12120 14068 
20635 21389 
16776 17982 
3767 12324 
4912 17680 
10455 17328 
417 8576 
11592 14376 
859 19385 
3118 11717 
6169 8354 
11422 18096 
17113 22631 
15004 23158 
9890 10033 
7836 22690 
15519 17217 
13366 23802 
19218 24828 
10014 16953 
94 21582 
9963 23515 
13268 21096 
20391 21855 
2660 7112 
11360 18885 
15567 18124 
17836 19475 
11554 20694 
2593 8256 
4088 24648 
1529 9333 
778 11837 
23646 24273 
10926 11973 
18266 23299 
15892 24402 
3249 17075 
5845 16444 
17042 21680 
17139 21882 
15302 24086 
3293 20598 
4309 8178 
18166 19312 
817 24440 
7819 19241 
5468 22380 
14838 21424 
13611 20064 
20077 24636 
11340 15631 
12594 19798 
11946 23681 
20475 23416 
9046 18995 
21951 23101 
23844 24755 
3099 8955 
18121 21692 
4381 18603 
22242 23796 
19713 21696 
13008 16264 
15970 23009 
13304 14926 
4062 5945 
22889 23931 
4516 7913 
22264 23973 
8076 20342 
20149 20727 
8186 17415 
15452 19703 
8730 19530 
19086 19128 
8444 17035 
2391 4109 
17677 21198 
22299 24322 
3244 15093 
704 12067 
7771 22113 
2275 17629 
15486 18530 
15051 21504 
16160 16162 
8597 13748 
17704 19123 
9436 18728 
7930 17444 
3309 16541 
514 23409 
10990 23430 
9548 22327 
22143 23420 
11310 23833 
14607 16496 
17287 17695 
21899 23749 
20360 21500 
21492 23974 
7296 23793 
3226 7131 
19618 22862 
21363 24817 
14386 21791 
2910 9891 
4169 19002 
21179 23507 
11041 19433 
4466 16784 
4331 20335 
14830 23886 
2400 20967 
21473 24470 
12629 17836 
2097 20412 
23823 24854 
9656 12006 
21713 22835 
6627 9405 
681 1639 
2449 19310 
24266 24982 
16223 20690 
4291 24688 
3415 9566 
17414 21874 
12866 21535 
2441 4689 
3521 19395 
11620 13163 
11608 18474 
22659 24339 
7531 7976 
24441 24923 
20212 22583 
1391 7535 
22464 23215 
4582 17397 
363 23007 
20961 22271 
6584 21944 
231 12483 
5176 11341 
1008 4587 
6130 13821 
19361 22512 
16657 19152 
11193 17435 
4906 16063 
3314 12361 
6103 8774 
11940 23194 
13728 24997 
14024 14431 
5540 10291 
13103 13202 
1411 2212 
3172 21698 
24029 24947 
17969 22380 
10061 20022 
24806 24992 
18854 19885 
9087 15220 
14345 24412 
13090 16142 
10739 24823 
20913 24959 
15599 24953 
16916 20077 
18421 19678 
6894 8240 
12326 17317 
19750 20116 
12774 24813 
5659 13026 
11092 18605 
20501 21319 
12030 23692 
2976 7508 
7726 22358 
13922 15492 
16846 20743 
23777 24687 
12313 24506 
16170 24567 
7584 8135 
24621 24622 
23365 24566 
11736 24615 
5638 12026 
5228 23338 
19301 23239 
23374 23680 
1705 24829 
11472 18937 
94 19747 
3448 9836 
23501 24757 
16761 23266 
8325 16365 
7290 16575 
1934 22884 
16292 16335 
6053 8068 
13222 20423 
8148 11296 
24173 24189 
10026 16054 
21319 22687 
14215 22460 
13051 22809 
8798 14621 
1274 6131 
21699 23012 
8879 18385 
20524 21502 
15931 24692 
8971 19292 
12490 23650 
19569 19939 
5773 20193 
15343 15959 
17859 23500 
22990 24817 
6709 18911 
104 14387 
17925 20018 
23854 24232 
18696 19058 
16292 21532 
7926 8787 
18379 22259 
19549 24523 
21399 23473 
9263 14183 
4204 4476 
6197 17931 
19834 22823 
14298 21474 
10598 20512 
3940 18838 
20116 20639 
22726 24398 
13932 24358 
3530 4910 
8200 22881 
4203 24890 
23473 24616 
4670 19679 
3143 6023 
7469 13271 
13217 18687 
9266 13441 
6693 10664 
4989 15970 
11840 16660 
1121 19397 
20735 20889 
20916 23420 
20095 20326 
12942 13777 
15560 20154 
9769 22163 
18419 22846 
13529 21078 
5773 19478 
9870 22922 
22497 22759 
16017 16669 
22779 23391 
12822 17767 
23189 23443 
9381 16945 
6440 17231 
12747 13750 
24188 24199 
13524 14617 
12780 18333 
10237 13924 
10872 17877 
12545 15023 
21310 24300 
7389 7995 
23910 23958 
79 20979 
10887 14895 
21461 24266 
15807 24848 
1411 24125 
14566 22565 
7751 22550 
18613 20161 
12843 24423 
8669 16984 
20646 22740 
13399 16992 
24711 24929 
16749 18058 
3963 12465 
17411 24197 
8166 12046 
16369 23230 
17973 18981 
23322 24415 
24094 24280 
21122 22700 
8285 24978 
12995 24479 
191 23376 
3205 4759 
6322 10023 
11753 22189 
23457 24570 
22974 23356 
17890 20102 
12057 15604 
18513 23375 
1985 23074 
23351 24815 
2374 7455 
3015 3913 
14730 24201 
24133 24989 
17585 24669 
22808 22838 
16120 20490 
3945 22182 
8584 20134 
1547 8834 
10873 16603 
16265 19869 
22681 24787 
346 16672 
16781 19143 
1376 16911 
347 4277 
5329 13997 
11942 14201 
22118 22478 
2936 8803 
14735 15047 
18645 22595 
23375 24804 
11728 22358 
19597 22163 
9079 23694 
21875 23669 
23465 23993 
20948 24947 
2232 3263 
16701 24931 
11948 17118 
4521 17955 
20523 21998 
6683 21234 
7340 10575 
14923 19499 
4055 17828 
24962 24965 
6949 23694 
4901 20950 
15324 23924 
24396 24862 
1999 9747 
24080 24114 
3698 11513 
7202 22462 
4269 13880 
20580 22653 
8405 8900 
6574 14076 
20938 22530 
1799 7252 
1742 5463 
20295 23172 
3190 17672 
742 19257 
10689 15090 
20774 24589 
22219 24141 
21915 24778 
995 17495 
22277 24805 
9550 11348 
4527 15936 
17155 20140 
7597 14098 
9263 24271 
251 586 
19938 21590 
11712 22560 
21857 24947 
13267 22767 
12617 22335 
3933 12343 
14362 17463 
3521 20363 
18961 23662 
23305 23655 
3448 7097 
4403 8414 
14526 17416 
5389 17488 
14174 24852 
11301 11445 
20837 22254 
19943 20306 
1856 17000 
13521 22642 
4302 16173 
21111 22407 
9217 22414 
4022 20609 
22734 23347 
18549 23566 
8017 12519 
15119 23592 
23727 24591 
17174 23340 
1547 7040 
10657 21392 
21354 23698 
24723 24990 
12468 21234 
23638 24444 
2193 13706 
23173 24094 
8285 21701 
11252 11490 
22478 22498 
9624 19375 
24787 24864 
21029 23912 
10496 11173 
11135 24195 
22354 22562 
15864 17625 
20846 21070 
6931 8302 
19185 19754 
9226 24624 
16381 21499 
7375 20712 
17597 17899 
4533 23468 
12122 24951 
7990 21074 
22019 22398 
18290 18473 
1566 19986 
24041 24060 
22829 24178 
3158 15635 
21298 23037 
12878 13414 
14088 21087 
10243 23689 
13302 24170 
20489 24609 
4248 5108 
14705 17318 
17955 23198 
18753 21741 
24282 24768 
17263 18557 
5156 11624 
23894 24465 
20849 22867 
5310 23202 
20534 23813 
16477 20774 
21231 22101 
16649 20905 
16884 17625 
10322 24327 
16397 17726 
11342 19610 
18651 20973 
17610 24171 
20861 24419 
6308 18960 
22078 23498 
13286 14692 
13969 15217 
20355 23254 
17829 23051 
9387 21906 
7707 14921 
1055 4891 
3179 21653 
7786 17221 
19867 21938 
7155 16857 
16090 18317 
16504 18854 
10402 13191 
10086 19223 
10655 13142 
20935 24130 
18036 19760 
305 4276 
11790 24742 
15350 22169 
21420 24498 
24417 24450 
11136 12827 
23501 24155 
7254 12854 
14966 20890 
2927 4751 
2497 3704 
19684 21599 
3720 11280 
9226 20709 
7036 18088 
20510 22194 
10754 13056 
270 820 
2691 4594 
10163 15024 
2244 8046 
23887 24479 
3684 17457 
22876 24048 
3113 14022 
17153 20567 
6195 15354 
13913 17467 
11183 15407 
22838 22980 
20671 20748 
18867 23919 
6607 15676 
843 14829 
6145 6888 
8778 9565 
18573 23274 
21407 23886 
6836 17603 
13246 14755 
16446 20849 
24954 24990 
9291 11921 
12232 19548 
16331 23804 
19891 23217 
5413 22494 
21397 23810 
22071 23032 
18901 21458 
17514 21324 
6779 24350 
14890 14955 
10000 21710 
6371 17624 
18260 18973 
11490 12557 
18256 20251 
6019 12205 
5991 22962 
1342 14171 
14144 20600 
1806 3221 
7387 24171 
13787 20089 
14977 20219 
16865 17266 
11380 20114 
19706 20306 
18649 22204 
4673 23997 
10437 20946 
20309 23494 
14903 23598 
24760 24847 
6153 18697 
16331 20393 
13854 19466 
17981 17996 
24083 24601 
24511 24607 
11184 20262 
5035 22020 
7073 22429 
9067 24257 
3659 8723 
4528 5146 
9648 15477 
1122 18373 
22764 24095 
4187 7122 
6382 14095 
9564 17061 
22822 23419 
10772 21111 
2798 21698 
11034 13901 
22078 22294 
19559 22063 
14094 18907 
13414 17362 
9960 19095 
22027 23355 
8913 13372 
5651 23936 
13593 23924 
17385 22136 
6033 17277 
8839 16861 
3382 3631 
11112 20106 
11909 20696 
17661 21540 
9130 9735 
20206 23882 
19609 21598 
3751 22107 
19649 23239 
24869 24990 
15389 17647 
15851 20159 
16117 22754 
4839 16070 
7987 22995 
1027 2318 
20041 22203 
15508 16232 
15752 19188 
10965 21653 
9906 24181 
17029 18845 
16682 20987 
10296 18512 
593 13169 
4038 22411 
9160 11750 
15813 23324 
9115 10681 
9189 9808 
7474 18751 
21611 23971 
9761 13972 
14497 19289 
1794 5556 
11974 22169 
2041 11497 
19054 20763 
5411 13676 
1205 22108 
23782 24820 
23171 23900 
4708 8033 
1005 23201 
15956 20597 
20774 21270 
23214 23521 
10999 12377 
18772 24791 
23176 24067 
18951 21074 
12030 19916 
10369 22564 
17538 20880 
1117 14058 
4011 10549 
6377 19088 
17182 22531 
16456 19078 
11782 19892 
1959 11174 
5893 22882 
24903 24989 
38 13304 
21220 21778 
24765 24793 
5647 16269 
5111 21180 
17268 20128 
6269 19959 
784 9808 
4976 9879 
3040 23039 
5671 24285 
21036 21442 
12337 24233 
5174 7378 
1725 19508 
20630 24586 
21095 21983 
9228 10345 
11226 20939 
17410 21716 
22271 23795 
21184 23280 
21715 23666 
18892 20136 
6281 23371 
9504 13516 
18195 24681 
13915 18222 
5460 7603 
3083 17808 
2627 5904 
3731 21527 
2745 8174 
21838 22240 
16839 24357 
12675 17696 
1894 8512 
18998 20201 
10227 23788 
4071 16492 
12125 23985 
943 24443 
8939 11164 
11413 18412 
18213 20568 
4791 14502 
22765 24755 
19698 22262 
15564 21279 
11390 12186 
894 19041 
20596 22636 
5880 9839 
1944 7194 
1863 8337 
8155 24151 
17436 19034 
22132 24571 
16357 20781 
20085 23752 
10916 14952 
7768 14288 
19217 22221 
5536 23317 
17993 22050 
2028 24534 
10550 19618 
7893 22920 
14761 19485 
18641 23785 
934 9339 
3520 13992 
24241 24494 
14909 20995 
10294 13246 
6926 10732 
15779 24982 
3286 14715 
4602 23689 
18948 21975 
21702 23022 
23502 24676 
10067 17795 
3770 4636 
24050 24751 
9204 24578 
8295 19951 
19006 23015 
7923 16282 
6098 16919 
12474 17665 
2663 6597 
10900 21736 
13600 14562 
6748 17692 
19990 20153 
12244 21350 
13121 14790 
6569 8122 
4594 8335 
18893 24786 
12761 15592 
19387 24525 
2967 9771 
2840 20692 
6768 19765 
1337 2232 
8218 23458 
11360 20781 
20097 24009 
11749 24517 
17970 18253 
5492 23687 
14084 22384 
18748 19278 
13958 15664 
16855 19542 
15565 16047 
1241 22907 
19196 20480 
22197 23679 
23423 24732 
3877 18565 
9568 12179 
2039 4903 
4666 5697 
3017 13923 
58 3140 
6450 10105 
18259 18755 
14 13551 
11230 21560 
1335 3151 
3926 12103 
10757 23466 
6001 19957 
18149 19837 
8841 10747 
20628 21464 
23545 24793 
4162 18819 
6500 22934 
18177 22992 
7158 10875 
10973 14653 
7495 22610 
21897 22867 
23163 23562 
10304 20754 
10803 13996 
3872 7225 
6260 21623 
11800 21362 
8016 9510 
10083 19922 
24099 24671 
13933 23340 
9031 13601 
24441 24951 
8629 18426 
21612 23145 
585 20965 
5167 11507 
1804 3762 
999 4611 
4988 22938 
18690 22194 
10716 13062 
11700 13329 
9601 14771 
10011 10796 
8935 11720 
8125 24219 
11763 22887 
7737 12410 
315 11157 
20798 21574 
18947 19264 
9073 23887 
17730 18276 
21155 23866 
7147 17278 
5681 16470 
12847 14574 
24601 24670 
19037 23392 
6355 11563 
21872 22659 
9 15725 
12941 18147 
9647 24339 
198 12972 
11256 13732 
16384 19866 
8592 17958 
16066 22209 
20157 20858 
17793 19903 
17577 22357 
22436 22608 
21898 24331 
20512 21953 
23156 24396 
10793 11090 
24674 24904 
16697 21581 
11853 15837 
2727 3122 
22165 24724 
5350 15253 
7676 23834 
12778 12844 
17327 24731 
21088 22807 
11132 14111 
12593 14186 
9107 21795 
2372 12649 
16653 18093 
7837 10416 
24159 24432 
20418 24014 
10140 18082 
21722 22077 
14154 20946 
14950 16988 
12421 21333 
5096 24603 
4499 11179 
2482 20174 
11178 19659 
3696 11755 
9302 16097 
1383 5979 
20034 23532 
9031 21191 
22333 24844 
23738 24773 
18976 23764 
5452 24902 
15335 22868 
20726 23051 
14744 16080 
13597 23334 
19137 20243 
11306 18270 
13172 15175 
24474 24610 
9466 10892 
7920 16903 
17991 18930 
13701 17814 
15137 17095 
9164 14402 
9442 18151 
5601 11521 
10864 23880 
13296 20709 
9414 24653 
9116 16448 
15787 23239 
3922 15965 
9348 11279 
17270 20979 
11811 12275 
13828 21531 
11593 21195 
9805 15613 
16254 19157 
10095 16289 
3473 3498 
2326 13399 
15152 22555 
23509 23747 
24697 24876 
22370 23039 
23164 23314 
11355 24968 
6243 12612 
3079 24625 
18951 19762 
10146 15514 
9983 13580 
17485 24335 
23294 23532 
16772 18068 
14590 24211 
16892 22707 
661 12430 
20348 24769 
512 12981 
24439 24601 
18074 23918 
2052 20332 
24193 24619 
19637 24665 
21730 22801 
19490 23279 
11831 15660 
11321 20139 
18512 24456 
23582 24311 
4054 4723 
23516 23525 
16449 21937 
14588 23675 
22954 24280 
11546 11751 
24291 24902 
22867 24059 
5456 18255 
11512 16434 
23584 24120 
13805 16118 
2875 13459 
2015 8594 
5120 16550 
17487 23090 
22815 23055 
20673 23665 
1541 2752 
20763 24745 
6036 10734 
24349 24537 
15012 17134 
18360 19447 
23749 24939 
24909 24945 
22500 22728 
24765 24811 
17018 17928 
22823 23045 
10108 18535 
24431 24780 
24880 24947 
3590 14610 
12196 12684 
13315 17872 
2800 5702 
8211 20360 
10865 11741 
23871 23897 
10060 21020 
22184 24168 
19912 20630 
15687 20463 
15360 24751 
8587 23459 
67 15434 
3682 11920 
18892 22001 
24160 24182 
12894 24469 
8651 9158 
11340 18150 
15805 17516 
15895 24425 
18857 24795 
6809 7084 
5581 12376 
9116 15514 
13573 23788 
18702 23176 
11116 12770 
1628 21212 
13791 17812 
15424 21456 
19441 21006 
23915 24447 
17431 17885 
9451 21294 
13312 19248 
7780 12532 
7198 10811 
24438 24484 
839 23012 
12513 16200 
17704 17994 
17356 19154 
19783 22263 
5566 13941 
10846 23531 
24034 24764 
3563 14114 
195 22160 
2790 11882 
8045 24351 
7144 15073 
11987 22867 
16015 20492 
13058 16070 
14675 17152 
20553 24173 
24851 24888 
8342 19674 
8210 13989 
14910 19388 
24606 24760 
962 17846 
15245 24472 
5838 10697 
9725 17157 
15075 17828 
17063 19089 
15225 16027 
10956 16998 
14456 23129 
8084 19686 
19599 24101 
21834 24224 
2545 11518 
2337 16485 
14700 21189 
13321 18802 
17796 23132 
10566 22813 
18009 18982 
22907 23451 
21909 23541 
187 6278 
23995 24019 
19176 19788 
4159 15446 
6630 20169 
774 7233 
18830 19244 
13437 18930 
13809 24044 
13648 20126 
4881 21369 
24877 24892 
21438 24701 
1425 12246 
5742 12814 
4542 19963 
12889 19191 
499 13746 
2054 5461 
5101 22678 
12000 13940 
15781 20912 
17161 18944 
24464 24786 
614 13806 
3936 19259 
19934 23031 
3143 16964 
14170 15344 
21614 23258 
7571 23139 
10506 17198 
16751 24904 
5884 11703 
1303 6962 
6528 20003 
12513 15899 
19707 24003 
15886 18645 
12171 13670 
16177 24089 
18471 20096 
21683 24414 
21384 24145 
22108 23134 
20111 24972 
21299 22406 
22438 24102 
19352 23021 
15995 21743 
14865 14965 
6049 18650 
18234 20123 
18010 20183 
22270 22679 
12899 21204 
1265 10406 
23815 24876 
12064 19401 
22889 23588 
11119 21221 
3336 10116 
5343 12335 
2324 13845 
15356 22545 
19293 21643 
15702 22336 
10183 24515 
12511 15673 
22063 24635 
2136 14621 
9477 16922 
24461 24810 
12239 23603 
1927 14497 
7547 13976 
18750 24795 
13727 22511 
5252 19255 
21763 24540 
15468 21093 
15489 19727 
15304 17890 
24878 24997 
868 24976 
20084 24833 
12303 12792 
10269 24224 
11323 23661 
4925 24359 
17280 23480 
9848 11174 
11873 15242 
5979 18053 
24985 24992 
24284 24684 
22069 24589 
19321 20168 
5034 19352 
12010 18841 
8759 24317 
4394 24095 
4722 11791 
439 8023 
9957 16669 
18575 19287 
17488 23660 
8522 19162 
887 7231 
20142 23467 
24993 24998 
18240 22204 
91 19657 
23782 24759 
16117 18371 
1940 12360 
21433 22838 
22579 24107 
21348 21708 
10815 20427 
11307 24103 
5179 8889 
2324 24030 
4771 8039 
17473 17575 
17629 19315 
6776 17318 
17585 22855 
5620 10387 
17975 20840 
21065 22267 
13570 15111 
18732 19419 
631 22205 
9167 9398 
16762 19191 
20190 21395 
4434 21713 
4857 12263 
17754 20594 
4547 10422 
12864 14019 
1998 7137 
16902 19104 
9589 24335 
16854 19676 
9906 18468 
22378 24279 
17571 20590 
8784 16797 
23465 23695 
10521 17730 
20679 21325 
23212 24899 
19903 24191 
12931 23807 
13491 20781 
13449 20456 
18744 22270 
8881 13731 
8024 10478 
21946 22793 
14339 15644 
1329 10227 
11802 22579 
6996 22796 
4528 19080 
20804 23659 
21363 21852 
24172 24693 
13791 22108 
21728 24848 
5691 17329 
16021 19217 
15152 20759 
2523 4897 
7941 23133 
8837 21759 
8951 23765 
9118 9967 
12714 12952 
6849 17645 
11806 19991 
14328 17637 
11127 20687 
12798 19915 
18242 24582 
22683 24479 
2289 9154 
21751 21863 
22921 24347 
10634 21835 
19029 19769 
1020 7496 
23339 24434 
5456 15340 
19575 20010 
17541 22180 
16593 21884 
15518 21576 
4401 21088 
15268 19280 
11271 21031 
12521 24532 
17071 19854 
6080 10037 
22983 24625 
2225 23433 
5321 24873 
9599 23819 
1489 21413 
18089 23393 
6863 7368 
86 1733 
11642 15976 
6667 24398 
14080 14648 
20426 24982 
19441 20643 
19642 20498 
11300 18832 
16725 19689 
24552 24638 
1163 2993 
23326 24573 
14442 23553 
13288 20596 
21749 23841 
13025 19084 
13994 21026 
15113 23565 
6098 24268 
23168 23341 
6345 12748 
2787 23128 
16572 16633 
21898 22090 
24843 24863 
2463 12932 
12752 24567 
6403 7376 
23485 23554 
22817 23887 
5865 20267 
2951 23538 
12018 24867 
19908 23972 
6045 6472 
9505 10127 
16035 19581 
3071 11872 
12416 13099 
7101 11988 
3068 21233 
7809 10837 
11917 17020 
19666 23214 
9222 9256 
1606 14924 
7939 22525 
21809 22050 
18901 20333 
9215 14787 
8954 10343 
6356 24433 
5421 7092 
115 15081 
7332 14335 
8599 18999 
20169 22545 
7754 24366 
1191 21804 
8239 15177 
2491 11404 
20431 23370 
14284 15008 
8319 13795 
21714 22909 
18044 20591 
16368 18160 
15777 21597 
24366 24660 
12845 13481 
1453 18056 
16284 18802 
3410 8497 
21292 22502 
16605 21541 
21008 23975 
23271 24596 
8367 20110 
15459 21620 
20313 21127 
12192 16032 
14442 21873 
2150 16138 
20278 24717 
12911 16330 
6204 21857 
14052 18966 
11970 20289 
18206 23073 
11530 24214 
6444 12510 
4983 6273 
862 13136 
3031 12532 
22093 23356 
23998 24814 
17005 17031 
14758 17046 
17346 23852 
22091 23243 
16498 20324 
7383 13193 
15192 23770 
960 24093 
9866 24229 
19090 19353 
23908 24204 
19333 20835 
16845 23591 
13500 23669 
10337 12912 
24583 24644 
22628 23033 
22246 23608 
2050 13612 
5515 18310 
24511 24943 
4624 11804 
17441 21657 
14760 23665 
10631 13147 
11166 17068 
16499 21458 
20352 21809 
4210 13515 
9277 17054 
17260 23002 
10167 18456 
10374 14804 
3318 20607 
4771 13720 
7720 11122 
19628 22217 
17254 23165 
12354 17061 
9008 12853 
7581 16737 
16947 22428 
19072 19626 
2862 22516 
22171 22446 
5415 21860 
9232 11526 
21733 22361 
5930 14571 
6829 21818 
197 21840 
11581 21592 
16590 16920 
14809 24220 
19421 21272 
16422 17492 
1670 18090 
4276 22794 
6342 10664 
24624 24892 
9017 15283 
15658 24605 
5505 15894 
2009 10535 
18615 18886 
24681 24746 
13005 13463 
10575 11451 
20766 22152 
14814 20839 
19946 21851 
11293 15805 
1127 15612 
6068 7546 
3399 7822 
15732 23652 
1470 19574 
5251 7286 
3039 7287 
22276 24046 
19688 23349 
20892 21707 
16677 21661 
17692 18061 
20401 24218 
20916 24800 
23736 23793 
16030 21470 
2798 21261 
22064 22562 
14287 24374 
4936 15061 
22365 23135 
1715 16798 
19386 23166 
13080 19739 
10284 22701 
15483 23921 
2682 22711 
18957 19202 
19008 19412 
16276 16686 
7572 20473 
7439 9528 
14109 14314 
1932 24325 
24933 24947 
7255 17452 
15014 16972 
12010 16887 
20505 24433 
1079 5427 
2800 16729 
13154 20393 
21536 24840 
12755 14123 
18734 23230 
3880 6976 
14993 22327 
22054 23376 
19876 24632 
11326 17954 
7105 19038 
14896 15626 
8974 9477 
20559 23918 
11344 23557 
19809 20108 
16472 19703 
18451 19592 
17373 21172 
8861 20830 
12937 22165 
10779 23227 
15038 21443 
16471 24689 
13883 13887 
22704 24115 
17258 19545 
15505 22550 
20292 22252 
21569 24472 
12485 20008 
19753 24864 
1465 7372 
6734 13308 
16916 23007 
2241 24737 
20189 22022 
3241 18659 
12117 22207 
15885 22049 
10243 21424 
23351 23447 
3359 15817 
1463 13611 
5542 9833 
13217 17547 
13569 18360 
3838 15140 
24833 24939 
13992 19890 
24713 24720 
15893 20996 
12145 18264 
6966 11342 
12602 16355 
11909 18520 
10122 14322 
13637 23642 
21131 23763 
16159 20874 
16255 20726 
3117 15841 
5361 5980 
16689 17349 
21738 23554 
265 8064 
3794 16170 
9868 17895 
18549 21831 
1762 18978 
8772 11671 
4034 6640 
18652 21264 
5551 10790 
5249 10560 
8799 19331 
23461 24288 
20403 23084 
14120 18439 
24575 24798 
4209 9516 
23029 24611 
21443 22150 
11213 22684 
23534 23636 
10698 23968 
17461 22206 
10357 14539 
10566 17496 
21093 21820 
16223 19273 
21792 23646 
864 16612 
20459 23149 
6482 12359 
11235 20658 
10246 16070 
7217 8963 
4053 12306 
9122 18378 
24087 24624 
20234 22264 
6237 8822 
13629 23719 
11426 18385 
22861 23178 
13395 22974 
1292 7547 
23954 23986 
24238 24859 
16924 24463 
11282 16941 
9559 16207 
19519 22270 
566 9379 
10818 22083 
16980 17443 
613 16390 
17400 23701 
24876 24984 
10225 12373 
23979 24449 
2233 11855 
8425 21226 
24318 24467 
15511 24977 
1452 13224 
18916 21759 
6704 21399 
13349 13550 
11104 14107 
170 3385 
8938 19850 
748 3815 
16772 18690 
1475 23255 
16822 24919 
7656 20692 
6805 12078 
8269 19528 
1398 11134 
15697 23330 
9720 23705 
2554 8689 
24612 24920 
7248 22893 
12188 20997 
12081 18063 
2434 3626 
21262 21723 
3031 3918 
9296 17149 
9900 13765 
3214 17690 
21936 22603 
18056 21633 
11278 21907 
741 15702 
23630 23654 
8306 16176 
1319 4748 
13482 18287 
803 1410 
16124 21155 
22404 23779 
1338 15169 
18184 19713 
12544 21277 
19269 20601 
24672 24914 
7290 18549 
13721 15613 
8436 12385 
23469 23527 
6967 10986 
3094 4435 
10739 18656 
24130 24706 
7020 11893 
5814 13926 
8305 8341 
18767 24818 
10205 14613 
12833 13461 
10282 17578 
18682 21481 
7346 19923 
5277 12831 
5212 14494 
15433 18812 
9625 15452 
19133 23496 
23520 23579 
22448 23279 
11416 19339 
2457 15371 
17432 24530 
13755 19380 
14018 21233 
22205 24364 
734 21965 
19212 24381 
21216 22068 
11413 16029 
20150 21214 
15729 15854 
8470 22950 
975 23643 
14433 16446 
1112 24151 
11728 23679 
18179 23005 
8373 14899 
14645 17061 
21665 21956 
7588 10501 
15973 19064 
14741 22136 
14563 18323 
10084 21896 
8177 8276 
23772 24556 
21652 23205 
15393 23174 
8682 14778 
24732 24899 
13088 23235 
3689 12816 
20633 24940 
21689 23356 
20863 21701 
15188 16936 
14785 19722 
19789 22366 
21824 22585 
11510 22367 
23889 24695 
24124 24718 
2399 17589 
17055 23801 
2718 7770 
5113 8849 
22675 24171 
1828 2516 
11272 20549 
20582 21819 
1562 12657 
862 24953 
2342 19924 
18689 21399 
9080 16458 
10274 21700 
14075 15446 
23462 24796 
12028 18175 
5920 21494 
2487 21105 
16096 24747 
2827 15714 
1000 9458 
10016 24960 
7745 11170 
5041 16569 
22458 23087 
22761 23237 
7451 8587 
20812 22590 
2411 24716 
13873 21360 
11798 17422 
9242 13846 
8646 17882 
7313 7797 
3711 17706 
19321 19530 
9326 11900 
23537 24967 
4425 10248 
12112 17225 
6844 10063 
6207 6798 
7248 12210 
4217 14212 
10472 19749 
10224 22719 
4249 21417 
23605 24211 
22496 24869 
14078 22301 
11324 14421 
2840 12083 
9276 21800 
24988 24991 
19524 19775 
8521 18638 
18068 21404 
20300 24842 
22763 24350 
18049 19046 
21787 22681 
2529 7205 
17390 24468 
8848 19026 
20639 24564 
322 16718 
3499 17388 
22080 23560 
12748 21832 
288 4787 
14983 22525 
16647 20323 
19015 23286 
8483 19079 
7537 20308 
15420 18093 
18434 19604 
19655 22216 
2939 24369 
4300 10995 
21746 24645 
23093 24180 
14273 17078 
17815 23005 
13090 18635 
21316 21534 
6690 17447 
23252 24400 
6774 9554 
24366 24418 
24842 24862 
19653 22412 
16802 19365 
12486 14267 
5991 8386 
15231 17186 
4050 18928 
22103 24944 
23590 24931 
8116 15235 
15477 18228 
6561 14050 
10470 14813 
21199 21334 
19070 24145 
22387 22619 
18933 19390 
21748 23622 
22851 24631 
22590 24781 
8029 24378 
14101 23063 
2731 24910 
9455 13422 
12950 21960 
7377 24433 
7574 14706 
20590 21129 
15629 19569 
1992 4704 
16164 21897 
23938 24015 
12344 14392 
13031 23144 
16383 18535 
5041 6718 
23509 23677 
20117 24088 
24013 24882 
8338 9376 
10855 19088 
5994 13401 
15534 17112 
7599 11235 
23754 24837 
20218 22756 
17827 24621 
17697 21032 
12487 18585 
18869 24233 
24736 24736 
23326 23376 
9443 19103 
6750 12194 
24190 24205 
2323 16842 
6446 7173 
17056 23198 
13495 23328 
7278 9146 
3846 12640 
13256 24059 
22765 24184 
19204 20462 
24240 24904 
21262 24873 
5698 24123 
12694 20029 
1399 10583 
8806 20434 
14304 20726 
2183 8323 
19744 23292 
21531 22067 
859 10431 
4902 9533 
18977 23391 
14543 19215 
1954 5727 
9071 16367 
3269 4916 
13701 21622 
19748 24802 
2766 5370 
13392 15761 
13385 23900 
4602 14837 
9524 18102 
18131 18919 
19537 24648 
2707 19141 
1604 20787 
20450 22530 
6862 10559 
13535 14337 
3045 18204 
9751 16474 
18078 19394 
767 14963 
17106 22137 
19608 24749 
9744 19308 
23007 24964 
16973 19797 
18932 21681 
12477 20779 
9961 22717 
20367 23667 
16184 24024 
6702 22809 
19977 24220 
1574 3506 
8124 21028 
13895 21988 
10500 19030 
7890 16589 
6259 18376 
16963 24080 
18220 22896 
1595 19736 
21541 21975 
11120 19178 
14547 24236 
22822 24991 
20846 21407 
11243 11341 
1586 16172 
23053 23647 
15829 19131 
17200 20265 
7677 12177 
20092 21203 
14614 21124 
4865 8544 
18410 22412 
12146 19240 
7767 7852 
4032 4760 
14024 22885 
17692 22998 
23983 24017 
11621 16683 
2884 19720 
664 20935 
16175 18760 
24401 24612 
24851 24898 
9256 10927 
1104 9912 
2228 16546 
4444 23197 
3913 15306 
557 5481 
21389 24924 
15400 20147 
590 7589 
1327 5310 
9453 20085 
13046 13048 
22465 24348 
8470 20324 
24162 24988 
15123 19037 
20469 21148 
9054 19418 
24267 24480 
4677 8192 
12233 19427 
5802 17938 
3435 22879 
20334 23263 
16477 21405 
22178 24556 
14619 15388 
16260 24815 
24661 24793 
23126 24927 
22270 22443 
17175 22762 
19302 20676 
6561 16939 
21878 24910 
5135 11749 
8714 9700 
21360 22157 
8246 15781 
16065 17923 
5148 7194 
17123 22394 
20718 21331 
10986 22147 
14021 21579 
17653 18385 
10878 14854 
7976 12557 
1146 18493 
24149 24171 
6593 22480 
2141 10020 
20898 22032 
13676 22531 
7757 23909 
9071 22629 
11955 15721 
2247 13568 
10692 14757 
17262 24432 
16252 19602 
10176 22965 
23719 24132 
23159 24493 
21473 22240 
16925 24797 
8158 20487 
21438 23426 
12444 19936 
4804 9863 
12829 21055 
20266 20827 
20810 24835 
6830 24736 
1436 9342 
20552 21358 
2409 10123 
22070 23095 
19897 20746 
21441 22971 
23895 24122 
18099 22262 
3364 7421 
2273 8321 
17848 23939 
12601 23652 
10841 22147 
14847 18130 
24957 24970 
23080 24670 
3299 8896 
11290 11375 
3627 9281 
6815 24884 
20743 24279 
12867 23424 
10774 21575 
5281 22776 
21145 22871 
12203 16904 
21646 23957 
10849 24748 
19778 22727 
14468 19889 
7816 18545 
11466 12113 
18522 23632 
2147 10798 
1024 5881 
3984 11151 
13731 17545 
4632 8816 
9335 18099 
2184 17236 
15541 15578 
1500 13598 
20163 23421 
19202 23857 
4858 19687 
21472 21910 
1961 20074 
14044 14357 
36 14948 
12655 20628 
1044 21309 
1179 21092 
6346 20704 
64 2713 
18415 22180 
3592 14335 
17279 18292 
60 22831 
23170 23553 
10350 21579 
19851 24362 
5940 24073 
2299 7949 
17912 24109 
9724 15303 
9652 16346 
6104 22451 
13767 14037 
17358 19746 
19102 20699 
22067 23020 
6039 24025 
4236 18926 
11781 16470 
9024 24602 
19942 21984 
10247 22420 
11741 16663 
21065 23181 
16766 18189 
1233 18811 
22813 23470 
16977 17855 
12810 24725 
3803 7497 
22914 24238 
15230 16678 
16646 20594 
5748 18618 
7736 19828 
19439 22483 
12555 24812 
14991 22493 
16369 17251 
12042 24068 
21776 24931 
13064 18515 
9135 9577 
1998 22063 
2057 21592 
5019 16690 
8148 14749 
12403 15450 
12908 15791 
21491 23388 
18861 24716 
21907 23580 
16687 23141 
1270 5915 
7466 24335 
20710 21723 
942 20915 
7815 21197 
14887 22145 
22941 23101 
22884 24584 
14748 15418 
836 24216 
20822 21486 
5611 24877 
14318 24177 
11115 11970 
17026 20537 
11505 17502 
20438 24875 
19875 23771 
2594 11981 
24190 24333 
10540 18640 
12746 14749 
700 9694 
12359 20039 
6428 21186 
11565 17062 
5575 5938 
19307 20655 
7610 12842 
6346 7168 
17844 23128 
10373 18678 
9355 19890 
15768 23742 
19302 20373 
7616 18817 
13111 24386 
20857 22552 
7677 11136 
18716 20127 
1379 19302 
19001 22617 
21108 22034 
8066 15935 
5243 15891 
1063 16268 
4668 7259 
5766 8901 
8706 13864 
20410 21526 
5923 20304 
7485 21437 
9067 19550 
4787 9931 
2272 12399 
2417 20624 
7035 23236 
10816 13089 
23752 24373 
12283 24315 
10590 19427 
15785 16643 
3202 8012 
19938 22408 
20685 21798 
4302 23913 
12607 12649 
22107 23683 
13774 17000 
18290 22417 
15992 17268 
18523 22894 
12814 15607 
1199 2091 
16135 19739 
3835 8622 
9977 19601 
18979 19198 
24010 24242 
7250 23369 
6825 13690 
17543 21781 
23266 23733 
16977 21111 
2838 10693 
24731 24896 
9946 22533 
2975 17373 
24796 24942 
706 5873 
1536 7997 
5586 13023 
15741 24484 
1018 15320 
14603 18779 
12638 14903 
5118 12243 
10965 19600 
9457 14002 
6115 11465 
2693 23825 
15819 20604 
1365 12787 
24816 24987 
17701 22703 
15842 21480 
15518 19439 
5914 14002 
22334 24069 
7358 16487 
4187 15599 
22726 23136 
19676 20670 
22394 22738 
6070 24346 
2861 16108 
24613 24881 
17840 18577 
18934 23395 
11331 22679 
1468 14693 
21304 24271 
4678 9096 
3288 9976 
23512 24432 
10935 20242 
21782 23996 
2848 17508 
10650 21413 
1813 18135 
7473 14195 
11838 12702 
16566 20377 
13010 18531 
7246 24481 
8661 14327 
20713 21378 
17848 19317 
22621 23352 
6626 20458 
13408 17922 
18255 20377 
9935 23879 
23507 24760 
12400 16273 
11897 19746 
24147 24786 
14670 19942 
11904 22030 
18928 22621 
13147 24150 
8920 13003 
16191 18282 
17631 18147 
43 15563 
16201 21230 
7859 13510 
17268 23592 
13684 16560 
464 13251 
735 1020 
4822 8363 
23840 24274 
23125 23267 
12638 19690 
22340 22875 
10979 20073 
9562 23542 
6188 8734 
2517 15069 
10477 13799 
8206 14233 
24936 24958 
11613 21184 
16724 17147 
3866 5316 
23340 23799 
4473 5354 
11404 22124 
7286 24662 
17697 23757 
1996 12667 
17637 22262 
1600 9241 
19717 24370 
12917 16803 
11160 19618 
13146 20902 
12843 16054 
11311 14697 
6629 10984 
7237 8065 
13544 21590 
21261 23259 
13935 16602 
16088 20864 
20750 24243 
16107 20588 
19069 21083 
21510 24465 
16216 19304 
3136 15112 
16277 23270 
11784 18835 
218 1072 
23700 24301 
1686 3593 
3966 11740 
473 24751 
22324 24212 
1779 21612 
9823 22496 
4952 10902 
23416 23457 
9256 15651 
7148 13485 
23256 24808 
24854 24870 
10054 24441 
4956 8716 
23903 23987 
10958 16532 
6969 7549 
10034 22006 
10706 24332 
12022 24838 
19660 24369 
24843 24953 
19823 20203 
23535 23677 
5932 21702 
16453 18011 
5511 5662 
20954 22620 
2655 20510 
7156 11514 
1927 24882 
22755 24948 
8696 14258 
24038 24689 
2683 13897 
18929 24777 
10008 11353 
14853 15125 
15082 23669 
19871 24854 
22734 22943 
20167 24126 
4843 7652 
16608 16709 
8312 9855 
2408 10956 
11345 18177 
11349 17446 
13980 20408 
21238 22511 
23167 23681 
6182 24153 
10800 21128 
16037 16528 
13523 22437 
2504 14470 
21266 22300 
22247 23005 
10707 16662 
22125 22541 
18029 18355 
20895 21789 
19007 21073 
13147 24610 
18586 24141 
24194 24505 
23958 24542 
16989 21120 
7924 22937 
17916 17993 
13989 15398 
10698 22535 
13502 16386 
19481 24241 
23710 24924 
10980 19101 
18599 23640 
12738 22298 
2109 18030 
3098 8777 
9796 10441 
5138 21608 
5045 8056 
20419 22529 
8337 21584 
10796 23528 
1566 5009 
12129 21086 
3532 24256 
9393 21670 
11754 23370 
8091 17780 
13619 19057 
10365 21436 
22560 23215 
3068 11668 
5247 5433 
19399 23504 
20099 21741 
12321 20043 
15203 16385 
3651 10347 
1985 18508 
6789 10917 
244 15468 
19445 21559 
6042 7753 
3556 12103 
7531 18829 
20130 22491 
2237 4922 
3441 23050 
19804 23819 
711 18104 
4525 8274 
24484 24557 
15422 18542 
1461 15537 
11063 20222 
24869 24975 
6890 8873 
9368 19428 
21670 24610 
24658 24909 
22758 23997 
14715 17514 
3030 5365 
22359 24899 
8240 8891 
9479 12723 
18048 23603 
11382 11583 
2830 14736 
11143 18356 
20701 21387 
7353 8123 
4001 13193 
11224 12081 
7687 16093 
8696 17585 
652 14589 
3693 7805 
1883 17530 
8680 16627 
19734 21563 
23583 23904 
6098 21524 
11738 17833 
20855 23316 
22652 24871 
1986 7376 
20445 23802 
6502 10850 
1732 4708 
4591 21305 
12623 15820 
4890 11514 
4695 10465 
11237 23028 
3109 4130 
1067 14760 
11091 20779 
13341 23557 
21521 22840 
4610 14687 
9592 13487 
865 8930 
8541 14931 
23799 24933 
8403 24927 
418 13592 
23051 23102 
8907 19374 
20498 21219 
5535 9510 
11332 17264 
5305 16563 
5840 10671 
8964 24226 
24815 24993 
709 24086 
13626 15878 
16752 22373 
14117 19925 
13292 22096 
12424 21034 
7170 11373 
9753 15326 
3440 11822 
5850 14715 
23114 23208 
22898 24868 
3599 18643 
17725 19869 
15516 16427 
23899 24384 
10574 16971 
21241 23033 
1144 8903 
14845 16148 
7961 14509 
2688 10809 
18992 19660 
9077 13671 
21575 22775 
15276 23908 
9889 10199 
21825 24608 
18905 20686 
9928 11032 
5536 11194 
125 2675 
24331 24417 
11570 18627 
172 12221 
3959 8764 
15206 17525 
24029 24216 
6617 8392 
16724 17484 
22559 22996 
21758 24839 
21419 23339 
20207 22245 
18009 18772 
19676 23642 
9062 18725 
1242 23182 
5419 6156 
11920 14072 
7257 21766 
857 17052 
18701 18746 
20232 21286 
650 15739 
11074 15460 
5981 15742 
13569 17446 
12883 20924 
16139 23139 
17829 19474 
19744 23843 
4413 15369 
20446 23787 
21068 22754 
1656 16871 
11174 12977 
9171 18721 
22814 23842 
23023 24878 
22558 24429 
21742 24759 
14693 24743 
18506 21164 
23885 24797 
4000 20488 
13950 19502 
23093 24602 
16797 18124 
8864 14861 
13247 14239 
24314 24677 
9170 13262 
20444 22955 
6602 14575 
10058 17902 
15838 16444 
1488 4599 
20884 21275 
18940 24910 
4113 23522 
2672 13970 
22007 24824 
20399 21545 
8397 21347 
21678 24190 
2210 17746 
22123 22278 
3735 23573 
2302 17992 
21597 22606 
4897 17840 
2791 12876 
11998 13750 
8623 12664 
5824 19369 
15047 19913 
8658 18757 
1688 4841 
2193 7037 
20395 23998 
14283 18582 
13198 23800 
24042 24716 
2225 20388 
3511 24612 
18332 19676 
3024 12660 
916 11452 
23090 23478 
893 12453 
4308 21969 
24480 24763 
5416 19323 
2604 12015 
2291 19563 
4072 18176 
13040 23897 
23908 24432 
4995 9307 
19365 21443 
18192 23572 
13808 24043 
14642 20685 
23952 24922 
14974 18419 
6190 24041 
21710 24774 
6330 12554 
6408 17532 
22443 24043 
3155 16006 
13834 17804 
16308 21085 
9920 22203 
17720 19154 
18643 24655 
5951 13520 
21951 22338 
11186 21990 
4506 5831 
19136 21014 
4205 11349 
18441 21497 
22641 22977 
8680 21082 
8148 19629 
16849 23807 
14522 23376 
6637 13065 
20547 21458 
955 1275 
5673 6220 
19223 19776 
24138 24253 
3559 5792 
6065 18771 
19067 22636 
21439 23462 
21392 23596 
48 4753 
5932 22304 
20297 22336 
12376 23933 
17619 23707 
3558 5970 
21804 23344 
12981 18267 
22275 23794 
5114 20809 
15918 19398 
13871 14798 
21736 22241 
891 8491 
277 17427 
3664 14726 
23938 24494 
15095 24680 
5703 14351 
8988 14486 
7352 10482 
19437 20920 
20575 20593 
12079 15636 
22070 22543 
2856 22976 
16889 23637 
17763 20119 
21137 23598 
10538 21638 
4145 7348 
1716 20235 
23315 24194 
10434 19569 
15749 15799 
333 6506 
13161 15000 
6965 15379 
11979 23714 
4638 12427 
15992 22663 
23401 23922 
19193 24286 
19425 21413 
4632 18647 
24703 24833 
21111 22349 
2365 24745 
8036 11316 
20015 21974 
23657 24263 
15762 16210 
2148 20091 
10187 14179 
24757 24948 
4708 21128 
1485 24013 
13600 16954 
15011 19886 
1527 17619 
10667 19694 
22447 22979 
15044 24881 
21589 22804 
11390 13981 
5270 10477 
16950 20358 
2701 11272 
21121 21958 
12678 22444 
8617 12014 
533 12387 
2212 23553 
6214 18385 
14375 23016 
2791 15577 
12752 14871 
22717 24236 
6605 12440 
3896 14295 
3313 9458 
10928 23317 
11870 24079 
6321 18412 
20509 24465 
18005 19985 
3070 12305 
5376 24630 
17590 24054 
12604 22308 
15727 21134 
15619 16914 
869 15995 
8047 21018 
14376 15004 
14551 15360 
10926 14164 
13885 19763 
15508 21416 
16481 23166 
13367 15255 
21754 23874 
13703 17781 
21829 23470 
21548 23903 
1190 23512 
16956 20725 
7063 18966 
2378 7762 
2570 16418 
14089 24980 
19677 24163 
2249 5034 
16392 22846 
932 23920 
11325 14477 
15702 23140 
10255 12636 
8114 12963 
2060 22874 
18555 23493 
3488 7916 
4343 21797 
3242 19829 
4657 19731 
11462 15757 
16264 23953 
3044 13335 
13594 17765 
13364 20770 
19571 22378 
4120 7542 
10731 17217 
23232 23538 
13968 17424 
14378 16066 
13207 14271 
11811 19454 
20234 22019 
835 12971 
1654 11305 
6421 8863 
23419 23959 
2587 6494 
7866 24036 
10948 17610 
22265 24814 
12743 17690 
10689 23518 
22724 23855 
1591 13801 
3734 8863 
1734 22070 
4001 9468 
2587 3034 
23191 24901 
23141 23725 
12345 21938 
6310 8182 
17989 22685 
6261 22626 
5978 12392 
793 17194 
19030 24800 
22702 24117 
20313 20489 
24328 24489 
18367 21270 
24104 24595 
3048 10318 
17545 21020 
17236 21272 
86 21696 
23705 24526 
11900 23095 
10046 17209 
7552 12544 
16248 20965 
23809 24779 
23982 24652 
12951 15321 
15796 22456 
5410 19721 
23949 24134 
6617 16268 
16637 22795 
11893 18536 
15386 17742 
16751 19977 
2928 11896 
6542 18937 
17608 24566 
4084 21946 
17378 22328 
1156 23902 
15381 20712 
17934 18098 
13580 21444 
18401 22322 
14563 23422 
19752 21073 
3528 16190 
11487 24780 
795 24697 
6014 19165 
21900 22020 
17371 19394 
8481 17528 
4564 15984 
16894 18667 
9884 13041 
20992 22595 
880 2520 
22170 24892 
6835 20310 
4597 7535 
20015 20459 
7365 10652 
514 20653 
21955 23746 
19314 22584 
23015 23632 
18111 24144 
24874 24894 
20765 23914 
1445 16268 
13902 17144 
23624 23919 
23504 23695 
15320 16313 
2692 24837 
6107 15691 
14049 14710 
8411 22592 
7420 9598 
19993 21945 
3281 6421 
9053 16321 
16548 19314 
13926 22360 
3760 5691 
7247 15833 
22218 24388 
16896 19170 
2795 12700 
7413 20597 
12680 20441 
8947 16263 
21506 24941 
24741 24782 
23627 24511 
7397 15313 
4898 16245 
22443 24290 
18792 24184 
17096 24683 
11411 18038 
9871 20331 
6725 16360 
15976 24276 
23484 23753 
20102 21900 
10186 18258 
21556 24511 
6652 15295 
8727 13444 
17521 20714 
10788 20807 
24334 24335 
18376 21921 
17792 22701 
6486 22516 
2153 3610 
18217 23045 
1579 3263 
5843 6157 
7185 19947 
6522 24961 
11296 18549 
24419 24806 
8719 18264 
7315 10036 
19685 23998 
21610 21703 
7807 16709 
18125 20249 
18990 24306 
20333 23493 
3556 15429 
14765 20263 
4205 15958 
14168 23489 
18913 21770 
23557 24142 
5140 22794 
14144 19524 
4050 5391 
20494 22527 
6595 23262 
13694 18632 
9224 16772 
10722 14730 
4613 11868 
23384 24376 
14460 21799 
11202 24228 
6990 7905 
23640 24593 
21375 22433 
24060 24568 
23061 23959 
22044 22463 
1323 7646 
17814 21407 
4345 11252 
14889 18821 
17016 19965 
13389 14096 
2227 23271 
22725 22906 
14178 22285 
10714 15174 
363 13362 
3874 24814 
24965 24975 
4911 10350 
21015 22386 
16151 23431 
21535 22680 
5074 21346 
7228 12162 
9435 14976 
12112 20959 
1696 17036 
5847 15847 
16513 19646 
19169 22969 
16790 23125 
6839 18776 
13084 21859 
10030 10591 
768 18041 
13926 23139 
11452 19025 
630 22593 
19421 21052 
8341 17118 
1020 20685 
6993 11791 
4276 24598 
2469 8554 
2468 4804 
19954 21853 
22638 22826 
23525 24201 
14152 22885 
8840 13888 
17284 21024 
1231 13830 
10769 21626 
10108 13374 
1493 22995 
6425 10488 
2001 21561 
15466 18999 
23930 24073 
15900 21707 
8113 18329 
19733 24639 
21916 22094 
20785 23741 
13760 20250 
24687 24800 
6022 18593 
24821 24841 
14754 24231 
13819 14053 
23625 23870 
16526 16839 
21190 24505 
1972 22775 
2223 15183 
21320 23084 
19972 21949 
4823 8687 
672 13693 
19926 24114 
13357 24362 
10601 13741 
5731 6516 
10808 20149 
21349 23411 
9658 21214 
1175 24583 
24173 24341 
548 1686 
1604 23219 
18176 24485 
21007 21630 
20419 21763 
5645 6946 
1868 16237 
2378 10570 
10691 15407 
11210 23258 
10515 11162 
22194 24924 
23530 23712 
19072 19818 
20696 24145 
16515 22002 
20424 23571 
17524 21273 
20781 22523 
21838 23956 
13139 22787 
17511 20448 
12761 18288 
1834 13749 
17408 23193 
1893 5743 
828 18763 
21937 23979 
22858 23553 
12626 18270 
1875 20607 
22396 24293 
4463 10100 
4212 9702 
18206 23568 
9834 21782 
548 8224 
3447 8162 
13068 17216 
7733 14983 
14637 17661 
11875 16888 
8825 18638 
674 23358 
8189 13315 
10944 15444 
8342 18726 
21273 24747 
9088 10752 
1241 11718 
17151 20283 
24283 24396 
24547 24960 
1503 22109 
17698 20611 
18781 24011 
10793 23545 
12970 14416 
14911 21911 
1047 2901 
2901 11276 
5593 8162 
5198 10317 
6940 7702 
4045 8900 
13926 21565 
14961 24929 
16983 17481 
18367 21727 
15901 18488 
3634 14466 
12661 21138 
11127 11215 
9209 11210 
19297 19784 
23952 24296 
10930 18987 
906 10433 
1062 20201 
9808 24457 
11826 17429 
2167 12576 
5549 10655 
16769 18868 
1292 13788 
17271 20932 
22724 22749 
11263 12763 
3486 20529 
7648 11546 
24297 24656 
110 9843 
1772 16997 
15587 17025 
7199 7812 
14253 16535 
5379 24863 
15757 20945 
14956 16392 
8471 12905 
7194 14146 
22554 24192 
14068 18638 
16289 22785 
16463 18575 
950 16813 
2524 15125 
3749 10947 
15525 19953 
532 3196 
11504 21329 
24135 24274 
16106 22057 
15592 18212 
7931 8076 
7830 10373 
8200 23004 
23649 23787 
11148 19157 
11797 22107 
13262 22010 
13214 16428 
3787 15750 
7539 11980 
15330 20336 
19991 20365 
15327 18675 
10645 19085 
2860 3234 
16555 19990 
6629 10008 
1850 18910 
16541 18927 
14116 18720 
23313 24733 
4500 23957 
13456 14004 
2996 19943 
3206 6650 
785 10677 
22273 23880 
6151 18160 
15328 20486 
5262 8434 
387 15003 
21285 22436 
4625 5696 
9997 16654 
22275 24742 
6415 24165 
8188 15230 
7657 15004 
9802 13432 
5152 16420 
5849 13694 
7952 12785 
7554 15180 
13248 18491 
9232 10069 
6817 8217 
6716 15738 
20461 21858 
1663 8502 
15516 22624 
3859 15150 
18094 21305 
24483 24616 
14170 17445 
21664 24473 
10208 11704 
11648 16076 
24866 24955 
1580 24696 
9152 15970 
19929 24931 
7113 13620 
6946 10044 
22591 22671 
20353 23361 
6004 10489 
1365 15295 
16568 24037 
10907 11306 
6896 23149 
15856 19596 
5138 11976 
18440 18945 
19663 24057 
6656 20180 
8159 17030 
17141 23264 
19666 22087 
19468 24487 
22948 23231 
7794 17193 
3042 9144 
4420 15911 
5975 8898 
1199 13939 
8405 10018 
15009 15582 
23405 23420 
6063 24821 
1341 5908 
15648 21907 
1902 11135 
16939 23296 
5567 9833 
16260 19231 
10577 18709 
9130 24846 
24562 24728 
2289 4776 
9390 16866 
16961 20775 
21851 24040 
1052 21228 
1755 15817 
8146 9958 
24070 24525 
11251 16878 
7526 20267 
4737 24204 
14295 17961 
7987 12841 
6101 22936 
14996 19816 
5123 18397 
22333 23510 
11797 12805 
8473 24670 
20506 20551 
16168 22261 
15631 23124 
7908 20035 
24900 24909 
17839 22373 
13436 16144 
10659 23715 
7069 7803 
6546 8410 
16800 21800 
4620 15768 
8172 15621 
10677 17832 
19000 23574 
13458 18237 
22942 23526 
24741 24742 
15016 17732 
7149 11158 
12978 18554 
12629 23428 
7724 11881 
12859 22960 
7614 11898 
18827 19914 
24358 24835 
20246 24018 
5652 17204 
7551 18200 
23685 24017 
4062 7211 
3706 13018 
1589 19701 
1331 20510 
20604 23791 
3632 20152 
21664 24219 
2500 21239 
10675 13828 
17412 21297 
6026 19675 
3260 12476 
24044 24326 
18349 23098 
19385 24472 
13345 16653 
23333 24583 
3373 16084 
19029 24198 
3533 3753 
18004 23816 
20889 22509 
23140 24400 
12005 20697 
6698 15279 
24351 24505 
23848 24079 
332 13904 
16479 16745 
12896 23954 
22775 23891 
2549 12133 
21779 22854 
5629 14316 
19883 19927 
23724 24257 
13001 21790 
5201 16391 
19210 20045 
6940 15330 
24350 24953 
20034 23359 
21449 22041 
16260 19804 
12128 13619 
10859 12292 
13620 19804 
21821 22788 
7749 23458 
177 18452 
16892 22915 
23261 24544 
485 17599 
5728 24342 
20770 23940 
19199 20619 
1335 4453 
17016 22420 
19531 22314 
5690 16415 
6112 7959 
6901 15810 
4321 13470 
5004 20660 
5263 18033 
3720 5467 
18349 18533 
16405 17837 
7103 20305 
23781 23803 
13347 16813 
5004 20698 
6268 12779 
24986 24997 
442 11086 
7521 20727 
3701 16481 
18188 22958 
11116 19571 
9575 21978 
21914 23157 
24231 24899 
14749 15074 
4843 9237 
11634 20806 
3381 11572 
11595 14442 
4638 7239 
2515 17276 
9589 9911 
24015 24785 
24460 24583 
23541 24715 
19689 20167 
23613 24281 
19575 23609 
868 12101 
23758 24378 
20500 23939 
17853 21595 
10908 20667 
16565 20639 
18199 23433 
23546 23801 
17188 18950 
20408 21434 
7874 17734 
338 22125 
2935 4133 
7716 19920 
21558 24496 
7333 15609 
5567 19425 
22965 23893 
1988 6150 
1899 14195 
23198 24165 
18348 23183 
12859 24391 
21739 21845 
15404 15739 
6174 21332 
2628 2865 
18203 19542 
13623 16322 
24620 24998 
10060 13507 
19365 22781 
22485 23544 
16019 20035 
24115 24411 
8236 19385 
55 14220 
5403 7562 
12934 15973 
9995 17493 
2011 16430 
17849 21531 
191 1115 
12116 19483 
10350 12966 
7703 8012 
2410 13248 
14257 18669 
6828 14504 
18963 20066 
15689 18261 
23758 24233 
4461 22550 
460 7482 
10557 15234 
8000 10114 
7610 10632 
18821 20913 
11902 21335 
16719 18492 
14318 16665 
5662 11015 
19762 22929 
19807 21223 
4148 14486 
20453 23746 
17923 21602 
14992 15891 
4027 16689 
16548 24356 
20734 23889 
4224 9622 
7798 22481 
21236 23508 
2222 19904 
122 22034 
2332 14972 
12551 12776 
18865 23384 
8665 19069 
5967 18365 
17517 21321 
14170 21361 
13020 24298 
14259 14791 
13090 14960 
301 9258 
6016 11501 
11351 15766 
1467 18548 
13992 15451 
16262 19049 
4709 7613 
24732 24922 
11827 22369 
5037 9529 
5359 19224 
7317 7815 
21375 24560 
6217 17002 
17385 17904 
20971 22979 
461 1459 
7933 24557 
23596 24576 
365 23539 
3846 12358 
7676 21396 
14325 16495 
22217 22972 
2773 24808 
22197 23865 
3294 15527 
24849 24890 
21834 24388 
21675 22404 
16090 22130 
16778 17127 
22875 24884 
17975 23275 
18809 20786 
14256 21133 
18737 23701 
14192 15322 
3967 18621 
14498 23350 
9103 22908 
13896 18169 
18821 21364 
10533 20542 
9196 11742 
8601 15767 
5459 7289 
21578 24330 
1633 19898 
18668 19187 
1551 7160 
18452 20700 
23421 24260 
9261 22475 
19882 24727 
13058 14944 
12095 19506 
20057 23300 
21352 22659 
5087 11685 
7214 18068 
16560 16834 
21701 23323 
9242 13118 
11751 12776 
4345 16797 
20411 21274 
20997 22145 
11989 24695 
16200 18740 
5088 8696 
23610 24534 
22236 22615 
21953 23679 
210 4424 
12060 20463 
1786 7392 
5460 11425 
18135 23874 
14460 17876 
17633 19762 
15765 24781 
4663 23576 
11455 11956 
18261 22784 
8299 10046 
20449 23167 
13915 19144 
6776 23349 
22036 23592 
21159 24918 
19576 22116 
16935 22142 
22891 24313 
4218 22650 
14878 22712 
14756 18841 
2441 4423 
14646 20455 
24420 24721 
22655 22759 
18381 23674 
1807 15019 
17326 22082 
410 5474 
3837 12404 
15018 23441 
15577 23335 
23888 24399 
16192 21563 
20093 20303 
21042 21700 
8850 22181 
1838 18842 
12658 24745 
2355 3485 
7629 12845 
22703 24748 
10818 14242 
15135 18297 
14307 24200 
18837 22409 
15979 22998 
21005 23820 
17639 21631 
14554 16000 
5704 7975 
22563 23540 
14287 22937 
9162 19668 
9880 23278 
19950 21871 
10161 24302 
23763 24569 
11822 16643 
11432 17132 
9445 14606 
13538 21011 
9192 23429 
21083 21098 
20052 21796 
7332 18598 
17937 20071 
18476 24426 
7678 22405 
18543 22126 
18231 18961 
21245 24467 
626 11673 
92 5348 
21684 23352 
17876 20232 
19033 22894 
20914 23352 
13973 14146 
24848 24870 
17343 24078 
11726 23872 
11729 11857 
20919 21013 
840 4225 
4715 22299 
24243 24615 
18783 23563 
8264 20744 
12454 18209 
10388 12822 
22483 24168 
20422 20991 
17050 22367 
8161 13292 
9640 12881 
17530 24901 
20332 22249 
17741 24632 
12038 13443 
2968 14353 
18043 18751 
9116 21984 
6604 18389 
22657 23976 
8605 10731 
20832 24385 
23405 23828 
12184 15263 
6729 23044 
13763 19089 
17030 20997 
23393 24471 
11972 16569 
7775 17866 
13874 17023 
14454 22459 
13782 18623 
20860 24429 
21385 24980 
20642 21438 
23526 24292 
12701 24838 
23666 24198 
13535 15304 
4769 9099 
7996 20213 
7471 13586 
1363 22225 
5134 7062 
4703 12373 
1852 11232 
15125 19872 
6557 24524 
15824 24971 
23874 24029 
14741 24478 
3857 6167 
23090 24814 
10643 13401 
13480 20833 
11670 21880 
828 5914 
19999 23262 
23345 23530 
5422 12297 
6675 8210 
23933 24842 
6868 19366 
13665 15063 
23367 24941 
8077 21148 
23273 23681 
24112 24624 
16623 21637 
7278 22345 
13316 22185 
22320 23504 
8647 18337 
20571 23030 
5886 15973 
792 2023 
2650 10977 
14720 17168 
8279 20284 
8189 9883 
20026 23728 
8019 22283 
11939 24959 
22666 23847 
15300 18970 
7373 23656 
4751 17246 
19774 23499 
4215 16274 
24811 24988 
22648 22758 
18699 18779 
2510 15618 
10404 18106 
24507 24927 
3297 19854 
10351 22252 
16331 23410 
14808 17213 
8680 14199 
2362 15417 
7484 23509 
3338 23782 
22849 23725 
16914 19524 
4234 23439 
10079 21453 
9316 13354 
10817 23500 
18275 20924 
4628 4897 
21889 21905 
1348 21302 
3415 18859 
8935 17068 
17127 21078 
2595 19721 
22782 23819 
14505 16912 
12255 24363 
4555 11387 
19595 21796 
18268 20128 
2953 18532 
38 4618 
6025 20305 
145 23711 
3003 9115 
2667 8051 
9147 23499 
14196 21137 
6625 9591 
13267 21682 
2354 20673 
10720 21513 
940 14415 
11293 16690 
8874 23114 
15280 21058 
16268 16802 
12436 13388 
7048 13556 
23958 24893 
24980 24992 
9371 12782 
14598 14715 
17455 17538 
9337 24446 
5465 13133 
5432 15082 
22445 23176 
8044 15189 
23211 24600 
24294 24342 
7325 19414 
15196 20451 
652 16794 
15237 21466 
8906 17937 
13817 15452 
7493 22577 
1822 3493 
12472 13722 
22713 23266 
97 23236 
4568 12066 
14559 18883 
8293 10213 
2434 17089 
15039 15121 
4695 9699 
1617 23410 
13852 23183 
245 19195 
11763 22032 
17962 24938 
11384 17355 
8319 22977 
23346 23806 
9333 20153 
14723 15632 
3993 6377 
12012 16749 
24373 24738 
6465 13159 
16597 22779 
16680 24496 
4315 17140 
13761 20517 
14621 16508 
4711 20815 
24298 24674 
23448 23863 
3349 19610 
4145 10134 
3990 4450 
2943 14732 
21971 23317 
9843 21850 
12480 12921 
6584 20951 
18967 20071 
24865 24992 
23370 24318 
16256 23466 
7385 20381 
16576 22691 
3572 8329 
7178 24333 
7299 14530 
14664 24151 
909 6866 
6125 6912 
20280 21373 
18577 22954 
7134 17135 
5527 10429 
22302 23891 
20093 20305 
2114 4478 
22278 24540 
9386 16512 
4113 24145 
11275 22993 
14326 24022 
13687 18155 
12798 20477 
8849 24122 
16696 19822 
13256 17201 
10585 11299 
15267 23632 
15301 20245 
21086 21638 
16161 16304 
15505 17882 
6358 15509 
694 8106 
11771 24943 
11598 18518 
12893 24966 
18307 24975 
5541 9994 
4 8625 
6768 14253 
2366 19807 
7908 8592 
8418 11168 
4671 19372 
13228 18732 
20029 24980 
2048 5607 
157 7359 
3107 15861 
6956 23100 
3964 4606 
23832 24809 
18086 21828 
14789 15381 
7242 8383 
22578 23238 
16198 22664 
11813 12011 
7479 22081 
11781 12186 
13641 20538 
18869 21733 
3087 20203 
2539 11277 
18411 22083 
15512 24376 
18965 23002 
17283 18543 
8803 16352 
2896 24732 
16021 20430 
19606 21406 
1575 12768 
15936 21657 
6100 17818 
13972 23193 
5598 8306 
11902 20217 
5946 23202 
18487 21039 
14365 17847 
12347 22124 
4133 14485 
11255 13074 
771 11125 
16993 23851 
23822 23986 
19796 24083 
2613 4967 
938 21534 
11318 15109 
16500 20238 
16431 17783 
12321 15839 
643 22961 
3046 13126 
7791 15573 
14968 19402 
16745 21797 
22408 23782 
2194 8274 
12402 22410 
5557 9003 
13882 21453 
17278 20744 
8023 15890 
24529 24862 
11934 19999 
17875 18387 
2962 15995 
1018 8792 
16354 18786 
12624 21413 
22339 24655 
2834 19636 
251 20713 
8958 9913 
21463 24647 
424 18445 
871 4395 
3566 12974 
15494 15966 
17781 24471 
9297 19751 
24133 24317 
8908 13341 
3283 20034 
223 11470 
21485 23685 
17372 24171 
22584 24080 
15716 24310 
14418 16687 
11687 24849 
18310 24401 
17166 17977 
633 5572 
7631 14966 
2851 19280 
2025 5765 
20571 24328 
6807 20235 
22505 24594 
4202 16467 
6147 18546 
9463 19866 
9521 20554 
20174 22873 
8839 14277 
18808 23656 
7152 10613 
18435 18802 
16875 19401 
24081 24309 
1779 2257 
22883 23175 
20361 23287 
1454 21827 
14574 23542 
16211 17244 
22243 24374 
10207 15626 
21861 24739 
9166 23073 
8003 15550 
2385 5942 
11693 23822 
23612 23674 
21085 23526 
16404 21659 
21390 23714 
17993 18546 
21303 23560 
3669 23062 
9714 11166 
13395 18608 
1392 17642 
9780 22261 
1140 2687 
13869 19506 
1154 7299 
15731 20391 
14656 16306 
3514 4433 
14317 18187 
15933 19687 
3585 20844 
1966 19203 
5093 19987 
20724 23547 
2909 12549 
8129 12915 
17814 23710 
4701 5393 
17105 23803 
10709 19222 
531 9974 
18228 19753 
6231 11128 
16561 20387 
16955 18384 
12497 17994 
8934 13338 
17746 24738 
777 16454 
5681 20579 
19030 21861 
3590 5881 
15648 21225 
16054 23009 
22720 23806 
20015 22006 
12381 17816 
18269 24363 
4780 24943 
20745 23449 
18407 21918 
1194 22894 
5994 15531 
19485 21718 
5396 16316 
22339 23352 
20254 22888 
23455 23529 
18484 23231 
23225 24012 
20352 21191 
23313 24426 
5468 6531 
6659 9162 
8729 14053 
3231 6830 
23008 24474 
19547 20517 
14231 23256 
9938 20700 
3222 6687 
3987 18905 
14671 16220 
21627 21880 
3377 23887 
8986 17315 
8099 19188 
16295 19683 
2697 12941 
12673 22987 
4364 7271 
23438 23785 
19989 20644 
10042 23331 
14507 18604 
14004 21616 
23555 24230 
9937 17246 
17695 22660 
2753 11779 
12880 22813 
3023 4672 
9974 20414 
5600 10839 
4557 9593 
17432 22942 
11631 23686 
21584 23833 
7355 15047 
15237 19334 
6333 11674 
18929 24763 
14463 17923 
4648 10485 
8253 19185 
18139 21190 
3282 21538 
8015 14389 
16928 22931 
21726 22256 
6112 24472 
14629 20934 
3995 15846 
3892 4795 
13697 15948 
14366 21594 
875 21170 
7073 8339 
6899 9344 
3 13103 
20973 23253 
20690 21356 
12719 19992 
22692 24863 
15493 19440 
14257 23094 
11355 19241 
300 7930 
2072 24157 
9954 10647 
11999 17004 
2660 21328 
16991 17834 
13227 19118 
10087 24824 
21752 23147 
11835 23930 
6999 23008 
9335 13981 
22781 22889 
12215 21707 
154 6476 
11677 24419 
6527 13697 
8500 11130 
7054 10555 
8881 12634 
13292 18163 
11251 21872 
22532 23313 
4663 24617 
15259 17351 
19533 21423 
21081 21887 
21581 23848 
5989 6700 
18686 24897 
5320 7497 
6852 13379 
17174 22107 
21096 24805 
18276 22720 
14204 23367 
18607 20793 
22829 23766 
14210 15147 
8957 14044 
22438 22734 
3907 11717 
15247 24074 
6561 13174 
4631 19971 
7493 24511 
7386 24083 
22775 24699 
2307 3152 
5411 10554 
6668 24309 
22698 24556 
7222 23630 
2648 7179 
20913 21156 
17023 21580 
11597 22789 
10815 22749 
10491 14740 
23911 24588 
19108 19743 
23148 24569 
22440 24523 
19896 22239 
2476 10858 
14918 19120 
12485 16980 
20502 24009 
13694 19098 
23812 24364 
20905 22130 
6906 19945 
16028 18687 
16976 20296 
17297 24403 
21986 24814 
24455 24487 
21872 22803 
8514 10497 
9757 12800 
1424 17237 
6830 24847 
6174 20459 
9671 13985 
3239 24910 
23262 24643 
20292 22176 
1069 14908 
6716 13783 
20603 24822 
20550 21025 
14207 14590 
5863 20158 
6001 21563 
1075 14886 
10592 22652 
21993 23064 
16854 23175 
20998 23962 
21283 22139 
3377 15218 
11596 24947 
12856 14391 
9954 16982 
7930 13863 
15671 18311 
13765 21353 
5523 23887 
11427 24413 
3507 23610 
6374 20388 
9426 13317 
4732 23458 
7393 18573 
15961 20307 
14689 19000 
8653 21001 
8497 8965 
5271 21696 
24327 24401 
24029 24417 
18440 20419 
22403 23389 
10279 13435 
16483 20710 
766 24482 
14216 21025 
19038 24144 
24207 24780 
20115 20674 
7338 11535 
7930 9599 
6182 6257 
3302 23910 
8432 15534 
1697 19296 
11534 23627 
15952 24171 
15561 17905 
1332 19275 
12865 14342 
7117 21698 
15362 21342 
10764 16012 
16496 21318 
11382 11417 
23740 24221 
1638 19561 
22765 23089 
16237 17191 
23825 23873 
7460 23372 
5547 8949 
7054 22672 
13175 18683 
1578 17163 
3410 5204 
20209 24949 
18639 23085 
13457 22568 
12033 18895 
4505 7177 
22119 24799 
20389 24403 
12183 22685 
23895 24231 
24109 24369 
15067 23842 
15619 19435 
13265 18781 
12593 17927 
7071 24722 
15033 15855 
15066 19882 
24316 24588 
11916 18550 
7858 24796 
13261 21838 
3723 6081 
17826 24217 
16058 24550 
20367 21589 
8205 20086 
24076 24688 
7020 9843 
8432 17551 
18431 22742 
17251 23913 
11581 14905 
5049 20466 
24517 24659 
4803 5161 
17416 22376 
12441 21763 
10235 18435 
21036 23195 
9085 16505 
19730 19812 
23204 23496 
20472 21903 
2255 6566 
21844 24607 
19342 24936 
21397 22572 
15260 18890 
9205 14110 
14820 17345 
18203 22335 
5506 17759 
22433 23640 
12077 14364 
2683 10964 
9559 23929 
11348 19317 
2709 12766 
2462 2464 
18772 24685 
8787 10080 
13705 19204 
5757 10336 
23069 24423 
11316 23740 
10013 12945 
8475 18995 
9864 19612 
17779 24212 
22187 24784 
21008 22520 
24537 24851 
6461 19376 
19363 21150 
4275 17757 
19129 19545 
24202 24937 
21232 23732 
22529 24850 
9210 23266 
7218 8146 
3603 5963 
16183 23753 
20839 21666 
18685 21439 
18419 19943 
11610 23061 
15691 15843 
20329 22661 
9166 24069 
14266 24972 
15385 23913 
17909 23413 
11012 20276 
11092 23194 
20801 24557 
12525 20425 
8186 18357 
5266 14840 
12535 22421 
105 18084 
10625 22601 
715 974 
2036 13508 
9315 15074 
4116 22551 
19731 24321 
5281 8588 
19286 21337 
13489 14738 
15841 22964 
12820 22725 
15000 18469 
12761 21075 
17897 21819 
10062 12102 
10040 10287 
5025 8696 
1012 13207 
23340 24309 
1075 6198 
21172 24561 
18826 23032 
20519 23459 
6434 22685 
17859 24384 
2410 16987 
15363 20006 
5639 7829 
11312 17310 
341 2286 
21253 24706 
5546 7614 
15513 19673 
14331 24837 
22745 24076 
19917 24824 
23601 24287 
11787 12217 
16035 23182 
5051 21613 
15345 22892 
10890 19747 
10793 14311 
5863 23802 
2942 21508 
12403 15980 
2923 12895 
6451 24505 
16001 18189 
1645 10691 
15168 21716 
19190 20890 
22659 23534 
4651 13332 
8932 16561 
19120 21550 
13069 14253 
17600 22273 
8518 23111 
348 13885 
22973 24047 
11496 17009 
6640 13227 
14344 24123 
15252 17992 
4285 8999 
5477 23071 
1357 23755 
18461 23540 
5369 7317 
9169 21969 
20642 23445 
22151 23762 
10020 16794 
14174 14679 
5612 11053 
19802 20918 
22359 22545 
7377 8100 
11968 24280 
6411 10260 
19680 21203 
13333 24294 
1240 15329 
10845 13609 
1214 6301 
7338 19714 
6975 11592 
14820 14857 
2696 24033 
161 7682 
5495 12752 
6499 6798 
3920 18009 
18292 18495 
13227 17640 
5318 10349 
3676 3848 
11829 22339 
23572 24525 
22359 23243 
5309 14846 
14698 17775 
4510 15864 
10928 21627 
24066 24080 
3298 9009 
1690 20886 
3812 19724 
23358 24889 
5968 16115 
24812 24917 
21847 24459 
4486 4707 
7408 8800 
10012 20135 
1685 19615 
6219 8643 
1436 11187 
4723 14679 
8608 18630 
10860 19258 
12069 21591 
3227 6341 
5761 10132 
10708 24757 
18416 21862 
16635 20201 
21922 22088 
5317 18458 
15938 18025 
20099 21113 
7373 16727 
19104 24017 
10498 15524 
6649 23883 
3949 7192 
14314 19568 
6744 16983 
4247 7527 
14068 14889 
992 3014 
3188 24172 
19774 20356 
2569 15413 
4375 14882 
21184 24829 
1284 6924 
13011 17112 
22872 24563 
8609 20332 
15528 19857 
10504 20241 
20673 20897 
178 3648 
11502 21564 
18823 24723 
3770 15613 
20424 21316 
7629 17447 
13586 15961 
5842 6886 
12356 15284 
2040 15815 
5867 15991 
14273 22095 
12613 22937 
13950 15567 
11903 12601 
889 18756 
9782 11149 
22820 22934 
20024 24462 
23549 23702 
20193 20589 
1277 22609 
1820 21332 
3120 4044 
18520 19316 
618 9269 
4703 24538 
18688 18985 
19277 21361 
700 4663 
10437 21319 
20569 22647 
10004 19097 
5233 9285 
13635 23886 
8990 23886 
7465 8683 
630 9606 
7986 12331 
3366 5123 
8328 19838 
15321 22864 
897 7611 
19636 23594 
19856 20640 
11618 14768 
15646 17585 
17426 17636 
24793 24902 
15995 19250 
10716 24857 
23093 23485 
18552 21345 
10518 24830 
21424 21833 
23007 23828 
16902 22684 
19025 19139 
20981 21855 
20484 23650 
17860 23109 
16106 19704 
3606 23476 
9444 22603 
2832 12867 
14984 24406 
8233 14804 
16720 18121 
4050 7688 
8244 9406 
23971 24388 
23154 24009 
18208 24273 
17991 23598 
24934 24947 
22999 23504 
16110 17354 
17877 22530 
11144 19894 
23761 24956 
3354 22957 
17057 18262 
20680 20779 
647 2359 
23875 24209 
23789 24390 
16589 22115 
12302 21232 
4594 9428 
20779 23392 
2188 11931 
6564 14711 
10380 11058 
19873 20229 
1192 19837 
24380 24773 
24039 24901 
16171 21542 
23725 24661 
1160 20178 
3211 3867 
14202 17973 
10452 22570 
2927 16152 
9148 15332 
1451 4336 
21397 22099 
13739 20677 
11357 17964 
18551 21015 
21297 23525 
2748 20601 
18730 20640 
19871 21275 
23717 24861 
21350 23562 
7896 23325 
14146 24721 
5165 15220 
6935 19491 
15967 17159 
20550 24482 
10993 19379 
20947 24272 
5052 5085 
8483 9211 
13882 17436 
14917 23333 
17070 21524 
6608 24433 
20726 21402 
6507 7992 
8452 15225 
3994 4928 
13499 23112 
20097 24490 
19995 24871 
7140 13192 
19056 24784 
10525 11226 
12793 24821 
10189 22302 
7785 9071 
9479 23580 
9505 20083 
5155 9676 
15151 24894 
21459 24357 
9953 10046 
14653 16581 
2859 4710 
24528 24544 
825 23842 
20293 23898 
15143 23914 
12133 14956 
2324 8313 
7411 7418 
24808 24922 
7696 22117 
21282 23568 
12378 21453 
13136 23644 
5654 20621 
16290 19629 
24488 24625 
15989 16063 
19351 24419 
4856 20714 
16480 23713 
19244 23710 
3233 4101 
23778 24812 
392 19124 
18498 20172 
20167 22995 
16783 19209 
2322 6265 
22095 23763 
6827 22618 
11544 17552 
17868 21775 
3686 20275 
9689 12185 
16412 24540 
2946 10744 
17770 23080 
2527 14695 
5943 16845 
3601 23475 
7800 20081 
5592 19634 
7479 10489 
5538 23207 
19407 19819 
20711 21571 
2432 14775 
21710 24625 
6198 16732 
16760 20587 
11954 15219 
19185 24635 
18878 20770 
15335 20063 
19241 21142 
9133 20167 
3114 6446 
6601 14744 
23397 24254 
20218 22091 
4344 14589 
84 10189 
20568 23974 
22376 22678 
12867 17947 
11124 22163 
20108 22330 
14880 23066 
19120 23683 
22849 24940 
3754 20903 
17932 23760 
22831 22854 
23803 24576 
6033 21265 
9295 24837 
17909 21784 
15048 17805 
10751 17218 
11233 11605 
24727 24821 
16804 21498 
9418 9757 
9483 13477 
16423 23549 
3042 4221 
19396 22820 
16033 16122 
8473 16112 
2759 10066 
19043 20456 
4664 16577 
16933 23200 
9649 13161 
3399 23559 
5002 20936 
9005 16521 
16153 22921 
23172 24647 
23839 24772 
4028 21058 
21021 24536 
7524 14555 
16415 19025 
6620 14080 
16992 18812 
21599 23801 
3839 15225 
7419 14186 
12052 13540 
17001 20246 
21204 24380 
1990 24234 
14084 15233 
8058 22075 
104 11784 
17681 19765 
13151 19575 
24225 24656 
19188 22944 
13580 16641 
22389 23081 
22459 24770 
10663 22854 
9933 13530 
24008 24460 
24423 24461 
17044 22120 
36 7563 
14975 22100 
16697 24143 
18315 24602 
13877 17775 
5915 13540 
18066 23499 
10500 11653 
10754 23064 
9634 22371 
10134 14570 
13352 22288 
7621 16132 
13156 23861 
24508 24630 
14966 23860 
11613 20173 
2396 6989 
3748 14171 
6862 20350 
13804 21674 
19898 23733 
5623 20534 
889 16381 
1298 24376 
20917 22531 
6911 21012 
21693 24620 
20469 24436 
6817 13581 
14319 22726 
6465 11879 
7783 8677 
16114 22602 
3025 9562 
7731 14642 
9467 19834 
11018 13860 
14958 16684 
23097 23100 
16495 24797 
16034 20632 
6332 19350 
16428 24337 
17919 22348 
11080 20313 
12895 14790 
13974 16016 
7664 13824 
23419 24405 
18378 18534 
14919 19843 
12174 14712 
15321 22346 
6304 7532 
221 12986 
9282 9714 
18313 24320 
12138 20344 
10109 24664 
23803 24269 
12413 18348 
11348 17327 
15112 23669 
171 16380 
11143 12338 
23212 24200 
5069 17594 
20054 22817 
6918 7136 
2167 11031 
3289 14551 
1826 14650 
13067 14384 
4857 9337 
2585 3950 
18464 23837 
2276 12387 
6861 18664 
5017 15542 
18147 23409 
13593 15372 
6278 24259 
23361 23648 
5008 16265 
23083 24996 
16349 20105 
5247 15884 
2050 24167 
21021 23361 
4962 7056 
7326 9798 
5885 24185 
10677 22592 
24910 24973 
12251 23443 
2844 5134 
14819 19462 
18580 19911 
9793 16361 
3066 9062 
14085 19090 
18534 22015 
17277 23811 
14944 15227 
387 14939 
18662 22188 
687 16228 
18331 21903 
22005 23373 
21244 22446 
8505 16042 
11072 20265 
12941 23434 
1893 23749 
13558 19141 
8023 10320 
11373 19334 
15136 20968 
19630 22284 
14055 22092 
1252 13953 
8999 23293 
437 5523 
2600 14988 
7209 12761 
15477 16573 
10095 18989 
21131 21634 
16131 17118 
2433 14962 
17712 24646 
22132 23604 
3619 8038 
9703 20694 
15254 24941 
19269 21863 
19411 20082 
3716 17893 
18781 19812 
264 5910 
13756 15478 
6533 10540 
20432 20724 
15242 15772 
22120 22556 
187 14295 
14253 18268 
4726 24600 
16325 21622 
11687 15252 
1103 3218 
11256 21601 
5235 14938 
11854 22825 
17731 24787 
18013 24336 
579 2607 
11092 18691 
13202 20777 
11014 13892 
17304 18273 
6332 16046 
22793 23273 
1313 7620 
17985 20633 
15205 16715 
9986 14349 
23240 23555 
18835 21496 
8056 14648 
17632 22967 
12017 12557 
12173 23765 
18344 21886 
10587 16164 
13184 13420 
14910 19196 
10745 11695 
11844 13120 
2178 23640 
11196 15434 
23813 24481 
13314 16427 
4603 17816 
1850 23197 
1598 17848 
21425 23415 
10143 19348 
19243 21269 
12991 19528 
24753 24809 
9239 16297 
13521 20156 
13011 18888 
21235 23492 
8024 12684 
24200 24534 
20288 20612 
17876 20295 
1847 12136 
11222 11789 
16841 19827 
2427 18695 
23255 24207 
20605 20640 
15654 20156 
18109 21831 
23629 24253 
986 14589 
15691 19854 
4817 23072 
14167 15776 
22278 23870 
16803 18051 
24059 24147 
24452 24909 
6720 24397 
17351 21762 
19045 20101 
23500 24448 
4111 8805 
24730 24920 
1231 6764 
12947 17222 
14708 23025 
23989 24403 
2363 5352 
9459 15915 
1010 18430 
20894 21344 
14669 17776 
3965 21058 
16662 17007 
17791 22917 
22422 23412 
21482 22317 
24642 24915 
16871 21912 
2636 4165 
22309 24995 
11615 22785 
7407 11598 
9852 15136 
10213 19549 
14981 22023 
11221 14984 
2721 24190 
5415 6195 
18898 23220 
23827 24152 
4511 11351 
4006 4211 
11537 22504 
14220 14446 
3057 5495 
20643 23568 
10082 20648 
4878 17194 
7695 8979 
11802 18354 
14180 17445 
16297 22521 
14560 17228 
22862 24663 
3165 24585 
16106 24413 
21183 23144 
14677 15775 
108 13331 
21517 23427 
1246 20051 
21406 23931 
11011 13679 
21573 23335 
10515 16296 
12089 23966 
23866 24886 
10335 21783 
23861 24202 
7620 17083 
16004 17742 
22381 22576 
1627 2142 
19839 24119 
23110 23888 
1447 7701 
24195 24926 
24550 24760 
2154 16033 
21804 21853 
6908 7627 
18574 24069 
15195 24698 
24158 24668 
15340 22735 
20596 21378 
17546 19261 
18486 22321 
16991 24086 
169 7670 
5978 14989 
16437 16715 
11438 13812 
7393 19449 
12067 22229 
23728 24295 
7640 15191 
17279 19539 
21789 24482 
7183 18455 
21014 23497 
16278 22340 
23172 23917 
20164 20688 
21804 24858 
23266 24152 
23360 24890 
701 16978 
5236 11378 
15097 18430 
19245 20233 
20243 21103 
11081 15663 
23397 24937 
19446 24482 
13957 23384 
6842 21682 
10022 15976 
24061 24560 
15349 22385 
15515 20452 
6822 7699 
9334 18077 
13426 16406 
15874 18268 
166 8953 
21913 24764 
23378 24212 
15187 21768 
15204 16888 
14937 18695 
444 9132 
5404 17972 
458 14424 
468 2286 
21538 22776 
5703 22613 
7178 20965 
23780 24971 
9607 13640 
3253 19716 
19048 22806 
22518 24182 
23293 23696 
14521 18158 
5858 7717 
19163 23034 
6068 11702 
1268 15921 
16395 19353 
8192 9440 
6167 12040 
10200 13069 
3139 14521 
22238 22393 
1018 11543 
24001 24121 
20325 23765 
16564 19884 
18033 24570 
14270 15232 
19090 21764 
15726 17138 
24931 24956 
24026 24930 
5794 10203 
16741 24728 
21167 23969 
2285 9499 
9919 15006 
3 7136 
15779 16043 
11793 12452 
2989 12337 
18030 19410 
22630 24358 
14487 20263 
6087 11105 
2797 3922 
7664 21046 
9671 15169 
883 3905 
2652 11820 
13327 19011 
19063 22546 
7020 13895 
17677 24966 
10099 21120 
18769 19567 
8789 21274 
17719 18847 
12516 12766 
24660 24932 
16127 21509 
3198 9107 
5213 14435 
9078 12441 
17700 20777 
14618 18077 
23173 24706 
5760 16019 
16837 20386 
15889 17148 
19866 21576 
8080 19936 
5114 17464 
21260 23744 
2347 15391 
14460 15520 
6807 17123 
14846 17740 
9460 10509 
10687 13976 
3951 5417 
20863 23090 
22650 23346 
10922 24773 
14267 22455 
9828 10341 
14949 23093 
21689 24389 
7928 11947 
22024 23363 
11658 23535 
7322 10609 
5052 16246 
11991 21061 
22298 24251 
23811 24492 
22460 23432 
681 17716 
24366 24780 
436 3676 
14527 22260 
24242 24958 
6506 10489 
12363 18398 
14135 19549 
9011 10674 
16973 17062 
14814 23661 
21370 22431 
5554 9816 
19376 23192 
22699 23471 
12156 21340 
15716 24526 
14596 16685 
17467 18830 
14730 15521 
14334 24593 
11645 13347 
376 18445 
2494 12193 
11723 24775 
13695 18262 
16853 18797 
17341 22233 
17360 20169 
15389 22080 
15875 21699 
4428 7479 
19170 23846 
18767 20995 
3137 5489 
10613 13062 
3797 5696 
14566 22659 
3628 9312 
5770 7456 
9176 11373 
7933 13068 
8114 18718 
20524 22948 
9840 11515 
23717 23760 
4029 6834 
1972 8016 
2369 18162 
2023 16345 
3498 10484 
12870 21801 
3751 7289 
15120 17010 
21312 24086 
13131 17893 
20035 23651 
6760 24383 
12843 15310 
20035 24899 
11617 12516 
3603 12792 
2695 4079 
10567 16133 
14013 19285 
12588 12754 
16884 21564 
4033 7397 
1671 18455 
19407 19764 
16210 17490 
1506 5684 
9497 22487 
2631 2985 
14710 22731 
2432 2870 
6404 23117 
17287 21239 
10181 11902 
2698 14184 
8225 24117 
17180 21603 
7679 8147 
18988 19267 
776 4748 
7488 20267 
24927 24986 
7992 12193 
5711 12336 
576 19119 
1770 2618 
7504 9284 
18480 22235 
2551 2961 
17767 24600 
14373 20747 
1647 23754 
21296 23740 
29 10379 
11683 22875 
14636 18811 
18684 19111 
1028 14845 
17547 20484 
9944 19694 
2238 20752 
4417 11996 
9621 18509 
13967 24709 
351 12105 
13232 19534 
693 22138 
15543 17775 
1701 13095 
4769 9276 
18298 23139 
14232 17913 
24279 24641 
3055 24531 
3402 15606 
9136 16594 
14253 24897 
4372 9467 
16358 20120 
17562 24280 
1683 7042 
19498 23801 
6560 7564 
14962 17863 
2833 9314 
11485 16125 
18403 18474 
6384 10545 
12478 24135 
10846 13767 
64 24921 
13070 13216 
5152 23866 
22976 24247 
11834 16499 
16209 22987 
24056 24281 
19217 22697 
14164 20871 
2416 16606 
13240 13737 
388 19981 
7391 9269 
20634 23622 
1273 22635 
24090 24278 
22536 22791 
7702 8905 
21232 24085 
23167 23693 
11008 24214 
2757 22729 
6762 7888 
18618 21637 
4200 20577 
3328 13149 
24421 24426 
23332 23743 
2321 16508 
18855 24434 
11725 21254 
4032 11688 
11146 17341 
4998 6013 
21878 22223 
14780 16526 
15052 22319 
3537 9295 
15156 21572 
4657 24056 
1005 6791 
5787 10429 
8180 16226 
5902 13918 
1117 13565 
3262 17664 
9290 12874 
16313 17596 
16816 22950 
9178 20016 
1576 18366 
10038 21372 
5883 14129 
17529 23822 
11354 12105 
19521 19892 
21535 22109 
1395 18505 
8229 15168 
8235 10919 
9912 23741 
10855 24250 
15457 21821 
9204 17447 
18431 20807 
13042 23121 
15973 24805 
18647 23854 
18811 23165 
20132 22698 
24650 24862 
13491 21152 
10122 19239 
21153 22259 
3661 4799 
17490 19546 
4496 12231 
8259 13255 
14948 18783 
1240 3083 
11878 16444 
21163 23847 
23810 24021 
1786 14071 
8616 14189 
23101 24593 
3984 20748 
10939 15453 
14326 19914 
18314 19847 
6369 19611 
2864 14232 
970 20993 
14430 20443 
6067 15593 
4376 16618 
3138 17455 
1495 5547 
2657 21684 
13194 13580 
11000 18299 
15235 22655 
7413 19432 
24475 24658 
2037 20203 
18 23952 
12605 19556 
8919 10440 
12333 18411 
13402 22484 
19060 24842 
5511 21757 
3872 8264 
13295 24139 
6622 9901 
15686 18610 
19034 21569 
18707 19074 
11784 17427 
23728 24575 
15295 18549 
19867 24074 
17839 19474 
237 18378 
18058 18254 
23581 23839 
1821 2809 
22866 23370 
11783 15889 
23823 24542 
16035 22635 
11989 18684 
8682 11919 
17909 21875 
7646 8576 
7642 14057 
16262 20123 
10958 23062 
14909 16035 
5105 7305 
809 7806 
1436 24421 
5106 17242 
11196 23001 
2065 17849 
24814 24842 
12154 21733 
3035 22722 
16455 21641 
3421 17484 
11821 20921 
9802 14866 
4934 5194 
6122 15102 
21056 24049 
18397 21919 
6960 16912 
20714 20727 
4451 7607 
8761 10073 
15764 24849 
15475 23203 
14169 19119 
10580 18916 
12497 23805 
15644 22507 
16980 20828 
16626 22217 
10058 16594 
23255 23580 
671 7020 
1514 14099 
19164 19343 
21936 24240 
1277 24003 
6042 13790 
18204 23719 
15682 22994 
17435 24998 
20159 24499 
15797 21013 
4892 11111 
10026 10722 
16521 20608 
22801 23068 
2258 22142 
16534 19215 
16179 18193 
19550 23960 
7344 21691 
5457 11246 
361 20628 
1982 10580 
24840 24982 
5154 24802 
23990 24971 
12157 13216 
23612 24058 
14996 22981 
10904 12484 
2511 20159 
12347 15268 
19416 20844 
16510 16895 
10410 18678 
12606 16637 
22442 22630 
15028 23698 
23228 24259 
5664 22819 
3002 15897 
7430 20162 
3674 24360 
5191 22236 
2194 18147 
21311 23951 
1226 19904 
21022 24868 
20170 21629 
9389 23718 
9556 15615 
18580 22739 
14009 14522 
15493 20035 
10403 23387 
16761 18312 
6303 18006 
17326 19173 
24782 24828 
7221 21257 
23741 24845 
22352 22604 
17215 24545 
5881 20429 
4554 12433 
13345 13521 
19712 23917 
4909 18953 
23110 24481 
8629 10572 
10153 24584 
5819 9822 
7894 13168 
10071 18915 
17845 24712 
23495 24393 
19033 23997 
12602 17194 
21972 23089 
2230 13719 
3225 24763 
18665 21461 
24303 24457 
13853 15771 
6676 15827 
791 23385 
15799 21308 
2543 9587 
14689 17855 
3157 16196 
24874 24967 
23886 23984 
11356 18300 
21921 22167 
24414 24678 
23673 23922 
4327 5217 
21674 22114 
12695 19812 
13004 22427 
21759 24123 
7826 23294 
6559 7035 
14048 14064 
17789 24209 
16657 20359 
21070 23710 
19440 20263 
13073 24801 
15492 21150 
5826 23888 
8040 9633 
23826 24951 
15759 18971 
1567 22520 
11100 23048 
24863 24928 
22463 23059 
18084 21843 
11903 13965 
8827 11403 
6116 9406 
20264 23567 
16890 18062 
8535 13476 
24627 24712 
23322 24359 
4584 20457 
18930 24760 
10177 23046 
20725 21924 
11142 23110 
11067 13246 
960 24821 
17857 20144 
24430 24721 
16478 24112 
13363 13876 
1889 19955 
16965 19446 
15559 24114 
22604 23772 
23435 23949 
12305 21409 
11412 20119 
19974 23176 
1571 22715 
11210 20566 
2265 11953 
22576 23206 
16363 19736 
11794 19063 
16393 24039 
4016 21027 
23003 23462 
16841 19902 
22182 23632 
23455 24897 
16952 17310 
16217 16472 
9586 23338 
13663 17851 
21240 24110 
11010 24247 
4522 21078 
8015 11663 
2085 19302 
695 15648 
17336 20440 
14879 15947 
4646 9828 
16262 16567 
4860 7612 
18022 18049 
81 9264 
19425 23645 
9128 20691 
9509 23077 
7491 14747 
4616 22626 
3944 24518 
22662 23545 
15242 17784 
12724 23111 
10666 21755 
23461 23721 
20521 24695 
14176 17187 
8101 19445 
3996 4781 
10665 24700 
13501 17038 
3641 15652 
11047 17844 
20791 22046 
10032 15653 
13833 21563 
22620 24274 
21275 21683 
8260 8826 
16688 18173 
24000 24895 
842 13000 
7337 23422 
21309 23254 
15000 23724 
24612 24877 
16590 16792 
20483 21020 
5684 10499 
21707 24808 
3235 13023 
4357 8700 
20709 24573 
24688 24950 
9425 11358 
19068 23888 
17381 21209 
11300 11336 
23043 23688 
17998 24170 
3699 22269 
14102 21160 
11774 16235 
3160 9725 
10717 12169 
12653 18092 
5732 16408 
8520 24131 
24590 24883 
17548 21704 
14568 19106 
13042 14935 
4864 14281 
13656 16626 
15927 17807 
12727 23342 
7846 17279 
24334 24973 
10905 12512 
13094 19250 
10289 12964 
16196 24026 
11262 15919 
14218 19779 
1141 8471 
18113 23473 
9026 16132 
11005 20759 
18144 18375 
18286 21637 
11341 22281 
13040 23163 
7570 16026 
1282 19400 
18158 19433 
21295 22211 
8836 14003 
16656 18019 
23421 24241 
22132 23829 
1526 15475 
9509 9932 
18243 18616 
13205 24639 
21893 24600 
13825 20511 
13048 19059 
22031 23678 
9309 19925 
9869 10822 
8776 23552 
23813 24715 
2346 20283 
21984 24733 
563 17155 
20231 20855 
1769 2558 
9399 18361 
6645 12586 
11853 21561 
5271 20272 
4196 16580 
24993 24993 
3372 21448 
4912 15786 
21373 21862 
10032 20606 
5380 10331 
19360 20484 
13366 14307 
20630 21614 
8269 16672 
504 16404 
8460 16099 
13713 15171 
23785 23875 
18530 18878 
14048 15901 
17949 21104 
6534 21341 
17462 22069 
11935 23941 
18918 19759 
15338 19206 
13650 23802 
13002 15741 
18691 24071 
5749 9767 
21114 23386 
18589 20319 
3320 12775 
18643 21238 
18920 21962 
18293 18991 
5776 22026 
14238 20713 
5146 11249 
2292 17949 
5563 23768 
20008 24977 
23935 24200 
171 5368 
6231 11999 
16027 17447 
14898 15544 
7647 9381 
4746 15329 
24703 24903 
800 15876 
10300 21809 
21987 24760 
10536 10985 
1253 22362 
633 22763 
5020 17923 
22640 24561 
289 18645 
399 4616 
3213 11419 
16221 22771 
23316 24159 
18554 19911 
4252 21802 
20788 24353 
17020 20589 
15340 15759 
6620 12921 
14710 18320 
13067 24858 
14009 19093 
13949 18183 
2417 12816 
23700 24538 
20217 24249 
118 1514 
21487 23287 
19731 21179 
9758 12232 
12754 14950 
4596 7624 
19407 22936 
20234 22220 
14632 17454 
3513 23222 
23519 24675 
16080 20009 
21851 22291 
20113 24549 
22154 22209 
11290 22245 
10531 24053 
1786 7755 
2030 9715 
5655 7693 
17101 19074 
13868 14645 
528 10472 
1039 10437 
23447 24347 
21440 24680 
17865 21987 
4436 6532 
19337 20761 
4957 17008 
83 22334 
11647 21468 
8016 18515 
13943 21350 
22994 24611 
22664 23726 
18739 20019 
537 4134 
24160 24933 
386 16476 
19179 23394 
5521 5687 
20558 21935 
3981 10252 
5363 11326 
10374 20635 
22261 22533 
18778 19867 
2766 13218 
21153 22969 
4683 18630 
22803 24622 
19525 23636 
12964 16123 
14741 17128 
24547 24933 
17669 20653 
5269 10684 
9929 19225 
9312 13532 
11203 12484 
7362 17684 
15444 24205 
15507 15942 
7724 17047 
8287 13512 
2556 5023 
19100 22890 
10568 17425 
1115 15521 
19526 20518 
23963 24236 
7212 8406 
12987 16755 
18077 20473 
2705 11325 
22123 22901 
9882 22581 
20098 24171 
5907 6603 
21246 22513 
8226 11613 
425 19975 
21997 23665 
13773 18547 
2775 5580 
19280 24371 
23439 23719 
5612 24117 
17860 19357 
3759 16129 
21036 22167 
1782 6256 
11630 20230 
2256 17071 
14303 15514 
1202 3567 
9678 17945 
8050 11547 
13203 14666 
7908 16417 
19566 19776 
24570 24902 
6355 23769 
20150 20848 
12404 17511 
15458 16928 
13947 16644 
5718 5781 
7960 13160 
548 19192 
20360 23931 
22491 24684 
3188 9543 
6913 14461 
20220 21624 
13754 21596 
24508 24793 
15515 20734 
6799 7144 
22871 23140 
18018 22416 
15656 17065 
21927 22593 
1124 24024 
5140 12465 
6112 22681 
3685 14497 
22931 23650 
16030 20311 
7626 8813 
22025 23716 
21368 23414 
6757 8871 
5864 24045 
4398 17348 
14040 14237 
1568 19720 
4299 5313 
2826 12232 
19395 24684 
9744 15082 
22139 23482 
2097 5199 
11650 18687 
13882 14968 
18539 19457 
24174 24614 
1533 7540 
19591 20427 
19575 20382 
17675 21088 
13766 22299 
9538 24200 
11659 22877 
1207 9163 
348 5549 
20988 23556 
1014 8011 
7065 7357 
14526 22180 
24742 24803 
16356 23926 
1802 7454 
9773 24064 
2329 9226 
22750 24085 
8505 11610 
10399 24220 
3226 24938 
12908 20522 
11672 20686 
3223 13363 
19327 22271 
19598 21149 
15497 24363 
9984 17712 
18827 20927 
18748 20137 
3332 9384 
15184 24649 
18338 22178 
16403 22023 
4926 18437 
14023 18915 
8508 9351 
4222 12767 
7902 13897 
692 18133 
2124 21100 
18768 22018 
5651 15369 
15418 21120 
24201 24975 
17245 19746 
14547 17490 
12221 18725 
11131 11704 
11480 18273 
17120 22940 
4312 8722 
24227 24608 
22177 23086 
92 14138 
23781 24183 
13485 24413 
6284 14127 
411 22447 
19119 21944 
18565 22980 
6034 16552 
13837 24513 
21758 22523 
7264 9432 
7747 8883 
17669 24200 
22470 24375 
23254 23643 
12084 15644 
4454 17922 
8710 24172 
17233 21615 
4749 24705 
2037 6398 
22789 23866 
11043 16576 
20016 24480 
15165 20249 
22207 23667 
23010 24239 
22343 23356 
4158 22810 
22502 23824 
16332 18820 
7498 10830 
10173 14638 
13577 15594 
18403 19837 
18638 20949 
420 1841 
22658 23251 
24103 24584 
5589 22545 
23624 23889 
8665 14761 
16302 19933 
23128 24639 
11064 24406 
19270 23882 
6953 24962 
4631 19320 
22587 23453 
1314 15193 
3110 12326 
17641 24412 
15768 18068 
8347 10773 
15675 19860 
10246 12901 
4273 9538 
2549 15248 
10762 18377 
24890 24913 
17363 24768 
9053 18132 
15947 18854 
9395 10133 
7718 22013 
13200 17927 
2915 2960 
17971 21424 
907 2222 
11573 14352 
6427 24171 
7734 15117 
24459 24481 
17690 18878 
20498 22934 
13110 22327 
16363 21884 
8546 14507 
12000 15503 
12032 23286 
12914 24288 
21281 24048 
10774 14200 
17700 24914 
5204 12839 
17217 24627 
18041 22039 
19260 19580 
19774 23219 
1132 2373 
4768 20364 
16981 21584 
3522 23869 
11995 15703 
12285 20614 
694 10429 
16868 18611 
23875 23939 
6525 10475 
9806 17262 
22388 24377 
14566 18286 
22249 24572 
10758 13480 
865 9062 
11839 18260 
8873 9911 
19502 22314 
6849 24089 
19674 20254 
15799 18083 
23843 23847 
3742 10263 
18595 22073 
1207 6197 
6562 18927 
12202 14977 
7290 20483 
17878 21240 
17154 17670 
5569 21891 
13953 15889 
11614 14918 
6766 10082 
801 6882 
15994 24042 
11770 23213 
8136 22334 
13926 19419 
12941 14970 
6224 18151 
22849 24488 
14010 19304 
5357 9433 
19665 21547 
16925 17583 
1321 5724 
3322 7869 
12821 19365 
24963 24993 
20367 21960 
13166 24075 
14961 19024 
11475 11488 
3590 20671 
12633 17521 
4462 7658 
16976 22431 
5470 23515 
6870 8980 
5801 18758 
3203 6355 
17010 18885 
10672 20932 
1617 2330 
3303 18936 
11655 24739 
24902 24984 
13754 17245 
22562 22867 
241 11306 
7966 13172 
24057 24091 
16078 23989 
4415 22739 
20500 22197 
22276 23478 
16999 20688 
13267 15095 
14786 16491 
13222 18880 
3058 9215 
21220 21768 
24853 24950 
4745 8725 
19059 19763 
14042 23566 
23876 24483 
21189 22351 
8208 13491 
18241 18287 
12670 20977 
14398 23359 
16543 24938 
18349 24876 
2236 14529 
3310 16177 
2344 18334 
22169 24798 
10550 14601 
1808 17505 
2762 20554 
18373 22944 
21436 24307 
22453 24538 
2361 23918 
7736 12805 
22406 23796 
7476 8308 
10885 20507 
8761 18159 
12817 21244 
15760 17420 
11613 21593 
16142 17039 
17813 19492 
9273 12238 
18478 24330 
14775 20745 
1623 18263 
15868 17768 
679 19251 
23911 24088 
17515 21304 
23039 23870 
24384 24546 
22798 23086 
18351 22650 
3852 6639 
15396 24194 
6632 23704 
2318 10995 
7164 11508 
2464 19682 
10940 18053 
568 22328 
12940 13242 
7453 17663 
10394 14368 
23440 24436 
18015 22762 
320 18645 
9759 12499 
2911 19768 
10038 23647 
72 5157 
16658 23355 
18327 23430 
18411 20079 
22564 24565 
24117 24751 
24050 24121 
17174 23103 
4493 6534 
8908 18798 
14690 21446 
20120 23355 
7192 7951 
21397 22690 
22804 22827 
3352 22598 
5409 19330 
15 18194 
15225 23868 
9138 21571 
8499 9962 
1036 11780 
291 19678 
17519 19059 
8385 18079 
6215 12758 
4660 8123 
20525 21594 
13205 23001 
24362 24884 
17560 20194 
15169 21918 
11779 16943 
23911 24164 
5917 20968 
16667 23842 
8145 24119 
10150 18171 
23975 24404 
7796 16433 
4176 16698 
10228 24492 
18977 24009 
21680 24269 
21906 23647 
24955 24971 
3248 16944 
13356 14224 
16727 19202 
1734 7458 
3104 22114 
15337 23292 
3183 7112 
7470 15268 
14805 20566 
3240 12228 
16289 21489 
16243 18937 
9734 23910 
6111 11004 
816 11184 
4219 24682 
22251 23076 
7462 24826 
19990 22887 
16989 17704 
24973 24994 
466 6850 
8183 18518 
18758 24096 
21482 23048 
21802 24827 
5586 23995 
4423 16849 
14261 17475 
14920 21641 
20746 22299 
16403 24346 
3731 14449 
1511 17390 
11377 15071 
15815 19709 
8729 22662 
14874 17965 
9715 22095 
19102 24064 
19266 23693 
23184 24525 
15769 19313 
22653 24141 
4121 22494 
17210 19957 
11014 13694 
20184 23301 
1486 22002 
16664 21027 
16417 22916 
5206 12964 
12551 20278 
13688 21399 
8221 9218 
21230 21495 
6345 16986 
1468 14339 
4518 12354 
2615 7415 
13095 17238 
21477 22102 
6138 18273 
7690 23371 
23986 24899 
3084 8039 
8363 17933 
21340 21825 
8646 12370 
20530 23350 
20875 22803 
8425 23950 
12064 20392 
16501 22694 
17479 19339 
15168 23731 
2020 15753 
16312 19153 
24257 24314 
13155 22850 
17764 21253 
21884 22330 
20499 23652 
15636 20114 
18363 24065 
19484 22444 
24912 24951 
18986 21143 
13712 14070 
18303 19526 
13656 20534 
15750 17454 
9647 17070 
14978 22031 
20246 22852 
21715 24935 
7655 9891 
17008 20398 
14164 23881 
19125 19432 
3649 8634 
10605 17116 
19282 20312 
21900 23233 
20979 22294 
19187 24809 
6546 8927 
1051 18074 
8698 17301 
6082 16871 
24547 24907 
1141 11251 
17760 23613 
5800 18495 
8635 22915 
6851 13592 
16092 19684 
22252 24537 
4393 9115 
11844 12031 
19675 19939 
7328 24754 
21992 23740 
20056 20685 
22534 24058 
3737 7493 
3451 21614 
5450 7592 
19917 23055 
7678 14175 
18197 24302 
12394 18497 
5684 7109 
19010 23792 
791 21505 
13879 16501 
19854 21258 
17214 20497 
4751 16130 
11166 15465 
3917 21950 
14986 17310 
18632 24844 
4050 8903 
2768 18017 
22631 24265 
23604 24020 
24236 24769 
8972 16194 
4816 12833 
23786 24086 
13734 20004 
4263 23876 
9192 12518 
6693 17050 
10175 24619 
8278 23492 
17062 20954 
4579 7065 
5950 24411 
10579 16395 
17518 18046 
4725 22105 
11726 19666 
1215 4430 
3512 7916 
296 13342 
9915 10806 
14402 18064 
10041 15822 
12684 15888 
8548 19380 
20564 22536 
14632 16696 
17730 21302 
10894 16896 
17521 24258 
24736 24976 
17761 20965 
21336 22240 
1854 19104 
16453 21139 
23335 23790 
12623 24384 
11140 11438 
3544 6899 
18782 19630 
537 15472 
5712 17420 
1234 19397 
5813 8839 
22926 23362 
15331 18237 
1176 15697 
24324 24716 
9272 12548 
14754 19721 
2277 19688 
742 10668 
1582 12941 
18776 20882 
5557 19766 
204 18110 
15271 24678 
4483 14341 
20257 22835 
6592 21364 
18880 22722 
20236 23318 
4040 9777 
199 22620 
23441 23442 
3061 18243 
23231 24544 
18660 22048 
18720 22234 
21528 21922 
695 23007 
8027 23165 
6856 22908 
16054 16811 
3284 5966 
3492 15949 
10610 20119 
13859 18451 
5492 6429 
16706 21547 
16848 18987 
21137 24694 
15227 18413 
11926 17873 
10253 10581 
11574 23841 
9180 12762 
8510 8709 
12886 22458 
23954 24193 
10250 22284 
6893 17367 
3746 15823 
6851 24038 
20132 23978 
15836 22215 
9334 21686 
72 1605 
3554 19405 
6400 24076 
8631 21223 
6597 11223 
9726 24448 
23297 24552 
1996 23284 
1182 23659 
8101 10511 
4817 7721 
2800 11013 
14868 15145 
15795 21896 
24918 24964 
22855 23784 
24907 24934 
12808 19662 
20398 20880 
18126 20339 
10282 10750 
12119 17950 
6270 6807 
12249 19531 
13588 21556 
1503 8609 
24495 24839 
14917 18099 
22069 24684 
2418 5268 
15768 22694 
20390 22592 
14966 17539 
12017 22978 
4158 17364 
12930 18333 
13210 23472 
11141 15519 
461 1216 
15093 23012 
22452 23388 
15075 18212 
8092 8821 
19612 21845 
6401 18577 
11733 23146 
5793 18490 
3520 10552 
14869 21122 
16318 24483 
8937 21276 
11487 15668 
438 23619 
17147 18406 
8530 14401 
5491 15282 
14742 19784 
3431 3799 
2882 17970 
1963 10897 
12305 14441 
23869 23935 
24087 24544 
2408 17586 
19537 24875 
22321 23425 
15085 21162 
18531 23474 
10627 18853 
18787 24730 
11562 14278 
8957 16463 
13716 14918 
1320 2335 
22199 23545 
4176 16019 
12853 21229 
12696 21622 
23607 23744 
1877 4234 
17881 21480 
6218 13285 
23060 23703 
8437 22433 
12261 16174 
2867 20879 
5561 7735 
1550 7556 
17712 24093 
1492 4381 
12580 20253 
9863 23557 
5487 15410 
11665 23736 
2032 8127 
24108 24724 
10060 18168 
10134 23412 
21267 22891 
13501 13831 
7800 13131 
24523 24735 
23828 24055 
1600 4465 
10765 16509 
17008 22638 
18832 19008 
2664 10828 
19643 20414 
17721 20196 
942 7570 
17423 18138 
14687 15317 
8229 20010 
23732 23938 
9268 11628 
14493 18599 
16024 24464 
18745 20141 
24148 24312 
9924 13279 
18663 21213 
10749 12064 
11625 18818 
14596 17837 
239 15847 
22632 23299 
3085 16200 
21246 23117 
3833 17672 
3114 23792 
12015 22094 
22999 23424 
731 6650 
23821 24753 
8452 9018 
16110 16366 
16982 17146 
18527 19345 
4660 5957 
3040 11041 
1864 15271 
1156 17762 
2096 12851 
8841 21628 
22371 23123 
11438 11818 
20116 21552 
10054 11380 
22853 24197 
15706 23723 
5558 12408 
16944 21306 
12034 20827 
1192 9380 
4018 15821 
11680 19933 
2054 19709 
11188 17230 
20869 22353 
3811 10958 
15521 20196 
13388 14201 
5822 15758 
20367 24100 
15060 24081 
16294 22080 
5735 9876 
11675 19270 
12896 22151 
12110 20977 
13986 19210 
20015 21299 
3570 16756 
14671 24819 
12576 15947 
14566 17583 
15204 15353 
18109 18284 
21917 22795 
9050 24070 
23502 24657 
15768 16027 
1656 1917 
19329 22207 
22632 24728 
3604 18524 
19296 24096 
16190 21943 
6239 7042 
408 24753 
4196 23692 
21938 24509 
17403 22413 
7891 23749 
22664 23173 
11506 13314 
8874 15241 
1040 18152 
6930 9265 
12262 21635 
20467 23568 
1996 19674 
19912 20927 
18665 24779 
23922 24206 
10312 14300 
13601 16045 
8121 8621 
18954 19576 
22752 24510 
12850 19539 
10720 16568 
16767 22460 
2095 24883 
12235 13396 
9530 24279 
18522 19411 
5676 24515 
24119 24529 
14747 22858 
2032 3829 
6714 14820 
4581 7366 
24942 24993 
4686 13497 
6333 23211 
17272 23984 
11176 22092 
23807 23998 
19659 20195 
5190 12567 
8044 18426 
105 22254 
18769 20810 
12279 22505 
23505 24039 
18100 20029 
18726 23609 
21963 22550 
12608 22364 
9830 13305 
16242 20276 
18760 22903 
9309 9603 
3281 9513 
16083 23041 
23891 24414 
9256 12678 
2928 14777 
14995 15571 
23905 24817 
2376 21048 
24420 24476 
5912 22582 
20675 21688 
7491 14563 
14858 19321 
5841 13487 
14381 24375 
1917 6700 
17589 24303 
18443 24716 
13354 21851 
17862 19202 
3811 5358 
17288 17726 
10872 24630 
23196 23765 
10213 13022 
20655 23044 
21927 23801 
4828 7574 
14916 16961 
8305 19300 
21931 24724 
11706 14820 
11869 14028 
14864 17763 
2877 24070 
24936 24971 
15964 20698 
23150 24789 
24929 24967 
6451 13688 
1505 23517 
22522 24574 
5992 15068 
7017 17829 
22108 24872 
16136 17036 
2434 22367 
15306 16413 
15681 16999 
7899 10058 
17516 18380 
13878 14229 
2515 13940 
6946 20034 
21437 22031 
948 4756 
3794 23206 
12827 24768 
9608 22778 
11272 23887 
7836 21189 
1411 6886 
18461 24213 
11530 19577 
5711 10174 
24211 24538 
9541 14565 
24328 24599 
12915 23725 
16710 18824 
3272 14940 
17182 18062 
14068 22640 
7443 15203 
14154 19304 
879 8739 
17846 22799 
23614 24307 
22322 22413 
16733 21486 
21477 24279 
12047 15436 
21270 24080 
7730 17407 
12266 21714 
22060 23805 
24638 24783 
12305 21320 
22488 23449 
2612 7063 
1286 9554 
5364 11768 
2644 17832 
10740 20298 
2115 11360 
9091 19636 
4198 12114 
14097 19302 
21573 24111 
23646 23712 
12377 16795 
4191 6635 
16552 18491 
13699 21603 
2142 17120 
2779 22068 
9354 9933 
5292 22321 
17398 23557 
5659 13354 
16802 23053 
5039 22797 
16714 18653 
11884 24882 
14192 23169 
5974 17335 
18190 24284 
688 18153 
16472 20294 
9581 16082 
15537 20662 
2115 23255 
15027 24070 
17316 20037 
9168 15824 
12655 14278 
12749 21104 
14687 24106 
7286 13224 
19821 21557 
22867 23976 
13579 14728 
11295 18678 
8382 10792 
2108 21686 
15933 24820 
19172 20282 
10844 24293 
5802 20833 
10326 10636 
4584 13238 
5025 20288 
17112 19740 
9925 15329 
3681 21707 
24903 24914 
404 15378 
20165 24591 
14281 23089 
4073 11548 
12239 13301 
17475 22435 
2001 9454 
11188 22175 
18264 23167 
13270 21382 
334 8944 
937 10684 
12161 12788 
13983 18496 
2376 17226 
1373 21889 
13092 22046 
5784 10843 
11022 14000 
4643 14892 
7108 23187 
21865 24373 
20102 23774 
3413 12351 
16500 18950 
24221 24300 
10729 14788 
18790 19079 
15139 24694 
15173 19852 
23538 23814 
9558 16585 
18097 22686 
19198 21625 
7146 11304 
15669 24416 
22933 24053 
11553 24855 
18857 20783 
13029 19931 
4801 10891 
10620 10645 
22757 24397 
12409 18600 
194 196 
8648 14492 
5486 8546 
3937 4184 
8582 14607 
1938 16863 
13974 22989 
22402 24719 
17077 19740 
20420 23258 
1607 7676 
1230 1652 
4713 22516 
6054 24717 
12674 21301 
7088 11061 
18803 24604 
1995 8520 
20974 21305 
15258 17801 
4450 12298 
2648 8451 
12279 22120 
7086 14517 
5714 20282 
17953 18993 
5784 19858 
10878 22470 
2992 20499 
15357 16194 
12092 13765 
12043 22799 
21944 23440 
21590 23996 
4639 17891 
20818 24160 
13649 17942 
8807 13458 
5543 23354 
12018 14880 
5969 16305 
13026 21052 
15077 17215 
19411 21658 
8297 12669 
16301 18348 
16774 16890 
3250 19800 
8339 14614 
6446 7560 
13909 22605 
17998 22878 
14419 23115 
21285 24894 
6245 11509 
14184 21742 
17849 24183 
22693 24950 
2275 2926 
5263 18141 
651 24181 
10348 21812 
12563 14453 
7353 17110 
8429 18446 
13965 16774 
11962 16042 
10097 18783 
4250 19795 
10431 22968 
2035 23259 
13850 22078 
23166 23638 
10227 22866 
7224 20347 
10402 20273 
13917 21250 
21458 23783 
8729 19411 
17827 22181 
1873 22137 
4657 13295 
889 1452 
1240 14397 
2894 8575 
20565 24002 
3041 17762 
13177 15461 
944 12012 
10266 22102 
15560 17975 
23282 23789 
20606 22637 
19306 20039 
14888 24296 
247 10036 
9095 9734 
4204 9109 
6522 17249 
3836 9092 
13105 15782 
998 4470 
21957 22934 
9837 14872 
12578 16992 
11315 18071 
18129 23151 
18167 21348 
11186 13099 
11373 20254 
23152 24277 
4180 20939 
14448 16315 
20298 20379 
19274 19825 
16058 17528 
12947 23451 
7666 22537 
6477 12190 
19950 23560 
11147 14396 
18124 18186 
1513 15836 
14109 21108 
14959 23601 
1240 5299 
4048 22432 
2363 8160 
20741 22808 
1807 18842 
12375 15832 
10606 16051 
23191 24523 
19883 23474 
18025 23010 
2488 23804 
12651 19589 
9122 12956 
18251 23516 
24287 24597 
19919 23928 
23512 24628 
1648 4755 
15020 24362 
4297 14685 
1957 19832 
3561 18074 
22925 24824 
893 914 
12816 13991 
1796 9655 
24186 24243 
22402 24652 
16305 20411 
15632 19870 
15206 17591 
2051 2758 
22601 24276 
20794 21924 
16567 22503 
5650 9011 
13188 14156 
15134 16476 
4950 21278 
1661 23597 
1667 11359 
1212 20517 
22284 22529 
21023 24889 
10795 24150 
4958 14019 
9966 10349 
5787 17257 
18293 22911 
15845 22695 
7843 18909 
17458 23805 
757 19583 
21551 23026 
8254 20350 
9848 21825 
6517 23609 
24933 24974 
7624 15732 
20693 21030 
21592 21867 
3357 4469 
22482 24897 
4274 16820 
20130 24524 
8449 15241 
7627 15501 
11542 12747 
15013 22207 
24473 24853 
5895 22111 
20874 22579 
21849 24680 
15918 18633 
19128 22618 
6550 10719 
2627 7056 
17749 19752 
5682 21012 
2841 24691 
13148 21769 
11825 21641 
4112 6888 
8199 24987 
18651 21622 
6828 20361 
22330 22716 
18388 21666 
13791 20430 
18993 20417 
18572 23195 
4303 12440 
14910 18917 
19270 22223 
16312 21977 
16773 22110 
15701 23069 
22324 22790 
18998 19536 
12769 18087 
16257 17363 
13489 18700 
11781 17326 
23920 24107 
804 23309 
15233 15794 
17990 24956 
467 14767 
8981 22637 
19984 22322 
1311 2121 
16356 16996 
11405 18555 
6350 19980 
16890 24923 
24880 24998 
7460 22083 
9383 23393 
13043 22747 
4869 18514 
13049 19053 
5691 11470 
3149 10722 
24081 24381 
13754 21981 
4638 13975 
11191 22184 
14789 19929 
24582 24784 
5729 8227 
328 23886 
7019 20702 
16218 18311 
18689 21102 
11901 21568 
16393 17645 
17307 24737 
12934 19981 
18860 21056 
4483 9214 
1376 23393 
12686 18095 
11772 17819 
11190 12044 
9728 18802 
17629 23310 
21546 22114 
10138 23329 
23809 24951 
15904 17738 
4388 5138 
3321 4633 
2478 3130 
10578 12152 
13214 14375 
22066 24101 
9053 22220 
1844 18579 
2969 10681 
908 3991 
5974 11840 
537 23595 
2379 21480 
15928 19981 
1392 23008 
8076 13298 
365 1508 
16679 18931 
15599 20600 
12728 20167 
7965 9660 
11821 16475 
18305 18512 
7665 9121 
12922 16530 
24914 24955 
6967 23735 
9015 17720 
23933 24921 
24642 24779 
21673 22847 
6158 19670 
24861 24902 
19529 24167 
19614 22382 
24555 24821 
3514 9868 
16769 17257 
22029 24973 
1519 24508 
22898 23632 
9350 18200 
10963 12736 
983 11002 
3518 7850 
1633 3001 
3927 12256 
21425 24319 
24529 24917 
14071 15884 
22529 23784 
11688 17144 
22012 22571 
600 11290 
19543 19676 
24886 24910 
4921 12968 
23863 24360 
16761 22015 
12952 22865 
20088 21946 
12046 24475 
4177 9737 
18511 23655 
15497 22139 
13959 24388 
24009 24645 
21390 22059 
8027 9020 
4110 23611 
10343 17911 
16640 20322 
13958 20401 
2209 5178 
7487 21344 
19184 19659 
18550 24618 
15477 19074 
21201 24704 
21805 23615 
2882 3713 
20404 24950 
14036 24097 
24761 24981 
21705 24137 
6192 22966 
15241 18295 
9276 15262 
4568 14260 
2133 6624 
6020 15048 
13253 16869 
23909 24722 
23952 24534 
23500 23826 
305 2905 
18583 20715 
6369 18920 
24818 24844 
20322 23509 
6305 15073 
8425 13129 
22587 22811 
13731 23280 
2344 15591 
11918 17438 
22465 22604 
21657 24802 
16240 23707 
7154 12802 
15206 18813 
9101 19030 
19565 24472 
19391 23601 
12243 15861 
18403 20677 
511 4371 
1515 10192 
8333 14456 
21545 23673 
5191 21921 
24408 24784 
6928 23753 
20744 21844 
6830 20573 
14150 18186 
8211 21893 
18819 19057 
13266 15223 
14395 14937 
1521 22987 
3788 17003 
22821 24691 
1116 14078 
4725 19944 
6339 14943 
15363 21254 
9069 12996 
11194 14808 
979 13121 
16657 22630 
5332 9834 
5693 18925 
23017 23670 
619 18436 
7116 11627 
6946 11992 
13226 19853 
20350 21779 
11787 12010 
21331 23712 
19352 23177 
3298 24753 
2156 5998 
21121 24715 
10525 24036 
8511 22249 
13034 16701 
16804 20119 
13990 23276 
5313 9655 
18937 22242 
18091 22684 
18521 24987 
7200 16452 
17951 24768 
818 5232 
12290 13345 
10069 14279 
14292 17210 
19631 22919 
1441 21698 
23407 24544 
9787 14423 
1027 24696 
10581 13680 
4776 18959 
21935 24503 
18964 18993 
23090 23387 
16462 20655 
20441 23717 
21762 24336 
13129 17336 
10921 13328 
18048 19255 
21489 23751 
23417 24573 
2862 19801 
13234 18832 
22464 24807 
22658 23217 
23943 24985 
3338 18369 
19672 22463 
3113 19874 
3018 10057 
312 9509 
11265 24468 
3716 5943 
13288 14439 
11344 21146 
5730 21185 
10702 11705 
5582 16957 
8796 14613 
10035 21309 
17863 18788 
14103 16824 
2357 5487 
21597 23529 
11902 13978 
14913 19726 
8186 17543 
11211 14658 
14783 24882 
12173 16387 
7381 15806 
1390 18732 
11705 24433 
4464 24052 
3903 7380 
15180 19222 
17003 17005 
2064 5564 
6029 17825 
11555 16099 
6609 21670 
2656 23182 
19677 22550 
14152 15644 
4504 21664 
20376 21476 
1581 19798 
11680 20369 
9200 16393 
7784 8071 
3168 7318 
6659 11277 
13237 19459 
24760 24959 
11030 11372 
11734 18040 
20272 23359 
10675 14815 
15671 22342 
23379 23797 
1281 21469 
2442 13449 
24252 24544 
12344 23256 
1890 19043 
15813 18935 
19268 24633 
1225 19465 
19674 23047 
6232 19362 
16335 20083 
22104 22281 
5499 12145 
5567 15187 
2693 10696 
2558 3900 
23019 24308 
12271 17682 
16879 22101 
4571 15071 
2602 6112 
19826 24937 
9359 10243 
9414 24543 
23309 24846 
20740 22324 
16197 24689 
2565 23521 
9977 18459 
17323 20288 
17178 17512 
23282 23665 
23480 24476 
16534 18589 
9796 23984 
17087 23453 
1263 17878 
6433 7571 
23883 24388 
13430 23376 
19896 20519 
11708 21096 
12167 19566 
1168 4291 
7609 20557 
5043 6545 
24787 24931 
22510 23187 
15689 24446 
24600 24820 
7788 16669 
16487 21664 
6295 15327 
5290 13723 
8685 22859 
6926 18941 
7769 22745 
15570 18738 
13102 22268 
16041 24163 
8732 22709 
3831 4709 
19126 21805 
9164 19526 
18205 21028 
4877 18762 
9892 22648 
16882 18501 
5115 16898 
1217 22078 
1140 2209 
24670 24716 
13061 16882 
9770 11227 
6642 8672 
4816 10764 
6389 8778 
10223 12119 
212 17498 
10233 10717 
13338 19780 
7955 22037 
16953 24254 
4383 13709 
14606 18990 
8829 14936 
7627 12388 
2464 15281 
6614 22186 
4623 24176 
10721 12401 
17168 18202 
20023 20575 
5089 13411 
469 8764 
1185 5257 
14009 17164 
16154 21766 
2992 3323 
1573 17534 
10214 12361 
10112 16678 
18404 18831 
18707 22223 
798 24075 
6539 20899 
20479 24901 
19722 23977 
21714 21861 
24665 24917 
1084 15386 
18292 21506 
19098 19161 
21903 23839 
4130 11046 
6413 11188 
11941 20250 
2845 14051 
15026 24312 
21545 24879 
7924 10734 
3982 11852 
11325 21926 
23970 24757 
1783 6869 
18037 22874 
2353 23571 
24255 24338 
2239 9749 
8316 10237 
2606 15468 
15510 16535 
13754 16770 
16705 19221 
16719 19562 
10909 20272 
21136 24294 
11286 16103 
9867 13605 
5729 6826 
22828 24856 
481 14802 
17108 20868 
9215 9478 
20389 20627 
10236 20444 
23438 24246 
4084 12763 
22522 24609 
14263 15021 
3351 11155 
10325 23724 
537 21857 
9202 15724 
12591 13035 
17349 24809 
24044 24061 
22806 23174 
14116 21844 
13542 20311 
15346 21015 
3114 11657 
15850 17427 
21395 22924 
7975 11626 
160 987 
24145 24618 
24923 24957 
20108 24353 
18447 21664 
3931 14733 
17151 24096 
13826 18474 
8561 13383 
12982 22163 
12462 12578 
359 14523 
22210 22385 
8269 11162 
15254 19441 
11890 23230 
5710 14035 
13784 14110 
16815 20962 
6751 23123 
7486 21144 
9836 11664 
23179 23517 
24119 24811 
14794 19081 
23551 24815 
16663 24861 
10019 23106 
1477 23434 
7956 10383 
10514 13191 
8984 16417 
13197 23837 
10606 21628 
7573 10604 
2113 22381 
2810 19716 
8024 18325 
999 1448 
1655 14104 
19302 23259 
3808 22753 
22066 24846 
2361 18397 
14088 14690 
20416 24823 
17474 23306 
12617 14373 
4840 9003 
9087 19630 
6602 17248 
18197 22843 
21402 21755 
15377 20021 
23972 24055 
23333 24720 
3221 14866 
19829 23020 
16505 20348 
10689 22716 
4241 23891 
5981 24766 
14308 16718 
11536 21335 
19232 23852 
15227 24745 
8647 20085 
4151 18837 
20989 21305 
7335 13558 
23228 24276 
21187 24692 
4427 20911 
9493 14153 
8705 12444 
1417 22879 
16219 24465 
11875 20905 
15332 24750 
22677 24941 
5841 13054 
6289 18393 
24364 24556 
6817 8280 
2144 5574 
7154 12019 
4805 6626 
24759 24921 
14845 16715 
13143 15426 
5046 13365 
20322 23036 
7755 10934 
6886 24327 
23974 24396 
10086 20041 
18066 20457 
8212 23184 
10390 16929 
19459 22003 
12546 23734 
2327 14340 
5999 6623 
20063 22697 
13829 24173 
6431 16122 
19651 20198 
18066 21387 
22286 23314 
12343 16416 
14258 15756 
6676 21827 
7861 8081 
2665 22425 
18727 20049 
24978 24985 
21420 21846 
10033 19496 
3179 13455 
5826 7088 
9674 17819 
9124 10972 
4671 15697 
19746 21698 
13688 14312 
1889 5805 
14861 15857 
13602 18394 
2207 4497 
20498 23566 
12921 13326 
1001 19057 
2890 7766 
1059 23427 
8473 11343 
19535 24911 
15249 15838 
10857 16991 
9037 11324 
24558 24647 
5218 12477 
10415 13755 
2203 3454 
18264 21984 
6711 8339 
503 10720 
6485 21509 
14119 16041 
6929 18417 
20342 24792 
22073 22647 
18992 19527 
7337 12315 
3529 7491 
6317 7375 
287 24810 
1630 14953 
18336 18497 
14608 23814 
10078 18146 
21556 22031 
19305 20292 
4439 18904 
22972 23101 
8685 9107 
19408 24463 
18558 23600 
18368 24145 
7361 8138 
21742 23289 
7741 24779 
21330 23380 
2670 20061 
5328 22827 
1373 24536 
3205 21633 
8799 20763 
12232 15002 
3473 18768 
18718 19332 
1951 8619 
16837 21036 
1521 3269 
9188 17453 
16728 20900 
12862 21673 
1893 6992 
13531 19090 
17611 18114 
11427 19836 
16272 17661 
778 4172 
4701 18359 
3349 14888 
2692 24301 
20369 23064 
16250 17766 
17389 22611 
19792 21448 
5468 15770 
11410 13714 
3852 16141 
2215 5655 
9612 15064 
18383 18594 
24623 24772 
18903 19455 
17502 22202 
12395 19370 
14550 14765 
13618 17741 
7787 10896 
9624 15078 
12109 17675 
8714 19698 
12710 16324 
8943 24867 
23902 24072 
21907 22823 
502 21885 
13026 24828 
16864 20600 
11633 21632 
10353 21341 
19085 22906 
2727 14841 
12152 22753 
15760 19125 
7528 11998 
23698 24606 
778 12166 
7012 22481 
15683 21786 
21049 24787 
19233 20307 
22390 23195 
13594 20440 
20870 24815 
9444 10333 
10692 12130 
8709 14392 
1858 5317 
13958 24968 
15350 18622 
9840 17701 
3093 17510 
6536 21580 
21984 23459 
15129 22507 
24559 24855 
13916 22795 
4376 12573 
18846 19615 
3166 21010 
4623 5833 
3304 24275 
5934 17260 
8256 11803 
14783 23641 
11003 11863 
9884 20993 
1086 9308 
22958 24196 
10922 24700 
19965 21895 
2715 3926 
6705 21165 
14100 14889 
11925 14904 
22260 23016 
22562 23786 
9883 20655 
17647 20767 
23795 24069 
12843 20352 
24628 24682 
15045 18178 
11526 15182 
3765 11113 
14648 16460 
6768 20027 
5585 15512 
7908 10391 
6127 22305 
14444 18450 
13046 18317 
17963 21778 
17511 18543 
23271 24658 
21933 23926 
17408 19436 
14644 23480 
3253 21321 
7320 9124 
14578 14771 
4362 11035 
11860 13604 
1264 11255 
21983 22975 
20961 21722 
2773 16459 
2905 10763 
23052 24743 
762 8387 
10260 11818 
1855 10758 
14502 18119 
936 22332 
13708 15661 
20627 23140 
1067 9450 
15571 17978 
9965 18156 
1618 9343 
4742 11485 
9810 20098 
5737 6112 
13377 24386 
13732 16316 
21723 22155 
19343 20554 
9746 10121 
17002 22415 
24211 24881 
23906 24447 
5620 19895 
20171 20500 
23218 23974 
11815 14300 
3451 13124 
7213 23744 
5352 20390 
15013 23439 
2235 6261 
1018 9602 
18365 21639 
13567 15335 
10594 12393 
6667 9508 
12292 23445 
5711 21022 
20037 21767 
19489 22951 
19548 24815 
9862 10367 
20430 24698 
24630 24790 
20495 20884 
5982 14736 
6487 7021 
7680 16565 
14242 19655 
18452 20353 
21906 23373 
24627 24757 
6303 13919 
15261 20835 
19431 20260 
20109 24912 
6754 23866 
898 8928 
23115 24599 
3938 20075 
6819 12197 
11588 18768 
16250 18879 
17600 22085 
11159 19000 
22430 23145 
6248 13170 
20909 23612 
13684 14249 
8003 22051 
7613 7803 
2706 15525 
16103 21826 
24538 24820 
13093 13512 
12097 18965 
19161 23309 
7768 22021 
15263 18066 
6820 20585 
13932 23960 
18282 23610 
24260 24600 
8 1184 
24022 24681 
23273 24302 
24824 24914 
17538 24680 
12946 24468 
13594 23526 
24375 24483 
91 24572 
22504 23671 
23404 24577 
10238 16685 
5385 23850 
23078 24202 
3329 14844 
4550 13970 
16832 20045 
18410 24390 
21816 24739 
12281 13459 
19440 24287 
5602 6165 
6314 10044 
20067 22859 
7458 9516 
12676 22175 
7448 24883 
18559 19483 
18206 20369 
13641 17942 
22520 22978 
24665 24991 
4810 6441 
20638 21174 
5731 10909 
5942 6018 
16387 18254 
13298 16461 
5472 9986 
9351 24674 
835 14406 
10675 13464 
11610 14857 
11455 24095 
22496 24404 
5283 8585 
21080 24031 
17639 23346 
11331 22646 
2993 15122 
7678 8989 
9751 22892 
78 22348 
3128 23417 
21401 24612 
14107 22710 
12602 13622 
15028 18747 
16600 24572 
2396 21760 
11550 14321 
3222 12766 
19905 22113 
19513 21165 
5624 13968 
13438 21096 
7122 17764 
23566 24477 
17201 23233 
24038 24335 
24061 24880 
11726 16783 
6832 17913 
840 19959 
22821 24984 
13664 23868 
1820 24354 
14938 22521 
14041 14774 
23001 23321 
9317 14595 
15186 20823 
8354 20609 
14607 21967 
17038 20565 
9055 23316 
7187 20920 
15907 18672 
10456 14809 
13972 18860 
24808 24867 
1761 6724 
172 10601 
22669 24816 
24877 24984 
19391 19710 
8441 9553 
2750 7845 
19844 20257 
6778 24806 
22616 22805 
23416 23811 
24207 24220 
2203 10229 
22843 23557 
10578 20675 
7983 14803 
14637 24265 
14640 24864 
21397 23469 
21872 23008 
20497 21141 
23676 24931 
4690 10457 
13549 22545 
7781 9094 
4419 13394 
4246 14072 
24102 24241 
3398 16864 
912 19184 
708 9855 
17676 21815 
10556 23454 
4854 13339 
16620 20122 
2235 15760 
8473 12895 
9852 12066 
1085 5828 
22530 24932 
387 23828 
22608 24237 
4827 11507 
5151 12070 
7739 10758 
11398 16482 
652 12548 
22464 24960 
19506 21265 
8332 17539 
8188 17540 
3445 17358 
15090 18300 
14729 18253 
17023 24677 
7259 9410 
17074 21718 
16399 24188 
267 19420 
11386 15844 
8958 11135 
17110 17695 
7184 20633 
14929 23932 
16995 23242 
1328 13814 
1207 4018 
5534 8987 
7241 16840 
19160 20764 
10947 22486 
20062 22230 
12035 17898 
16167 19489 
18731 20943 
4590 13172 
437 23041 
9204 20692 
11745 24437 
22365 23262 
17117 24237 
14021 22765 
11115 17630 
18848 20455 
6785 19992 
8467 20154 
2589 18211 
18534 19438 
24061 24930 
10409 17854 
19931 20646 
18101 20080 
21428 21878 
5822 20049 
7662 8076 
14334 16430 
16468 23819 
22354 23024 
12458 22651 
12207 24347 
22926 23770 
24636 24986 
19618 21297 
20807 24260 
16023 24504 
24947 24978 
10116 14250 
6456 11792 
12219 19438 
22666 23167 
5124 5446 
17966 21567 
19956 21254 
20503 23866 
2379 9095 
9004 22778 
3119 20061 
20063 24268 
2839 2997 
15259 23921 
3887 10499 
13516 20286 
12204 24689 
24361 24706 
14470 24086 
13024 19681 
21415 21882 
12909 15032 
1300 9565 
7055 17286 
24149 24697 
681 16766 
585 21066 
11923 24858 
17732 23804 
6719 18280 
19651 21860 
15114 24772 
13326 19101 
21942 23308 
6778 7436 
17344 20351 
11737 15768 
19545 20656 
12095 19208 
4070 20070 
4474 19288 
19020 20140 
1041 6566 
24816 24980 
3314 22968 
3027 13714 
3325 7045 
11588 24004 
19843 20371 
14819 23221 
19392 22415 
14206 20660 
18744 23140 
8385 12028 
12140 12753 
7283 16520 
6303 18006 
15939 24823 
21573 23687 
18691 21631 
19207 22682 
11048 22478 
20326 22322 
24240 24712 
13025 21059 
5495 17627 
3095 20933 
22533 23126 
10896 17368 
12053 21319 
13129 20674 
21371 24507 
6437 10836 
4356 7967 
23884 23913 
10626 17818 
14850 19770 
2972 11235 
15843 23068 
9867 18672 
4857 18538 
2077 11288 
10124 24593 
870 9537 
18949 20111 
11433 18491 
19145 19633 
853 22432 
8865 16204 
15035 24197 
19959 22490 
7434 23675 
20994 23787 
19588 21022 
15342 24074 
20867 22067 
17830 19686 
3343 14058 
3347 6733 
21364 23139 
9539 16383 
21648 23248 
21849 23058 
20172 20577 
4593 9665 
9142 20776 
446 10610 
11480 15798 
17096 20306 
16978 23189 
20181 22278 
10493 16754 
14043 24564 
12383 19258 
16147 19090 
13871 24257 
8983 13067 
8918 15678 
15252 24955 
18827 19745 
3710 22270 
3439 17350 
630 1962 
21250 23133 
24498 24783 
3335 23950 
3783 19877 
6923 15445 
24319 24811 
9171 24745 
18352 24591 
14704 19982 
4365 19747 
21326 22268 
23508 23747 
3607 15863 
11501 18377 
13654 20664 
17266 21306 
15775 21821 
4948 21115 
20968 24238 
19468 20666 
21822 23193 
16807 18578 
24524 24962 
235 14956 
15008 17805 
18495 19976 
1565 3134 
7016 14990 
12150 18399 
16579 21306 
20297 21204 
19086 24904 
14006 22345 
5055 13509 
9786 14992 
23241 24009 
1404 17624 
24338 24911 
23144 23758 
53 7197 
21802 21936 
6430 11664 
18639 22055 
3783 4290 
16811 23636 
16787 21286 
17631 22285 
12050 15722 
19193 19395 
14881 21690 
17505 19246 
23502 23800 
17223 23071 
7718 9497 
9384 10177 
9183 11616 
5761 8390 
17141 22863 
18287 19159 
3624 13099 
1836 8138 
22288 22882 
1248 24318 
14812 19557 
3493 11447 
15733 16674 
11531 18655 
22539 23961 
15369 17916 
10066 14878 
10316 17791 
3713 16668 
2876 5835 
17280 20450 
9736 24294 
10168 21893 
24940 24997 
11495 16727 
20241 21788 
24654 24774 
17060 18289 
24725 24850 
2283 15117 
986 23985 
387 2107 
17964 23303 
5135 15354 
14436 24945 
8289 23573 
16403 23753 
21581 24421 
18204 19359 
5657 14417 
6387 12107 
19315 20982 
21563 23369 
24583 24985 
17632 22197 
10239 22453 
19686 24670 
2984 4817 
7305 18647 
23230 24341 
15835 17987 
16021 17281 
20587 24563 
17500 22057 
23123 24024 
24384 24850 
19338 20649 
4686 14526 
17187 19290 
19411 22811 
22340 23857 
3281 18757 
14590 14866 
16728 19689 
5533 17997 
16073 21930 
14031 17436 
8153 15090 
9080 17614 
2465 21161 
9943 21110 
1925 13052 
7225 14250 
10236 15224 
18997 23527 
21584 24487 
2606 6569 
13817 17748 
15112 21271 
5593 9498 
18438 22952 
5530 7444 
15446 17537 
4641 22913 
8750 9156 
6226 9549 
8122 14561 
16958 20385 
23706 24933 
13641 13867 
13648 17089 
20742 24513 
12723 19587 
15284 23047 
19612 22545 
7486 17093 
2193 19348 
1927 18752 
7722 18404 
11457 11722 
19687 20213 
20299 22425 
17988 23303 
14072 15111 
1587 19712 
14953 20131 
6040 21858 
15688 20448 
1018 12444 
6436 7835 
14472 20408 
20363 22550 
8786 20647 
6128 9179 
7961 15320 
11206 15459 
19629 24292 
2992 23169 
5323 9387 
6993 22813 
16837 18782 
23402 24369 
15194 24685 
1621 19279 
3978 15990 
15735 19119 
19687 24895 
13797 14388 
3779 15495 
5181 16338 
7217 16021 
3882 17169 
21040 21931 
8052 21172 
20038 23754 
12933 22874 
6005 13160 
20251 24501 
21727 21761 
8143 14896 
23137 23921 
15323 16083 
17800 17884 
10334 21735 
10371 21796 
19136 20178 
8479 14135 
14729 24960 
3599 22082 
7934 23679 
736 19676 
19951 21813 
14394 17942 
6254 7037 
16400 18913 
802 15236 
12278 24499 
1481 4921 
20125 23995 
10484 22776 
3780 23104 
15301 23047 
8817 24153 
14672 20032 
7075 11710 
55 11162 
23046 23864 
12515 20672 
12899 22521 
3055 23483 
6296 24811 
15796 19794 
16439 24942 
21394 23691 
13001 23136 
11855 22399 
15377 22671 
244 259 
1032 12217 
349 7899 
17007 20815 
10729 12644 
18453 20509 
22109 22481 
7001 21989 
11576 15427 
1455 2141 
1825 18399 
10143 16400 
18661 23612 
7597 12761 
18836 23728 
24046 24926 
23513 23861 
2511 13202 
15834 16223 
19112 23664 
9845 16136 
14157 19394 
16232 17886 
22051 23333 
10891 20297 
17084 18172 
7181 10506 
3285 20169 
5262 17275 
6030 13064 
4423 20797 
12187 15943 
10249 23329 
6555 7029 
23170 23459 
695 3338 
4918 22051 
21342 24287 
18206 22291 
6576 22975 
21165 21410 
19777 22939 
5205 13991 
22679 23380 
13796 16511 
7333 18783 
10995 15573 
23431 24856 
9657 19924 
16940 17947 
1136 12347 
10602 21924 
15140 20864 
13375 20418 
14920 17453 
13225 19959 
1420 7994 
16192 16607 
17660 24260 
21792 24945 
17594 23881 
3602 10258 
21057 23272 
22543 23891 
14960 15705 
10125 17616 
21686 22959 
1995 8066 
18812 20630 
1199 5452 
20209 21922 
18358 22711 
11002 12614 
3621 13110 
9352 10073 
16927 19894 
12311 23179 
8731 8845 
1410 5508 
15035 16169 
23136 24938 
22067 22415 
3208 10876 
12274 17798 
4734 14791 
7412 16488 
657 24844 
2698 13098 
21119 21648 
63 23386 
11323 15530 
5779 10632 
7078 11621 
24772 24992 
3299 20224 
17749 21498 
21929 22418 
24979 24985 
2737 22107 
6286 9306 
17345 18594 
12833 13864 
22107 22885 
15440 23005 
1270 14096 
17376 21158 
16477 21865 
15263 22691 
7906 11923 
7 2094 
19698 20378 
2290 21050 
24245 24885 
13569 20352 
3677 5239 
1509 3113 
10004 19446 
24279 24987 
22924 24781 
17107 17594 
18384 24602 
10344 15276 
21282 21558 
21060 23356 
12777 16349 
23457 24858 
12176 13919 
8958 15780 
7517 23359 
17430 20392 
17243 18052 
4292 20484 
16127 21902 
12051 16028 
2000 14230 
21364 22071 
16609 22853 
16766 21264 
11280 12159 
3549 15006 
8352 14361 
10489 15880 
24329 24812 
3141 21081 
9481 13632 
15466 18157 
20912 21018 
17408 18732 
19601 21921 
8849 9454 
20885 24324 
19336 22857 
12931 14145 
23548 23695 
5534 11133 
3898 15966 
24941 24969 
2408 22633 
12534 22373 
15896 23925 
10629 23769 
23317 23476 
15424 19431 
8490 14121 
14019 19917 
10013 24403 
1645 24084 
23179 24622 
9775 17216 
17233 22002 
9546 18592 
19283 23716 
8919 21966 
17569 24257 
18263 18307 
23678 24401 
12736 16634 
20887 22520 
7701 19286 
19064 21838 
11195 24005 
8497 11260 
23336 23839 
3875 23557 
7923 8287 
1506 9625 
18235 22557 
8220 20170 
23714 23966 
11152 12880 
7752 24808 
9346 10897 
11020 22861 
21781 23343 
15032 16785 
8149 12860 
3051 11354 
2272 6509 
16803 24557 
21040 23970 
16934 18584 
10687 10988 
2585 8340 
7526 18021 
19063 23464 
9032 16189 
15760 20784 
8817 18035 
2108 2353 
24279 24618 
21072 24307 
779 16485 
57 10764 
21195 21568 
19666 23820 
2482 7589 
4411 10230 
1455 15334 
679 22210 
19271 19776 
15415 15864 
23888 24779 
6738 9859 
16530 17051 
3317 7556 
15785 21846 
23060 23378 
22038 22793 
5007 19486 
8924 24831 
4235 16336 
9853 20948 
8180 9253 
5324 13544 
14041 16737 
3997 6121 
13142 15406 
13854 19098 
11586 21323 
3221 11132 
14780 14933 
5686 18763 
7713 11804 
19604 22479 
11091 19817 
24649 24792 
24238 24417 
3810 17115 
15664 16738 
3613 14596 
4301 6308 
555 3438 
2769 24361 
15418 20108 
17953 22557 
23888 24788 
10364 11310 
14338 19512 
23429 24760 
14913 18844 
4522 19917 
24676 24991 
15997 24111 
7174 8032 
13810 22800 
82 19617 
3560 11163 
16669 24243 
14590 22695 
16195 22206 
16723 24162 
1796 24113 
23045 24328 
6080 8516 
10556 18377 
6411 17632 
18482 24211 
9365 19612 
5220 21760 
10033 11731 
12316 23630 
21772 24840 
6266 9390 
9540 14029 
14213 19079 
10005 12078 
18619 23336 
22440 24265 
20525 21825 
17297 24668 
20927 20973 
2247 15842 
22664 24030 
11424 16654 
23537 24765 
7896 23421 
10892 18899 
17550 18602 
3643 6474 
20285 24576 
4788 12775 
18944 19721 
17444 17666 
14254 17497 
9696 14079 
10887 22676 
24257 24680 
14932 17392 
4684 14687 
24853 24927 
19031 19535 
8105 12777 
17707 22525 
24899 24949 
2695 15849 
5010 23355 
8770 10682 
1301 10696 
11732 20689 
3658 13492 
16779 22070 
2936 10735 
22851 24972 
21607 21916 
24307 24367 
568 13365 
11808 14948 
10435 12167 
20880 23231 
22946 24678 
17139 22233 
21937 22132 
11170 18045 
24619 24660 
11682 18316 
10429 23768 
10238 10336 
1249 17301 
18445 23288 
8555 8634 
6606 11144 
18212 23399 
23905 24912 
14970 18229 
18867 20135 
1644 3878 
20395 24621 
21460 24032 
607 3591 
10593 19630 
7888 22964 
17317 23266 
12090 24327 
14815 23047 
24766 24950 
11311 17156 
24808 24940 
4557 12995 
45 9896 
2194 3655 
9703 21364 
7466 8886 
8878 15644 
14205 20745 
19420 23533 
21919 23937 
21642 24056 
21731 24423 
10643 23447 
18632 20780 
11743 14185 
14490 16464 
17837 21556 
20622 24562 
17854 21157 
185 22607 
10774 15552 
15752 24809 
22162 23354 
19389 24000 
9878 20914 
7632 16049 
10675 13903 
9894 13429 
21482 22768 
10511 12701 
9439 12960 
15171 16064 
15453 21273 
5736 8057 
6608 7712 
16381 16623 
4235 14748 
7386 16458 
19023 22572 
19951 22397 
3279 11339 
18813 22388 
14814 21079 
12536 16246 
9000 24299 
24101 24258 
9095 23924 
12733 24594 
21712 22377 
23611 23834 
13801 19223 
3746 8156 
15999 23353 
4469 23021 
4240 23077 
10342 10976 
14684 23878 
15142 21623 
2745 9422 
21778 22032 
24057 24695 
4556 5334 
522 5237 
14733 15949 
11754 18244 
12617 15229 
13115 23033 
16128 17843 
16590 17380 
18288 18453 
16742 21185 
4674 20723 
17253 23229 
23301 24931 
23450 23799 
13773 14100 
14776 24935 
17803 22079 
24257 24272 
2840 12214 
2085 23481 
10675 17059 
14980 17634 
3312 13843 
9503 22899 
1628 3104 
24540 24734 
1166 9823 
5556 19129 
23620 23681 
4672 23411 
8494 14220 
3224 13331 
23546 24575 
13903 18741 
7841 12926 
1175 12490 
5459 19928 
9396 23586 
17419 20885 
21662 22571 
1554 6037 
3167 14600 
7352 21343 
18434 21412 
18844 23490 
2897 8703 
21113 21187 
9452 18937 
17589 21953 
1702 23477 
2479 11573 
20868 23207 
24514 24650 
1111 2707 
1855 22214 
19849 24868 
13948 14327 
9784 11645 
23657 23927 
4488 17224 
18276 18937 
13028 15140 
22483 23928 
9900 18493 
22349 23502 
9276 13185 
15766 17469 
4107 5286 
5700 22570 
14376 21005 
24341 24541 
4074 7987 
1333 5332 
19148 23283 
21044 22688 
452 12075 
24562 24912 
8413 20084 
18520 23511 
21094 23952 
1172 20717 
9041 20500 
1907 22719 
3505 20695 
8449 22864 
20299 23015 
17333 21084 
12890 23194 
6548 11186 
21430 22904 
19791 24528 
10704 13377 
8165 18333 
13931 20675 
5926 22662 
14093 17332 
10726 18924 
24404 24710 
24895 24898 
14284 22512 
5689 14930 
4743 11356 
3650 3872 
24154 24543 
10798 15959 
22761 24415 
18029 22668 
24491 24740 
9744 11970 
17978 21414 
2458 18954 
10961 11384 
14128 19227 
11141 23937 
9728 20496 
15392 20886 
17165 18090 
24790 24887 
4011 7105 
698 21912 
5705 18844 
8481 12371 
18379 24818 
18258 19933 
24960 24966 
10910 17958 
14013 23242 
19546 20082 
17463 22200 
19241 19264 
7199 24397 
674 18814 
12148 20240 
21845 22033 
7988 22616 
21165 24292 
6694 23557 
12150 12773 
11101 20083 
20165 20524 
12858 15984 
18959 20307 
5252 6328 
20095 22893 
17869 18643 
9444 22529 
9295 14735 
3281 7666 
18285 22676 
22351 23330 
2188 8928 
1980 2809 
18110 21283 
17345 23081 
11804 14684 
22121 22367 
15814 23918 
23792 24303 
24547 24604 
1867 9447 
24949 24983 
4012 16256 
4078 12865 
13743 23865 
13513 17319 
6001 9998 
15047 21729 
1094 8660 
14030 20810 
15217 16065 
24711 24901 
22402 24256 
880 12232 
11783 15781 
11428 21798 
1104 12029 
14610 19396 
15686 24592 
5131 15934 
22756 24678 
14438 16511 
16627 18584 
17376 22050 
23748 23962 
4790 5312 
21242 21634 
5403 23883 
24427 24986 
6501 22983 
22056 23247 
4723 16041 
11065 19708 
16650 21445 
4511 15919 
9996 22591 
16417 24203 
13963 23726 
11005 11412 
17967 20916 
11294 15339 
8439 17637 
12497 15313 
13209 14789 
7220 21349 
4346 23795 
23633 23655 
21592 23957 
1683 17255 
6991 20290 
21217 24573 
22122 23348 
7428 17332 
2771 10114 
214 12058 
1924 6039 
12326 13600 
17097 18494 
20476 20820 
11897 21128 
3731 21403 
22825 23007 
14190 21476 
8786 15208 
17298 23861 
14224 22383 
3413 11977 
2859 11623 
17502 20084 
9329 11142 
15927 21413 
11757 17517 
11951 19351 
2867 11271 
4408 9619 
244 13191 
7914 17808 
4845 11786 
11100 12801 
6277 19255 
4540 13414 
1396 15087 
19296 23536 
2424 7386 
5144 12865 
4477 15318 
8196 21607 
14250 22172 
24028 24976 
11761 24483 
4634 14265 
3867 8808 
9700 21062 
17791 21709 
13165 21603 
20804 21487 
10138 16476 
9169 12951 
9311 18400 
23811 24391 
15701 20822 
15539 20228 
6017 12088 
9113 15608 
14974 18785 
7404 11791 
23830 24592 
3529 15908 
16672 17851 
24808 24991 
19917 21968 
14742 20216 
21000 23308 
7430 11954 
7036 23149 
11033 21681 
12288 21400 
15666 21567 
19466 23784 
19555 19967 
22316 22374 
2321 21625 
3437 24271 
17049 21221 
3086 3251 
18489 23251 
24361 24736 
9739 9910 
14334 17518 
6572 17865 
21526 23911 
21676 24992 
19908 20200 
12765 16686 
4039 24298 
15949 24905 
16000 23980 
7901 8981 
12111 22080 
23788 24490 
24474 24881 
2331 21260 
10847 22126 
4719 14892 
914 12045 
4602 20231 
7104 14539 
7479 20288 
6345 20822 
6225 18552 
21841 24668 
6098 15370 
792 11713 
23637 23702 
19892 21150 
14954 15458 
10928 15188 
19251 21742 
15706 18672 
9572 24634 
3407 14928 
1536 19521 
13449 15667 
23392 24523 
23392 24835 
22210 24758 
6165 16136 
20261 24911 
5749 22230 
1653 3337 
17429 19267 
17566 20943 
11863 21940 
21163 22762 
13422 22102 
9548 14666 
20209 23858 
20085 21971 
7270 20730 
334 12361 
10828 24612 
9206 10991 
14545 24126 
19496 22663 
14066 17848 
14741 22567 
23685 24253 
23523 24812 
22883 23212 
12138 12509 
3524 8244 
21462 22556 
14892 21862 
13926 24770 
4044 14018 
11314 12145 
18761 19559 
63 1739 
15913 17797 
6736 17851 
13025 16980 
19022 23498 
8694 24257 
21007 22122 
7247 20469 
21334 24602 
4372 9074 
4301 15931 
23826 24227 
9932 24655 
11884 14435 
11746 21443 
6108 18732 
11965 24489 
16129 24778 
24835 24887 
12091 16768 
17170 21533 
22349 24370 
11268 12802 
19032 24194 
18483 21149 
4111 12152 
16718 24811 
2988 24111 
16710 18442 
22216 23164 
23362 24490 
11017 14013 
9198 14928 
19137 21279 
5190 23931 
17942 22293 
15667 22019 
12991 20565 
24181 24468 
8293 19504 
7541 10737 
8947 18447 
24128 24144 
14802 22828 
5935 15644 
16004 17516 
8125 24591 
21690 24414 
252 8260 
10761 13274 
23154 24009 
16464 18006 
802 5123 
996 18581 
10200 18419 
10171 15776 
18706 22538 
11893 21611 
810 14519 
21672 23309 
9553 21969 
11494 13518 
3159 4933 
24290 24675 
4 22028 
18553 18917 
3394 10626 
6494 24375 
3873 9409 
575 20568 
14478 21806 
1778 2084 
11129 17870 
11708 18667 
8692 13814 
17209 23445 
21060 21595 
12805 21495 
6168 15093 
6229 20869 
18619 20513 
1139 8398 
1502 19060 
12295 24932 
16967 21138 
8648 19276 
13414 22900 
12059 23707 
16097 21667 
24072 24541 
24310 24457 
9726 21684 
12371 13235 
15104 19960 
23855 24632 
14088 22875 
19397 22055 
9040 14505 
14722 22588 
14565 24174 
24070 24728 
6270 6277 
5168 6683 
12215 12951 
4701 9931 
3551 15442 
18837 22230 
21679 22681 
1468 11849 
11510 12920 
3270 9872 
9177 9882 
2060 7386 
14679 24740 
7273 19239 
3300 23275 
3035 14124 
19910 22295 
7614 13453 
23441 23671 
18399 22263 
15107 19790 
16763 20098 
10600 20732 
18676 24765 
1816 2771 
18060 24409 
21624 23641 
15588 23920 
19985 24264 
14881 24919 
14575 19216 
19339 20830 
9327 13563 
7249 12698 
14674 16529 
21621 23672 
17515 22884 
3351 16821 
8250 24081 
8106 14780 
11190 19499 
17958 20994 
17262 20319 
23015 24655 
5280 12786 
21498 21551 
19361 19628 
6477 10240 
16559 19045 
8330 11829 
8028 22119 
13909 16347 
19474 22845 
19532 20893 
7211 14847 
18883 19848 
19977 21677 
24775 24978 
13642 18091 
9965 19562 
17194 18403 
10669 18471 
18672 22248 
24346 24635 
19153 24269 
17224 23489 
24960 24978 
24605 24650 
15441 24647 
10540 19461 
14959 21751 
20731 21867 
20376 21448 
815 7676 
789 24255 
23107 23371 
24734 24765 
724 2430 
18821 23640 
24316 24746 
7231 19369 
24404 24522 
13513 22435 
15310 24039 
15212 20307 
1962 7498 
7047 13807 
10033 12130 
5514 16370 
1191 16087 
15499 19198 
9043 24864 
11398 20628 
22711 24760 
9635 18598 
5238 11687 
9382 20564 
1999 16011 
21355 21518 
24776 24941 
3258 6176 
7672 24242 
11365 17569 
17438 21101 
17781 22367 
19238 23088 
8419 11053 
16397 23634 
15111 17641 
21659 23616 
23470 23998 
21134 24505 
6733 12028 
4153 24061 
11184 12341 
396 5947 
22903 24391 
20902 23536 
14877 16447 
3088 7768 
24729 24893 
20670 22409 
5129 16167 
11765 12129 
20191 22635 
15806 23263 
13404 14340 
18516 19283 
10673 23487 
7671 15230 
17283 21260 
23720 24540 
16899 20819 
8569 9645 
23897 24354 
5863 20862 
8807 14232 
20723 22993 
18648 24573 
19957 22617 
22747 23343 
5461 16818 
23901 24795 
18418 23601 
22828 24126 
9090 14033 
19309 21253 
24638 24836 
22696 23938 
13451 20807 
3236 19256 
4169 20577 
12362 21000 
10061 19124 
18329 23878 
7712 24677 
8133 20845 
3445 19825 
9354 20257 
22734 24360 
14645 16331 
5222 11105 
15120 20090 
3746 11582 
7825 16960 
21614 24410 
2508 14666 
6812 9983 
7506 15748 
11922 14687 
1522 16605 
15419 23215 
17484 17686 
2629 10052 
19654 21345 
21979 24933 
1939 19881 
7691 15919 
8896 19947 
6412 15475 
12193 20248 
19484 21548 
2998 8597 
7482 22728 
1300 3709 
19783 22333 
9281 21228 
18051 19846 
19734 24740 
5906 18714 
11392 22246 
21752 22015 
11376 12404 
24417 24852 
5175 21522 
14212 21181 
1015 19760 
15868 16482 
13701 21905 
11206 18327 
23101 23408 
11784 20180 
11366 13249 
19869 24368 
813 24039 
985 22914 
9993 16146 
20575 22808 
3187 19781 
18896 24614 
5429 20390 
11970 24047 
3920 18229 
4372 17522 
15633 16693 
23028 24895 
11790 17907 
9913 14899 
7020 8391 
11270 17356 
14154 20399 
9661 13581 
14584 20444 
5638 6426 
15653 19604 
3338 16393 
8911 9507 
6355 7681 
5780 22953 
11934 22106 
10542 15994 
24022 24677 
8514 24777 
17887 19712 
19129 19455 
9455 11012 
18798 19896 
20166 21691 
14721 18233 
1998 21608 
13581 18593 
9137 18759 
23609 24419 
9464 16225 
2812 11782 
16725 24856 
19106 21869 
13720 18509 
9494 23616 
16987 18711 
2053 9999 
23945 24481 
13770 17817 
24585 24650 
22010 24937 
11979 13240 
22380 24985 
5922 18229 
13453 17410 
23828 24316 
8484 19285 
7129 7832 
1221 4239 
15890 24986 
13437 20018 
9261 23699 
6660 20414 
12686 20447 
22588 24115 
21364 22512 
10781 13751 
13117 15425 
10824 24710 
11598 16628 
5051 8821 
10577 23199 
23107 23337 
5841 7320 
16309 24333 
18109 23423 
15484 19811 
7786 18298 
19693 20524 
4311 10251 
20852 21997 
17655 18899 
16437 17356 
1293 10760 
5326 19235 
21028 22129 
17884 23625 
22139 22191 
8133 23141 
8139 15829 
17257 19714 
10793 22399 
14013 22785 
1566 15010 
5391 24449 
13646 21635 
9821 15784 
9480 21012 
3607 8562 
19117 23499 
262 12877 
7525 22204 
15881 21335 
17568 24989 
1942 13213 
1927 4837 
24977 24977 
13725 17031 
18706 23381 
12455 12517 
22999 23771 
13810 21201 
20710 22804 
10677 16753 
9324 19133 
10296 24060 
1673 22674 
23358 24565 
15774 21078 
1217 20185 
24581 24879 
18200 18222 
7086 17640 
4849 12956 
6615 13699 
12326 23945 
24266 24465 
4808 21945 
14624 24766 
24035 24738 
8649 17364 
18449 24083 
4319 6176 
17721 19558 
7587 23221 
20318 22090 
17048 24953 
2701 17820 
16716 17484 
14063 16411 
804 24958 
17409 21352 
14649 18083 
18651 21141 
416 4411 
7745 15537 
14922 24134 
8817 17089 
20512 21516 
5482 21571 
12313 12958 
21551 24403 
9820 19631 
21885 23327 
4416 18540 
15117 22435 
3613 13304 
18288 23785 
4337 6111 
22919 23066 
8291 22991 
6926 16340 
5149 23194 
24309 24721 
11304 21147 
19507 22156 
23003 23309 
10180 14173 
18065 19836 
19987 23510 
22128 22193 
20317 22390 
10125 14078 
7097 8894 
24378 24421 
14165 24377 
22898 24887 
5923 24900 
5863 17630 
109 19979 
668 19994 
908 5013 
10308 11408 
11373 18066 
23465 24979 
10589 16868 
15441 22211 
3687 15288 
4796 13349 
9015 9455 
9271 15641 
4909 12979 
15539 20780 
2490 24680 
5456 23578 
17084 20750 
11025 16685 
4488 19982 
4093 4892 
6929 14526 
22909 24476 
19231 20349 
15469 19486 
7634 20725 
17039 18599 
10473 18071 
12234 17187 
16300 16551 
16117 23993 
950 19420 
15906 22040 
11099 24252 
21566 22539 
14630 17942 
2057 9560 
2377 7336 
16480 19509 
14925 18762 
8554 11093 
11398 16077 
7747 19299 
23123 24533 
23059 23705 
5942 8384 
15057 16166 
8172 22316 
6407 10958 
12306 16610 
12468 24184 
18910 24528 
6141 13136 
6085 10183 
15759 21697 
5581 21650 
17362 18326 
4482 18769 
22306 23237 
6497 14810 
16416 20621 
24153 24375 
1374 13959 
12161 24926 
16257 21475 
14755 23631 
7755 22832 
20484 20537 
23516 24096 
9217 10455 
7797 17342 
22265 22671 
16265 23840 
19360 21180 
12989 21711 
11029 17706 
1301 17493 
5960 23482 
13797 16730 
7749 8470 
12266 22304 
20596 23594 
21640 22992 
9755 10382 
8126 21914 
3982 6811 
18563 21784 
12110 16752 
21197 22245 
4166 16415 
4733 23153 
9056 18514 
8607 24274 
18798 22088 
2125 12159 
21506 23772 
4681 14123 
4233 12697 
4246 20897 
8213 15242 
12235 22548 
21883 22358 
15365 22469 
17233 22164 
4069 7603 
18661 20013 
2747 10203 
7537 21931 
8218 12115 
1292 18311 
3936 16754 
9616 10724 
15155 16702 
6010 22106 
6011 7720 
3580 16794 
16335 16576 
16563 19309 
17297 18378 
13390 17684 
23444 23944 
12628 14110 
6411 20289 
1555 3757 
2951 12781 
16429 23091 
20843 22806 
5313 20481 
16300 22846 
24285 24739 
10292 19531 
21732 23480 
12426 24401 
2973 18641 
10630 10841 
15194 17546 
17373 23399 
19718 22259 
2959 16997 
18333 24413 
17827 22803 
13247 19086 
4295 17059 
4894 8665 
10492 20752 
23430 24409 
5007 14185 
15837 20003 
11184 21369 
13669 16242 
21949 24153 
2041 4234 
6569 7992 
15715 21482 
13999 16406 
10020 12999 
4598 5969 
22635 23465 
23763 24399 
23626 23796 
4490 8412 
463 13807 
18759 21159 
854 17272 
17793 22330 
4546 17355 
17242 20078 
7804 10910 
1679 1821 
12508 16089 
8786 19814 
8976 18167 
10005 17851 
10793 22806 
7716 13564 
2534 6202 
20578 23595 
6901 10637 
5641 16544 
20172 22015 
7155 11088 
13480 24297 
20765 22946 
24204 24668 
11180 20665 
7182 18028 
17238 24899 
20920 23616 
13122 20377 
3954 15714 
513 24401 
21722 24350 
24165 24296 
20877 21110 
18440 20339 
9306 21091 
15935 23458 
18813 23315 
18720 24054 
551 13111 
12064 12225 
10051 20462 
9916 18965 
23927 24455 
2885 6758 
17214 23287 
13777 16236 
15694 23349 
3440 18337 
16483 22159 
16072 19268 
14666 19595 
8185 9961 
4517 9030 
1071 5656 
13866 17190 
15405 24688 
14128 15743 
14553 14710 
14790 19197 
9464 14425 
14496 15338 
2873 12649 
23564 23739 
4943 16338 
11664 16634 
5859 16845 
19770 23529 
23957 23958 
10801 21929 
3954 4606 
5207 20901 
1188 12932 
5699 14660 
3470 24119 
2803 13131 
21917 23568 
15242 17563 
12765 13953 
11606 19900 
7710 23214 
4204 4339 
16214 20366 
22582 24646 
1385 5264 
2272 2685 
18139 19230 
22730 24639 
3045 11484 
5820 24719 
13341 18897 
3187 22466 
2372 13728 
9 772 
23799 24593 
7569 9496 
7052 17509 
10690 20431 
21121 21851 
16110 16299 
21448 22068 
1217 12626 
14071 24316 
10911 23068 
5800 7135 
20978 23391 
19202 19722 
1198 20920 
1627 7077 
3460 11948 
2125 12751 
4194 12306 
5131 23869 
678 20020 
13069 24895 
19155 24039 
5740 9319 
2718 17634 
24780 24895 
5849 16081 
18576 22030 
22166 24000 
2172 19782 
3035 11472 
14317 18848 
14569 23963 
2431 3696 
14976 16128 
864 16085 
12564 14907 
24833 24882 
896 19621 
22786 24309 
9067 21799 
20609 24118 
18141 20148 
18460 24053 
2189 8470 
6977 16125 
15291 22469 
9407 19065 
5872 9192 
24677 24878 
23539 24070 
20764 23653 
24185 24309 
9825 22464 
17506 24954 
16590 17338 
24403 24828 
5059 11592 
20692 22975 
4565 24218 
18552 23790 
18189 18596 
7055 16140 
881 23002 
10048 13642 
5387 24172 
10982 12396 
8601 12463 
6362 21820 
12043 17229 
22310 24614 
9629 17891 
13504 14834 
11548 17330 
17907 19932 
6456 13854 
7928 12883 
14231 15050 
20239 23611 
4187 19150 
8914 23993 
21989 24557 
22507 24491 
11473 23299 
1021 4919 
23903 24584 
19053 24962 
10807 14099 
14698 24232 
13169 23343 
4548 17466 
12694 15914 
16999 19234 
19159 21523 
2014 2829 
9331 20381 
2869 16944 
1025 22956 
12254 21111 
8012 10529 
14097 15358 
14735 19727 
10111 19905 
20445 23258 
2040 2810 
11388 22259 
23 6514 
1243 15176 
17538 18556 
23333 23502 
24139 24428 
11132 11168 
21272 23305 
20117 21895 
91 2234 
8089 10292 
11891 23420 
22078 24964 
5339 22727 
3418 8978 
12405 23813 
13341 18289 
20238 20280 
868 21102 
23617 23671 
21927 23324 
22063 22115 
2846 6615 
22018 23852 
8982 23158 
20887 22943 
15350 20385 
2352 24106 
18765 23413 
20792 23468 
19576 20330 
5768 5832 
2871 6918 
21683 22037 
21952 24036 
9721 21508 
5412 23723 
22732 23880 
1716 9515 
17757 18572 
23367 23780 
1180 21294 
20382 24128 
8599 13024 
10085 18469 
15209 19077 
6949 14702 
19933 24229 
15094 16613 
3244 17957 
24264 24968 
9208 24567 
8476 11865 
3007 13784 
19522 21506 
10110 12558 
13129 18983 
1827 3591 
18082 23137 
7476 11698 
5981 23261 
5430 24191 
19015 22056 
13070 23243 
3020 21210 
13544 19432 
9400 15400 
19650 24687 
1881 19300 
13195 16449 
8891 9876 
20915 22538 
852 11355 
12510 17989 
14372 14654 
21726 22869 
7190 15497 
10250 19980 
5495 16555 
20341 22624 
15136 19312 
15470 17690 
15128 15811 
24362 24950 
21190 23061 
12755 18668 
11337 20695 
20936 24426 
9748 17795 
17959 19847 
5961 23778 
21791 24518 
19589 23941 
18437 24955 
8198 15885 
22351 23624 
4883 10292 
5817 11177 
16571 24350 
5072 21619 
10979 21357 
11153 15087 
18872 24816 
18938 21739 
4395 20065 
19511 20375 
10133 16977 
12833 20922 
2194 9248 
7256 18211 
1459 7672 
17433 19523 
14490 19615 
22447 22635 
3549 12378 
7640 8993 
9035 20502 
18345 22620 
6373 20709 
16581 18995 
21507 24131 
7107 12259 
2631 17854 
1133 24753 
102 13547 
6387 19966 
15286 19859 
12941 13902 
5334 24342 
15610 24100 
18649 23573 
16223 18874 
17832 18498 
10181 21927 
14752 18519 
2561 9517 
6854 8900 
23041 24126 
23894 24433 
14458 16086 
2079 12190 
596 23164 
12831 19878 
15758 17521 
12695 23453 
12476 16885 
10617 14793 
10691 12465 
14001 20399 
16157 21155 
4601 15180 
6841 8643 
84 5928 
16716 19405 
22172 22536 
9395 10665 
14567 15603 
7385 13096 
3311 22801 
19393 22477 
12138 24764 
3905 14001 
6124 10924 
7852 8067 
10664 24769 
6762 9518 
8911 22282 
15177 16784 
14594 20982 
22252 22976 
7664 14556 
20195 21634 
6512 23470 
1382 14051 
8698 21160 
10576 19806 
7666 20584 
2404 20591 
18904 24801 
16772 18959 
12636 16345 
12563 22111 
22030 24236 
3368 5503 
3507 16622 
5754 9002 
14806 17964 
1217 12751 
7362 9040 
13454 16179 
13806 20625 
4759 17684 
23076 24891 
15619 17471 
20628 24335 
21167 24765 
21206 24603 
8476 12244 
7039 19631 
23407 24181 
21892 22471 
10721 24108 
21552 22027 
9958 17345 
4958 9563 
7708 21638 
7178 14366 
4642 14916 
4854 19069 
17467 20139 
15708 23366 
15790 16812 
17492 17856 
12216 19107 
24902 24997 
2782 23092 
12464 22886 
18566 19174 
20902 24900 
22235 22730 
23701 24229 
3464 7604 
11271 15498 
14797 18431 
17048 21036 
12685 18047 
13285 21386 
10086 13941 
7527 11829 
20267 22300 
17256 24705 
11814 22383 
15454 16297 
11028 23432 
17735 22201 
5429 15211 
23211 24412 
8167 17500 
14464 23678 
4793 15396 
217 16723 
23476 24270 
4583 6351 
21920 23960 
21024 23674 
3197 18163 
22164 23289 
23777 24330 
19027 21120 
7748 22672 
5909 16642 
16660 20881 
2869 22311 
23917 24899 
1229 10509 
3015 10227 
3977 18227 
17229 18170 
24955 24976 
4405 18740 
16972 17553 
2381 4736 
23866 24811 
12732 22039 
2193 21871 
5527 14851 
19695 20647 
4205 14382 
3997 19698 
3385 23840 
19733 23006 
10894 18634 
5092 22549 
17525 17810 
17886 22394 
3580 10459 
16799 21685 
20889 23438 
1194 19559 
10815 13100 
946 20178 
4840 8984 
4496 6922 
3568 4120 
23770 24224 
20468 21407 
8437 10862 
8302 8996 
18154 22182 
8942 17314 
5808 7330 
5032 5231 
151 19911 
11906 15917 
21681 22634 
1302 24977 
16113 22756 
10318 11163 
5514 13634 
5375 6780 
12210 21425 
4439 18102 
1432 5845 
14939 23531 
20914 24740 
981 13183 
2694 23615 
18692 21297 
12437 22201 
9970 20972 
23799 24469 
11336 23351 
9158 22320 
13261 17976 
19408 20990 
6839 10263 
18173 20860 
7274 7699 
8857 17274 
21282 22585 
11947 14260 
12437 22489 
21550 23144 
12679 18494 
22626 23859 
13583 24080 
2447 13300 
5197 10773 
1117 11126 
16128 22970 
13841 22029 
16118 17763 
20327 24655 
2393 16580 
1324 13938 
18540 23477 
1288 14936 
22671 24479 
8200 15619 
21626 22981 
23657 23861 
23118 23887 
22268 23280 
7226 11176 
4550 9972 
11284 21780 
2065 23202 
14690 24674 
22944 23529 
8901 18035 
9141 15811 
12127 16921 
23502 24983 
3140 4365 
17404 21857 
8042 17595 
18044 20986 
15118 18438 
2577 13223 
24041 24856 
4564 22016 
20180 23244 
10591 21278 
22690 22771 
17001 18744 
64 14447 
16875 20172 
13147 21200 
2949 8692 
12121 16140 
22468 23812 
23511 24397 
13267 17028 
24406 24947 
19638 24072 
14095 18988 
7730 21295 
19623 19673 
15971 16311 
11544 24933 
1246 21362 
1690 12119 
19917 24613 
3722 15522 
8998 14760 
10724 18490 
14130 24620 
19393 24321 
17523 23212 
10505 16781 
9339 17031 
13031 13369 
15570 23360 
20374 23959 
4975 9154 
24993 24994 
6888 11219 
2042 5410 
10966 13804 
16832 24389 
8819 17154 
21048 21278 
7190 10395 
14991 16625 
4646 11389 
3917 16852 
7551 17244 
1704 4890 
5148 8985 
14934 20743 
8666 23178 
6386 23953 
13129 19358 
5445 24783 
20743 24413 
1973 12814 
14631 15308 
20488 20959 
3987 24211 
23780 24655 
19009 22823 
22271 23268 
1506 16993 
24819 24977 
23002 24299 
603 24498 
13496 21253 
12910 20356 
739 20859 
23719 24060 
931 23284 
2597 21255 
1650 22595 
6492 10399 
10805 16496 
7620 12520 
17394 23631 
22211 23074 
10494 19446 
17668 22499 
5641 9314 
11006 22462 
18659 23472 
1986 18792 
2781 13963 
24874 24926 
12883 24551 
14458 24236 
1922 22826 
15368 17857 
12816 16873 
6378 21778 
7761 17802 
18429 19398 
14405 19280 
11563 12339 
19653 24809 
240 23130 
3752 6268 
12839 19483 
6348 7929 
10974 20497 
8123 19128 
17991 23199 
21524 23809 
20958 22349 
5413 20019 
6335 17112 
19835 22460 
20105 22451 
15888 22865 
2994 24708 
1089 6897 
6442 10436 
15011 24556 
18901 21233 
12462 21773 
8554 17302 
15726 19067 
12385 19178 
3289 12928 
370 19449 
2852 9847 
12509 17789 
13968 17329 
9530 22222 
23584 24467 
8468 9107 
8215 19510 
13289 20233 
22089 22486 
8623 21230 
13195 20716 
16171 16470 
20372 21036 
24460 24464 
15645 20738 
8620 23290 
17976 20983 
21954 23898 
16894 23637 
18477 18819 
17529 22634 
9521 19448 
17611 23355 
14751 16718 
20184 24922 
717 11263 
6216 10739 
24957 24988 
19526 19664 
22355 22872 
136 4739 
23457 24426 
16262 23613 
12179 19470 
24962 24991 
19737 21303 
829 24319 
7737 20131 
22086 22470 
5203 13724 
5484 10732 
7764 12731 
16921 18787 
13358 19732 
23946 24289 
6778 7530 
12882 19965 
15317 16325 
24538 24788 
1072 9842 
19154 23313 
8739 12485 
1941 19399 
11141 17931 
21280 24997 
127 14699 
1558 23316 
358 23452 
17159 20763 
1527 16759 
7263 17885 
8536 14647 
20220 22152 
22444 24443 
7072 13995 
3877 16313 
14591 24033 
7369 17029 
24134 24270 
15663 20679 
1716 9379 
7450 11073 
5300 21459 
19863 24799 
11089 20429 
7857 10865 
8748 21058 
14812 16816 
9660 17497 
8792 22852 
14989 23575 
20779 20931 
13156 14162 
5104 11704 
10081 14312 
18166 18670 
8614 17563 
11583 13390 
24960 24984 
9921 12537 
23451 23968 
14375 17242 
3981 5702 
16466 17241 
20589 21548 
7870 22059 
6125 11839 
22118 22536 
8267 8662 
5914 7035 
15775 22066 
805 21652 
17898 22511 
3132 9473 
4334 19357 
20545 20835 
2562 3458 
1964 12526 
18064 24396 
22198 23691 
17540 21726 
13136 22538 
10995 16020 
17975 21650 
18671 21228 
11134 19949 
19076 21698 
15025 22344 
24156 24451 
2963 11679 
19745 22364 
14980 21507 
1940 19835 
20739 23141 
2218 17614 
19660 23614 
23337 24121 
19078 20844 
7833 21193 
21461 23007 
11556 22961 
18059 24194 
10841 12462 
6071 14455 
20226 20690 
14435 20252 
13150 20582 
11025 17233 
891 18310 
3342 21417 
19730 22826 
22535 23261 
13544 21796 
24604 24624 
14387 24422 
21863 22636 
7087 22054 
23286 23770 
20349 24654 
8622 18663 
24655 24660 
10655 20043 
21481 24557 
2289 12382 
14339 21209 
24389 24556 
17677 20727 
10361 13502 
19233 20151 
15563 16252 
14697 17023 
2571 17008 
6246 8548 
2257 11878 
602 7469 
12133 19082 
1438 5591 
16517 17056 
4995 5316 
13907 24766 
18482 20483 
16363 17192 
4418 14282 
6510 16149 
4424 8316 
2591 22456 
12938 21117 
9127 24275 
19192 20579 
6951 22819 
9294 17444 
7834 12966 
8937 20196 
86 20074 
16699 23403 
22187 24178 
15160 19537 
24313 24685 
1312 3653 
17764 18642 
1033 8120 
783 22053 
21368 23988 
3637 23437 
3774 19906 
22425 23031 
23220 24561 
17527 19631 
4456 8510 
10868 21338 
14911 17401 
573 20726 
17163 22600 
2235 21726 
3019 8375 
9818 15496 
21182 22656 
5421 5880 
23636 24805 
13334 18998 
22701 23810 
232 11552 
138 4879 
7482 10574 
12809 15627 
21639 24551 
21403 24978 
15891 24914 
5815 7827 
8431 19483 
911 6163 
21473 23892 
11491 22352 
488 9541 
14119 24885 
121 19634 
24396 24798 
11945 18840 
16434 23559 
20554 23278 
7720 17124 
7946 16844 
14389 14560 
17948 23260 
6338 6936 
4519 15643 
597 12692 
22940 23681 
995 7933 
23119 23360 
2631 18670 
18960 22630 
11690 16990 
5090 5185 
7868 23808 
15098 24455 
24882 24977 
19768 19798 
7431 10833 
1815 4536 
14235 18170 
15519 20030 
18127 21341 
21658 22439 
9844 11014 
7753 23273 
13365 17974 
6062 18722 
8039 11200 
17292 23927 
22858 23457 
14199 24647 
4470 16154 
4274 5291 
4897 23794 
19455 20660 
21492 24028 
12354 20834 
3058 20140 
66 2789 
4127 7867 
15040 18318 
14118 19532 
21546 22165 
16604 19033 
3788 23378 
484 24618 
2867 23338 
856 10596 
1624 4760 
6360 14987 
421 5811 
1651 13948 
18137 21248 
24035 24631 
13883 24461 
23020 24476 
18423 18835 
9249 11171 
24042 24712 
24085 24513 
24594 24960 
2193 19952 
23691 24613 
4979 11196 
10765 23048 
10208 10513 
4031 12009 
4855 24207 
24076 24779 
10509 23772 
13684 20170 
11861 14470 
1151 12343 
22291 23831 
14047 18904 
3617 17133 
12780 17435 
1131 20568 
19890 20436 
6167 12481 
1423 1913 
8686 17121 
18052 20300 
313 5446 
4216 21914 
11280 24168 
21261 23458 
1474 24866 
10400 11109 
16033 19075 
21333 21450 
12057 17673 
14293 21577 
15706 18616 
15815 22180 
12169 16081 
19137 23848 
14079 18951 
8003 22672 
4482 17315 
8247 9267 
3743 7482 
22112 23069 
867 9861 
1698 14623 
22279 23898 
3948 7664 
10456 23122 
4169 22241 
5671 16367 
24723 24755 
23792 24086 
9434 23719 
18299 24465 
14846 22071 
8095 12932 
16684 20125 
19081 24555 
16592 23769 
3082 23498 
3982 23598 
21519 22858 
22671 23970 
15295 24465 
2595 17058 
10482 12023 
20220 24437 
23860 24158 
14268 17670 
3823 8803 
9816 14891 
6073 21081 
10448 14747 
9546 13481 
7833 12223 
20627 22413 
17952 22362 
17052 17655 
9745 11575 
8736 19754 
17518 20753 
8729 20031 
21942 22574 
2327 13426 
19017 22370 
21760 23582 
13251 18522 
4562 10922 
15801 22565 
19587 20230 
5516 16198 
4444 6288 
13860 17445 
4594 20941 
1647 16098 
10118 19293 
12758 16735 
6915 11128 
20919 23968 
11779 15946 
8576 18142 
4345 12425 
4949 6977 
7218 20364 
14716 24962 
1655 11141 
24785 24925 
14092 20434 
2074 17125 
19371 22665 
537 7641 
14400 17687 
7173 12342 
2038 23129 
21258 22850 
18346 22452 
15625 23228 
22360 24591 
7322 20395 
9275 18017 
4682 11818 
11759 20115 
15124 19759 
7558 10192 
15235 18777 
12098 17557 
20194 24835 
743 11484 
20394 21281 
22366 23710 
19853 22586 
15449 24768 
16815 18815 
7695 11227 
9244 17407 
4423 11075 
10456 12617 
20886 21136 
12468 23803 
406 16579 
21723 22302 
10750 12564 
3084 16499 
8747 22771 
21885 24553 
10725 24413 
16360 20779 
5021 18237 
11243 14150 
22062 22846 
8839 24073 
6054 20621 
15366 17432 
5119 10518 
12793 23467 
12527 12565 
12711 19202 
4260 16361 
7887 14259 
13467 21354 
10086 23175 
24700 24954 
5532 15539 
10176 15025 
12463 12606 
1287 8088 
17679 21374 
24637 24834 
17838 21489 
472 17393 
13789 17188 
14697 19605 
19995 23884 
8377 19698 
695 4212 
9533 15347 
22919 23670 
897 19239 
734 6340 
1777 5556 
6983 24839 
20327 21585 
24252 24910 
11813 13167 
6668 14004 
1494 16304 
24715 24894 
15179 23006 
21361 24460 
4883 13790 
13245 15044 
18454 20031 
5745 11631 
14749 24863 
22639 24074 
11845 21490 
5430 19588 
13250 19802 
14127 17141 
9450 23578 
5311 10947 
5155 8306 
18619 21234 
9792 20249 
16244 24252 
15500 17652 
18247 18892 
14150 20439 
2161 17812 
15665 16801 
14840 17688 
14892 23571 
13348 17126 
22539 24752 
4670 23366 
19481 20145 
20093 21666 
17926 20287 
18683 23641 
3234 13551 
8487 24352 
11561 17728 
15161 22154 
4684 11335 
16525 24181 
15997 24336 
11587 20446 
11799 12284 
23499 24727 
2823 11040 
20926 22885 
24261 24778 
4316 18760 
8143 19575 
15800 19452 
18760 21820 
18765 21984 
21656 24023 
24635 24759 
9513 9569 
20467 21123 
7654 24724 
13658 18890 
15275 17072 
4931 8579 
23930 24632 
4101 16952 
483 15125 
21750 23927 
4485 8531 
10112 23208 
9561 15213 
7792 14370 
2406 12207 
7663 15963 
6757 11797 
7570 11804 
14873 15562 
23157 23978 
2759 12740 
6047 17053 
18209 20908 
8207 8978 
23159 24282 
10777 19717 
16881 21670 
8461 11468 
11129 19428 
14179 17356 
17060 24886 
6845 19387 
2250 24424 
11121 23287 
22348 22413 
13713 22942 
7997 15363 
22779 24599 
3021 17442 
3604 5526 
13256 16445 
10145 21703 
22900 24987 
13648 15448 
24732 24781 
13464 23534 
19805 24641 
2498 22227 
21735 24446 
12506 16581 
30 94 
15163 23140 
17551 19340 
10266 12051 
9146 18095 
8877 15147 
20019 20820 
19576 22406 
21483 24242 
23113 23918 
21290 23209 
11335 14290 
18129 24535 
20438 22269 
8248 23035 
21092 23891 
1392 18583 
23485 24508 
5054 8132 
21698 22836 
2748 9732 
15753 17796 
23733 24090 
17220 21253 
19363 19468 
18870 22275 
9484 20455 
11832 15850 
10855 11599 
20260 22024 
10541 15548 
18880 20049 
23885 24349 
14939 18045 
13940 18939 
3721 8580 
22638 24863 
5546 8698 
4468 13506 
21833 24709 
24404 24563 
9742 10713 
2135 10050 
15214 16024 
1785 22531 
17800 24937 
1988 11877 
2416 24952 
7737 19903 
13663 19411 
22336 22763 
10276 22863 
11755 15095 
2174 20403 
14224 22339 
7990 18228 
21089 21321 
5185 13039 
21436 23525 
21724 22897 
12359 13092 
14760 24354 
749 12582 
8836 13700 
6647 11608 
5112 14808 
247 21203 
17513 24305 
24642 24970 
1117 12309 
15890 20945 
20322 20417 
14553 16647 
15270 24057 
679 8361 
19736 23323 
54 22303 
18817 24056 
16923 24889 
6798 17157 
6251 17744 
10713 21572 
11907 20768 
6017 24916 
18670 22535 
8275 11248 
381 15389 
7251 24404 
7915 17020 
18114 18315 
286 13914 
17642 22456 
23473 23810 
21761 22180 
5944 17347 
20465 21796 
8342 12826 
4604 6874 
4373 13297 
6306 6307 
22677 23295 
18891 24828 
16189 20512 
23734 24972 
19488 19810 
21815 21962 
19142 22090 
16980 19794 
9719 20721 
907 1351 
3881 15463 
23055 23915 
14693 14895 
23286 23405 
1065 6073 
10369 20966 
8110 15517 
7652 9500 
13833 14371 
22832 23140 
2669 3239 
16295 23362 
20787 23449 
18369 20351 
18262 18571 
1107 24037 
6226 16045 
18506 18898 
3461 9589 
16329 17433 
15432 17837 
24922 24925 
4911 17495 
11736 14209 
14405 19968 
21472 24876 
939 5272 
109 14845 
21918 22566 
13953 15439 
4596 9179 
6060 15185 
20589 22687 
23362 24254 
15482 21758 
12242 24206 
13360 24333 
24728 24846 
7521 15865 
4506 23813 
18719 19309 
11304 12858 
485 5054 
23246 24981 
11141 23550 
16368 24782 
6058 19956 
9328 15604 
13122 18980 
19655 21042 
5192 18907 
14364 23207 
10103 17202 
23997 24726 
23284 24711 
15333 23691 
10859 23783 
14594 24964 
21901 23032 
17070 20961 
149 24115 
18385 18435 
19343 19867 
4695 20425 
3255 17444 
12722 21218 
18180 19293 
10582 21930 
7515 24271 
3384 13790 
20193 24099 
3215 18797 
21573 23820 
14184 15768 
12268 19534 
12189 12311 
2622 12245 
16637 24316 
21464 24460 
10450 17435 
2702 18476 
23272 24431 
15078 17920 
4560 18369 
22510 23635 
6738 17585 
11453 17237 
10283 19040 
5197 17765 
5069 16403 
23414 24432 
4719 22624 
17718 20993 
5436 6912 
10674 24655 
21847 22941 
9243 10989 
20933 22667 
15411 24826 
12472 16917 
23482 23734 
14963 17087 
17598 18359 
20415 24789 
2726 3425 
17791 20544 
6092 7675 
2024 14385 
17108 22939 
9534 23895 
19875 24711 
11232 17075 
11258 16411 
22221 23952 
19744 22929 
10266 13225 
9400 24706 
16713 19605 
22274 24323 
11417 12427 
20911 24623 
18674 24768 
10177 11941 
22983 23657 
6422 24330 
19371 22934 
23589 24257 
6383 7004 
11692 12585 
18679 24697 
8643 24676 
3204 21211 
2457 11706 
16938 19748 
6758 18777 
11007 14217 
2488 17353 
7931 10069 
22966 24111 
11916 18506 
288 17945 
10783 20826 
16128 20149 
18932 24420 
1997 9560 
16836 18073 
22426 23925 
7478 16881 
19160 23272 
975 10966 
16946 19199 
21702 23595 
15428 17192 
18201 21534 
15559 18856 
7446 12689 
25 16806 
18180 23982 
8699 18328 
9853 18395 
15042 23448 
4505 8075 
12981 22054 
18341 22297 
12775 19357 
550 18861 
6739 17834 
18950 20342 
12000 19880 
6072 14868 
4489 16137 
3222 7553 
18218 22112 
14574 17478 
1876 23820 
20340 24213 
23448 23511 
14083 14993 
4051 17008 
4006 15456 
4238 6185 
20057 22450 
8175 13505 
11197 20885 
13313 20203 
17498 21478 
8459 24235 
8440 8865 
18006 20327 
13987 24331 
23430 23526 
11672 19800 
20294 24508 
9657 22880 
21914 24390 
18711 23245 
19279 24839 
23992 24898 
18258 21021 
8483 17620 
15721 16833 
21477 23631 
19939 22928 
23189 24756 
14608 18027 
13341 21865 
5962 21831 
20175 23647 
53 21549 
16335 23531 
20300 24108 
9560 18835 
494 9985 
2058 13060 
22152 23364 
6202 17060 
19995 22904 
18164 21211 
10631 18634 
12483 14296 
15794 24776 
9460 18326 
3256 15479 
558 8616 
17798 20705 
12129 17413 
16659 18249 
1490 21093 
7005 7470 
9291 21283 
18695 21022 
14167 18265 
11266 23386 
2929 12824 
11817 13920 
22381 23335 
16531 17053 
21284 23063 
3974 24392 
37 5010 
13819 24747 
20633 22518 
24279 24915 
1730 5424 
19117 21741 
6227 13238 
6325 12447 
20244 22942 
5711 23191 
10235 16189 
3192 16361 
11126 21698 
6651 23856 
640 9155 
22937 24966 
13689 15199 
7937 18973 
12845 15219 
23815 23960 
17567 20165 
2769 14619 
5316 16683 
124 2285 
3825 10873 
7935 13626 
17167 19716 
17174 24975 
17078 20725 
15486 24688 
23833 24989 
16536 20089 
15342 21019 
5926 12573 
17425 23801 
20192 21827 
12324 19157 
6844 14554 
92 2473 
16961 22901 
6110 20755 
2438 5583 
9944 16854 
12159 24442 
15174 18888 
18461 23771 
24458 24560 
15501 21253 
10595 22814 
12111 16448 
16172 22093 
9056 12733 
15520 17377 
24416 24871 
22337 24059 
16818 19145 
19143 20655 
24500 24532 
1493 6594 
24286 24659 
9159 24902 
22016 24808 
3667 24463 
18994 22599 
17289 20987 
10267 20690 
688 12306 
72 20589 
10149 10366 
11762 23760 
1609 24370 
9506 10764 
5056 21827 
20044 23324 
7567 8753 
20364 22580 
21566 21937 
17263 22964 
2731 3070 
7159 18579 
61 23248 
20428 24721 
17164 24696 
9811 10712 
16453 21981 
11232 22336 
5882 20253 
12414 17005 
4119 4624 
4694 7090 
3098 6015 
9254 21829 
23004 23724 
20843 23954 
22854 24730 
21442 23479 
1312 15379 
20957 22612 
14413 23049 
21741 23896 
24565 24901 
4898 8396 
23679 24339 
18234 20503 
8404 21788 
730 1106 
3729 15610 
24141 24825 
12056 15620 
18142 23586 
16646 21915 
21324 21663 
7671 10653 
6980 9272 
22453 24480 
3764 7477 
17707 22550 
9670 12912 
7994 8488 
13268 18948 
21351 22868 
21532 22831 
117 22214 
24802 24953 
8548 15232 
16594 17908 
7798 12075 
1083 4203 
15747 18329 
5007 21399 
20727 21418 
3977 13616 
23638 23938 
766 16897 
544 9773 
20658 21297 
9922 12255 
5053 22444 
21750 22099 
12480 23428 
20091 21349 
24539 24941 
14512 19401 
4379 16706 
7520 18841 
18120 23960 
13639 24487 
12281 16024 
23453 24822 
11123 18500 
18166 23808 
20030 24090 
15175 16593 
22930 24203 
12934 24075 
22179 24664 
14255 24885 
3902 24907 
23579 24841 
19686 22012 
21100 24102 
13066 23410 
6526 9650 
5879 22765 
477 8576 
12902 21382 
16987 18833 
16277 23967 
17353 23504 
22847 23996 
22052 23943 
14257 14301 
352 2511 
505 16272 
21090 24519 
5192 13974 
9168 15604 
9854 19493 
3265 16945 
17996 21280 
11590 16272 
856 13017 
2004 12310 
12093 23174 
3921 17225 
17663 23888 
21708 21901 
17483 18405 
7602 16185 
9874 20894 
24110 24738 
12960 23040 
3004 14959 
13911 16030 
19756 21484 
661 10069 
20991 24342 
9573 24307 
17426 18331 
18055 20672 
14211 21203 
6019 19085 
15926 18969 
1360 20596 
13381 21176 
17762 22166 
17384 24249 
351 3848 
14509 21092 
16098 22686 
23091 24893 
22112 22322 
19397 24393 
3918 9188 
10315 18822 
12138 12226 
8260 15170 
8335 20327 
7569 14963 
6159 16572 
11287 13147 
6680 12699 
14897 19620 
10568 22530 
14738 17709 
23316 24355 
15114 20681 
22814 23230 
21648 22668 
24827 24895 
1636 19853 
9994 11824 
16100 19789 
17444 22364 
10968 22321 
265 15567 
212 15972 
6598 9414 
10171 16992 
1815 6230 
2316 3694 
11861 19205 
12940 19404 
16756 21994 
23013 24152 
2252 19986 
3317 12197 
14112 21104 
22362 24073 
13702 23963 
389 19493 
8087 16875 
5113 22949 
1119 6598 
8697 12335 
5839 22704 
12435 16577 
14852 23618 
22300 23910 
12448 13639 
10926 19517 
9097 24645 
8736 15943 
18445 21059 
17365 18121 
13263 23651 
20534 21058 
16734 20694 
9343 13549 
7723 16449 
12610 20510 
11307 15468 
2160 20873 
6010 11889 
2473 15474 
9462 10683 
19598 21400 
3420 14077 
12488 18969 
15959 16978 
20738 24905 
16252 20963 
175 14879 
10833 19013 
8126 16155 
24198 24829 
1041 2268 
11485 20569 
10586 20133 
16574 18071 
10114 24153 
7851 19354 
23286 23488 
3886 11187 
19291 23861 
24951 24994 
17439 24095 
13136 14882 
15317 15401 
4218 11117 
7940 18912 
20545 23385 
3817 4622 
21568 21870 
6698 12202 
17719 24280 
601 793 
7619 14161 
18676 18726 
1841 15693 
9692 13871 
7140 8797 
6199 9763 
7819 20478 
15274 15411 
8721 14809 
1857 8200 
2043 19875 
15769 19272 
4841 20406 
24677 24980 
7210 22284 
20736 23965 
19979 22200 
6978 15534 
16382 22612 
2633 7059 
20149 21304 
19751 23956 
10541 12193 
16350 18074 
11368 20637 
2895 11081 
18223 21368 
2753 16325 
15288 15440 
14907 17176 
17053 17832 
18612 19351 
23565 24644 
12785 14955 
15011 21113 
18602 22181 
19605 24232 
21725 22643 
1959 18187 
13286 15473 
5428 10138 
4647 13743 
9785 24043 
9247 18629 
7092 10073 
11089 12377 
8632 20925 
3558 16434 
12223 23376 
2928 23246 
11077 12416 
3149 23908 
20675 24776 
9297 21803 
12363 14158 
24814 24817 
12211 22443 
12996 19171 
15978 17609 
22587 23132 
392 21341 
19711 19882 
7742 21245 
5449 15068 
17551 24053 
24101 24740 
14065 22027 
15559 18635 
19454 21926 
17075 22412 
23849 24033 
258 24345 
17749 23953 
22417 23816 
10338 23535 
12196 22260 
16686 19941 
16110 18091 
15557 16236 
7777 12017 
1310 22047 
15865 19418 
5316 10743 
2791 5995 
22843 24775 
22346 23596 
8329 22321 
11104 23059 
19450 23679 
10659 14114 
10844 21109 
15867 19087 
3603 22063 
1594 23366 
642 19131 
16507 21883 
24054 24886 
2829 18205 
23606 24516 
3661 9915 
4832 14926 
2457 2635 
2246 21753 
9367 22149 
24604 24640 
21114 24251 
17231 20717 
22420 23045 
11510 19616 
15141 24817 
434 12029 
16645 22841 
18816 22836 
16029 21727 
19724 24071 
19406 22198 
13110 16859 
24363 24848 
9388 20193 
4361 21576 
19946 24832 
19883 20860 
21300 24351 
14398 23978 
14850 17841 
20729 24318 
5489 17767 
22440 23002 
6103 9826 
23655 24836 
8807 22310 
3367 9690 
10794 23314 
2936 5294 
22002 22907 
466 16340 
5334 5792 
5340 12571 
20846 21721 
13164 24001 
18906 21002 
9686 10539 
4919 13664 
18762 21500 
12923 20100 
13821 24402 
18046 21480 
13372 14531 
16294 23141 
214 12461 
1469 9494 
5575 19974 
12301 19299 
9231 24921 
18756 19636 
7822 14870 
11208 12623 
10020 23788 
21129 21958 
9394 20445 
15994 21853 
11441 23148 
12923 21147 
5094 13316 
13658 18064 
14820 21883 
7233 12590 
7844 10569 
23596 24292 
13143 21738 
1979 22184 
5829 23246 
16322 16781 
23243 24640 
17005 24713 
8111 15557 
22554 22685 
21796 23630 
24548 24876 
5559 9066 
7930 14574 
18090 22288 
11903 14664 
8352 16107 
13049 24172 
7603 22493 
3704 16887 
10195 16114 
22215 22931 
8334 16196 
14719 22350 
20692 24244 
15987 20417 
1503 1983 
8836 14422 
2606 24382 
7696 23948 
15385 20521 
16985 22600 
24260 24467 
1322 12130 
2951 22432 
3518 20317 
21894 24182 
23489 23802 
7049 18112 
13841 18611 
18289 24307 
691 874 
10060 12719 
15551 16184 
4590 16187 
1281 15346 
9552 18420 
2802 6470 
24635 24735 
5814 17064 
6547 10678 
2804 14839 
4578 12746 
7203 19023 
911 19168 
16839 16872 
9782 12385 
18636 19054 
21847 22465 
21331 24014 
14985 24080 
13335 15677 
8293 8740 
13095 22955 
20112 23371 
4717 7995 
12754 14591 
18250 21443 
11068 13936 
11101 19799 
2834 13696 
14557 15574 
14494 18965 
24400 24703 
17089 18918 
11758 23887 
12107 17694 
15654 16407 
21910 22451 
5412 12815 
6248 17310 
15632 21849 
11834 16667 
8044 15721 
20578 21249 
13161 19917 
662 16700 
14901 23991 
10090 16046 
17160 24007 
8925 18150 
4745 9267 
2881 12596 
7647 15299 
11995 24560 
16563 23718 
1136 17542 
13350 17633 
11899 16313 
17539 20401 
7835 11608 
1998 14967 
19797 22300 
23610 23761 
18677 23926 
19963 23078 
22575 23920 
19687 21371 
21665 22508 
20469 20672 
3856 16108 
3627 8770 
13332 20351 
23103 24646 
1986 23148 
22070 23232 
1485 14799 
537 9729 
9651 24138 
7595 16107 
19654 21114 
10432 14612 
22178 24642 
6975 15772 
19517 23459 
11814 14071 
24495 24628 
14941 23570 
13966 20758 
6437 18057 
18647 20021 
24193 24984 
8923 21871 
20547 22425 
7386 24057 
16306 21465 
4728 6442 
18285 19181 
22744 23781 
8156 18087 
17068 22019 
10327 11320 
2736 16581 
10110 16674 
9845 9864 
16149 20036 
2625 6754 
8779 10766 
20879 21783 
8684 9076 
7059 10479 
3590 9219 
1691 5132 
14509 18911 
17545 24829 
14492 16028 
19217 22774 
6099 14429 
20893 24365 
5657 10074 
18697 21909 
4998 19311 
15274 21470 
11757 13711 
23876 24015 
2224 21280 
741 12868 
836 9072 
20023 20712 
22353 24932 
580 24384 
12256 14301 
22774 23968 
14288 18860 
20967 22919 
14479 22318 
19286 20860 
20249 23364 
19607 20534 
3344 20029 
10534 19093 
13314 13585 
23277 24296 
13496 23256 
2228 3076 
19959 24300 
17009 19318 
6547 15843 
9866 14909 
11274 22754 
15419 17854 
15064 17989 
5697 24789 
9871 20006 
17462 23731 
8466 9071 
20406 22622 
18569 24185 
1272 16523 
9257 24440 
13867 17166 
22967 22971 
2230 2549 
23871 23962 
9573 11503 
12680 17834 
17085 19839 
12490 14440 
15680 17443 
897 3926 
15621 15671 
24743 24986 
20669 23320 
7639 15826 
11799 13884 
7550 12467 
18032 21352 
8405 18541 
325 3773 
23660 24486 
6751 12063 
7341 12160 
979 1021 
18938 21821 
21123 23104 
4053 7837 
21409 22429 
11952 21815 
3407 20560 
3611 13182 
16909 16942 
2107 20292 
13153 22027 
3758 11187 
13178 21277 
10646 19352 
9905 13693 
3550 17084 
23489 23774 
10487 16403 
6915 16410 
2525 13480 
17158 18505 
1137 24183 
11618 18340 
17751 23554 
13433 22535 
22513 24358 
19460 23288 
14980 22057 
3073 13641 
11238 19202 
6477 12010 
13466 22044 
12324 18144 
9198 24668 
4480 24820 
14272 15742 
23524 24650 
12739 18586 
20287 21973 
7440 11920 
2873 7535 
6319 10489 
3080 11839 
13954 20661 
23645 24594 
14395 15220 
17845 21002 
11541 15891 
15504 22035 
1944 10618 
24006 24105 
17172 24131 
20098 23690 
5133 15857 
12950 24564 
9827 16159 
3772 18862 
23985 24690 
13838 20303 
17028 17426 
18105 22623 
14800 17212 
15532 23525 
17185 21074 
2584 3923 
4833 12517 
11 12325 
2428 20874 
6018 9108 
878 5760 
493 13411 
2287 19428 
23334 23720 
3700 12950 
23470 24576 
4448 23824 
21517 21940 
18404 22031 
23117 24181 
3556 20180 
1560 13887 
3297 19882 
22382 23719 
13089 21475 
22310 23383 
5137 13992 
59 3254 
1561 23096 
23792 24455 
12445 20220 
8356 11226 
22285 22433 
4069 21990 
16183 18522 
18331 19904 
12888 22310 
16284 23640 
5503 19278 
20678 21664 
6063 8693 
23893 24872 
5790 23029 
6852 24562 
383 15839 
19204 22057 
24810 24847 
18436 22358 
10238 16480 
14895 24853 
14056 15047 
18942 22816 
10458 23103 
22007 23750 
24668 24708 
4934 16477 
13888 20363 
14697 23325 
11020 16962 
23720 24144 
20221 24449 
8250 14080 
3049 3463 
6384 13676 
6548 10138 
6619 11488 
2456 23857 
16047 17090 
12195 14897 
21868 23673 
24578 24943 
3045 17868 
19546 19801 
6252 10153 
4222 10516 
2704 18606 
16063 22619 
2886 24827 
1198 15705 
2664 19988 
4521 6073 
20922 21221 
14996 20403 
2133 8217 
12320 24345 
187 1092 
4424 17474 
23094 24924 
24323 24687 
15524 18493 
703 4711 
6118 24324 
22680 23569 
18464 24775 
16379 21799 
22868 24458 
4608 8273 
11065 24630 
17039 17155 
818 4518 
5879 17887 
5164 12812 
18278 20655 
441 7976 
15189 24253 
23308 24611 
13953 18557 
9954 22064 
17714 21418 
10639 14721 
19870 20608 
24439 24665 
17705 23531 
24306 24568 
20122 21665 
2145 9440 
19018 22186 
12650 16561 
3789 3825 
23705 24380 
17320 19909 
13875 22754 
4355 13028 
20783 23718 
24838 24955 
16060 16890 
24991 24995 
18886 21302 
9596 15458 
3621 16892 
24584 24861 
16520 17699 
11302 22851 
18262 20549 
6219 19955 
18207 18236 
103 23860 
8943 17793 
11596 24839 
13254 16920 
1154 11820 
16112 22188 
226 3336 
13163 23394 
12698 17472 
20151 20608 
913 10281 
16734 17262 
10493 23072 
3019 4563 
1808 5001 
14826 24554 
14909 20835 
19703 23830 
3889 23473 
5678 20649 
10543 15811 
5383 13157 
4073 11533 
9632 22401 
18759 22316 
23421 24679 
7472 12292 
18362 23016 
8364 10217 
14419 15986 
10938 15566 
5245 15784 
23178 24754 
18052 23904 
4199 13528 
9945 23851 
3987 5504 
10184 18436 
6290 6738 
5381 22024 
12457 23859 
22995 24734 
15923 17091 
110 5948 
14536 24879 
7038 21128 
9012 11085 
19413 21071 
3806 13697 
3381 15637 
11291 13031 
3339 17883 
589 11933 
1444 20391 
20046 22718 
24332 24366 
2826 9086 
1352 13532 
12418 21651 
15396 17304 
10180 12119 
21060 23398 
925 11555 
6042 15047 
10132 24981 
1841 22396 
7243 10786 
21745 23414 
3366 14409 
20401 21228 
32 10684 
16505 23033 
17491 21272 
24504 24531 
1573 21890 
6666 22943 
19145 20263 
7138 12566 
3290 16649 
13016 17917 
17380 22527 
5128 18717 
10489 17864 
3301 18410 
11458 14845 
5448 24999 
4335 21830 
22578 22969 
21851 24897 
24320 24983 
10122 18084 
18322 22764 
1581 12360 
1879 9697 
11463 12014 
11564 17264 
22010 23985 
27 6115 
17334 18472 
21351 23974 
847 7313 
18043 23256 
6229 12338 
11603 18425 
2681 16452 
11351 13614 
18774 23623 
12982 23565 
6747 14521 
5960 9437 
6579 9840 
725 20862 
21722 22536 
5255 13038 
14463 23689 
24055 24134 
16396 23294 
5407 5724 
15537 22843 
10043 13082 
13697 20326 
9448 24968 
2237 18990 
16202 21355 
5448 24701 
21424 23403 
16823 22941 
4546 24301 
11726 17133 
5011 11535 
15184 23331 
24754 24924 
11513 21509 
2816 21173 
12170 17697 
10613 21799 
13946 18036 
18851 21078 
22792 24184 
19703 24604 
9663 20374 
15599 21259 
10404 15391 
21901 22936 
6921 12077 
9882 22685 
8099 11159 
8613 15007 
16703 24330 
3183 13144 
11296 19414 
5143 23321 
14380 17313 
6444 20013 
14498 16732 
13008 20135 
17608 23265 
14196 22798 
1426 22776 
7798 11704 
10685 22907 
10795 23341 
12983 20803 
5980 14432 
10158 13240 
16774 17322 
3419 8903 
20604 22154 
14333 17596 
23147 24386 
21865 24444 
9051 19571 
9270 22083 
14894 20172 
20721 24291 
3154 7124 
3842 7813 
5604 7653 
11327 21737 
24203 24744 
4538 6463 
22586 24061 
22412 22744 
22964 24337 
18098 24939 
10858 20784 
20653 21846 
17317 21115 
11496 18268 
19852 22376 
1778 10107 
3317 22684 
22962 24646 
20758 23622 
24515 24932 
24464 24488 
17392 20767 
17531 19176 
13309 18244 
18845 20753 
21231 23742 
20908 21105 
13349 21003 
19884 22480 
20671 23400 
11818 24346 
18236 20992 
16147 16898 
21037 21899 
2625 12340 
24528 24880 
10955 21202 
14521 16435 
20141 21288 
4564 7827 
22543 24454 
7726 20436 
14994 22785 
7437 14136 
2613 8905 
8538 8704 
9235 19115 
9342 18671 
6171 19076 
1290 7012 
10134 17932 
8120 8398 
1838 16052 
398 8948 
21449 24268 
11022 16733 
2402 16412 
6057 17344 
2868 6448 
4600 21733 
1779 7859 
8408 15073 
24648 24966 
17023 17911 
2605 8246 
24392 24575 
68 15283 
23912 24912 
7198 20463 
3601 13109 
20587 22696 
20466 21503 
4221 9402 
13703 22573 
2366 12194 
17897 22735 
20249 21510 
9268 23006 
20495 23835 
19101 23836 
11636 12310 
14006 14815 
17108 22312 
7292 18114 
12732 23871 
5584 10713 
22515 24346 
14405 17550 
21060 23380 
19317 19966 
15238 16718 
21849 24030 
11653 13265 
9255 11004 
9744 14549 
717 19429 
14414 19833 
4437 17371 
12868 20600 
13852 18332 
13207 13640 
587 932 
10945 18817 
16515 17841 
4242 5825 
7347 21038 
22473 22998 
12781 18212 
3229 10392 
19419 20255 
1801 12671 
5687 6580 
3565 3658 
12840 19036 
5272 9333 
20692 20974 
19120 24547 
4866 24144 
8175 11065 
10009 12146 
559 1592 
17585 20484 
20251 21443 
11705 17250 
4396 7352 
15394 19374 
15225 18141 
7850 16247 
8349 21969 
9830 19049 
622 22694 
18615 20799 
14776 24327 
15209 21467 
22625 23509 
6512 7000 
5360 22784 
6707 14331 
3127 5010 
4849 16560 
19423 24758 
10041 14518 
3468 10388 
24719 24788 
8091 18798 
16109 17226 
985 3496 
10031 11385 
1127 24073 
4488 9027 
11321 13577 
2081 21043 
1274 9892 
11001 12370 
5668 17053 
2849 3032 
12299 21823 
10478 21414 
7421 11894 
17705 18971 
9548 12838 
6719 14158 
19621 23808 
20617 21248 
9906 22638 
6790 23637 
9223 18984 
4762 23156 
707 2644 
12098 22508 
15117 19027 
14879 18179 
9623 12302 
6404 14220 
5339 15240 
18373 23007 
18424 19655 
18107 21634 
6417 14864 
9562 20275 
14561 20703 
2394 9280 
24509 24882 
7023 11818 
5024 7590 
19024 19864 
9601 18035 
18311 24948 
7946 17483 
2764 24821 
18389 21406 
4422 22813 
10793 15626 
7989 18509 
20818 23974 
9746 24102 
8855 19084 
1850 5871 
20246 21815 
11687 19989 
17948 19094 
23239 24337 
21406 24132 
9793 16985 
1048 5272 
22139 22416 
21430 23848 
17676 23888 
14929 18043 
570 20591 
12712 19491 
19788 19975 
4052 19793 
24032 24811 
9540 11271 
19945 23740 
3370 9043 
17368 24213 
10639 11896 
11154 24477 
9431 12480 
4330 16483 
15665 18339 
6981 17507 
16845 22601 
17905 23649 
3006 8109 
3346 15826 
5516 5529 
6884 17106 
2599 16032 
22372 22757 
19457 21298 
6518 13200 
21061 21993 
18836 23077 
22206 22448 
11049 19958 
12922 18811 
20039 21433 
6717 7220 
15110 21928 
19156 20675 
14908 19976 
22854 24443 
17329 20334 
18442 20451 
6530 22931 
23348 23575 
19133 22949 
4427 22464 
17809 18133 
24131 24207 
6065 19195 
5986 17861 
2923 7032 
20537 21250 
8492 22058 
4492 8556 
7425 18270 
14110 20981 
20409 21132 
4932 18652 
23363 24463 
23169 24815 
5846 9178 
21280 23107 
19406 22877 
2629 16511 
2493 11685 
1901 16988 
24951 24973 
8860 14035 
13095 18691 
2353 21283 
18430 20207 
3442 13386 
19397 24360 
12804 24437 
23101 24373 
3084 10592 
20205 23949 
4045 10286 
12360 17363 
14599 21432 
8237 14843 
15754 23955 
19589 24607 
7303 13029 
19945 22143 
8042 8186 
8575 20272 
20277 22437 
6133 12353 
22475 23765 
6865 11907 
5414 9046 
9663 16164 
11416 12869 
22078 24811 
12441 18570 
22593 23370 
17233 18895 
4613 18563 
21970 24332 
1357 3641 
6983 24399 
6340 24000 
10477 19376 
3569 11372 
22024 22431 
1020 8699 
20216 24498 
22276 23610 
6206 24925 
6596 10674 
24148 24202 
10086 17278 
4996 23191 
21803 23193 
16605 19606 
5374 5420 
19785 23298 
24152 24492 
12433 22619 
21437 21578 
4703 16730 
10884 12941 
11626 15087 
17477 18036 
15506 24838 
22332 23493 
16260 22863 
10296 21168 
1580 13083 
12780 15045 
1469 16030 
18038 23786 
23057 24609 
5863 6840 
5542 23315 
3868 8064 
4704 8028 
3336 15084 
17233 17443 
5646 6932 
21445 23634 
23039 23999 
7341 23971 
21628 23146 
6584 15473 
1172 23888 
2759 15548 
21056 24664 
885 5745 
8569 22469 
20243 21337 
8590 22949 
1903 18675 
12031 22063 
687 8868 
7497 21164 
18153 22914 
1086 11570 
15485 21860 
18650 23870 
5111 8648 
20501 24009 
2810 24001 
21112 24117 
16955 19641 
612 5221 
17703 20919 
6231 17920 
6452 22856 
11030 16888 
10856 13738 
5375 6755 
817 11340 
22841 24206 
1155 17963 
6264 13393 
23667 24046 
1297 9204 
2127 10426 
22904 24059 
8915 10223 
16579 18522 
15695 17391 
349 21555 
2139 6310 
21932 23063 
4632 11688 
5124 22264 
14072 17807 
10602 24860 
20793 23883 
2272 10850 
17746 23214 
8662 20814 
20027 23485 
3177 5665 
14078 23673 
7066 7919 
1392 12547 
10885 21654 
23501 24733 
24149 24692 
13083 18471 
24974 24986 
15277 16360 
11346 14938 
17244 21481 
11594 19989 
13257 17757 
24687 24715 
16675 24030 
9321 13022 
16150 17023 
5590 15498 
18922 22804 
17293 18354 
20008 23778 
24159 24451 
3107 20620 
23821 24382 
621 11174 
11703 21528 
14318 15597 
12910 17328 
19602 20797 
11777 20129 
19626 19744 
4443 16868 
21140 21984 
14161 16289 
14033 21341 
2640 7297 
6549 14630 
10802 11018 
2107 4535 
367 3531 
5145 14835 
10244 24443 
7556 16002 
18907 24955 
1338 22620 
22842 24453 
6271 21136 
21211 23301 
585 9651 
11182 15803 
8324 14435 
17417 19716 
11475 23320 
8275 14325 
5121 19988 
6521 18350 
1471 10466 
4479 4855 
17333 23918 
16606 24092 
14995 23578 
19412 20689 
12143 24814 
1963 5650 
12984 24529 
8058 11885 
23140 24742 
249 23123 
12896 15545 
19266 24107 
17386 19455 
2209 17803 
70 9942 
11825 14256 
24688 24891 
2870 5380 
740 12261 
24047 24249 
13906 16209 
24428 24622 
15836 19421 
1587 10047 
21810 22233 
6139 8003 
10689 20846 
15781 19925 
19283 22873 
14604 23604 
14391 16656 
19267 24161 
20445 20570 
4366 9404 
22916 23587 
8943 13966 
5593 16109 
8807 23045 
7796 14388 
21955 24262 
24657 24791 
14282 19903 
374 20645 
12221 22403 
8331 21157 
3738 19842 
18349 23554 
17826 18838 
17044 23366 
3342 4911 
5555 22618 
729 21718 
7257 17602 
22696 22840 
6162 10150 
13918 19252 
6034 6099 
10085 18745 
14027 15572 
14039 14241 
24614 24973 
18976 23935 
2735 6384 
16476 20429 
21689 22357 
20117 24310 
22529 24557 
19546 22390 
5978 13694 
8942 18846 
7030 7776 
7776 20588 
18046 22782 
21252 24449 
143 8790 
4860 5774 
14784 21692 
19186 24390 
9783 17698 
7250 14767 
10288 12475 
2637 15870 
18022 22974 
11515 19459 
10790 13032 
20668 23201 
24419 24733 
841 18056 
3289 9959 
16566 23760 
4274 11340 
17610 19547 
23102 24460 
15670 21574 
5529 19648 
15999 17992 
1044 5662 
15600 23884 
20620 22201 
17306 20542 
6476 11309 
13195 16959 
21967 24928 
19204 24720 
13192 19357 
15928 23414 
24323 24393 
22336 24860 
10111 13231 
18469 19014 
7449 12993 
18978 21859 
8201 20893 
16097 23849 
10472 10827 
20068 20073 
13071 18865 
10397 10867 
4339 10192 
10106 22722 
11373 15076 
20386 21253 
8707 11528 
8270 15032 
14689 24181 
2443 15798 
2880 5954 
24947 24956 
21848 24205 
19576 21242 
12114 19225 
23567 24000 
12127 16485 
152 19765 
21211 24074 
6563 19509 
9229 16030 
20557 23356 
9673 12685 
23177 24121 
5336 23327 
10666 13710 
9456 24062 
17221 20865 
16105 19082 
13001 18629 
1697 2124 
16035 21858 
16058 17316 
4429 13580 
2338 22903 
6347 12096 
20650 23819 
15464 19774 
17503 17589 
3371 13815 
11352 18403 
575 20678 
22959 24045 
22810 23732 
22022 22445 
22371 24373 
2032 15341 
13104 19662 
841 23666 
3008 18455 
8701 23760 
6905 21030 
23930 24902 
7229 24393 
7112 23540 
21500 22177 
15077 17586 
8476 20873 
17595 20195 
6643 15279 
10543 22999 
21821 22356 
19616 21895 
3195 20953 
19769 22747 
3800 9742 
21499 22213 
3052 6241 
9072 15984 
7579 8109 
5448 19544 
156 11731 
18283 24583 
13749 16344 
829 22309 
4325 4648 
3121 22842 
17700 24952 
12139 21952 
6858 17716 
12006 24603 
13375 16232 
10628 11013 
13705 16638 
20570 23810 
1645 15405 
17242 22519 
21378 23593 
20944 21178 
3075 6942 
14522 20147 
9223 18722 
15492 16655 
22392 22445 
20971 24408 
2479 15072 
18267 22373 
5837 9963 
23675 24300 
1918 22275 
15079 15969 
3495 12073 
19872 20199 
12612 21172 
14322 21231 
2704 24141 
3627 3878 
5778 23677 
6302 7356 
13023 23910 
5076 24709 
193 8158 
21386 23463 
23351 24573 
23616 23810 
4796 16582 
19367 24913 
2294 11531 
3217 7803 
22591 23989 
19577 24350 
10137 22991 
23364 24638 
13161 20808 
7044 21919 
11269 11439 
8606 12183 
12820 18446 
145 24507 
20319 22901 
8706 23125 
15662 24714 
1056 7437 
9960 18757 
16557 17304 
10861 16852 
21524 24439 
2031 16704 
12604 17317 
17113 20115 
14990 17610 
2473 15038 
24685 24796 
2668 5326 
19666 23563 
10631 13247 
15751 18335 
6692 22886 
19044 19252 
2747 5321 
16739 22720 
15619 23894 
12335 12717 
1926 17851 
19722 20458 
2114 14847 
9836 20186 
10706 23469 
12385 19582 
7813 17378 
767 13646 
8436 15885 
19658 23973 
13960 23021 
20856 21685 
16854 22827 
19244 21260 
21468 22799 
9837 13773 
7656 19781 
15957 18180 
21129 22991 
23437 23841 
2113 13771 
22504 24242 
13094 24815 
8748 19446 
9000 18463 
5469 18734 
5319 24897 
19436 24042 
1290 23085 
213 16616 
2310 16547 
19688 24788 
3312 19809 
4217 7636 
2475 17531 
14690 14981 
22598 23115 
18978 24776 
7166 9962 
16334 22248 
17984 24195 
3774 8434 
7744 12791 
9464 20864 
3433 23213 
7731 8770 
5250 13203 
8334 11983 
8075 16702 
8613 15284 
18368 20773 
19378 21107 
11147 11165 
6283 17205 
24411 24897 
16448 20251 
12205 15390 
20984 21241 
5514 16324 
17467 22474 
6813 18074 
9863 20766 
6621 18630 
9341 24142 
9945 11604 
2752 19529 
23592 24320 
16501 21783 
8606 13656 
21513 22359 
16093 23922 
9873 14410 
18038 24060 
10518 11579 
17918 18010 
13338 17081 
887 11960 
13265 23565 
643 16757 
12716 17995 
16712 23949 
14634 23204 
14851 21401 
918 22951 
5699 16051 
15932 17613 
13476 14216 
19574 24365 
1091 21624 
14148 14702 
601 18071 
24627 24831 
8361 24301 
6842 8660 
6367 11719 
6884 7261 
22291 23458 
9194 10152 
8287 20654 
8280 21621 
2127 21895 
15499 22920 
19389 21912 
3488 8259 
22382 24747 
9477 13399 
9488 18412 
22283 22701 
1685 10408 
24113 24477 
17494 22862 
12190 21716 
17815 21056 
18694 19648 
21755 22847 
22256 24597 
20304 23509 
10538 11399 
14007 14878 
4305 21393 
8497 20379 
13259 19393 
8848 23375 
1019 24253 
17539 20096 
6228 13047 
22915 24811 
16855 19440 
2853 12971 
4898 15813 
12749 15030 
21353 23698 
1654 9735 
11015 16128 
16383 17203 
23965 24047 
15693 24472 
14545 19519 
17499 18648 
17796 17937 
10016 10521 
4306 12988 
14046 15258 
1920 5884 
3165 4149 
8056 11195 
6141 9788 
9997 20671 
10985 13250 
2556 5712 
19245 21000 
7986 11381 
22577 23330 
19933 23340 
1357 17010 
23485 24127 
20282 23328 
13713 19484 
883 6234 
21734 23187 
19243 21035 
16801 18722 
1140 23444 
22663 23529 
1288 8324 
5075 16547 
16514 17389 
15774 18131 
117 12607 
21985 22774 
2248 9824 
18477 19916 
17428 21607 
20221 24135 
11551 12590 
7430 10566 
221 11978 
817 6851 
3739 8719 
15124 22481 
19939 24107 
19609 23269 
18703 22504 
7518 12991 
19143 21767 
23939 24069 
9492 10351 
11121 12688 
3957 19613 
329 22688 
20 1545 
6105 6888 
23228 23384 
10584 11609 
17254 21579 
2541 9215 
20566 23451 
12389 14516 
23362 24558 
13374 15001 
1106 9457 
5806 22050 
20453 24315 
15440 16876 
3650 20025 
4299 20321 
22725 23206 
17393 23875 
9423 17646 
13021 16040 
20156 20421 
24908 24982 
6865 14287 
2015 5538 
12857 14775 
15072 22371 
22255 22764 
17899 20565 
5202 18975 
16120 20679 
4775 11717 
2893 20149 
24735 24973 
7919 22138 
16785 21004 
18673 23930 
169 23198 
6809 18582 
7294 23504 
6893 17378 
7134 10524 
8075 20453 
7497 10649 
6672 18558 
24530 24984 
12649 16465 
19722 19941 
14222 15368 
19958 21105 
5632 9316 
9309 16768 
15568 23211 
24754 24915 
6124 21887 
8420 9424 
8564 14150 
18403 18739 
12707 21939 
8001 21657 
15784 18463 
6903 11758 
733 14709 
3232 19605 
12308 18964 
16131 18948 
24812 24859 
2175 23453 
6332 20045 
8256 10065 
18915 21761 
4562 12974 
10532 16055 
16079 16387 
13344 22588 
21896 24985 
1369 23428 
23243 23770 
16931 20016 
18269 20059 
8248 21725 
24731 24775 
13534 15257 
24271 24645 
14378 22336 
16242 20621 
21294 24295 
4272 22519 
678 1668 
14120 18301 
22274 23643 
16009 20767 
14968 18017 
8019 23557 
22905 23601 
11769 19404 
20039 20601 
18893 19817 
21623 24049 
21934 22552 
23573 23630 
22614 23146 
2024 16342 
9359 9858 
4249 5409 
7392 20090 
18110 18297 
8979 20874 
176 18887 
18076 20700 
1989 5301 
12604 20526 
486 17637 
8958 12027 
3966 23779 
4705 20389 
24661 24802 
15999 16032 
8834 23419 
14364 23963 
2297 17299 
13762 16004 
17269 24605 
15727 19726 
14565 23605 
21871 24925 
14651 17361 
16641 17794 
18745 22159 
19293 19751 
1625 8066 
11445 23357 
4704 12964 
9202 19139 
200 17425 
7323 16948 
10513 18603 
590 20697 
3639 8365 
12605 20344 
15781 17173 
8354 20714 
7982 11269 
24911 24974 
23805 23843 
23845 23860 
10958 11606 
18593 22276 
10318 11851 
22073 24825 
24989 24999 
18787 22396 
14808 24930 
4773 13867 
20314 22986 
17534 22846 
11563 18297 
16680 22907 
940 20414 
14020 14514 
6408 23938 
6637 18094 
15908 24684 
6853 10172 
24688 24872 
14657 17531 
1528 2064 
5371 20532 
1826 20245 
17342 21346 
10823 15657 
18723 19323 
19205 21838 
8227 19193 
12778 15247 
2528 9145 
13932 18012 
10645 14080 
4627 16761 
805 8256 
4963 15940 
12012 19840 
1459 2287 
21077 24731 
13258 18372 
20545 21338 
21908 24933 
10103 11760 
693 6708 
5055 11968 
16661 21113 
16838 21040 
11945 17697 
23899 24446 
17141 20360 
10015 14154 
21340 23954 
18862 22196 
21810 24136 
1080 13206 
8045 17818 
17141 17529 
7008 16773 
3703 11352 
20402 24655 
7547 11662 
19546 20945 
8491 15300 
4398 17856 
12073 24425 
18935 21523 
15186 17538 
6205 6493 
20965 23063 
21610 22685 
12884 13087 
17762 19290 
8296 22516 
7923 24499 
10939 21331 
17251 19287 
9246 14198 
2320 12976 
5669 6829 
8244 23669 
22539 22760 
